GEOID,COUNTY_NAME,NAMELSAD,P1_001N,pop_density_per_sqkm,flash_count,flash_per_km2,drive_min_to_shelter,within_5min,within_10min,within_15min,exposure_norm,hazard_norm,gap_norm,suitability_score,suitability_rank
120910211024,OKALOOSA,Block Group 4,3291,1203.5164182532226,143,52.29500085390788,21.255804349680734,False,False,False,0.9626485568760611,0.8862478777589134,0.9728353140916808,0.9407979626485569,1
120050027071,BAY,Block Group 1,2602,558.917221395231,372,79.90668960761948,19.449686064222643,False,False,False,0.8726655348047538,0.9422750424448217,0.9524617996604414,0.9219694397283531,2
121319505022,WALTON,Block Group 2,4841,161.31784113341695,1537,51.21783140302868,16.498125490533283,False,False,False,0.9949066213921901,0.8743633276740238,0.8896434634974533,0.920390492359932,3
121319506071,WALTON,Block Group 1,2162,976.5973487324336,390,176.16695929956018,17.743541024054032,False,False,False,0.7792869269949066,0.9898132427843803,0.9235993208828522,0.896383701188455,4
121130108201,SANTA ROSA,Block Group 1,3931,383.95049802706484,748,73.05901107205406,9.608915618769862,False,True,True,0.9813242784380306,0.9320882852292021,0.7181663837011885,0.8782342954159593,5
120330025002,ESCAMBIA,Block Group 2,2011,227.23305060087944,655,74.01175939511488,19.612757233872944,False,False,False,0.7317487266553481,0.9354838709677419,0.9541595925297114,0.8723769100169779,6
120050002013,BAY,Block Group 3,2218,6.106456359061571,16685,45.93607950899113,22.678490334456104,False,False,False,0.8030560271646859,0.8285229202037352,0.9830220713073005,0.870848896434635,7
120910211022,OKALOOSA,Block Group 2,1967,1526.7969554100773,94,72.9633522158349,18.73999876908175,False,False,False,0.7181663837011885,0.9303904923599321,0.9371816638370118,0.8604753820033957,8
121130108271,SANTA ROSA,Block Group 1,2616,384.795120868472,568,83.5487877115031,10.2612479883401,False,False,True,0.8743633276740238,0.9490662139219015,0.7504244482173175,0.8581154499151105,9
120050026081,BAY,Block Group 1,2309,584.0682669310868,373,94.35143506509111,11.623634084631862,False,False,True,0.8200339558573854,0.9592529711375212,0.7945670628183361,0.857572156196944,10
121130108021,SANTA ROSA,Block Group 1,3620,12.315629456091145,10762,36.61348182498699,17.007786008680675,False,False,False,0.9711375212224108,0.6791171477079796,0.9049235993208828,0.8529202037351444,11
121319506081,WALTON,Block Group 1,1808,618.5599459170596,738,252.48741155242809,15.751990723493712,False,False,False,0.6544991511035654,0.9966044142614601,0.8743633276740238,0.839949066213922,12
121130108122,SANTA ROSA,Block Group 2,2494,888.2038410008284,124,44.160896665638624,14.6207947892766,False,False,True,0.8522920203735145,0.8115449915110357,0.8539898132427843,0.8394057724957555,13
120910231001,OKALOOSA,Block Group 1,2316,1553.4991293428886,78,52.31991886387967,12.1047394113039,False,False,True,0.8251273344651953,0.8879456706281834,0.8047538200339559,0.8391341256366722,14
120910211021,OKALOOSA,Block Group 1,1992,1172.1556542682176,81,47.662955821147406,18.845609980486007,False,False,False,0.7215619694397284,0.8522920203735145,0.9388794567062818,0.8364176570458404,15
120910210011,OKALOOSA,Block Group 1,2229,1014.6904784340718,81,36.873005272839755,25.225224479247725,False,False,False,0.8064516129032258,0.6910016977928692,0.9966044142614601,0.8311035653650254,16
121130108241,SANTA ROSA,Block Group 1,2741,445.72664256609755,314,51.060987145477796,9.635919051764716,False,True,True,0.8998302207130731,0.8692699490662139,0.7198641765704584,0.8303565365025467,17
120910209004,OKALOOSA,Block Group 4,2642,712.5196333948944,129,34.78994424978856,20.083047249622133,False,False,False,0.8845500848896435,0.633276740237691,0.9609507640067911,0.8268421052631578,18
121130108082,SANTA ROSA,Block Group 2,1996,102.00020042323952,939,47.98506422716528,16.67723554403902,False,False,False,0.7249575551782682,0.8573853989813243,0.8964346349745331,0.8252461799660442,19
121130108142,SANTA ROSA,Block Group 2,1808,1021.6882720584081,188,106.23749731580791,14.298943227826658,False,False,True,0.6544991511035654,0.9728353140916808,0.8522920203735145,0.8248217317487267,20
120050002041,BAY,Block Group 1,2547,24.914317539325445,4001,39.13709637802949,16.119640887703667,False,False,False,0.8573853989813243,0.7300509337860781,0.8794567062818336,0.8226485568760612,21
120910231002,OKALOOSA,Block Group 2,3185,1263.0673938656564,90,35.69107235413158,14.12812387874717,False,False,True,0.9541595925297114,0.6536502546689303,0.8488964346349746,0.8202546689303905,22
121130108131,SANTA ROSA,Block Group 1,1822,1015.6590997648153,104,57.97395520062612,16.698359164939692,False,False,False,0.6629881154499151,0.9015280135823429,0.8998302207130731,0.8198641765704584,23
121130107101,SANTA ROSA,Block Group 1,2480,43.00509475114842,3007,52.143677385767454,9.760719853477742,False,True,True,0.8471986417657046,0.8811544991511036,0.7283531409168081,0.8191850594227504,24
120910205005,OKALOOSA,Block Group 5,2687,299.2413169068003,410,45.66019349899074,9.507720810766822,False,True,True,0.8930390492359932,0.8251273344651953,0.7096774193548387,0.810118845500849,25
120910203042,OKALOOSA,Block Group 2,2716,109.17287718043279,1061,42.648167411060086,9.724076913123191,False,True,True,0.8964346349745331,0.801358234295416,0.7266553480475382,0.8090322580645162,26
120910201012,OKALOOSA,Block Group 2,2491,47.44608631309739,2738,52.15069623655586,8.911392361999223,False,True,True,0.8488964346349746,0.8828522920203735,0.6893039049235993,0.8074363327674025,27
121319506052,WALTON,Block Group 2,2050,145.59863838994326,1405,99.78833509164404,8.779614109758333,False,True,True,0.7453310696095077,0.969439728353141,0.6825127334465195,0.7985568760611206,28
120330011031,ESCAMBIA,Block Group 1,2789,1065.7404010760577,177,67.63573000733675,6.241296834081353,False,True,True,0.9032258064516129,0.9219015280135824,0.565365025466893,0.7978947368421053,29
120330026042,ESCAMBIA,Block Group 2,1882,419.5334039540466,439,97.86140506685784,9.76805232403976,False,True,True,0.6935483870967742,0.9626485568760611,0.7300509337860781,0.7943972835314093,30
120050002031,BAY,Block Group 1,2765,187.24856885207757,575,38.939575801064954,10.277743100871186,False,False,True,0.9015280135823429,0.7215619694397284,0.7521222410865874,0.7928353140916808,31
121130108022,SANTA ROSA,Block Group 2,2114,848.2227046026313,116,46.54391378141213,10.479177328374996,False,False,True,0.769100169779287,0.8370118845500849,0.7589134125636672,0.7881494057724958,32
120050027092,BAY,Block Group 2,1920,426.35040940742175,176,39.082120862347,18.33087445727989,False,False,False,0.7037351443123939,0.7283531409168081,0.9303904923599321,0.7866553480475382,33
121130108081,SANTA ROSA,Block Group 1,2807,37.02707589425368,2461,32.46299742634781,16.12897880331565,False,False,False,0.9074702886247877,0.5585738539898133,0.8811544991511036,0.7836502546689303,34
120910231004,OKALOOSA,Block Group 4,1560,1033.5417421671118,191,126.54261073969124,12.119948307851194,False,False,True,0.5449915110356537,0.9779286926994907,0.8081494057724957,0.7747028862478778,35
120330040001,ESCAMBIA,Block Group 1,2618,51.84192703373524,2172,43.010185453503794,7.5878460895172095,False,True,True,0.8760611205432938,0.8047538200339559,0.6400679117147708,0.7746519524617999,36
120050008062,BAY,Block Group 2,2297,411.7696936429894,254,45.53308758612072,8.905582424538313,False,True,True,0.8132427843803056,0.8217317487266553,0.6876061120543294,0.774584040747029,37
121130108092,SANTA ROSA,Block Group 2,2231,128.24479891462707,725,41.67524841465918,9.377767201758308,False,True,True,0.8081494057724957,0.7945670628183361,0.7079796264855688,0.7706112054329372,38
121319505021,WALTON,Block Group 1,1824,184.30931549197604,909,91.85151742445515,8.89405553787662,False,True,True,0.668081494057725,0.9575551782682513,0.6859083191850595,0.7694906621392191,39
121130105061,SANTA ROSA,Block Group 1,2178,67.23769311735154,1200,37.045560946199195,13.1601013385437,False,False,True,0.7860780984719864,0.6943972835314092,0.8234295415959253,0.7681494057724958,40
120910201011,OKALOOSA,Block Group 1,1933,21.295838673038116,3998,44.04591982142079,10.753245254490254,False,False,True,0.7079796264855688,0.8098471986417657,0.769100169779287,0.7617657045840408,41
121319506101,WALTON,Block Group 1,2133,60.4673471081144,1290,36.56956294864865,13.327650395991329,False,False,True,0.7724957555178268,0.6774193548387096,0.8285229202037352,0.759609507640068,42
121130108132,SANTA ROSA,Block Group 2,1569,898.2298174515348,82,46.943814551323044,16.161625102093936,False,False,False,0.5517826825127334,0.8421052631578947,0.8828522920203735,0.7568421052631579,43
120910210023,OKALOOSA,Block Group 3,2389,1301.4073612045509,54,29.416491211823253,21.841003155320166,False,False,False,0.830220713073005,0.4601018675721562,0.9779286926994907,0.7568251273344652,44
120330036121,ESCAMBIA,Block Group 1,1712,183.81016790178438,562,60.33955278084277,10.37802825638996,False,False,True,0.6095076400679117,0.9066213921901528,0.7572156196943973,0.7562988115449916,45
120910207023,OKALOOSA,Block Group 3,2902,350.26392302111446,287,34.64016054688486,9.517820034762604,False,True,True,0.9235993208828522,0.6281833616298812,0.7113752122241087,0.7560780984719864,46
120330026011,ESCAMBIA,Block Group 1,3278,235.93683658509428,524,37.715345445573334,6.499962760791048,False,True,True,0.9592529711375212,0.7079796264855688,0.5823429541595926,0.7519524617996605,47
121319505011,WALTON,Block Group 1,1823,36.45482414406803,2159,43.17387017391271,11.184555500173095,False,False,True,0.66553480475382,0.8064516129032258,0.7843803056027164,0.7512563667232598,48
121319506091,WALTON,Block Group 1,1576,298.6213206906869,252,47.74909442516059,13.632630643027843,False,False,True,0.5585738539898133,0.8556876061120543,0.8387096774193549,0.7490662139219015,49
120050002012,BAY,Block Group 2,1908,21.86722291013816,4118,47.19561003351622,9.139885677082708,False,True,True,0.6994906621392191,0.8455008488964346,0.6977928692699491,0.7471137521222412,50
120050025001,BAY,Block Group 1,2200,730.3738584588581,195,64.73768290885333,5.726017489429182,False,True,True,0.7962648556876061,0.9185059422750425,0.5246179966044142,0.7469609507640069,51
120910204002,OKALOOSA,Block Group 2,2987,1423.132501878373,107,50.97930287947302,4.860371115531334,True,True,True,0.9303904923599321,0.8675721561969439,0.43463497453310695,0.7460611205432937,52
120330024001,ESCAMBIA,Block Group 1,5532,263.9955206660246,633,30.207730401589586,9.793815993020656,False,True,True,1.0,0.4923599320882852,0.733446519524618,0.7445161290322582,53
121130103021,SANTA ROSA,Block Group 1,4953,71.67695686123872,2326,33.66052930733722,7.078703500888279,False,True,True,0.9966044142614601,0.6044142614601019,0.6095076400679117,0.7394397283531411,54
121130108281,SANTA ROSA,Block Group 1,3000,1524.8783909483218,61,31.00586061594921,10.657795628425289,False,False,True,0.9320882852292021,0.5178268251273345,0.7623089983022071,0.7393548387096774,55
121130108272,SANTA ROSA,Block Group 2,3673,728.369382627131,154,30.538765293922726,9.78250751386701,False,True,True,0.9745331069609507,0.5025466893039049,0.7317487266553481,0.7386587436332768,56
120910212005,OKALOOSA,Block Group 5,1463,811.3012095763488,85,47.13643391250147,15.61802923298854,False,False,False,0.5033955857385399,0.8438030560271647,0.8726655348047538,0.7375891341256368,57
121319505012,WALTON,Block Group 2,1718,8.795510804051194,6889,35.26907679226349,19.40535147536055,False,False,False,0.6196943972835314,0.6434634974533107,0.9490662139219015,0.7362308998302207,58
121319505023,WALTON,Block Group 3,1059,88.81635972185634,1983,166.31052061231458,22.963414753190985,False,False,False,0.24448217317487267,0.9864176570458404,0.9881154499151104,0.7347198641765705,59
121130104001,SANTA ROSA,Block Group 1,1812,12.994282666222853,5070,36.35817500979573,14.8380112673164,False,False,True,0.6587436332767402,0.6706281833616299,0.8573853989813243,0.7282173174872666,60
120330036034,ESCAMBIA,Block Group 4,3097,209.4877878157249,584,39.50302489001722,5.336814327154846,False,True,True,0.9422750424448217,0.7419354838709677,0.4906621392190153,0.7271307300509339,61
120330026062,ESCAMBIA,Block Group 2,1882,827.680958456309,129,56.73264805571937,6.57094313175346,False,True,True,0.6935483870967742,0.8981324278438031,0.5874363327674024,0.726044142614601,62
120910212001,OKALOOSA,Block Group 1,2043,753.9513249319857,88,32.47563220460829,15.43014349684259,False,False,False,0.7436332767402377,0.5602716468590832,0.8709677419354839,0.725144312393888,63
121130108231,SANTA ROSA,Block Group 1,1382,514.3292041853446,538,200.22366993611823,9.802273086393898,False,True,True,0.4567062818336163,0.9915110356536503,0.735144312393888,0.7250764006791173,64
121130108251,SANTA ROSA,Block Group 1,2169,758.5632134262542,180,62.95130401877628,5.142511664297146,False,True,True,0.7826825127334465,0.9117147707979627,0.47198641765704585,0.7227334465195246,65
121319506102,WALTON,Block Group 2,2399,75.50777404309633,1071,33.709389745792485,9.640604522193088,False,True,True,0.831918505942275,0.6095076400679117,0.7215619694397284,0.7221052631578948,66
121319503061,WALTON,Block Group 1,1656,43.07000050664469,1391,36.177760087405055,17.540552603098927,False,False,False,0.5874363327674024,0.66723259762309,0.9151103565365025,0.7219015280135823,67
120050026071,BAY,Block Group 1,1284,159.01535315526584,804,99.5703613215216,12.101838614306926,False,False,True,0.40237691001697795,0.967741935483871,0.8030560271646859,0.7211714770797963,68
120050004022,BAY,Block Group 2,2309,138.62289649210229,627,37.642510221112225,7.393699219829378,False,True,True,0.8200339558573854,0.7062818336162988,0.633276740237691,0.7208658743633277,69
120910211023,OKALOOSA,Block Group 3,1260,1271.0492309647768,47,47.41215385344802,19.116048331610944,False,False,False,0.3769100169779287,0.8505942275042445,0.9439728353140917,0.7203565365025468,70
120050014022,BAY,Block Group 2,3098,641.2932844504181,178,36.84641853846818,5.708458245166178,False,True,True,0.9439728353140917,0.6876061120543294,0.5212224108658744,0.7198641765704585,71
121130109003,SANTA ROSA,Block Group 3,1283,621.0254131537345,516,249.7654818295612,10.871103554460635,False,False,True,0.399830220713073,0.9949066213921901,0.7741935483870968,0.7197453310696096,72
120050027112,BAY,Block Group 2,2057,1038.1370260124738,65,32.80452440000525,13.206276047391976,False,False,True,0.7487266553480475,0.568760611205433,0.8268251273344652,0.7151103565365027,73
120050003023,BAY,Block Group 3,3925,29.145111721715434,4513,33.5113093503444,6.068789043362078,False,True,True,0.9796264855687606,0.601018675721562,0.5517826825127334,0.7134974533106961,74
120050027121,BAY,Block Group 1,2621,999.1609487797542,83,31.640732067424494,9.550315190242964,False,True,True,0.8794567062818336,0.5382003395585738,0.7147707979626485,0.7124957555178268,75
120910215021,OKALOOSA,Block Group 1,1951,800.4145252877246,113,46.35922160815627,6.6921802793317,False,True,True,0.7122241086587436,0.8353140916808149,0.5891341256366723,0.7122241086587436,76
120330033051,ESCAMBIA,Block Group 1,2593,154.051211185318,754,44.79545439017732,4.90512807961617,True,True,True,0.870118845500849,0.8200339558573854,0.44142614601018676,0.7121222410865875,77
120910211011,OKALOOSA,Block Group 1,1746,577.8959754145974,102,33.760245986419775,16.511185454124337,False,False,False,0.6290322580645161,0.6129032258064516,0.8913412563667232,0.7102716468590833,78
120330035092,ESCAMBIA,Block Group 2,3100,843.9909883542856,140,38.11572205470967,5.059104694612684,False,True,True,0.9456706281833617,0.7130730050933786,0.4634974533106961,0.7097962648556877,79
121319502021,WALTON,Block Group 1,3663,62.162391858141994,1770,30.037519407292198,8.0963627791765,False,True,True,0.9728353140916808,0.4838709677419355,0.6604414261460102,0.7083870967741936,80
121130105032,SANTA ROSA,Block Group 2,2840,457.61162823373513,207,33.354086987458864,6.981396837764384,False,True,True,0.9134125636672326,0.597623089983022,0.6078098471986417,0.7083531409168081,81
121319506053,WALTON,Block Group 3,2846,126.56594786310117,819,36.422175439170715,5.723439337466386,False,True,True,0.9168081494057725,0.6757215619694398,0.5229202037351444,0.7072665534804754,82
121130105033,SANTA ROSA,Block Group 3,1780,224.37804423020683,321,40.46368101005415,9.3306383864545,False,True,True,0.6451612903225806,0.769100169779287,0.7045840407470289,0.7056706281833617,83
121130108282,SANTA ROSA,Block Group 2,2493,321.12744199514816,240,30.914795859942064,9.824510813460629,False,True,True,0.8505942275042445,0.5161290322580645,0.7402376910016978,0.7038030560271648,84
121130105051,SANTA ROSA,Block Group 1,4394,173.07064827364982,814,32.06179055410809,6.27074502849804,False,True,True,0.9898132427843803,0.5432937181663837,0.568760611205433,0.7035144312393888,85
120910209001,OKALOOSA,Block Group 1,1324,616.0514914820645,88,40.946020581889485,17.571594458192543,False,False,False,0.4244482173174873,0.7775891341256367,0.9168081494057725,0.7034634974533107,86
120910206012,OKALOOSA,Block Group 2,2056,107.17654902042146,851,44.36149961886122,5.990106112392615,False,True,True,0.7470288624787776,0.8149405772495756,0.5449915110356537,0.7027674023769102,87
121319506111,WALTON,Block Group 1,1292,182.4646654774452,330,46.60475201823291,15.298491094337349,False,False,False,0.4091680814940577,0.8387096774193549,0.8692699490662139,0.7027504244482173,88
121130108242,SANTA ROSA,Block Group 2,2537,546.6129174737305,191,41.15217470929544,5.103088588625607,False,True,True,0.8556876061120543,0.7809847198641766,0.466893039049236,0.7027334465195247,89
120330011011,ESCAMBIA,Block Group 1,2020,761.8783242599408,228,85.99418709468638,4.752083407734047,True,True,True,0.735144312393888,0.9541595925297114,0.41765704584040747,0.7026485568760612,90
120050027061,BAY,Block Group 1,1102,485.9279327426355,145,63.93788588718888,18.24629162516701,False,False,False,0.27249575551782684,0.9134125636672326,0.9252971137521222,0.6994227504244482,91
120910211013,OKALOOSA,Block Group 3,1052,990.4718864158476,88,82.85316160132565,17.385471070779918,False,False,False,0.23938879456706283,0.9473684210526315,0.9134125636672326,0.6954499151103566,92
120330038003,ESCAMBIA,Block Group 3,1681,48.4286362415368,1878,54.10409212469133,6.76199688353734,False,True,True,0.5959252971137521,0.8913412563667232,0.599320882852292,0.6945331069609508,93
121319501043,WALTON,Block Group 3,1715,16.379699582938464,3593,34.31618693964892,13.886338400706157,False,False,True,0.6137521222410866,0.6230899830220713,0.8471986417657046,0.6938709677419355,94
120910229003,OKALOOSA,Block Group 3,1860,554.8493986595912,135,40.27132732206711,7.380015956295407,False,True,True,0.6842105263157895,0.7623089983022071,0.631578947368421,0.6926146010186758,95
120910203052,OKALOOSA,Block Group 2,2382,30.32759223439465,2224,28.315938341433124,13.183386498650076,False,False,True,0.8285229202037352,0.4142614601018676,0.8251273344651953,0.6906960950764007,96
120050004021,BAY,Block Group 1,2108,86.49393865413298,965,39.59518538958175,6.124296927517076,False,True,True,0.767402376910017,0.7470288624787776,0.5551782682512734,0.6906451612903227,97
120330023001,ESCAMBIA,Block Group 1,2039,789.0320291280133,819,316.9285099832481,3.745589984673289,True,True,True,0.7419354838709677,1.0,0.32767402376910015,0.6903904923599321,98
121130108252,SANTA ROSA,Block Group 2,1123,446.2642949620218,442,175.64453995833804,12.065346534240382,False,False,True,0.2928692699490662,0.9881154499151104,0.801358234295416,0.6901018675721562,99
120330036122,ESCAMBIA,Block Group 2,2813,429.37819992081006,250,38.160167074369895,4.86996679570469,True,True,True,0.9100169779286927,0.7147707979626485,0.4380305602716469,0.6898302207130731,100
120050005003,BAY,Block Group 3,5014,82.08741317381504,2172,35.55920650449267,4.602688489454935,True,True,True,0.99830220713073,0.6502546689303905,0.4074702886247878,0.6884719864176571,101
120050027062,BAY,Block Group 2,1626,170.86797674556192,298,31.315287251031645,19.827791576776647,False,False,False,0.5772495755517827,0.533106960950764,0.9575551782682513,0.6881833616298811,102
120910233051,OKALOOSA,Block Group 1,2434,521.0069175762347,102,21.83348627476415,21.452883782579647,False,False,False,0.8421052631578947,0.23938879456706283,0.9745331069609507,0.6869100169779288,103
120330036091,ESCAMBIA,Block Group 1,2409,1056.3384913697278,95,41.65718417605817,4.838944495622625,True,True,True,0.8353140916808149,0.7928692699490663,0.42614601018675724,0.6862818336162988,104
120910208003,OKALOOSA,Block Group 3,1485,73.60922798988663,777,38.51472737248614,13.448545136303002,False,False,True,0.5118845500848896,0.7198641765704584,0.831918505942275,0.6861290322580645,105
120330026041,ESCAMBIA,Block Group 1,2570,219.44523902026668,764,65.23586093832053,3.222122288089566,True,True,True,0.8607809847198642,0.9202037351443124,0.26825127334465193,0.684855687606112,106
120330027042,ESCAMBIA,Block Group 2,3685,606.3707599298355,214,35.213932869738066,4.807179683559694,True,True,True,0.9762308998302207,0.6417657045840407,0.4227504244482173,0.6832088285229202,107
121130108121,SANTA ROSA,Block Group 1,2582,1075.3910787521963,60,24.98972297642594,14.894873526408508,False,False,True,0.8633276740237691,0.3174872665534805,0.8590831918505942,0.6817996604414261,108
121130108211,SANTA ROSA,Block Group 1,2674,941.3414714427483,119,41.89215972389194,3.858992677219149,True,True,True,0.8896434634974533,0.7962648556876061,0.34804753820033957,0.6801018675721563,109
120050002011,BAY,Block Group 1,1306,23.29785696464459,2266,40.423387352132195,15.29029366225554,False,False,False,0.4142614601018676,0.765704584040747,0.8675721561969439,0.6798302207130731,110
120910209003,OKALOOSA,Block Group 3,1060,703.3818733182703,76,50.43115318130995,18.732577720386068,False,False,False,0.2461799660441426,0.865874363327674,0.9354838709677419,0.6781494057724957,111
120330036101,ESCAMBIA,Block Group 1,3034,646.9983987109506,222,47.34134624714273,2.9599172052383333,True,True,True,0.9354838709677419,0.8488964346349746,0.24108658743633277,0.6777589134125637,112
120330036032,ESCAMBIA,Block Group 2,2681,48.91524380353697,1820,33.20617072824964,5.941234515280229,False,True,True,0.8913412563667232,0.5908319185059423,0.5432937181663837,0.6773174872665536,113
120910229002,OKALOOSA,Block Group 2,1438,1039.4724857849608,75,54.21448987056471,7.605343164575794,False,True,True,0.4923599320882852,0.8947368421052632,0.6434634974533107,0.6750084889643464,114
120050027081,BAY,Block Group 1,869,736.2079613816989,128,108.44029810915703,18.254412626303232,False,False,False,0.13752122241086587,0.9745331069609507,0.9269949066213922,0.6742614601018676,115
120330036033,ESCAMBIA,Block Group 3,1613,118.97693116229324,605,44.6255693448155,7.481257532583401,False,True,True,0.5738539898132428,0.8166383701188455,0.634974533106961,0.6741426146010187,116
120330026071,ESCAMBIA,Block Group 1,4123,294.78128451284334,436,31.17260248547167,5.492903294128367,False,True,True,0.9864176570458404,0.5263157894736842,0.499151103565365,0.673786078098472,117
120330039004,ESCAMBIA,Block Group 4,1535,35.357067453959914,1738,40.03295324754549,9.805727279704287,False,True,True,0.533106960950764,0.7538200339558574,0.7368421052631579,0.6731748726655349,118
120050014042,BAY,Block Group 2,3133,594.0904215861323,183,34.70110027138915,4.838975821703959,True,True,True,0.9507640067911715,0.629881154499151,0.42784380305602715,0.6723089983022071,119
120910203061,OKALOOSA,Block Group 1,1452,27.090552971919486,2141,39.94550544964161,10.684424468483416,False,False,True,0.49745331069609505,0.7521222410865874,0.765704584040747,0.6700169779286927,120
121130108144,SANTA ROSA,Block Group 4,2225,691.4679382632562,87,27.03717331636103,13.024801311420962,False,False,True,0.8047538200339559,0.38030560271646857,0.8200339558573854,0.6697283531409168,121
120330026052,ESCAMBIA,Block Group 2,2495,154.53634790907367,551,34.12806721358701,5.7780604004540175,False,True,True,0.8539898132427843,0.6162988115449916,0.5280135823429541,0.6679796264855687,122
120910215012,OKALOOSA,Block Group 2,2004,1632.6530612244899,79,64.3610737708257,3.926766738631453,True,True,True,0.7283531409168081,0.9168081494057725,0.3548387096774194,0.6672835314091681,123
121130108141,SANTA ROSA,Block Group 1,952,577.313986037734,188,114.00738379736764,15.231722139953067,False,False,False,0.17402376910016978,0.9762308998302207,0.8641765704584041,0.666502546689304,124
121130108262,SANTA ROSA,Block Group 2,1828,780.3258842377159,83,35.43055163661401,8.566583317156047,False,True,True,0.6714770797962648,0.6468590831918506,0.6791171477079796,0.665874363327674,125
120050014021,BAY,Block Group 1,1321,671.0257092756985,201,102.10156515095792,7.087981177459267,False,True,True,0.4219015280135823,0.9711375212224108,0.6112054329371817,0.6656196943972835,126
121319503053,WALTON,Block Group 3,1135,1.927790530975541,22066,37.478965512340345,28.235108768361968,False,False,False,0.30390492359932086,0.7028862478777589,1.0,0.6652801358234295,127
121319503032,WALTON,Block Group 2,1661,116.62892551828251,559,39.25079431951832,8.214145673060381,False,True,True,0.5908319185059423,0.735144312393888,0.66723259762309,0.6636672325976232,128
120910208002,OKALOOSA,Block Group 2,1715,604.5640176892259,78,27.496206052337968,21.533867499919214,False,False,False,0.6137521222410866,0.40237691001697795,0.9762308998302207,0.663616298811545,129
120910233041,OKALOOSA,Block Group 1,3220,490.79395524751715,83,12.650900088678236,24.183105738172724,False,False,False,0.9558573853989814,0.03395585738539898,0.9915110356536503,0.66339558573854,130
120910202001,OKALOOSA,Block Group 1,2064,9.358601066518691,7112,32.24727266719038,8.526644810669099,False,True,True,0.7555178268251274,0.5534804753820034,0.6774193548387096,0.6630730050933786,131
120910201022,OKALOOSA,Block Group 2,2309,21.69810436000713,3818,35.87845926656874,5.354579587660605,False,True,True,0.8200339558573854,0.6604414261460102,0.4940577249575552,0.6597962648556877,132
120910214001,OKALOOSA,Block Group 1,2979,407.0016303291221,208,28.41770362821665,7.112258907175224,False,True,True,0.9286926994906621,0.4227504244482173,0.6162988115449916,0.6586417657045841,133
121130102003,SANTA ROSA,Block Group 3,1372,9.318359300449305,6314,42.883469841863636,9.656514550667795,False,True,True,0.45161290322580644,0.8030560271646859,0.7232597623089984,0.65723259762309,134
121319505013,WALTON,Block Group 3,1028,5.26968532217631,8118,41.614110355474004,20.006659161063418,False,False,False,0.22495755517826826,0.7911714770797963,0.9592529711375212,0.654125636672326,135
120910232002,OKALOOSA,Block Group 2,1100,179.77533966098946,496,81.0623349744098,10.344353481496595,False,False,True,0.2699490662139219,0.9439728353140917,0.7538200339558574,0.6520543293718167,136
120910209002,OKALOOSA,Block Group 2,2209,305.95847552069034,145,20.083286079900454,20.42775390153417,False,False,False,0.799660441426146,0.18505942275042445,0.9643463497453311,0.651188455008489,137
121130107092,SANTA ROSA,Block Group 2,2887,136.78005165993514,453,21.462197229633052,11.76190169792974,False,False,True,0.9219015280135824,0.22241086587436332,0.7962648556876061,0.649609507640068,138
120330036031,ESCAMBIA,Block Group 1,3479,313.9010337440453,399,36.00072217990057,3.4405195954257475,True,True,True,0.966044142614601,0.6621392190152802,0.30560271646859083,0.6478098471986419,139
120330038001,ESCAMBIA,Block Group 1,1596,4.576754740671958,10899,31.25441724222034,13.810031694503833,False,False,True,0.565365025466893,0.5314091680814941,0.8438030560271647,0.6460441426146011,140
121130102004,SANTA ROSA,Block Group 4,1172,9.083119815433486,5281,40.92828988507188,13.598099738389369,False,False,True,0.33276740237691,0.7758913412563667,0.8370118845500849,0.6453989813242784,141
120910210012,OKALOOSA,Block Group 2,2000,1064.6911676947147,40,21.293823353894293,24.163560789396133,False,False,False,0.7266553480475382,0.21561969439728354,0.9898132427843803,0.644855687606112,142
120330027011,ESCAMBIA,Block Group 1,3284,305.13050368460875,319,29.639656113090805,5.324369069734713,False,True,True,0.9609507640067911,0.47198641765704585,0.4855687606112054,0.642716468590832,143
121130105043,SANTA ROSA,Block Group 3,3122,457.0883094028131,197,28.84253585917815,5.790554658761553,False,True,True,0.9490662139219015,0.4397283531409168,0.5297113752122241,0.642597623089983,144
121319501031,WALTON,Block Group 1,1194,63.54862550284048,1066,56.73604253436177,9.12684290993822,False,True,True,0.3378607809847199,0.8998302207130731,0.6943972835314092,0.6409677419354839,145
121130108221,SANTA ROSA,Block Group 1,3299,689.3682448860013,112,23.40383250295003,8.48991012013582,False,True,True,0.9643463497453311,0.2699490662139219,0.6757215619694398,0.639949066213922,146
120330038002,ESCAMBIA,Block Group 2,1684,17.799221400329433,3240,34.24553286049131,9.204746443716612,False,True,True,0.597623089983022,0.6196943972835314,0.7028862478777589,0.6396434634974533,147
120330014013,ESCAMBIA,Block Group 3,4485,5199.403198937165,32,37.09719116298535,2.812412003007416,True,True,True,0.9915110356536503,0.6960950764006791,0.21901528013582344,0.639100169779287,148
120050013012,BAY,Block Group 2,3978,485.79922643373055,234,28.57642508433709,5.212414351297809,False,True,True,0.9847198641765704,0.4312393887945671,0.47877758913412566,0.6351103565365026,149
120910220021,OKALOOSA,Block Group 1,2375,1643.3859424420507,60,41.51711854590444,3.283060996741909,True,True,True,0.8268251273344652,0.7877758913412564,0.2835314091680815,0.6346519524617997,150
121130107072,SANTA ROSA,Block Group 2,2799,454.0232886858175,233,37.79472178056287,3.2698821158854323,True,True,True,0.9049235993208828,0.7096774193548387,0.2801358234295416,0.6343123938879457,151
121130108085,SANTA ROSA,Block Group 5,4221,307.30678113437773,253,18.41947776048272,10.846553806082031,False,False,True,0.9881154499151104,0.1307300509337861,0.7724957555178268,0.6340237691001698,152
121130101004,SANTA ROSA,Block Group 4,1563,7.634118307763017,6259,30.57066314029989,14.204250489025425,False,False,True,0.5475382003395586,0.5042444821731749,0.8505942275042445,0.6332597623089984,153
120330035121,ESCAMBIA,Block Group 1,1255,640.2110707032782,413,210.68300573741348,5.863181494974908,False,True,True,0.3701188455008489,0.9932088285229203,0.5382003395585738,0.6312054329371817,154
120330036142,ESCAMBIA,Block Group 2,1590,115.04258493018833,539,38.99871275306384,6.898604441874521,False,True,True,0.5636672325976231,0.7249575551782682,0.6044142614601019,0.630339558573854,155
120910224001,OKALOOSA,Block Group 1,1198,994.9554595481673,89,73.91572278780207,7.154744837901505,False,True,True,0.3404074702886248,0.933786078098472,0.6196943972835314,0.6283870967741936,156
121130108232,SANTA ROSA,Block Group 2,3542,579.9263614680028,89,14.571836863538186,13.4898675777697,False,False,True,0.967741935483871,0.06791171477079797,0.833616298811545,0.6265365025466894,157
120330025001,ESCAMBIA,Block Group 1,928,90.93633261217947,890,87.21264657849107,10.957216801308714,False,False,True,0.15789473684210525,0.9558573853989814,0.7792869269949066,0.6262818336162989,158
120910221001,OKALOOSA,Block Group 1,2211,1998.156382171131,49,44.28297726204678,3.098720092224524,True,True,True,0.801358234295416,0.8132427843803056,0.25806451612903225,0.6259932088285229,159
120330036143,ESCAMBIA,Block Group 3,1857,69.25022073740932,1057,39.41706156135792,4.998308965979851,True,True,True,0.6825127334465195,0.7385398981324278,0.4533106960950764,0.625365025466893,160
121130109001,SANTA ROSA,Block Group 1,1224,182.74681906318068,569,84.95338239129887,6.422501797089238,False,True,True,0.35059422750424446,0.9524617996604414,0.5789473684210527,0.6245670628183362,161
121319506061,WALTON,Block Group 1,1886,177.4941385054711,323,30.39798872601653,8.386393361833976,False,True,True,0.6960950764006791,0.5008488964346349,0.6723259762308998,0.6238200339558575,162
120910233082,OKALOOSA,Block Group 2,2190,513.5582906247472,73,17.118609687491574,20.492437733083648,False,False,False,0.7894736842105263,0.11035653650254669,0.966044142614601,0.6236332767402377,163
120050026051,BAY,Block Group 1,1337,1083.2015451622938,46,37.26796640049777,9.985361231998054,False,True,True,0.432937181663837,0.6994906621392191,0.7419354838709677,0.6228692699490662,164
121319503042,WALTON,Block Group 2,2029,162.4254335974568,383,30.659901955557395,7.110132917048957,False,True,True,0.7385398981324278,0.5110356536502547,0.6146010186757216,0.6225636672325977,165
120330031001,ESCAMBIA,Block Group 1,2661,1439.728610345378,65,35.16811712606147,3.7488908997031833,True,True,True,0.8879456706281834,0.6400679117147708,0.3310696095076401,0.622376910016978,166
120050005002,BAY,Block Group 2,1364,9.167310411468344,4510,30.31126829598404,17.62515135257102,False,False,False,0.44821731748726656,0.49745331069609505,0.9202037351443124,0.6202207130730051,167
121130107081,SANTA ROSA,Block Group 1,1766,399.5513983507079,175,39.59314536317887,5.132870024039864,False,True,True,0.6400679117147708,0.7453310696095077,0.4685908319185059,0.6182173174872666,168
120050004023,BAY,Block Group 3,1698,168.54586705780955,339,33.649616568078585,7.635476250247171,False,True,True,0.6044142614601019,0.6027164685908319,0.6468590831918506,0.61786078098472,169
121319504003,WALTON,Block Group 3,870,7.171935218365766,4732,39.00873270495035,26.42528832013241,False,False,False,0.13921901528013583,0.7266553480475382,0.99830220713073,0.6165704584040748,170
120050002042,BAY,Block Group 2,1119,11.68160358205778,3353,35.003053450080195,18.45787252490729,False,False,False,0.28862478777589134,0.6366723259762309,0.9320882852292021,0.615823429541596,171
120910218021,OKALOOSA,Block Group 1,2410,2140.488901875903,43,38.19129575961155,3.292468937285466,True,True,True,0.8370118845500849,0.7164685908319185,0.2869269949066214,0.6157045840407471,172
120910218012,OKALOOSA,Block Group 2,2708,2720.2547476381096,30,30.13576160603519,4.98746990987073,True,True,True,0.8947368421052632,0.4906621392190153,0.45161290322580644,0.6151612903225807,173
121130105041,SANTA ROSA,Block Group 1,1932,188.14059828710253,302,29.409141140116443,8.488394115476337,False,True,True,0.7062818336162988,0.45840407470288624,0.6740237691001698,0.6138370118845501,174
120330036123,ESCAMBIA,Block Group 3,1545,333.0101661860831,165,35.56419250530985,7.646553676172444,False,True,True,0.5365025466893039,0.6519524617996605,0.6485568760611206,0.6115789473684211,175
120330036133,ESCAMBIA,Block Group 3,1308,367.0538317557689,219,61.456260821493416,5.653034820767293,False,True,True,0.4159592529711375,0.9083191850594228,0.5161290322580645,0.6114940577249576,176
120910205006,OKALOOSA,Block Group 6,2072,460.0587107742775,145,32.19522831190648,5.660208936748131,False,True,True,0.7572156196943973,0.5483870967741935,0.5178268251273345,0.6093039049235993,177
120330039001,ESCAMBIA,Block Group 1,1405,8.730874708244306,4771,29.64768913383173,16.206559453759258,False,False,False,0.4685908319185059,0.47368421052631576,0.8862478777589134,0.6080984719864178,178
120910212004,OKALOOSA,Block Group 4,1040,963.4625361298451,43,39.83547024383014,13.882979087657883,False,False,True,0.23429541595925296,0.7504244482173175,0.8455008488964346,0.6063157894736843,179
120910201023,OKALOOSA,Block Group 3,1363,11.852873747936943,4310,37.480473847108016,8.363354054162144,False,True,True,0.4465195246179966,0.7045840407470289,0.6706281833616299,0.6056366723259763,180
120910211012,OKALOOSA,Block Group 2,660,773.6490446606495,51,59.78197163286836,16.09234509458062,False,False,False,0.04584040747028863,0.9032258064516129,0.8777589134125636,0.6033106960950765,181
121319501032,WALTON,Block Group 2,1157,43.79919601786947,972,36.79586735468377,12.105927800285782,False,False,True,0.3234295415959253,0.6859083191850595,0.8064516129032258,0.6024448217317487,182
121319504001,WALTON,Block Group 1,1146,10.770505315173885,3280,30.826577167338872,22.813116679418712,False,False,False,0.3140916808149406,0.5144312393887945,0.9847198641765704,0.6015110356536502,183
120910233052,OKALOOSA,Block Group 2,2314,1145.0219256359226,25,12.3705912449862,19.004413938458665,False,False,False,0.8234295415959253,0.030560271646859084,0.9405772495755518,0.6004414261460103,184
120910215011,OKALOOSA,Block Group 1,1062,1046.3188198469536,97,95.56772648319632,6.877612761622497,False,True,True,0.24787775891341257,0.9609507640067911,0.6027164685908319,0.6002886247877759,185
120330026021,ESCAMBIA,Block Group 1,1156,148.87069472647457,528,67.99630347368388,6.221410346912913,False,True,True,0.32088285229202035,0.9252971137521222,0.5619694397283531,0.5998981324278438,186
120330035062,ESCAMBIA,Block Group 2,3005,1669.2960625722158,60,33.33037063372145,3.117048573386991,True,True,True,0.933786078098472,0.5959252971137521,0.2597623089983022,0.5998641765704584,187
120910219021,OKALOOSA,Block Group 1,2073,1852.6677790418858,38,33.9611073823404,4.763926776407827,True,True,True,0.7589134125636672,0.6146010186757216,0.42105263157894735,0.5997962648556876,188
121130108273,SANTA ROSA,Block Group 3,2807,847.4934483050131,71,21.436421385698583,7.778285653259771,False,True,True,0.9074702886247877,0.22071307300509338,0.6553480475382003,0.5976400679117148,189
120910219024,OKALOOSA,Block Group 4,1953,1314.393857816639,45,30.28557276075205,6.330629948999419,False,True,True,0.7147707979626485,0.49575551782682514,0.5755517826825127,0.596553480475382,190
120050026042,BAY,Block Group 2,2865,1443.551105488064,34,17.13114749968383,10.134599663909103,False,False,True,0.9185059422750425,0.11205432937181664,0.7470288624787776,0.5957894736842106,191
120330010021,ESCAMBIA,Block Group 1,1342,1099.0720948707237,120,98.27768359499765,4.358269270645277,True,True,True,0.4388794567062818,0.9643463497453311,0.38879456706281834,0.5957555178268251,192
121130103032,SANTA ROSA,Block Group 2,3959,167.36161827820533,610,25.78696315981441,4.869138843950756,True,True,True,0.9830220713073005,0.34974533106960953,0.4363327674023769,0.5936332767402377,193
120050015011,BAY,Block Group 1,3093,466.66794410666887,189,28.516081938622833,4.546298147277016,True,True,True,0.9405772495755518,0.42614601018675724,0.40237691001697795,0.5932088285229202,194
120050003022,BAY,Block Group 2,1274,12.113920717697885,3711,35.28631066199125,10.161240665883232,False,False,True,0.38879456706281834,0.6451612903225806,0.7487266553480475,0.5921731748726655,195
120330036131,ESCAMBIA,Block Group 1,1540,46.99490901709324,991,30.241529114246365,10.10386237205712,False,False,True,0.534804753820034,0.4940577249575552,0.7453310696095077,0.5908319185059423,196
120050027031,BAY,Block Group 1,2468,353.256443280155,108,15.45854776104406,13.533843212539296,False,False,True,0.8455008488964346,0.08149405772495756,0.8353140916808149,0.5900169779286928,197
120330037002,ESCAMBIA,Block Group 2,2411,435.5340114850193,148,26.735393488089112,5.990679170243514,False,True,True,0.8387096774193549,0.3769100169779287,0.5466893039049237,0.589949066213922,198
120050003012,BAY,Block Group 2,1518,24.674545909113895,1531,24.88585624957403,18.66981073713753,False,False,False,0.5237691001697793,0.3140916808149406,0.933786078098472,0.5898811544991511,199
120330036084,ESCAMBIA,Block Group 4,1583,205.01917505619895,260,33.67339577676041,6.769146539344487,False,True,True,0.5602716468590832,0.6078098471986417,0.601018675721562,0.5894057724957555,200
120910210021,OKALOOSA,Block Group 1,1828,1091.8275987497736,28,16.72383630470113,25.027337874424088,False,False,False,0.6714770797962648,0.09847198641765705,0.9949066213921901,0.5891171477079796,201
120910219011,OKALOOSA,Block Group 1,1552,1086.1410639703495,50,34.99165798873549,6.706514450328854,False,True,True,0.5398981324278438,0.634974533106961,0.5908319185059423,0.588081494057725,202
120910203051,OKALOOSA,Block Group 1,1672,25.981562693720562,1835,28.514454272115568,9.80672641076806,False,True,True,0.5942275042444821,0.4244482173174873,0.7385398981324278,0.5858234295415959,203
120910206013,OKALOOSA,Block Group 3,4555,210.39818792424336,607,28.037694856205427,3.8142549311145415,True,True,True,0.9932088285229203,0.4091680814940577,0.3395585738539898,0.5847707979626486,204
121130103012,SANTA ROSA,Block Group 2,3070,547.4283350332737,98,17.47491102060613,8.801195497024107,False,True,True,0.9388794567062818,0.11884550084889643,0.6842105263157895,0.5842275042444822,205
120910210013,OKALOOSA,Block Group 3,1870,1044.8626005680253,26,14.52750139827201,24.283901250823764,False,False,False,0.6859083191850595,0.06621392190152801,0.9932088285229203,0.5828183361629882,206
120330036083,ESCAMBIA,Block Group 3,3146,338.63225720895974,252,27.125025052974525,4.463616011595099,True,True,True,0.9524617996604414,0.3853989813242784,0.3938879456706282,0.5810016977928693,207
120050026093,BAY,Block Group 3,2582,735.1664089882778,85,24.201837631294968,6.321233650377935,False,True,True,0.8633276740237691,0.29541595925297115,0.5721561969439728,0.579830220713073,208
120050008041,BAY,Block Group 1,2117,411.9260471132876,141,27.435792462434367,6.1978386295974,False,True,True,0.7707979626485568,0.400679117147708,0.5602716468590832,0.5791850594227504,209
120910216001,OKALOOSA,Block Group 1,1496,765.3802548266025,61,31.208686861245152,9.061518042451782,False,True,True,0.5178268251273345,0.5280135823429541,0.6926994906621392,0.5788964346349745,210
120910205002,OKALOOSA,Block Group 2,1138,587.3333157855893,144,74.31985718200778,5.330828777886212,False,True,True,0.3081494057724958,0.9371816638370118,0.48896434634974534,0.5753989813242785,211
120330032032,ESCAMBIA,Block Group 2,1693,623.4898416821925,80,29.462012601639337,7.762584300816512,False,True,True,0.6027164685908319,0.4617996604414261,0.6536502546689303,0.5730220713073005,212
120910206022,OKALOOSA,Block Group 2,2926,587.4396724953558,148,29.713284869894963,3.4315267342967237,True,True,True,0.9252971137521222,0.4770797962648557,0.30220713073005095,0.5717657045840407,213
120910203031,OKALOOSA,Block Group 1,3065,244.13710516797232,291,23.179085678264254,5.5202312733923895,False,True,True,0.9371816638370118,0.26485568760611206,0.5008488964346349,0.5713242784380306,214
120050013021,BAY,Block Group 1,1605,460.29965651034354,145,41.5847041707164,3.941459308214166,True,True,True,0.567062818336163,0.7894736842105263,0.3565365025466893,0.5709847198641766,215
121130107071,SANTA ROSA,Block Group 1,1625,39.707782001979865,1333,32.57259902070102,6.327429194524424,False,True,True,0.5755517826825127,0.5619694397283531,0.5738539898132428,0.5705093378607811,216
120910212003,OKALOOSA,Block Group 3,867,826.498278366908,42,40.037978882825996,13.344846217251078,False,False,True,0.13582342954159593,0.7555178268251274,0.830220713073005,0.5694736842105264,217
120330027041,ESCAMBIA,Block Group 1,2592,252.4986849026828,231,22.50277631655854,6.395369739100727,False,True,True,0.866723259762309,0.2546689303904924,0.5772495755517827,0.5692190152801359,218
120050027091,BAY,Block Group 1,802,579.5492811999127,51,36.85413134812413,17.62111056605158,False,False,False,0.11205432937181664,0.6893039049235993,0.9185059422750425,0.5686757215619694,219
121130108094,SANTA ROSA,Block Group 4,1056,39.7229699013866,895,33.66672164937595,15.081094319773928,False,False,False,0.2427843803056027,0.6061120543293718,0.8607809847198642,0.5666213921901528,220
120050026091,BAY,Block Group 1,1207,500.4886710014707,94,38.97757669771189,7.562650393852306,False,True,True,0.34465195246179964,0.7232597623089984,0.6383701188455009,0.5665195246179967,221
120050026061,BAY,Block Group 1,865,1489.9253487114297,24,41.338969212802674,11.458426652824349,False,False,True,0.13412563667232597,0.7860780984719864,0.7911714770797963,0.5660950764006791,222
120330017001,ESCAMBIA,Block Group 1,2097,754.9400512077601,124,44.64118566989139,1.9246175399912355,True,True,True,0.7623089983022071,0.8183361629881154,0.11035653650254669,0.565653650254669,223
121130107043,SANTA ROSA,Block Group 3,2842,376.1216484874536,143,18.925192024527046,7.193872532483364,False,True,True,0.9151103565365025,0.1494057724957555,0.6213921901528013,0.5655008488964347,224
120910233062,OKALOOSA,Block Group 2,1671,1017.6824611471857,35,21.31591031726601,16.171516062173737,False,False,False,0.5925297113752123,0.21731748726655348,0.8845500848896435,0.5650764006791172,225
121130101003,SANTA ROSA,Block Group 3,585,10.121475176805301,2780,48.098634173536304,13.118854153040957,False,False,True,0.025466893039049237,0.8607809847198642,0.8217317487266553,0.5638879456706283,226
120330034001,ESCAMBIA,Block Group 1,2402,593.4053934670562,102,25.198730280449514,5.56211121747347,False,True,True,0.833616298811545,0.33446519524617996,0.5110356536502547,0.5624448217317488,227
121130107113,SANTA ROSA,Block Group 3,1785,135.02724827176468,438,33.13273655071873,4.932516439301604,True,True,True,0.6511035653650254,0.5857385398981324,0.4465195246179966,0.5620203735144312,228
120910232001,OKALOOSA,Block Group 1,877,71.8228836224416,494,40.45667560944829,11.248845518752203,False,False,True,0.14516129032258066,0.767402376910017,0.7860780984719864,0.5620033955857386,229
121319506051,WALTON,Block Group 1,1881,278.3385158652954,172,25.45147513494461,7.688365717478814,False,True,True,0.6910016977928692,0.3395585738539898,0.6502546689303905,0.5615789473684211,230
120050005001,BAY,Block Group 1,1224,9.568461001696853,3498,27.34516060779052,19.10275595672668,False,False,False,0.35059422750424446,0.39558573853989815,0.9422750424448217,0.5606960950764006,231
120910207022,OKALOOSA,Block Group 2,3856,897.7195687966089,122,28.40295316213337,3.177037582193034,True,True,True,0.9779286926994907,0.42105263157894735,0.26485568760611206,0.5588455008488964,232
121130108202,SANTA ROSA,Block Group 2,2965,619.5249612143944,92,19.223034209687782,6.314527077419443,False,True,True,0.9269949066213922,0.16468590831918506,0.5704584040747029,0.5577758913412565,233
120050023001,BAY,Block Group 1,2063,1464.9033859647627,72,51.12605127942943,1.176246215775275,True,True,True,0.7538200339558574,0.8726655348047538,0.04074702886247878,0.5577249575551783,234
120330035091,ESCAMBIA,Block Group 1,2194,863.4854665635521,72,28.336806559970718,5.024134793723769,False,True,True,0.7928692699490663,0.4159592529711375,0.45500848896434637,0.5569949066213923,235
120330026051,ESCAMBIA,Block Group 1,2566,1233.8561273747282,49,23.561555043398943,5.759472016362622,False,True,True,0.8590831918505942,0.27504244482173174,0.5263157894736842,0.5565365025466893,236
120910231003,OKALOOSA,Block Group 3,1293,1248.1960044212974,30,28.96046413970528,12.775657719964377,False,False,True,0.41086587436332767,0.4431239388794567,0.8166383701188455,0.5554159592529712,237
121130103031,SANTA ROSA,Block Group 1,1260,12.473946035214663,3323,32.89755767858597,9.56056942591542,False,True,True,0.3769100169779287,0.5772495755517827,0.7164685908319185,0.5550764006791171,238
120050004011,BAY,Block Group 1,1571,228.92565235067738,200,29.14394046475842,7.960957825563137,False,True,True,0.5534804753820034,0.44991511035653653,0.6587436332767402,0.5540407470288625,239
121319501041,WALTON,Block Group 1,846,10.002249442055373,3076,36.36751688387982,16.024357419846535,False,False,False,0.12563667232597622,0.6723259762308998,0.8760611205432938,0.5536842105263158,240
120330040003,ESCAMBIA,Block Group 3,546,20.494418461492263,1272,47.74523861358637,11.768317098295016,False,False,True,0.02037351443123939,0.8539898132427843,0.797962648556876,0.5520713073005094,241
120910203041,OKALOOSA,Block Group 1,1951,178.6851102183063,319,29.216068764551366,5.2854032412005845,False,True,True,0.7122241086587436,0.4533106960950764,0.48047538200339557,0.5503056027164687,242
121130105062,SANTA ROSA,Block Group 2,2005,225.51660173363214,224,25.19487221363272,6.468633880585421,False,True,True,0.7300509337860781,0.33276740237691,0.5806451612903226,0.5496434634974534,243
121319503052,WALTON,Block Group 2,878,22.11239731555497,1641,41.32852391210216,9.674835350451072,False,True,True,0.14855687606112053,0.7843803056027164,0.7249575551782682,0.548590831918506,244
120910233061,OKALOOSA,Block Group 1,1282,1110.5153328210986,29,25.12086166287977,17.734618861905698,False,False,False,0.39728353140916806,0.3293718166383701,0.9219015280135824,0.5479966044142615,245
121319506073,WALTON,Block Group 3,1920,366.31063943528636,63,12.019567856470333,17.13629391031106,False,False,False,0.7037351443123939,0.027164685908319185,0.9083191850594228,0.5479796264855689,246
121319501023,WALTON,Block Group 3,719,4.67792697256323,6252,40.67649434278903,12.618044256141786,False,False,True,0.07130730050933787,0.7707979626485568,0.8149405772495756,0.5475382003395586,247
121130102002,SANTA ROSA,Block Group 2,952,16.532399387064768,2726,47.339622614641335,7.296110389208544,False,True,True,0.17402376910016978,0.8471986417657046,0.629881154499151,0.5466044142614601,248
120050003021,BAY,Block Group 1,1659,17.067910365548755,2788,28.68314291690773,7.091812089926354,False,True,True,0.5891341256366723,0.432937181663837,0.6129032258064516,0.5454329371816639,249
120330040002,ESCAMBIA,Block Group 2,498,48.225327322146356,496,48.0316513088044,10.883622970104428,False,False,True,0.01697792869269949,0.8590831918505942,0.7758913412563667,0.5453140916808149,250
120910233031,OKALOOSA,Block Group 1,725,334.6221285382829,75,34.61608226258098,19.31189313367463,False,False,False,0.07555178268251274,0.6264855687606112,0.9473684210526315,0.5450594227504245,251
120910228002,OKALOOSA,Block Group 2,1198,3609.553566317261,13,39.16877826554624,6.24655736804915,False,True,True,0.3404074702886248,0.733446519524618,0.567062818336163,0.5449066213921903,252
121130107082,SANTA ROSA,Block Group 2,2025,967.780785465223,53,25.32957117513917,6.107030524338237,False,True,True,0.7368421052631579,0.3361629881154499,0.5534804753820034,0.5441086587436332,253
121130108083,SANTA ROSA,Block Group 3,769,11.09797602069413,2287,33.00529409535433,20.994047661383792,False,False,False,0.09507640067911714,0.5806451612903226,0.969439728353141,0.5438539898132428,254
120050023002,BAY,Block Group 2,1739,1158.9307980361489,149,99.29884353501217,1.0015002849680208,True,True,True,0.6230899830220713,0.966044142614601,0.030560271646859084,0.5407300509337861,255
120910220012,OKALOOSA,Block Group 2,2173,3065.649768206969,28,39.50215992167286,1.591284318044589,True,True,True,0.7843803056027164,0.7402376910016978,0.08828522920203735,0.5401018675721562,256
120330035073,ESCAMBIA,Block Group 3,2168,1005.599444879421,72,33.396291527360844,2.8992478210877097,True,True,True,0.7809847198641766,0.599320882852292,0.23259762308998302,0.5400679117147709,257
120050027102,BAY,Block Group 2,2101,168.36314640509823,236,18.911805117374197,9.16057562423364,False,True,True,0.7640067911714771,0.14770797962648557,0.6994906621392191,0.5393378607809848,258
120050026082,BAY,Block Group 2,1117,597.4089459449197,59,31.5551726148167,11.85085228136982,False,False,True,0.2860780984719864,0.5365025466893039,0.799660441426146,0.5382003395585739,259
121319504002,WALTON,Block Group 2,854,9.919077863053843,3168,36.79582982453697,12.257487367860897,False,False,True,0.1307300509337861,0.6842105263157895,0.8115449915110357,0.5380475382003396,260
120910203062,OKALOOSA,Block Group 2,1285,46.41049326444692,731,26.40161134343245,13.709891631181714,False,False,True,0.40492359932088284,0.366723259762309,0.8421052631578947,0.5365874363327674,261
120910225002,OKALOOSA,Block Group 2,1716,1354.1014834355353,39,30.775033714443985,5.192870602730202,False,True,True,0.6171477079796265,0.5127334465195246,0.4770797962648557,0.5364685908319184,262
120330031002,ESCAMBIA,Block Group 2,1460,1924.6664460770419,32,42.18447005100366,3.499228391480651,True,True,True,0.5008488964346349,0.797962648556876,0.31069609507640067,0.5361460101867572,263
120050027131,BAY,Block Group 1,637,564.4726080140932,59,52.2823922650416,9.12985786560493,False,True,True,0.03735144312393888,0.8845500848896435,0.6960950764006791,0.5343123938879457,264
120910208001,OKALOOSA,Block Group 1,474,0.5178053102022607,34097,37.248117430309044,17.06838361067439,False,False,False,0.013582342954159592,0.6977928692699491,0.9066213921901528,0.5340747028862479,265
121130107111,SANTA ROSA,Block Group 1,1218,910.6589716731228,54,40.37404307910396,5.409019741692649,False,True,True,0.3463497453310696,0.7640067911714771,0.49745331069609505,0.5340407470288625,266
120050012001,BAY,Block Group 1,1746,448.1579322927308,235,60.31908023413043,1.4437841467987649,True,True,True,0.6290322580645161,0.9049235993208828,0.06112054329371817,0.5326655348047539,267
120330033101,ESCAMBIA,Block Group 1,2658,1882.865639331349,37,26.209943060669644,3.7294140688950095,True,True,True,0.8862478777589134,0.36502546689303905,0.3242784380305603,0.5287945670628184,268
120910224004,OKALOOSA,Block Group 4,929,1588.5990232424522,24,41.040233108524056,7.631587953162609,False,True,True,0.16044142614601017,0.7792869269949066,0.6451612903225806,0.5246179966044143,269
121130107053,SANTA ROSA,Block Group 3,741,200.5580439609158,171,46.28262552944211,8.354809172253857,False,True,True,0.08234295415959253,0.833616298811545,0.6689303904923599,0.5238370118845501,270
120330033012,ESCAMBIA,Block Group 2,1289,222.70368143525525,233,40.255979654316896,4.593115014439022,True,True,True,0.4074702886247878,0.7606112054329371,0.4057724957555178,0.5234465195246181,271
120330001001,ESCAMBIA,Block Group 1,1756,919.9333205506608,70,36.6716016164842,3.000541395291953,True,True,True,0.634974533106961,0.6808149405772496,0.2495755517826825,0.5229202037351444,272
120330003001,ESCAMBIA,Block Group 1,1490,430.1795494374464,178,51.39057704688957,2.464073716557592,True,True,True,0.5152801358234296,0.8760611205432938,0.1765704584040747,0.5225636672325976,273
121130102001,SANTA ROSA,Block Group 1,1260,20.742806143775532,3102,51.06681322062833,3.659697698825044,True,True,True,0.3769100169779287,0.8709677419354839,0.3174872665534805,0.5203395585738539,274
120330036111,ESCAMBIA,Block Group 1,1743,576.919066827617,82,27.14134450938875,5.860156970294756,False,True,True,0.6264855687606112,0.3870967741935484,0.5365025466893039,0.5177928692699492,275
121130108093,SANTA ROSA,Block Group 3,1050,121.855659766,254,29.477464362441903,14.75858651128482,False,False,True,0.23769100169779286,0.4634974533106961,0.8556876061120543,0.5161460101867572,276
121130108133,SANTA ROSA,Block Group 3,1716,1453.0846718196415,14,11.855003150043695,16.72066295415949,False,False,False,0.6171477079796265,0.025466893039049237,0.9015280135823429,0.5157385398981325,277
120910210022,OKALOOSA,Block Group 2,1549,1958.7784000738493,9,11.380894513017846,22.50768360901838,False,False,False,0.5382003395585738,0.01867572156196944,0.9813242784380306,0.5129881154499152,278
120910233071,OKALOOSA,Block Group 1,1263,1439.7789375047023,19,21.65938227441753,18.31093465638096,False,False,False,0.3845500848896435,0.22920203735144312,0.9286926994906621,0.5128522920203735,279
120330016001,ESCAMBIA,Block Group 1,2191,947.109284999492,84,36.310899105411835,1.5087108221072618,True,True,True,0.7911714770797963,0.6689303904923599,0.06960950764006792,0.512716468590832,280
120330019001,ESCAMBIA,Block Group 1,2204,1270.5161846698734,57,32.8581771897381,2.289532120468898,True,True,True,0.797962648556876,0.5721561969439728,0.15789473684210525,0.5122241086587437,281
120330023002,ESCAMBIA,Block Group 2,1412,732.2234858090214,102,52.89433112784716,2.43663330698773,True,True,True,0.47453310696095075,0.8896434634974533,0.1731748726655348,0.5120713073005093,282
121319501021,WALTON,Block Group 1,658,8.705806109816757,2344,31.0127804276755,22.84991653178397,False,False,False,0.044142614601018676,0.5195246179966044,0.9864176570458404,0.5119694397283532,283
120050006001,BAY,Block Group 1,919,16.958621922083932,1534,28.307427669724433,22.43631923368205,False,False,False,0.15449915110356535,0.41256366723259763,0.9796264855687606,0.5119524617996605,284
120050024002,BAY,Block Group 2,1771,1205.7790244832374,67,45.616710694735694,1.4704057815747889,True,True,True,0.6426146010186757,0.8234295415959253,0.06451612903225806,0.5115110356536502,285
120050014031,BAY,Block Group 1,1096,847.7768676037076,70,54.14633278490833,4.298026415578037,True,True,True,0.267402376910017,0.8930390492359932,0.38030560271646857,0.5111205432937183,286
121319501024,WALTON,Block Group 4,725,6.472027073248037,3626,32.36906230013432,17.382928023417207,False,False,False,0.07555178268251274,0.5568760611205433,0.9117147707979627,0.5103225806451613,287
120330008011,ESCAMBIA,Block Group 1,1395,586.4200255502575,171,71.88374506745092,2.1212407516672376,True,True,True,0.46519524617996605,0.9286926994906621,0.13752122241086587,0.5100169779286927,288
120330013002,ESCAMBIA,Block Group 2,1607,1329.2889420861814,44,36.3962124777797,3.2699144819441623,True,True,True,0.5696095076400679,0.6740237691001698,0.28183361629881154,0.509100169779287,289
121130108143,SANTA ROSA,Block Group 3,1557,773.1835896376514,33,16.387320782300897,16.58308517014173,False,False,False,0.5424448217317487,0.0899830220713073,0.8930390492359932,0.5088285229202038,290
121319506041,WALTON,Block Group 1,1017,210.66883315152702,173,35.83648784190184,7.861061430228387,False,True,True,0.21901528013582344,0.6587436332767402,0.6570458404074703,0.5086757215619695,291
120050027101,BAY,Block Group 1,1261,682.3844167426074,50,27.05727267020648,10.679670604575254,False,False,True,0.38200339558573854,0.38200339558573854,0.7640067911714771,0.5080645161290323,292
120330033131,ESCAMBIA,Block Group 1,2442,1161.2739393864458,62,29.483613530696005,2.6315258296918285,True,True,True,0.8438030560271647,0.46519524617996605,0.19864176570458403,0.5059592529711375,293
120050027103,BAY,Block Group 3,1812,294.69102410497766,96,15.61276948900544,10.732632158017312,False,False,True,0.6587436332767402,0.08488964346349745,0.767402376910017,0.5052292020373514,294
120330010022,ESCAMBIA,Block Group 2,485,1385.156265618708,98,279.88724542398637,5.6332736182508025,False,True,True,0.015280135823429542,0.99830220713073,0.5127334465195246,0.5038370118845501,295
120050027032,BAY,Block Group 2,1175,384.1148408571351,74,24.19106231781106,16.40792086395655,False,False,False,0.33446519524617996,0.2937181663837012,0.8879456706281834,0.503667232597623,296
121130101002,SANTA ROSA,Block Group 2,1090,5.3984538352755616,4993,24.72888073351457,19.16919220332657,False,False,False,0.2614601018675722,0.3089983022071307,0.9456706281833617,0.502937181663837,297
120330012021,ESCAMBIA,Block Group 1,1393,584.6240107977075,97,40.70964037859126,3.2249735947517544,True,True,True,0.4617996604414261,0.7741935483870968,0.27164685908319186,0.5021392190152801,298
120910203032,OKALOOSA,Block Group 2,2422,157.34314343795938,446,28.97400576933521,2.692030407312258,True,True,True,0.8404074702886248,0.4465195246179966,0.20882852292020374,0.5020033955857386,299
120330010011,ESCAMBIA,Block Group 1,766,884.8320609540707,126,145.54678809427273,4.9121894786562645,True,True,True,0.09168081494057725,0.9796264855687606,0.4431239388794567,0.5006791171477081,300
120910207021,OKALOOSA,Block Group 1,1782,546.5328898095232,73,22.388833308695393,6.708729616256592,False,True,True,0.6485568760611206,0.25127334465195245,0.5925297113752123,0.49896434634974535,301
120050022001,BAY,Block Group 1,1456,1013.6085299056285,66,45.94654050396393,2.343815571422945,True,True,True,0.499151103565365,0.830220713073005,0.16468590831918506,0.4980305602716469,302
120330040004,ESCAMBIA,Block Group 4,979,152.14680068225175,217,33.72406102967174,9.335712965817477,False,True,True,0.18505942275042445,0.6112054329371817,0.7062818336162988,0.4976910016977929,303
120910223001,OKALOOSA,Block Group 1,1154,936.6875513899746,103,83.6038282436459,2.8411587748548683,True,True,True,0.31918505942275044,0.9507640067911715,0.22410865874363328,0.4962308998302208,304
120330028041,ESCAMBIA,Block Group 1,3568,887.9432094617715,87,21.651081620844764,3.2511053046322376,True,True,True,0.969439728353141,0.22750424448217318,0.2767402376910017,0.49601018675721564,305
120910227003,OKALOOSA,Block Group 3,1342,1346.4567719150389,30,30.099629774553772,6.22389301905248,False,True,True,0.4388794567062818,0.4855687606112054,0.5636672325976231,0.4954668930390492,306
120910215013,OKALOOSA,Block Group 3,1113,2195.543421654804,18,35.50744078147932,6.177619126504383,False,True,True,0.2801358234295416,0.6485568760611206,0.5585738539898133,0.49359932088285235,307
120910218011,OKALOOSA,Block Group 1,2828,1525.172903264776,43,23.190394215129196,3.288166044815196,True,True,True,0.9117147707979627,0.266553480475382,0.28522920203735147,0.4920713073005094,308
121130104002,SANTA ROSA,Block Group 2,1011,14.316326382504345,1849,26.18287584693426,16.809744584695313,False,False,False,0.21731748726655348,0.3616298811544992,0.9032258064516129,0.4912903225806452,309
120330036132,ESCAMBIA,Block Group 2,1320,39.297421642578634,954,28.40131836895456,7.550784657809086,False,True,True,0.41935483870967744,0.41935483870967744,0.6366723259762309,0.4910696095076401,310
120910219022,OKALOOSA,Block Group 2,2102,1707.9016859638432,30,24.375380865326022,4.482242603292805,True,True,True,0.765704584040747,0.300509337860781,0.39728353140916806,0.4906112054329371,311
121130101001,SANTA ROSA,Block Group 1,614,1.6623897493777424,11300,30.594469328938906,19.446592196757987,False,False,False,0.028862478777589132,0.5059422750424448,0.9507640067911715,0.4905263157894737,312
120050010002,BAY,Block Group 2,994,350.90320508068305,109,38.47932530562822,6.152871647536252,False,True,True,0.200339558573854,0.7181663837011885,0.5568760611205433,0.48887945670628186,313
121319501033,WALTON,Block Group 3,680,11.260454918404426,1951,32.307569920304466,15.275671493075684,False,False,False,0.057724957555178265,0.5551782682512734,0.865874363327674,0.48857385398981323,314
120330036112,ESCAMBIA,Block Group 2,2735,492.71946193233225,116,20.897790707184843,3.8573960451055855,True,True,True,0.8981324278438031,0.20543293718166383,0.3463497453310696,0.4874533106960951,315
121130103011,SANTA ROSA,Block Group 1,3221,561.5313540558916,170,29.63686128205575,0.6130713917150572,True,True,True,0.9575551782682513,0.4702886247877759,0.01697792869269949,0.4863667232597624,316
120330035071,ESCAMBIA,Block Group 1,2620,1584.8397376182882,41,24.800927191736573,3.065830001110782,True,True,True,0.8777589134125636,0.31069609507640067,0.2563667232597623,0.4855687606112054,317
120330028022,ESCAMBIA,Block Group 2,1732,1335.7353948285754,37,28.534763053497283,4.499129613651164,True,True,True,0.6213921901528013,0.4295415959252971,0.400679117147708,0.48524617996604413,318
120910201021,OKALOOSA,Block Group 1,988,3.434659472737637,7662,26.63599279363945,16.686285346900906,False,False,False,0.1935483870967742,0.3701188455008489,0.8981324278438031,0.4843293718166384,319
120330033082,ESCAMBIA,Block Group 2,1631,305.54606383233823,183,34.282605567944756,2.97960166939159,True,True,True,0.5797962648556876,0.6213921901528013,0.24448217317487267,0.48286926994906626,320
121319506044,WALTON,Block Group 4,1751,301.7513468949683,78,13.441807571563407,10.579933326225111,False,False,True,0.631578947368421,0.04923599320882852,0.7606112054329371,0.48198641765704586,321
120910223002,OKALOOSA,Block Group 2,1394,1569.0211739069753,41,46.14768158549927,2.226699924884183,True,True,True,0.4634974533106961,0.831918505942275,0.14770797962648557,0.4808658743633277,322
120910204004,OKALOOSA,Block Group 4,1633,112.17705647403811,324,22.256807285724648,6.941007706651106,False,True,True,0.5823429541595926,0.24787775891341257,0.6061120543293718,0.4798132427843803,323
120330014021,ESCAMBIA,Block Group 1,1875,321.52852086591486,173,29.666364858561746,3.222367115939205,True,True,True,0.6876061120543294,0.47538200339558573,0.2699490662139219,0.47974533106960954,324
120330033013,ESCAMBIA,Block Group 3,2074,627.617974930384,99,29.958620789830288,2.49852893517691,True,True,True,0.7606112054329371,0.48217317487266553,0.1833616298811545,0.4782342954159593,325
120050026092,BAY,Block Group 2,1122,309.34051194476206,111,30.603205727155604,7.593277084296178,False,True,True,0.2903225806451613,0.5076400679117148,0.6417657045840407,0.4780135823429542,326
121319503051,WALTON,Block Group 1,1416,109.25958804968626,512,39.50629172418034,2.6782835697802496,True,True,True,0.4830220713073005,0.7436332767402377,0.2071307300509338,0.4779796264855688,327
121130108261,SANTA ROSA,Block Group 1,1263,269.6420229940811,115,24.551728142770646,10.067550574541304,False,False,True,0.3845500848896435,0.3073005093378608,0.7436332767402377,0.47755517826825133,328
120050012002,BAY,Block Group 2,1335,447.6840148973144,247,82.82992635178775,1.358330984323764,True,True,True,0.4312393887945671,0.9456706281833617,0.05263157894736842,0.47606112054329375,329
121319506043,WALTON,Block Group 3,1587,128.3875670353798,251,20.30578407427872,8.18901973834909,False,True,True,0.5619694397283531,0.1935483870967742,0.66553480475382,0.47456706281833616,330
120330036102,ESCAMBIA,Block Group 2,1530,655.865040978705,77,33.00758702964725,3.4836946909955397,True,True,True,0.5297113752122241,0.5823429541595926,0.3089983022071307,0.47424448217317494,331
120910212002,OKALOOSA,Block Group 2,745,28.80898141070505,690,26.682143856894612,21.02478361660177,False,False,False,0.08743633276740238,0.3735144312393888,0.9711375212224108,0.47346349745331073,332
120330037001,ESCAMBIA,Block Group 1,1950,229.36157499653015,249,29.287708807249235,2.9659669256732024,True,True,True,0.7096774193548387,0.4567062818336163,0.2427843803056027,0.4721222410865875,333
120330036141,ESCAMBIA,Block Group 1,999,105.37990245977156,445,46.940997592190534,4.23841776420146,True,True,True,0.20203735144312393,0.8404074702886248,0.3769100169779287,0.4704074702886248,334
121319501042,WALTON,Block Group 2,461,7.793031815804643,1963,33.183777558404586,12.944499600058505,False,False,True,0.011884550084889643,0.5891341256366723,0.8183361629881154,0.46850594227504244,335
120910215022,OKALOOSA,Block Group 2,1835,1854.0447476478384,21,21.217950790520224,5.555426581857882,False,True,True,0.6774193548387096,0.21392190152801357,0.5076400679117148,0.46843803056027167,336
121130107112,SANTA ROSA,Block Group 2,1761,658.5174047159718,59,22.06276370144369,5.690834811533279,False,True,True,0.6375212224108658,0.2427843803056027,0.5195246179966044,0.4683191850594228,337
120330032031,ESCAMBIA,Block Group 1,1242,453.5432242760289,104,37.9778545287496,3.7592387391350135,True,True,True,0.3616298811544992,0.7113752122241087,0.33446519524617996,0.468081494057725,338
120050026045,BAY,Block Group 5,1203,1242.8212351969453,23,23.76133699877784,10.93950714339698,False,False,True,0.34295415959252973,0.2835314091680815,0.7775891341256367,0.4667741935483872,339
121130108091,SANTA ROSA,Block Group 1,987,187.6374130370931,183,34.7899154871206,6.519739271220238,False,True,True,0.19185059422750425,0.631578947368421,0.5840407470288624,0.466383701188455,340
120910224003,OKALOOSA,Block Group 3,922,1665.8837133668198,19,34.32949083944639,7.242932527537023,False,True,True,0.15619694397283532,0.6247877758913413,0.6264855687606112,0.4660271646859083,341
120050003011,BAY,Block Group 1,1096,31.22575000704431,878,25.014788783015423,12.35052079131081,False,False,True,0.267402376910017,0.31918505942275044,0.8132427843803056,0.46461799660441433,342
120330021002,ESCAMBIA,Block Group 2,1812,1383.4405525211141,43,32.829991036648956,2.276753066046433,True,True,True,0.6587436332767402,0.5704584040747029,0.15619694397283532,0.46376910016977935,343
121319501022,WALTON,Block Group 2,1003,9.23497673688183,2724,25.080834128879467,15.170842738365728,False,False,False,0.20797962648556875,0.3242784380305603,0.8624787775891342,0.4623429541595926,344
120330010013,ESCAMBIA,Block Group 3,1829,972.1530505886336,48,25.51303795967983,4.067944901925862,True,True,True,0.6740237691001698,0.34125636672325976,0.3633276740237691,0.4616808149405773,345
120050013022,BAY,Block Group 2,1126,489.09823490267553,120,52.124145815560446,2.729951156724582,True,True,True,0.298811544991511,0.8794567062818336,0.21052631578947367,0.4612903225806452,346
121130108222,SANTA ROSA,Block Group 2,2147,729.1723978190714,60,20.377430772773305,4.49334654787726,True,True,True,0.7741935483870968,0.1969439728353141,0.398981324278438,0.4598811544991511,347
120910204003,OKALOOSA,Block Group 3,1913,301.6141322539342,183,28.85278944196025,2.828448173625931,True,True,True,0.7011884550084889,0.44142614601018676,0.22071307300509338,0.4569100169779287,348
120910220022,OKALOOSA,Block Group 2,1241,1384.242832555696,37,41.270737151136785,2.8732764673787163,True,True,True,0.3599320882852292,0.7826825127334465,0.23089983022071306,0.4568590831918506,349
120050027111,BAY,Block Group 1,1429,835.1040578226284,28,16.36313059414527,11.608258328958648,False,False,True,0.48896434634974534,0.0865874363327674,0.7928692699490663,0.4564685908319185,350
120330035072,ESCAMBIA,Block Group 2,1631,910.6440950509201,64,35.733428622476325,2.010940177197742,True,True,True,0.5797962648556876,0.6553480475382003,0.1273344651952462,0.4554159592529712,351
121319503043,WALTON,Block Group 3,1186,451.65398278078715,182,69.3094644739488,1.8981529959804435,True,True,True,0.3361629881154499,0.9269949066213922,0.10526315789473684,0.4549405772495756,352
120330020001,ESCAMBIA,Block Group 1,767,650.0776787734806,65,55.091328709616995,4.353833309200983,True,True,True,0.0933786078098472,0.8964346349745331,0.3853989813242784,0.4547538200339559,353
120910205003,OKALOOSA,Block Group 3,776,880.9312442245649,67,76.05978526165701,3.7526034888097737,True,True,True,0.09762308998302208,0.9405772495755518,0.33276740237691,0.45339558573853994,354
120910225001,OKALOOSA,Block Group 1,991,1173.842385304583,31,36.71959025675285,5.3271953115751804,False,True,True,0.19779286926994907,0.6825127334465195,0.4872665534804754,0.45327674023769104,355
121319501044,WALTON,Block Group 4,666,31.104579668309356,1068,49.87941604467626,5.028767535141669,False,True,True,0.04923599320882852,0.8624787775891342,0.4567062818336163,0.4520713073005094,356
120330033071,ESCAMBIA,Block Group 1,2180,923.9809507340138,40,16.953778912550714,4.969974926209249,True,True,True,0.7877758913412564,0.10526315789473684,0.44821731748726656,0.45049235993208836,357
120330032011,ESCAMBIA,Block Group 1,1833,1190.7677496178565,42,27.284367421685747,3.2432009236276853,True,True,True,0.6757215619694398,0.3938879456706282,0.27504244482173174,0.4504923599320883,358
120910219023,OKALOOSA,Block Group 3,1412,1422.9625031240678,25,25.194095310270324,5.905989123573607,False,True,True,0.47453310696095075,0.3310696095076401,0.5398981324278438,0.448760611205433,359
120910233032,OKALOOSA,Block Group 2,792,813.4014043498488,23,23.62150542935167,20.800405972915904,False,False,False,0.11035653650254669,0.27843803056027167,0.967741935483871,0.448760611205433,359
120330028021,ESCAMBIA,Block Group 1,2636,991.0478601675081,51,19.174294714925235,3.3005288639934185,True,True,True,0.8828522920203735,0.16129032258064516,0.28862478777589134,0.44864176570458403,361
120330033122,ESCAMBIA,Block Group 2,1713,1096.3578901286828,35,22.40077417075534,5.070205425798409,False,True,True,0.6112054329371817,0.2529711375212224,0.46519524617996605,0.444804753820034,362
120910227001,OKALOOSA,Block Group 1,1280,895.2257192753987,37,25.877618447804494,6.564358402738241,False,True,True,0.39558573853989815,0.35144312393887944,0.5857385398981324,0.44376910016977933,363
120330008022,ESCAMBIA,Block Group 2,1490,1200.2684090160296,40,32.22197071183972,3.1279130683536667,True,True,True,0.5152801358234296,0.5500848896434635,0.2614601018675722,0.44300509337860783,364
120330036144,ESCAMBIA,Block Group 4,1686,109.30872024254866,329,21.33011207579983,5.5500910110106565,False,True,True,0.599320882852292,0.21901528013582344,0.5042444821731749,0.4424448217317487,365
120330032013,ESCAMBIA,Block Group 3,1637,653.6104290191851,64,25.55349264338903,4.471628142885269,True,True,True,0.5840407470288624,0.34295415959252973,0.39558573853989815,0.44229202037351445,366
121130107091,SANTA ROSA,Block Group 1,1220,237.40369096577768,133,25.880894179056092,7.219141010343577,False,True,True,0.34804753820033957,0.3531409168081494,0.6247877758913413,0.44105263157894736,367
121130107083,SANTA ROSA,Block Group 3,1563,702.4264497039294,54,24.268092312227886,5.137266472071159,False,True,True,0.5475382003395586,0.29711375212224106,0.4702886247877759,0.4394057724957555,368
120050022002,BAY,Block Group 2,1159,1064.3397512071394,67,61.5278372138726,1.5788591193807733,True,True,True,0.32597623089983024,0.9100169779286927,0.0831918505942275,0.43859083191850595,369
120330034002,ESCAMBIA,Block Group 2,1082,569.1804065168526,62,32.614773756048855,5.36607854304332,False,True,True,0.25806451612903225,0.5636672325976231,0.49575551782682514,0.4373514431239389,370
120330028012,ESCAMBIA,Block Group 2,2034,1072.986844041837,37,19.518443082373633,4.313825815972123,True,True,True,0.7402376910016978,0.17487266553480477,0.3837011884550085,0.4360101867572156,371
120330033081,ESCAMBIA,Block Group 1,1702,638.3552488216494,78,29.254823389006262,2.928869330937084,True,True,True,0.6069609507640068,0.45500848896434637,0.23938879456706283,0.43551782682512735,372
120330022002,ESCAMBIA,Block Group 2,1005,1076.6545931370501,37,39.63802979708542,3.913891644140536,True,True,True,0.21137521222410866,0.7487266553480475,0.3531409168081494,0.43548387096774194,373
120910205004,OKALOOSA,Block Group 4,683,624.5319439402572,82,74.98040908213922,3.663509403810677,True,True,True,0.059422750424448216,0.9388794567062818,0.31918505942275044,0.4353650254668931,374
121130107052,SANTA ROSA,Block Group 2,1575,735.7244924318474,47,21.95495310749005,5.521439128288293,False,True,True,0.5568760611205433,0.24108658743633277,0.5025466893039049,0.4347368421052632,375
120330028023,ESCAMBIA,Block Group 3,875,1725.2223565157212,22,43.37701924953814,3.9601514008071472,True,True,True,0.14261460101867574,0.8081494057724957,0.3599320882852292,0.433955857385399,376
120050007001,BAY,Block Group 1,141,1.231121580049027,3558,31.066174339109487,11.44878779113372,False,False,True,0.001697792869269949,0.5229202037351444,0.7894736842105263,0.43366723259762313,377
120910217001,OKALOOSA,Block Group 1,1877,1023.2094652054268,61,33.25294479357008,0.0,True,True,True,0.6893039049235993,0.5925297113752123,0.003395585738539898,0.431018675721562,378
120050022003,BAY,Block Group 3,1836,1076.527880958063,53,31.07624057231881,1.5580039750663903,True,True,True,0.6791171477079796,0.5246179966044142,0.07809847198641766,0.4297962648556876,379
121319502011,WALTON,Block Group 1,1425,58.506380151548356,707,29.027375976943638,3.888122326444976,True,True,True,0.4872665534804754,0.44821731748726656,0.35144312393887944,0.4295585738539899,380
120330034003,ESCAMBIA,Block Group 3,1607,784.871851477044,51,24.908814203689634,4.391105291577278,True,True,True,0.5696095076400679,0.3157894736842105,0.3921901528013582,0.42730050933786085,381
121319506062,WALTON,Block Group 2,1032,43.956755412175504,772,32.88237904864292,5.306565953015279,False,True,True,0.22920203735144312,0.5755517826825127,0.48217317487266553,0.4269779286926995,382
120910233081,OKALOOSA,Block Group 1,1136,665.3036531378496,17,9.956128612098102,20.21216009487988,False,False,False,0.30560271646859083,0.013582342954159592,0.9626485568760611,0.42606112054329376,383
120910207012,OKALOOSA,Block Group 2,2883,354.9404622154613,195,24.007419400629537,1.4133549096814093,True,True,True,0.9202037351443124,0.2869269949066214,0.05602716468590832,0.426044142614601,384
120050026044,BAY,Block Group 4,1273,1678.0292844450773,16,21.09070585319814,8.610220632344049,False,True,True,0.3870967741935484,0.21052631578947367,0.6808149405772496,0.4257555178268252,385
120910225003,OKALOOSA,Block Group 3,1518,951.4574912234627,36,22.564209278026784,5.353501131195125,False,True,True,0.5237691001697793,0.25806451612903225,0.4923599320882852,0.4257215619694398,386
120050008032,BAY,Block Group 2,1485,255.88655385946709,138,23.77935652027371,5.1889269944925625,False,True,True,0.5118845500848896,0.28522920203735147,0.47538200339558573,0.4250424448217318,387
120050026043,BAY,Block Group 3,935,914.2913020094851,31,30.31340145699897,7.121000073708831,False,True,True,0.16468590831918506,0.499151103565365,0.6179966044142614,0.42465195246179965,388
120050013025,BAY,Block Group 5,1475,559.3795627358402,85,32.23543242884502,2.677303373590925,True,True,True,0.5093378607809848,0.5517826825127334,0.20543293718166383,0.42305602716468593,389
120050015012,BAY,Block Group 2,2303,1146.4841319228376,36,17.9215930304916,3.6576824245696313,True,True,True,0.8166383701188455,0.12393887945670629,0.3157894736842105,0.4227674023769101,390
120330014022,ESCAMBIA,Block Group 2,2062,810.9435694180673,48,18.877444874911365,3.96653743642581,True,True,True,0.7521222410865874,0.14431239388794567,0.3616298811544992,0.42268251273344654,391
120330023003,ESCAMBIA,Block Group 3,1410,1019.7336542480947,50,36.160767881138106,2.0109991796960305,True,True,True,0.4702886247877759,0.66553480475382,0.12903225806451613,0.42210526315789476,392
120330036071,ESCAMBIA,Block Group 1,2593,439.8365361846547,119,20.185325031227887,2.5004800072732305,True,True,True,0.870118845500849,0.19015280135823429,0.1867572156196944,0.4202207130730051,393
120910220011,OKALOOSA,Block Group 1,982,2624.8894044815574,24,64.15208320525191,2.3040741992008256,True,True,True,0.1867572156196944,0.9151103565365025,0.16129032258064516,0.4187096774193549,394
120330039003,ESCAMBIA,Block Group 3,776,6.500899700223911,3236,27.109421945779093,11.055681978194157,False,False,True,0.09762308998302208,0.3837011884550085,0.7826825127334465,0.41809847198641764,395
120050008061,BAY,Block Group 1,963,840.0289953933611,59,51.46595091195048,2.606117977781248,True,True,True,0.1799660441426146,0.8777589134125636,0.1935483870967742,0.4147198641765705,396
120050008052,BAY,Block Group 2,2148,1085.4471253843028,29,14.654546851091613,4.354379942897386,True,True,True,0.7758913412563667,0.06960950764006792,0.3870967741935484,0.4145161290322581,397
121319506092,WALTON,Block Group 2,1107,473.3020449470196,42,17.957259157881502,13.64365932098521,False,False,True,0.2775891341256367,0.12563667232597622,0.8404074702886248,0.4131748726655348,398
120330017002,ESCAMBIA,Block Group 2,1028,610.7592248110835,114,67.73010858799952,1.6889554060497438,True,True,True,0.22495755517826826,0.9235993208828522,0.09507640067911714,0.41264855687606117,399
120050015022,BAY,Block Group 2,1343,828.8332767611936,48,29.623229549171477,3.7319270891189977,True,True,True,0.44142614601018676,0.466893039049236,0.32597623089983024,0.41173174872665536,400
120330030011,ESCAMBIA,Block Group 1,1450,1515.5521783710844,24,25.08500157303864,4.6086337315779256,True,True,True,0.49575551782682514,0.32597623089983024,0.4091680814940577,0.4111544991511036,401
120050025002,BAY,Block Group 2,712,718.0915707950545,152,153.3004476978206,2.524362240229552,True,True,True,0.06791171477079797,0.9813242784380306,0.18845500848896435,0.4091171477079797,402
120330032012,ESCAMBIA,Block Group 2,1574,295.8416949962343,116,21.802818690955007,4.841150004576613,True,True,True,0.5551782682512734,0.23769100169779286,0.4295415959252971,0.40894736842105267,403
120330030021,ESCAMBIA,Block Group 1,1995,739.1240398334137,67,24.822712114706125,2.446623048003933,True,True,True,0.7232597623089984,0.31239388794567063,0.17487266553480477,0.40670628183361635,404
120330036103,ESCAMBIA,Block Group 3,2198,690.4517558615365,89,27.957327694120448,0.0,True,True,True,0.7945670628183361,0.4074702886247878,0.003395585738539898,0.4057385398981324,405
120050004012,BAY,Block Group 2,688,49.3918804199602,438,31.444249453404897,7.291508649255689,False,True,True,0.06112054329371817,0.534804753820034,0.6281833616298812,0.4045670628183362,406
120330035061,ESCAMBIA,Block Group 1,1702,1407.4304388669111,21,17.36547545017928,5.318777136069683,False,True,True,0.6069609507640068,0.11375212224108659,0.4838709677419355,0.4035823429541596,407
121130109002,SANTA ROSA,Block Group 2,1092,1024.0453730872998,24,22.50649171620439,8.976303232705279,False,True,True,0.26485568760611206,0.2563667232597623,0.6910016977928692,0.4026825127334465,408
120910220013,OKALOOSA,Block Group 3,1125,1699.9298873362022,28,42.30936608481214,1.951733865272942,True,True,True,0.29541595925297115,0.799660441426146,0.11544991511035653,0.402427843803056,409
120050009004,BAY,Block Group 4,450,521.9757594457313,143,165.8722968905324,2.832113938083414,True,True,True,0.010186757215619695,0.9847198641765704,0.22241086587436332,0.40181663837011883,410
120330036113,ESCAMBIA,Block Group 3,1473,614.2895509889519,60,25.02197763702452,4.117159038561972,True,True,True,0.5076400679117148,0.3225806451612903,0.366723259762309,0.40006791171477085,411
120330014024,ESCAMBIA,Block Group 4,1771,937.9909092738753,31,16.418813205810356,5.029554779481998,False,True,True,0.6426146010186757,0.09168081494057725,0.45840407470288624,0.40001697792869273,412
120330036092,ESCAMBIA,Block Group 2,1412,505.06351209433956,101,36.12706425037415,1.2870717398894775,True,True,True,0.47453310696095075,0.6638370118845501,0.050933786078098474,0.39721561969439734,413
120330036081,ESCAMBIA,Block Group 1,1256,1037.3366876088646,31,25.60305518779841,5.146817084104501,False,True,True,0.37181663837011886,0.34465195246179964,0.47368421052631576,0.39646859083191854,414
120050026062,BAY,Block Group 2,962,1497.2855862137665,14,21.79001892618787,11.050525650469748,False,False,True,0.17826825127334464,0.23599320882852293,0.7809847198641766,0.39621392190152804,415
121130107122,SANTA ROSA,Block Group 2,2592,408.8822087968357,96,15.143785510993915,2.8674764122817678,True,True,True,0.866723259762309,0.07470288624787776,0.22920203735144312,0.39497453310696096,416
121319503062,WALTON,Block Group 2,828,17.18092052965209,1724,35.77283453275387,4.610339152006423,True,True,True,0.11969439728353141,0.6570458404074703,0.41086587436332767,0.39310696095076403,417
120330033121,ESCAMBIA,Block Group 1,1526,895.7349282032649,36,21.13136134686601,4.853756371537058,True,True,True,0.5280135823429541,0.21222410865874364,0.432937181663837,0.39242784380305606,418
121130105042,SANTA ROSA,Block Group 2,1327,712.9559734911471,61,32.773409482260725,2.465947646187099,True,True,True,0.42784380305602715,0.565365025466893,0.17826825127334464,0.3908658743633277,419
120910224002,OKALOOSA,Block Group 2,951,880.7463839387423,32,29.636050773963987,5.809344978048812,False,True,True,0.17062818336162988,0.4685908319185059,0.534804753820034,0.3891341256366724,420
120050024003,BAY,Block Group 3,930,525.8348901061621,281,158.88129475250705,0.8758711527146359,True,True,True,0.16298811544991512,0.9830220713073005,0.027164685908319185,0.3887775891341257,421
120330033132,ESCAMBIA,Block Group 2,1002,1288.8321791296653,25,32.15649149525113,4.763415239824021,True,True,True,0.20543293718166383,0.5466893039049237,0.41935483870967744,0.3886417657045841,422
121319506042,WALTON,Block Group 2,1240,305.2340751505985,44,10.830886537601884,11.295975789563222,False,False,True,0.35823429541595925,0.01697792869269949,0.7877758913412564,0.3873684210526316,423
120050008051,BAY,Block Group 1,1963,1248.1378076392646,26,16.53162659124854,3.802555762660417,True,True,True,0.7164685908319185,0.0967741935483871,0.3378607809847199,0.3870288624787776,424
120910226003,OKALOOSA,Block Group 3,1421,1764.7131875364803,12,14.902574419731009,6.719407052911004,False,True,True,0.4855687606112054,0.0730050933786078,0.5959252971137521,0.38584040747028864,425
121130107093,SANTA ROSA,Block Group 3,1754,162.74185699221687,181,16.793772015730475,4.73170490237921,True,True,True,0.633276740237691,0.100169779286927,0.4159592529711375,0.38563667232597626,426
121130105031,SANTA ROSA,Block Group 1,1741,1113.3671201777806,30,19.184958992150154,3.943138432193561,True,True,True,0.6247877758913413,0.16298811544991512,0.35823429541595925,0.3844312393887946,427
120050026041,BAY,Block Group 1,1165,1331.74971335945,17,19.43325761983747,7.75000594492227,False,True,True,0.3293718166383701,0.1731748726655348,0.6519524617996605,0.38427843803056033,428
120910206011,OKALOOSA,Block Group 1,1007,730.9962746048845,44,31.940254302497436,4.55075180100502,True,True,True,0.21392190152801357,0.5398981324278438,0.40407470288624786,0.38424448217317486,429
121130106021,SANTA ROSA,Block Group 1,1781,301.3500686117085,117,19.796719835805668,3.653517140709941,True,True,True,0.6468590831918506,0.1799660441426146,0.3140916808149406,0.38297113752122247,430
121130107041,SANTA ROSA,Block Group 1,1824,590.3590865617248,38,12.299147636702598,4.874772286790185,True,True,True,0.668081494057725,0.028862478777589132,0.4397283531409168,0.3817826825127335,431
120330036082,ESCAMBIA,Block Group 2,1785,734.5143995684265,47,19.34015505866445,3.6349470485345137,True,True,True,0.6511035653650254,0.16808149405772496,0.31239388794567063,0.3799320882852292,432
120050011001,BAY,Block Group 1,1279,494.6409386343579,85,32.87293180916374,2.425724343285234,True,True,True,0.3938879456706282,0.5738539898132428,0.17147707979626486,0.37988115449915116,433
121319506082,WALTON,Block Group 2,893,732.8201677362175,19,15.591918462472714,17.27925723683214,False,False,False,0.15110356536502548,0.0831918505942275,0.9100169779286927,0.37913412563667237,434
120910226001,OKALOOSA,Block Group 1,991,982.7020637734967,26,25.782294306872767,6.716314892360113,False,True,True,0.19779286926994907,0.34804753820033957,0.5942275042444821,0.3782003395585739,435
120330030012,ESCAMBIA,Block Group 2,2266,1791.6173497504305,22,17.39434320146049,2.557522619556171,True,True,True,0.8115449915110357,0.11544991511035653,0.19185059422750425,0.37733446519524616,436
120330034004,ESCAMBIA,Block Group 4,1285,489.0865195956225,53,20.172440107835016,5.805783607018213,False,True,True,0.40492359932088284,0.1867572156196944,0.5314091680814941,0.3746689303904924,437
120330004003,ESCAMBIA,Block Group 3,1466,2296.3299447063796,19,29.76143857395717,2.066809506381595,True,True,True,0.5059422750424448,0.47877758913412566,0.13412563667232597,0.37427843803056027,438
121319503031,WALTON,Block Group 1,1020,109.5485996252149,255,27.387149906303726,5.555348391045808,False,True,True,0.22071307300509338,0.398981324278438,0.5059422750424448,0.37366723259762313,439
121130107084,SANTA ROSA,Block Group 4,1138,278.4747804135815,107,26.183481110943077,4.976407451958844,True,True,True,0.3081494057724958,0.3633276740237691,0.44991511035653653,0.3731409168081494,440
120910221002,OKALOOSA,Block Group 2,1338,1421.174221301681,33,35.05138213972756,1.2307393323199698,True,True,True,0.43463497453310695,0.6383701188455009,0.044142614601018676,0.3730050933786078,441
120330033011,ESCAMBIA,Block Group 1,1123,312.7244312968373,104,28.961122755895886,4.312510243813324,True,True,True,0.2928692699490662,0.44482173174872663,0.38200339558573854,0.37242784380305605,442
120330012022,ESCAMBIA,Block Group 2,2623,1057.8067387491587,46,18.55093785072867,1.5898212114204653,True,True,True,0.8811544991511036,0.13412563667232597,0.0865874363327674,0.37242784380305605,442
120330026061,ESCAMBIA,Block Group 1,1341,239.41054659695135,155,27.67235997205627,3.231035495682943,True,True,True,0.4363327674023769,0.40407470288624786,0.2733446519524618,0.3719015280135824,444
120910227002,OKALOOSA,Block Group 2,1102,1682.5198100676366,16,24.428599783196177,5.923810375098298,False,True,True,0.27249575551782684,0.30390492359932086,0.5415959252971138,0.37166383701188455,445
120330026022,ESCAMBIA,Block Group 2,689,221.16600386414564,100,32.09956514719095,5.646561366137848,False,True,True,0.06281833616298811,0.5449915110356537,0.5144312393887945,0.3709677419354839,446
120330033102,ESCAMBIA,Block Group 2,2302,900.6813016292472,49,19.171756637633845,1.996703546865384,True,True,True,0.8149405772495756,0.15959252971137522,0.12393887945670629,0.37064516129032266,447
120910207011,OKALOOSA,Block Group 1,1073,769.7251944757691,42,30.129038367178286,4.203414499057591,True,True,True,0.2529711375212224,0.48896434634974534,0.3735144312393888,0.3706281833616299,448
120910208004,OKALOOSA,Block Group 4,667,127.07586619730519,196,37.341633845085184,4.157665265854673,True,True,True,0.050933786078098474,0.7011884550084889,0.3684210526315789,0.3702886247877759,449
121130107051,SANTA ROSA,Block Group 1,1168,215.04897243230516,104,19.148196175479228,7.196763160656896,False,True,True,0.3310696095076401,0.15789473684210525,0.6230899830220713,0.3702886247877759,449
120330011042,ESCAMBIA,Block Group 2,1974,1493.4700405673066,11,8.322274795461182,4.19781213204545,True,True,True,0.7198641765704584,0.008488964346349746,0.37181663837011886,0.3702546689303905,451
121130109004,SANTA ROSA,Block Group 4,811,1279.694514355143,14,22.090904070249074,10.347986969455937,False,False,True,0.11375212224108659,0.2461799660441426,0.7555178268251274,0.36923599320882855,452
120050008033,BAY,Block Group 3,1822,909.3590615733908,27,13.47568312979229,4.232783184602551,True,True,True,0.6629881154499151,0.05432937181663837,0.37521222410865873,0.3671646859083192,453
121130109006,SANTA ROSA,Block Group 6,989,942.8790702773819,22,20.974054141660666,9.191814327272782,False,True,True,0.19524617996604415,0.20882852292020374,0.7011884550084889,0.3666893039049236,454
120330018001,ESCAMBIA,Block Group 1,746,836.6746109631291,35,39.25417075564279,3.2620886366168325,True,True,True,0.0899830220713073,0.7368421052631579,0.27843803056027167,0.36563667232597624,455
120330030022,ESCAMBIA,Block Group 2,1761,1610.4031494766875,18,16.460679551720826,3.8832168928800894,True,True,True,0.6375212224108658,0.09507640067911714,0.34974533106960953,0.36354838709677423,456
120330032041,ESCAMBIA,Block Group 1,1566,888.3614439787701,38,21.55666339156658,3.481274421681591,True,True,True,0.5500848896434635,0.22580645161290322,0.3073005093378608,0.36295415959252975,457
120330037003,ESCAMBIA,Block Group 3,1283,406.67285815263386,77,24.4067108945852,4.258655679503856,True,True,True,0.399830220713073,0.30220713073005095,0.37860780984719866,0.36061120543293723,458
120330021001,ESCAMBIA,Block Group 1,2155,884.0459851595139,53,21.742198242902198,1.429698468394189,True,True,True,0.7775891341256367,0.23259762308998302,0.057724957555178265,0.3601867572156197,459
120910233042,OKALOOSA,Block Group 2,739,903.9589487654661,11,13.455410604086776,19.787332586046507,False,False,False,0.07979626485568761,0.05263157894736842,0.9558573853989814,0.35993208828522927,460
121130108084,SANTA ROSA,Block Group 4,853,147.87665249558754,109,18.896313155942604,12.164114099693936,False,False,True,0.12903225806451613,0.1460101867572156,0.8098471986417657,0.3593039049235993,461
120050027132,BAY,Block Group 2,673,457.2436429205708,39,26.497031313376315,8.159827937587345,False,True,True,0.05432937181663837,0.3684210526315789,0.6638370118845501,0.35911714770797964,462
120330035052,ESCAMBIA,Block Group 2,2260,1175.8597043285165,26,13.52758951882364,2.6250374545059745,True,True,True,0.8098471986417657,0.05602716468590832,0.1969439728353141,0.35882852292020373,463
120050017001,BAY,Block Group 1,1513,1062.775396152514,41,28.799597648547973,1.7706069234959414,True,True,True,0.5212224108658744,0.4380305602716469,0.0967741935483871,0.3537011884550085,464
120330027031,ESCAMBIA,Block Group 1,2059,1035.9508660428487,48,24.150384443932367,0.0,True,True,True,0.7504244482173175,0.2903225806451613,0.003395585738539898,0.3520713073005094,465
120910216002,OKALOOSA,Block Group 2,983,1102.8809539303177,18,20.195175148266244,8.104027202191698,False,True,True,0.18930390492359933,0.19185059422750425,0.6621392190152802,0.3461799660441427,466
120330031003,ESCAMBIA,Block Group 3,983,740.4020767412064,40,30.128263549998227,4.08118218026948,True,True,True,0.18930390492359933,0.4872665534804754,0.36502546689303905,0.34561969439728357,467
120330035122,ESCAMBIA,Block Group 2,1326,1446.8590283566912,26,28.369784869739043,2.5418448535255296,True,True,True,0.42614601018675724,0.41765704584040747,0.19015280135823429,0.34546689303904926,468
120050019003,BAY,Block Group 3,1386,943.8594316822149,45,30.644786742929053,1.4303255423380108,True,True,True,0.45840407470288624,0.5093378607809848,0.059422750424448216,0.3435483870967742,469
121130107044,SANTA ROSA,Block Group 4,1378,357.57026593055974,44,11.417337954241384,6.031709717474048,False,True,True,0.45500848896434637,0.02037351443123939,0.5483870967741935,0.34239388794567066,470
120330032034,ESCAMBIA,Block Group 4,721,527.1970810391852,39,28.51690174830544,5.809199261623522,False,True,True,0.0730050933786078,0.42784380305602715,0.533106960950764,0.3419354838709678,471
121130108212,SANTA ROSA,Block Group 2,3119,651.1720156790697,64,13.361657263052408,0.4666143134500812,True,True,True,0.9473684210526315,0.04753820033955857,0.011884550084889643,0.34171477079796264,472
120050014044,BAY,Block Group 4,1896,1545.3569603415435,21,17.116295446820892,2.6478152248440705,True,True,True,0.6977928692699491,0.10865874363327674,0.200339558573854,0.33921901528013587,473
120910226002,OKALOOSA,Block Group 2,1239,1756.8412589703125,10,14.17950975762964,6.756316800905089,False,True,True,0.3565365025466893,0.057724957555178265,0.597623089983022,0.3374872665534805,474
120330004002,ESCAMBIA,Block Group 2,1231,2214.5664864670375,16,28.78396733019708,2.772566333689438,True,True,True,0.3548387096774194,0.4363327674023769,0.21561969439728354,0.3357894736842106,475
120330012012,ESCAMBIA,Block Group 2,2012,1317.1866673475186,32,20.949290931968488,1.3663472552639149,True,True,True,0.733446519524618,0.2071307300509338,0.05432937181663837,0.335653650254669,476
120330020002,ESCAMBIA,Block Group 2,1160,665.1242664281393,47,26.949000450105647,3.3749051822985083,True,True,True,0.32767402376910015,0.37860780984719866,0.2937181663837012,0.333276740237691,477
120330011013,ESCAMBIA,Block Group 3,1330,1275.9164533743672,23,22.064720622263494,3.6970681590970047,True,True,True,0.4295415959252971,0.24448217317487267,0.3225806451612903,0.3331748726655348,478
120050016001,BAY,Block Group 1,877,305.06777757254406,117,40.69889392929037,1.5851414533563195,True,True,True,0.14516129032258066,0.7724957555178268,0.08488964346349745,0.33229202037351446,479
120330011044,ESCAMBIA,Block Group 4,1688,1349.2935792650026,16,12.78951259966827,3.852585507109558,True,True,True,0.601018675721562,0.03904923599320883,0.34465195246179964,0.3309677419354839,480
120050015024,BAY,Block Group 4,1506,747.6060225473211,39,19.360315324930625,3.4231927939559825,True,True,True,0.5195246179966044,0.1697792869269949,0.29711375212224106,0.3307130730050934,481
120330027032,ESCAMBIA,Block Group 2,953,1130.915650068828,33,39.16077277258271,1.569616366507698,True,True,True,0.1765704584040747,0.7317487266553481,0.07979626485568761,0.32784380305602717,482
120330035102,ESCAMBIA,Block Group 2,1345,1169.6801511800725,22,19.13231474049189,4.174540204134377,True,True,True,0.4431239388794567,0.15619694397283532,0.3701188455008489,0.3243463497453311,483
120330010014,ESCAMBIA,Block Group 4,1643,1295.5400462231025,33,26.02119386814509,0.6560042550421233,True,True,True,0.5857385398981324,0.3565365025466893,0.02037351443123939,0.3235314091680815,484
120910218022,OKALOOSA,Block Group 2,1230,1921.1965774585851,21,32.800917176122184,1.276716725136757,True,True,True,0.3531409168081494,0.567062818336163,0.04923599320882852,0.323446519524618,485
120050013011,BAY,Block Group 1,1142,379.2787592602802,70,23.248260199842044,4.377884791960662,True,True,True,0.31069609507640067,0.26825127334465193,0.3904923599320883,0.32302207130730054,486
120330035123,ESCAMBIA,Block Group 3,1298,719.1199478776543,56,31.025205763596798,1.0548406413984066,True,True,True,0.41256366723259763,0.5212224108658744,0.03225806451612903,0.3229202037351443,487
120330013003,ESCAMBIA,Block Group 3,1033,1040.2065509852257,27,27.188360964763884,3.824699855435922,True,True,True,0.23089983022071306,0.3921901528013582,0.34125636672325976,0.32054329371816637,488
121319503041,WALTON,Block Group 1,782,123.34902379184994,254,40.06477243366993,1.8835291380509371,True,True,True,0.10441426146010187,0.7589134125636672,0.10186757215619695,0.3195585738539898,489
120910205001,OKALOOSA,Block Group 1,1365,256.5333789392674,137,25.74730616460046,2.257174070230243,True,True,True,0.44991511035653653,0.3463497453310696,0.15280135823429541,0.3176910016977929,490
121130107121,SANTA ROSA,Block Group 1,1260,421.77031058362303,43,14.393748694520468,5.558428510638584,False,True,True,0.3769100169779287,0.06112054329371817,0.5093378607809848,0.31640067911714775,491
120050014024,BAY,Block Group 4,1310,936.1502642659295,38,27.15550384893536,2.126027678993898,True,True,True,0.41765704584040747,0.38879456706281834,0.13921901528013583,0.3162478777589135,492
121319502022,WALTON,Block Group 2,617,705.8923130958468,35,40.04251370884059,2.393976311735301,True,True,True,0.030560271646859084,0.7572156196943973,0.16808149405772496,0.31573853989813244,493
120330010012,ESCAMBIA,Block Group 2,1042,906.3241770237253,38,33.05212929645064,2.0035808963139767,True,True,True,0.23599320882852293,0.5840407470288624,0.12563667232597622,0.3144312393887946,494
120330013001,ESCAMBIA,Block Group 1,1525,1022.5949906927092,23,15.422744121922827,3.748023225138004,True,True,True,0.5263157894736842,0.07809847198641766,0.3293718166383701,0.3134125636672326,495
120330033133,ESCAMBIA,Block Group 3,669,445.03013100117147,50,33.2608468610741,3.3991388209159177,True,True,True,0.05263157894736842,0.5942275042444821,0.29541595925297115,0.3114770797962649,496
120910233072,OKALOOSA,Block Group 2,651,631.2506908849728,4,3.8786524785559005,16.6194430036663,False,False,False,0.042444821731748725,0.001697792869269949,0.8947368421052632,0.3102546689303905,497
120050019001,BAY,Block Group 1,558,1643.336975376451,17,50.065821830465346,1.1604202364936325,True,True,True,0.023769100169779286,0.8641765704584041,0.03904923599320883,0.30614601018675724,498
120330035101,ESCAMBIA,Block Group 1,1533,1077.1470569222683,28,19.67391884789531,2.656943849056979,True,True,True,0.5314091680814941,0.1765704584040747,0.20203735144312393,0.30561969439728354,499
120050013023,BAY,Block Group 3,824,335.73071137426314,81,33.00265488023703,2.761657291910494,True,True,True,0.11544991511035653,0.5789473684210527,0.21392190152801357,0.3008998302207131,500
120050014043,BAY,Block Group 3,1463,1309.3526982689339,27,24.16440386415667,1.8512800954363455,True,True,True,0.5033955857385399,0.2920203735144312,0.100169779286927,0.3005772495755518,501
120330033112,ESCAMBIA,Block Group 2,1400,3961.9763470012085,7,19.809881735006044,2.9939580514823936,True,True,True,0.466893039049236,0.18166383701188454,0.24787775891341257,0.30049235993208834,502
120050018001,BAY,Block Group 1,1413,716.9160736338258,39,19.787492478216002,2.9065920306245063,True,True,True,0.47877758913412566,0.17826825127334464,0.23599320882852293,0.29949066213921904,503
120050011002,BAY,Block Group 2,1387,1089.155248990156,31,24.343051707782866,2.061936175205896,True,True,True,0.4601018675721562,0.298811544991511,0.13242784380305603,0.29874363327674025,504
120910206021,OKALOOSA,Block Group 1,1260,1474.498202516477,14,16.38331336129419,4.824999954709503,True,True,True,0.3769100169779287,0.08828522920203735,0.4244482173174873,0.2973514431239389,505
120910218024,OKALOOSA,Block Group 4,1416,1856.2555550020581,18,23.596468919517687,1.9655109273776885,True,True,True,0.4830220713073005,0.2767402376910017,0.11884550084889643,0.2947707979626486,506
120330011041,ESCAMBIA,Block Group 1,1443,843.5163231807405,26,15.19849230956289,3.4249860216890142,True,True,True,0.4940577249575552,0.07640067911714771,0.300509337860781,0.29235993208828526,507
120330039002,ESCAMBIA,Block Group 2,1246,15.523986434128979,2395,29.83944422932496,0.9410604905875064,True,True,True,0.36502546689303905,0.48047538200339557,0.028862478777589132,0.29219015280135824,508
120330035111,ESCAMBIA,Block Group 1,1432,436.42702799898814,85,25.9052356004986,0.7641632626437438,True,True,True,0.4906621392190153,0.3548387096774194,0.023769100169779286,0.2917657045840408,509
121130109005,SANTA ROSA,Block Group 5,903,1479.7602231275214,5,8.193578201149066,9.533176655044835,False,True,True,0.15280135823429541,0.006791171477079796,0.7130730050933786,0.28950764006791174,510
120050015023,BAY,Block Group 3,828,429.0753478075441,64,33.16524427497926,2.379308159090427,True,True,True,0.11969439728353141,0.5874363327674024,0.166383701188455,0.2894567062818336,511
120910204001,OKALOOSA,Block Group 1,1076,348.74114494051463,90,29.169798368630406,2.2404385555550967,True,True,True,0.25551782682512736,0.45161290322580644,0.15110356536502548,0.2857724957555179,512
120910229001,OKALOOSA,Block Group 1,777,1343.5421789245438,12,20.749686160996816,6.044955250524678,False,True,True,0.100169779286927,0.20203735144312393,0.5500848896434635,0.28225806451612906,513
120330014012,ESCAMBIA,Block Group 2,368,140.4388791298285,120,45.79528667277016,0.5727971438465091,True,True,True,0.005942275042444821,0.8268251273344652,0.015280135823429542,0.27991511035653655,514
120330009002,ESCAMBIA,Block Group 2,873,874.5032711230606,26,26.044770961282445,3.8308715882123527,True,True,True,0.14091680814940577,0.3599320882852292,0.34295415959252973,0.2798641765704584,515
120330026072,ESCAMBIA,Block Group 2,977,225.52989136707586,88,20.313848966532934,5.047931205799109,False,True,True,0.1833616298811545,0.19524617996604415,0.4617996604414261,0.2791680814940577,516
121319506072,WALTON,Block Group 2,698,587.458518106431,6,5.049786688593962,10.839821699764348,False,False,True,0.06621392190152801,0.0050933786078098476,0.7707979626485568,0.2785568760611205,517
120330022004,ESCAMBIA,Block Group 4,1068,1340.3362135501966,20,25.09992909270031,3.0285961207223355,True,True,True,0.2495755517826825,0.32767402376910015,0.2529711375212224,0.27646859083191855,518
120330035051,ESCAMBIA,Block Group 1,1557,1602.3529992919596,17,17.495183678846058,2.012172362543976,True,True,True,0.5424448217317487,0.12054329371816638,0.1307300509337861,0.2673514431239389,519
121130106014,SANTA ROSA,Block Group 4,1245,1603.0407558626869,16,20.60132698297429,2.900929395751739,True,True,True,0.3633276740237691,0.200339558573854,0.23429541595925296,0.2669609507640068,520
120330009003,ESCAMBIA,Block Group 3,1026,1415.4203563934648,14,19.313728059949813,4.618508726697032,True,True,True,0.22241086587436332,0.166383701188455,0.41256366723259763,0.2666723259762309,521
120330028032,ESCAMBIA,Block Group 2,1852,1513.4539683629282,14,11.440796737084769,1.5756355489348726,True,True,True,0.6808149405772496,0.022071307300509338,0.08149405772495756,0.2656536502546689,522
120330032042,ESCAMBIA,Block Group 2,1277,1132.6685742567583,21,18.626499654966267,3.1486073382577318,True,True,True,0.39134125636672323,0.13582342954159593,0.2631578947368421,0.26471986417657045,523
120050024001,BAY,Block Group 1,1251,1264.4473980785656,28,28.300980932214095,0.3146342973893489,True,True,True,0.3684210526315789,0.41086587436332767,0.008488964346349746,0.2636502546689304,524
121130106013,SANTA ROSA,Block Group 3,690,750.6502916113199,34,36.98856509389112,1.0991936475963195,True,True,True,0.06451612903225806,0.6926994906621392,0.035653650254668934,0.26229202037351446,525
120330010023,ESCAMBIA,Block Group 3,1114,2102.2279086795215,7,13.209690629045468,5.044555325351089,False,True,True,0.28183361629881154,0.042444821731748725,0.4601018675721562,0.26166383701188456,526
120050011003,BAY,Block Group 3,1412,1156.4660951496403,29,23.751782407464287,0.725140586850446,True,True,True,0.47453310696095075,0.28183361629881154,0.022071307300509338,0.26162988115449914,527
120330012013,ESCAMBIA,Block Group 3,1321,604.5548009934653,37,16.93302622010463,3.0271603675068506,True,True,True,0.4219015280135823,0.1035653650254669,0.25127334465195245,0.2605432937181664,528
120330011014,ESCAMBIA,Block Group 4,1144,1382.0514524225164,11,13.288956273293426,4.707427377370493,True,True,True,0.31239388794567063,0.044142614601018676,0.4142614601018676,0.2574872665534805,529
120330028011,ESCAMBIA,Block Group 1,786,954.453387216639,22,26.71498030377361,3.3362380856163933,True,True,True,0.10865874363327674,0.37521222410865873,0.2903225806451613,0.2565704584040747,530
120050020001,BAY,Block Group 1,368,228.92163601833116,55,34.21383147013101,2.2395539735561347,True,True,True,0.005942275042444821,0.6179966044142614,0.1494057724957555,0.25526315789473686,531
120050014023,BAY,Block Group 3,1157,1045.8605796435938,24,21.694601479210245,2.606665866468875,True,True,True,0.3234295415959253,0.23089983022071306,0.19524617996604415,0.2505942275042445,532
121130106011,SANTA ROSA,Block Group 1,1610,796.5710830843431,36,17.81152732362506,1.1800087702197273,True,True,True,0.5721561969439728,0.12224108658743633,0.042444821731748725,0.24887945670628184,533
120050015021,BAY,Block Group 1,1115,597.7927240851493,45,24.126163752315442,2.418849652828061,True,True,True,0.2835314091680815,0.28862478777589134,0.1697792869269949,0.2476740237691002,534
120910218023,OKALOOSA,Block Group 3,948,1170.4715222303162,22,27.162841233192992,2.498839124815356,True,True,True,0.16808149405772496,0.3904923599320883,0.18505942275042445,0.24707979626485568,535
121130107042,SANTA ROSA,Block Group 2,929,270.6322890830605,65,18.935520764692072,4.848358691214853,True,True,True,0.16044142614601017,0.15110356536502548,0.4312393887945671,0.24672325976230902,536
120330015001,ESCAMBIA,Block Group 1,732,806.2624119802664,29,31.94209009211438,1.9242689904599104,True,True,True,0.07809847198641766,0.5415959252971138,0.10865874363327674,0.2411375212224109,537
120330014023,ESCAMBIA,Block Group 3,1035,1521.5307628528924,13,19.111014412645023,3.7938923824198234,True,True,True,0.23259762308998302,0.15449915110356535,0.3361629881154499,0.24100169779286928,538
120910217002,OKALOOSA,Block Group 2,778,401.6914410809527,53,27.36458403250706,2.851222777402961,True,True,True,0.10186757215619695,0.39728353140916806,0.22750424448217318,0.24081494057724956,539
120330011012,ESCAMBIA,Block Group 2,1414,218.73622746835093,95,14.69585686668553,2.303038172816892,True,True,True,0.48047538200339557,0.07130730050933787,0.15959252971137522,0.23955857385398985,540
120910228001,OKALOOSA,Block Group 1,1054,1325.50272268823,10,12.575927160229888,4.917693424137239,True,True,True,0.24108658743633277,0.03225806451612903,0.44482173174872663,0.2394057724957555,541
120330035112,ESCAMBIA,Block Group 2,1130,537.0727538714391,36,17.110282424222838,3.3690531555824474,True,True,True,0.30220713073005095,0.10696095076400679,0.2920203735144312,0.23441426146010189,542
120330033083,ESCAMBIA,Block Group 3,1003,605.6525559081317,39,23.5498002795784,2.7849016762652856,True,True,True,0.20797962648556875,0.2733446519524618,0.21731748726655348,0.23263157894736844,543
120050010001,BAY,Block Group 1,951,928.8070835457576,24,23.439926398631105,3.043248623748043,True,True,True,0.17062818336162988,0.27164685908319186,0.2546689303904924,0.23169779286926998,544
120050013024,BAY,Block Group 4,1126,510.62725978638,48,21.767414271533074,2.260081875273888,True,True,True,0.298811544991511,0.23429541595925296,0.15449915110356535,0.2298981324278438,545
120050008031,BAY,Block Group 1,1375,903.1969889054566,18,11.82366967294416,2.66112505181426,True,True,True,0.4533106960950764,0.023769100169779286,0.2037351443123939,0.22920203735144312,546
120330011043,ESCAMBIA,Block Group 3,1247,1226.0396265445936,13,12.7814876865114,2.980422256809508,True,True,True,0.366723259762309,0.03735144312393888,0.2461799660441426,0.218251273344652,547
120330006001,ESCAMBIA,Block Group 1,837,831.3476672106349,28,27.810913598444177,1.9646929642012976,True,True,True,0.12224108658743633,0.4057724957555178,0.11714770797962648,0.21412563667232595,548
120330006002,ESCAMBIA,Block Group 2,1117,1546.8878748641107,15,20.77288999369889,2.1442144336538584,True,True,True,0.2860780984719864,0.2037351443123939,0.14261460101867574,0.21156196943972838,549
120050009001,BAY,Block Group 1,1351,986.0356622313308,25,18.24640381627185,1.2690582689828906,True,True,True,0.44482173174872663,0.1273344651952462,0.04753820033955857,0.20894736842105263,550
120330014011,ESCAMBIA,Block Group 1,600,669.1708527021119,28,31.227973126098554,1.4558484321991736,True,True,True,0.027164685908319185,0.5297113752122241,0.06281833616298811,0.20477079796264858,551
120330018002,ESCAMBIA,Block Group 2,1126,908.541500416751,24,19.365005337479595,2.141423650402401,True,True,True,0.298811544991511,0.17147707979626486,0.14091680814940577,0.20468590831918507,552
120050017002,BAY,Block Group 2,1277,795.8126668199712,32,19.942055863930367,0.5084184433653317,True,True,True,0.39134125636672323,0.1833616298811545,0.013582342954159592,0.19804753820033957,553
120330033113,ESCAMBIA,Block Group 3,944,1369.4258276032147,12,17.407955435634086,3.4398516021094965,True,True,True,0.166383701188455,0.11714770797962648,0.30390492359932086,0.19551782682512733,554
121130106012,SANTA ROSA,Block Group 2,1091,1365.0040975145914,15,18.767242403958637,2.4686504724535783,True,True,True,0.2631578947368421,0.14091680814940577,0.1799660441426146,0.19536502546689305,555
120330029002,ESCAMBIA,Block Group 2,1148,1461.7332744225962,10,12.73286824409927,2.759122012832685,True,True,True,0.3174872665534805,0.035653650254668934,0.21222410865874364,0.18974533106960953,556
120330032033,ESCAMBIA,Block Group 3,1031,422.36372932015416,56,22.941191893238248,1.5555711476538,True,True,True,0.22750424448217318,0.2614601018675722,0.07470288624787776,0.18828522920203736,557
120050014032,BAY,Block Group 2,643,878.5257163468633,21,28.69213070495199,1.6326530791558973,True,True,True,0.04074702886247878,0.43463497453310695,0.09168081494057725,0.1875382003395586,558
120330003002,ESCAMBIA,Block Group 2,1104,1071.5720855471716,23,22.324418448899404,0.8308330808850105,True,True,True,0.27504244482173174,0.2495755517826825,0.025466893039049237,0.1842784380305603,559
120050009002,BAY,Block Group 2,1076,871.1866355436051,28,22.670284196301992,1.076076197480193,True,True,True,0.25551782682512736,0.2597623089983022,0.03395585738539898,0.1838030560271647,560
121319502012,WALTON,Block Group 2,744,484.42451474532226,40,26.04432874974851,1.8915809390968608,True,True,True,0.08488964346349745,0.35823429541595925,0.1035653650254669,0.1812563667232598,561
120330029004,ESCAMBIA,Block Group 4,1088,1199.639667055888,17,18.74436979774825,1.9676647061630608,True,True,True,0.2597623089983022,0.13921901528013583,0.12054329371816638,0.17404074702886246,562
120330008023,ESCAMBIA,Block Group 3,826,1047.1867947970284,17,21.552270595096225,2.4922465007170187,True,True,True,0.11714770797962648,0.22410865874363328,0.18166383701188454,0.1737351443123939,563
120050009003,BAY,Block Group 3,1071,745.4614552576959,29,20.185230814634153,1.556006656751085,True,True,True,0.25127334465195245,0.18845500848896435,0.07640067911714771,0.17283531409168082,564
120330033111,ESCAMBIA,Block Group 1,1147,1186.1770557989269,13,13.44402940312646,2.2056888976150524,True,True,True,0.3157894736842105,0.050933786078098474,0.1460101867572156,0.17235993208828523,565
120330012014,ESCAMBIA,Block Group 4,663,346.55232704921934,36,18.817320925749467,3.68374082170128,True,True,True,0.04753820033955857,0.14261460101867574,0.32088285229202035,0.16911714770797964,566
120330015002,ESCAMBIA,Block Group 2,500,701.135418697038,19,26.643145910487444,1.9514092840384945,True,True,True,0.01867572156196944,0.37181663837011886,0.11375212224108659,0.1665874363327674,567
120050016003,BAY,Block Group 3,342,414.3079180057979,21,25.439959877548993,2.313685581288212,True,True,True,0.003395585738539898,0.3378607809847199,0.16298811544991512,0.16643463497453315,568
120330029001,ESCAMBIA,Block Group 1,1107,1036.097758210162,18,16.847118019677435,1.9001371974054329,True,True,True,0.2775891341256367,0.10186757215619695,0.10696095076400679,0.16329371816638372,569
120050016002,BAY,Block Group 2,1010,762.7390639454754,27,20.390054184681027,1.4864323096424978,True,True,True,0.21561969439728354,0.19864176570458403,0.06791171477079797,0.16127334465195248,570
120330008021,ESCAMBIA,Block Group 1,674,1556.3052297859272,8,18.472465635441274,3.179879455277046,True,True,True,0.05602716468590832,0.13242784380305603,0.266553480475382,0.1507130730050934,571
120050020002,BAY,Block Group 2,878,398.99805136259204,51,23.176424395776984,1.120327497292528,True,True,True,0.14855687606112053,0.2631578947368421,0.03735144312393888,0.14967741935483872,572
120330012011,ESCAMBIA,Block Group 1,745,716.9852358785187,15,14.435944346547357,3.4233253453171058,True,True,True,0.08743633276740238,0.06281833616298811,0.298811544991511,0.14906621392190153,573
120330022001,ESCAMBIA,Block Group 1,969,1568.2073076194808,6,9.710261966684092,2.9258599288206173,True,True,True,0.18166383701188454,0.011884550084889643,0.23769100169779286,0.14412563667232597,574
120330009001,ESCAMBIA,Block Group 1,717,1219.8711394140876,11,18.714898931039,2.843961713615485,True,True,True,0.06960950764006792,0.13752122241086587,0.22580645161290322,0.1435653650254669,575
120050016004,BAY,Block Group 4,431,622.2200406825075,17,24.54232179026132,1.6378242963589844,True,True,True,0.008488964346349746,0.30560271646859083,0.0933786078098472,0.13455008488964348,576
120330008012,ESCAMBIA,Block Group 2,630,985.024500530037,16,25.016495251556496,1.239349696733571,True,True,True,0.03395585738539898,0.32088285229202035,0.04584040747028863,0.1325636672325976,577
120330021003,ESCAMBIA,Block Group 3,1000,764.121733761649,19,14.518312941471333,1.9771584988219588,True,True,True,0.2037351443123939,0.06451612903225806,0.12224108658743633,0.13089983022071308,578
120330022003,ESCAMBIA,Block Group 3,618,771.0436912281928,19,23.70522675297033,1.47394618417171,True,True,True,0.03225806451612903,0.2801358234295416,0.06621392190152801,0.12526315789473685,579
120330010015,ESCAMBIA,Block Group 5,783,1430.445283184321,9,16.441899806716332,2.199850492721529,True,True,True,0.10696095076400679,0.0933786078098472,0.14431239388794567,0.11480475382003397,580
120330004001,ESCAMBIA,Block Group 1,782,953.6317883766676,15,18.292169853772396,1.5146102990147592,True,True,True,0.10441426146010187,0.12903225806451613,0.07130730050933787,0.10161290322580646,581
120050019004,BAY,Block Group 4,847,1004.884426426918,13,15.423255659445022,1.5931075295816952,True,True,True,0.1273344651952462,0.07979626485568761,0.0899830220713073,0.09932088285229204,582
120330005001,ESCAMBIA,Block Group 1,844,1264.2868912623396,3,4.4939107509324865,2.1057774559088727,True,True,True,0.12393887945670629,0.003395585738539898,0.13582342954159593,0.08808149405772497,583
120330005002,ESCAMBIA,Block Group 2,636,1094.8471603692872,11,18.936035792550566,1.5181100093020343,True,True,True,0.035653650254668934,0.15280135823429541,0.0730050933786078,0.08663837011884551,584
120330028031,ESCAMBIA,Block Group 1,741,1752.348880601427,6,14.189059761954875,1.8210211220655343,True,True,True,0.08234295415959253,0.059422750424448216,0.09847198641765705,0.0801018675721562,585
120050019002,BAY,Block Group 2,1005,1192.5343788082487,8,9.49281097558805,0.3064297746809384,True,True,True,0.21137521222410866,0.010186757215619695,0.006791171477079796,0.07747028862478779,586
120330029003,ESCAMBIA,Block Group 3,856,1141.362247843612,10,13.333671119668365,0.6541534080099518,True,True,True,0.13242784380305603,0.04584040747028863,0.01867572156196944,0.06631578947368422,587
120330001002,ESCAMBIA,Block Group 2,550,1176.269301509902,6,12.832028743744386,1.9509970385731612,True,True,True,0.022071307300509338,0.04074702886247878,0.11205432937181664,0.05792869269949067,588
120050014041,BAY,Block Group 1,639,835.742031677108,8,10.463124027256438,0.4456351978860079,True,True,True,0.03904923599320883,0.015280135823429542,0.010186757215619695,0.021680814940577255,589
