{
"type": "FeatureCollection",
"name": "shelters_panhandle_combined",
"crs": { "type": "name", "properties": { "name": "urn:ogc:def:crs:OGC:1.3:CRS84" } },
"features": [
{ "type": "Feature", "properties": { "OBJECTID": 37, "Name": "Rutherford HS", "Address": "1000 School Ave", "City": "Springfield", "Zip": "32401", "COUNTY": "BAY", "X": -85.61524301, "Y": 30.16608099, "LONGLAT": "-85.61524301, 30.16608099", "USNG": "16R FU 33340 37998", "FACILITY_TYPE": "SHELTER", "SHELTER_TYPE": "RISK", "RPC_Region": "1", "Year_Built": "1986", "Building": "13 Cafeteria", "AS_IS_A_Retrofit_R": "R", "Generator_Type": " ", "PreMitigation_Capacity_Spaces": 0, "PreMitigation_Square_Footage": 0, "EHPA_Capacity_Gained_Spaces": 0, "EHPA_Square_Footage_Gained": 0, "Retrofit_Capacity_Gained_Spaces": 552, "Retrofit_Square_Footage_Gained": 11031, "Risk_Capacity_Spaces": 552, "Risk_Square_Footage": 11031, "Planned_Usage_Spaces": 0, "FundingSource_F_Federal_State_S": "F-HB7121", "Evacuation_Zone": "No", "SURGE_ZONE": "No", "FLOOD_ZONE": "No", "EHPA": "No", "General_Pop": "Yes", "SPECIAL_NEEDS": " ", "Pet_Friendly": "Yes", "Does_not_meet_ARC_4496": " ", "Survey_Needed": " ", "shelter_layer": "general" }, "geometry": { "type": "Point", "coordinates": [ -85.615243010889998, 30.166080984193158 ] } },
{ "type": "Feature", "properties": { "OBJECTID": 38, "Name": "Moore ES", "Address": "1900 Michigan Ave", "City": "Panama City", "Zip": "32405", "COUNTY": "BAY", "X": -85.70702904, "Y": 30.18332398, "LONGLAT": "-85.70702904, 30.18332398", "USNG": "16R FU 24479 39805", "FACILITY_TYPE": "SHELTER", "SHELTER_TYPE": "RISK", "RPC_Region": "1", "Year_Built": "1996", "Building": "2 Classroom (10)", "AS_IS_A_Retrofit_R": "R", "Generator_Type": " ", "PreMitigation_Capacity_Spaces": 0, "PreMitigation_Square_Footage": 0, "EHPA_Capacity_Gained_Spaces": 0, "EHPA_Square_Footage_Gained": 0, "Retrofit_Capacity_Gained_Spaces": 168, "Retrofit_Square_Footage_Gained": 3357, "Risk_Capacity_Spaces": 168, "Risk_Square_Footage": 3357, "Planned_Usage_Spaces": 0, "FundingSource_F_Federal_State_S": "HMGP", "Evacuation_Zone": "D", "SURGE_ZONE": "5", "FLOOD_ZONE": "No", "EHPA": "No", "General_Pop": "Yes", "SPECIAL_NEEDS": " ", "Pet_Friendly": "Yes", "Does_not_meet_ARC_4496": " ", "Survey_Needed": " ", "shelter_layer": "general" }, "geometry": { "type": "Point", "coordinates": [ -85.707029041636716, 30.183323983899662 ] } },
{ "type": "Feature", "properties": { "OBJECTID": 39, "Name": "Moore ES", "Address": "1900 Michigan Ave", "City": "Panama City", "Zip": "32405", "COUNTY": "BAY", "X": -85.70702904, "Y": 30.18332398, "LONGLAT": "-85.70702904, 30.18332398", "USNG": "16R FU 24479 39805", "FACILITY_TYPE": "SHELTER", "SHELTER_TYPE": "RISK", "RPC_Region": "1", "Year_Built": "1996", "Building": "4 Classroom (12)", "AS_IS_A_Retrofit_R": "R", "Generator_Type": " ", "PreMitigation_Capacity_Spaces": 0, "PreMitigation_Square_Footage": 0, "EHPA_Capacity_Gained_Spaces": 0, "EHPA_Square_Footage_Gained": 0, "Retrofit_Capacity_Gained_Spaces": 393, "Retrofit_Square_Footage_Gained": 7862, "Risk_Capacity_Spaces": 393, "Risk_Square_Footage": 7862, "Planned_Usage_Spaces": 0, "FundingSource_F_Federal_State_S": "HMGP", "Evacuation_Zone": "D", "SURGE_ZONE": "5", "FLOOD_ZONE": "No", "EHPA": "No", "General_Pop": "Yes", "SPECIAL_NEEDS": " ", "Pet_Friendly": "Yes", "Does_not_meet_ARC_4496": " ", "Survey_Needed": " ", "shelter_layer": "general" }, "geometry": { "type": "Point", "coordinates": [ -85.707029041636716, 30.183323983899662 ] } },
{ "type": "Feature", "properties": { "OBJECTID": 40, "Name": "Tommy Smith ES", "Address": "5044 Tommy Smith Way", "City": "Panama City", "Zip": "32404", "COUNTY": "BAY", "X": -85.56411399, "Y": 30.241872, "LONGLAT": "-85.56411399, 30.24187200", "USNG": "16R FU 38157 46459", "FACILITY_TYPE": "SHELTER", "SHELTER_TYPE": "RISK", "RPC_Region": "1", "Year_Built": "1991", "Building": "2 Classroom", "AS_IS_A_Retrofit_R": "R", "Generator_Type": " ", "PreMitigation_Capacity_Spaces": 0, "PreMitigation_Square_Footage": 0, "EHPA_Capacity_Gained_Spaces": 0, "EHPA_Square_Footage_Gained": 0, "Retrofit_Capacity_Gained_Spaces": 400, "Retrofit_Square_Footage_Gained": 8007, "Risk_Capacity_Spaces": 400, "Risk_Square_Footage": 8007, "Planned_Usage_Spaces": 0, "FundingSource_F_Federal_State_S": "HMGP", "Evacuation_Zone": "No", "SURGE_ZONE": "No", "FLOOD_ZONE": "No", "EHPA": "No", "General_Pop": "Yes", "SPECIAL_NEEDS": " ", "Pet_Friendly": "Yes", "Does_not_meet_ARC_4496": " ", "Survey_Needed": " ", "shelter_layer": "general" }, "geometry": { "type": "Point", "coordinates": [ -85.564113988270734, 30.241871997130261 ] } },
{ "type": "Feature", "properties": { "OBJECTID": 41, "Name": "Cedar Grove ES", "Address": "2826 East 15th St", "City": "Panama City", "Zip": "32405", "COUNTY": "BAY", "X": -85.62116198, "Y": 30.17427002, "LONGLAT": "-85.62116198, 30.17427002", "USNG": "16R FU 32759 38899", "FACILITY_TYPE": "SHELTER", "SHELTER_TYPE": "RISK", "RPC_Region": "1", "Year_Built": "1999", "Building": "13 Music", "AS_IS_A_Retrofit_R": "R", "Generator_Type": " ", "PreMitigation_Capacity_Spaces": 0, "PreMitigation_Square_Footage": 0, "EHPA_Capacity_Gained_Spaces": 0, "EHPA_Square_Footage_Gained": 0, "Retrofit_Capacity_Gained_Spaces": 142, "Retrofit_Square_Footage_Gained": 2137, "Risk_Capacity_Spaces": 107, "Risk_Square_Footage": 2137, "Planned_Usage_Spaces": 206, "FundingSource_F_Federal_State_S": "HMGP", "Evacuation_Zone": "No", "SURGE_ZONE": "No", "FLOOD_ZONE": "No", "EHPA": "No", "General_Pop": "Yes", "SPECIAL_NEEDS": " ", "Pet_Friendly": "Yes", "Does_not_meet_ARC_4496": " ", "Survey_Needed": " ", "shelter_layer": "general" }, "geometry": { "type": "Point", "coordinates": [ -85.621161976078596, 30.17427002001013 ] } },
{ "type": "Feature", "properties": { "OBJECTID": 42, "Name": "Bozeman Learning Center", "Address": "13410 SR 77", "City": "Panama City", "Zip": "32409", "COUNTY": "BAY", "X": -85.68895471, "Y": 30.39417873, "LONGLAT": "-85.68895471, 30.39417873", "USNG": "16R FU 25949 63194", "FACILITY_TYPE": "SHELTER", "SHELTER_TYPE": "RISK", "RPC_Region": "1", "Year_Built": "2000", "Building": "2 Classroom", "AS_IS_A_Retrofit_R": "R", "Generator_Type": " ", "PreMitigation_Capacity_Spaces": 0, "PreMitigation_Square_Footage": 0, "EHPA_Capacity_Gained_Spaces": 0, "EHPA_Square_Footage_Gained": 0, "Retrofit_Capacity_Gained_Spaces": 436, "Retrofit_Square_Footage_Gained": 6541, "Risk_Capacity_Spaces": 327, "Risk_Square_Footage": 6541, "Planned_Usage_Spaces": 587, "FundingSource_F_Federal_State_S": "HMGP", "Evacuation_Zone": "No", "SURGE_ZONE": "No", "FLOOD_ZONE": "No", "EHPA": "No", "General_Pop": "Yes", "SPECIAL_NEEDS": " ", "Pet_Friendly": "Yes", "Does_not_meet_ARC_4496": " ", "Survey_Needed": " ", "shelter_layer": "general" }, "geometry": { "type": "Point", "coordinates": [ -85.688954706322818, 30.39417873145063 ] } },
{ "type": "Feature", "properties": { "OBJECTID": 43, "Name": "Oakland Terrace ES", "Address": "2010 W 12th St", "City": "Panama City", "Zip": "32401", "COUNTY": "BAY", "X": -85.69123301, "Y": 30.17070302, "LONGLAT": "-85.69123301, 30.17070302", "USNG": "16R FU 26016 38424", "FACILITY_TYPE": "SHELTER", "SHELTER_TYPE": "RISK", "RPC_Region": "1", "Year_Built": "1986", "Building": "14 Classroom", "AS_IS_A_Retrofit_R": "R", "Generator_Type": " ", "PreMitigation_Capacity_Spaces": 0, "PreMitigation_Square_Footage": 0, "EHPA_Capacity_Gained_Spaces": 0, "EHPA_Square_Footage_Gained": 0, "Retrofit_Capacity_Gained_Spaces": 258, "Retrofit_Square_Footage_Gained": 4159, "Risk_Capacity_Spaces": 208, "Risk_Square_Footage": 4159, "Planned_Usage_Spaces": 258, "FundingSource_F_Federal_State_S": "HMGP", "Evacuation_Zone": "No", "SURGE_ZONE": "No", "FLOOD_ZONE": "No", "EHPA": "No", "General_Pop": "Yes", "SPECIAL_NEEDS": " ", "Pet_Friendly": "Yes", "Does_not_meet_ARC_4496": " ", "Survey_Needed": " ", "shelter_layer": "general" }, "geometry": { "type": "Point", "coordinates": [ -85.691233009956548, 30.170703016980237 ] } },
{ "type": "Feature", "properties": { "OBJECTID": 44, "Name": "Waller ES", "Address": "11332 Highway 388", "City": "Fountain", "Zip": "32466", "COUNTY": "BAY", "X": -85.44058896, "Y": 30.36635101, "LONGLAT": "-85.44058896, 30.36635101", "USNG": "16R FU 49855 60412", "FACILITY_TYPE": "SHELTER", "SHELTER_TYPE": "RISK", "RPC_Region": "1", "Year_Built": "2000", "Building": "5 Classroom", "AS_IS_A_Retrofit_R": "R", "Generator_Type": " ", "PreMitigation_Capacity_Spaces": 0, "PreMitigation_Square_Footage": 0, "EHPA_Capacity_Gained_Spaces": 0, "EHPA_Square_Footage_Gained": 0, "Retrofit_Capacity_Gained_Spaces": 288, "Retrofit_Square_Footage_Gained": 5757, "Risk_Capacity_Spaces": 288, "Risk_Square_Footage": 5757, "Planned_Usage_Spaces": 0, "FundingSource_F_Federal_State_S": "F-HB7121", "Evacuation_Zone": "No", "SURGE_ZONE": "No", "FLOOD_ZONE": "No", "EHPA": "No", "General_Pop": "Yes", "SPECIAL_NEEDS": " ", "Pet_Friendly": "Yes", "Does_not_meet_ARC_4496": " ", "Survey_Needed": " ", "shelter_layer": "general" }, "geometry": { "type": "Point", "coordinates": [ -85.440588959227142, 30.366351012395938 ] } },
{ "type": "Feature", "properties": { "OBJECTID": 45, "Name": "Mowat MS", "Address": "1903 Hwy 390", "City": "Lynn Haven", "Zip": "33444", "COUNTY": "BAY", "X": -85.65584604, "Y": 30.228498, "LONGLAT": "-85.65584604, 30.22849800", "USNG": "16R FU 29348 44869", "FACILITY_TYPE": "SHELTER", "SHELTER_TYPE": "RISK", "RPC_Region": "1", "Year_Built": "2000", "Building": "11 Classroom", "AS_IS_A_Retrofit_R": "R", "Generator_Type": " ", "PreMitigation_Capacity_Spaces": 0, "PreMitigation_Square_Footage": 0, "EHPA_Capacity_Gained_Spaces": 0, "EHPA_Square_Footage_Gained": 0, "Retrofit_Capacity_Gained_Spaces": 139, "Retrofit_Square_Footage_Gained": 2782, "Risk_Capacity_Spaces": 139, "Risk_Square_Footage": 2782, "Planned_Usage_Spaces": 139, "FundingSource_F_Federal_State_S": "HMGP", "Evacuation_Zone": "No", "SURGE_ZONE": "No", "FLOOD_ZONE": "No", "EHPA": "No", "General_Pop": "Yes", "SPECIAL_NEEDS": " ", "Pet_Friendly": "Yes", "Does_not_meet_ARC_4496": " ", "Survey_Needed": " ", "shelter_layer": "general" }, "geometry": { "type": "Point", "coordinates": [ -85.6558460403716, 30.228498000212682 ] } },
{ "type": "Feature", "properties": { "OBJECTID": 46, "Name": "Bozeman Learning Center", "Address": "13410 SR 77", "City": "Panama City", "Zip": "32409", "COUNTY": "BAY", "X": -85.68895471, "Y": 30.39417873, "LONGLAT": "-85.68895471, 30.39417873", "USNG": "16R FU 25949 63194", "FACILITY_TYPE": "SHELTER", "SHELTER_TYPE": "RISK", "RPC_Region": "1", "Year_Built": "2000", "Building": "7 Classroom", "AS_IS_A_Retrofit_R": "R", "Generator_Type": " ", "PreMitigation_Capacity_Spaces": 0, "PreMitigation_Square_Footage": 0, "EHPA_Capacity_Gained_Spaces": 0, "EHPA_Square_Footage_Gained": 0, "Retrofit_Capacity_Gained_Spaces": 510, "Retrofit_Square_Footage_Gained": 7647, "Risk_Capacity_Spaces": 382, "Risk_Square_Footage": 7647, "Planned_Usage_Spaces": 826, "FundingSource_F_Federal_State_S": "L", "Evacuation_Zone": "No", "SURGE_ZONE": "No", "FLOOD_ZONE": "No", "EHPA": "No", "General_Pop": "Yes", "SPECIAL_NEEDS": " ", "Pet_Friendly": "Yes", "Does_not_meet_ARC_4496": " ", "Survey_Needed": " ", "shelter_layer": "general" }, "geometry": { "type": "Point", "coordinates": [ -85.688954706322818, 30.39417873145063 ] } },
{ "type": "Feature", "properties": { "OBJECTID": 47, "Name": "Waller ES", "Address": "11332 Hwy 338", "City": "Youngstown", "Zip": "32466", "COUNTY": "BAY", "X": -85.57356, "Y": 30.312275, "LONGLAT": "-85.57356000, 30.31227500", "USNG": "16R FU 37151 54250", "FACILITY_TYPE": "SHELTER", "SHELTER_TYPE": "RISK", "RPC_Region": "1", "Year_Built": "1998", "Building": "4 Classroom", "AS_IS_A_Retrofit_R": "R", "Generator_Type": " ", "PreMitigation_Capacity_Spaces": 0, "PreMitigation_Square_Footage": 0, "EHPA_Capacity_Gained_Spaces": 0, "EHPA_Square_Footage_Gained": 0, "Retrofit_Capacity_Gained_Spaces": 207, "Retrofit_Square_Footage_Gained": 4141, "Risk_Capacity_Spaces": 207, "Risk_Square_Footage": 4141, "Planned_Usage_Spaces": 0, "FundingSource_F_Federal_State_S": "L", "Evacuation_Zone": "No", "SURGE_ZONE": "No", "FLOOD_ZONE": "No", "EHPA": "No", "General_Pop": "Yes", "SPECIAL_NEEDS": " ", "Pet_Friendly": "Yes", "Does_not_meet_ARC_4496": " ", "Survey_Needed": " ", "shelter_layer": "general" }, "geometry": { "type": "Point", "coordinates": [ -85.573560000045106, 30.312274999483535 ] } },
{ "type": "Feature", "properties": { "OBJECTID": 48, "Name": "Bay County Sheriff Office", "Address": "3421 Highway 77", "City": "Panama City", "Zip": "32404", "COUNTY": "BAY", "X": -85.650792, "Y": 30.21048001, "LONGLAT": "-85.65079200, 30.21048001", "USNG": "16R FU 29858 42878", "FACILITY_TYPE": "SHELTER", "SHELTER_TYPE": "RISK", "RPC_Region": "1", "Year_Built": "1994", "Building": "1 Main", "AS_IS_A_Retrofit_R": "R", "Generator_Type": " ", "PreMitigation_Capacity_Spaces": 0, "PreMitigation_Square_Footage": 0, "EHPA_Capacity_Gained_Spaces": 0, "EHPA_Square_Footage_Gained": 0, "Retrofit_Capacity_Gained_Spaces": 494, "Retrofit_Square_Footage_Gained": 9880, "Risk_Capacity_Spaces": 494, "Risk_Square_Footage": 9880, "Planned_Usage_Spaces": 494, "FundingSource_F_Federal_State_S": "S FY 11-12 1515A", "Evacuation_Zone": "No", "SURGE_ZONE": "No", "FLOOD_ZONE": "No", "EHPA": "No", "General_Pop": "Yes", "SPECIAL_NEEDS": " ", "Pet_Friendly": "Yes", "Does_not_meet_ARC_4496": " ", "Survey_Needed": " ", "shelter_layer": "general" }, "geometry": { "type": "Point", "coordinates": [ -85.65079200334425, 30.210480009087053 ] } },
{ "type": "Feature", "properties": { "OBJECTID": 49, "Name": "Rutherford HS", "Address": "1000 School Ave", "City": "Panama City", "Zip": "32401", "COUNTY": "BAY", "X": -85.61524301, "Y": 30.16608099, "LONGLAT": "-85.61524301, 30.16608099", "USNG": "16R FU 33340 37998", "FACILITY_TYPE": "SHELTER", "SHELTER_TYPE": "RISK", "RPC_Region": "1", "Year_Built": "1995", "Building": "2  Media / Classroom 1st Floor", "AS_IS_A_Retrofit_R": "R", "Generator_Type": " ", "PreMitigation_Capacity_Spaces": 0, "PreMitigation_Square_Footage": 0, "EHPA_Capacity_Gained_Spaces": 0, "EHPA_Square_Footage_Gained": 0, "Retrofit_Capacity_Gained_Spaces": 237, "Retrofit_Square_Footage_Gained": 4740, "Risk_Capacity_Spaces": 237, "Risk_Square_Footage": 4740, "Planned_Usage_Spaces": 237, "FundingSource_F_Federal_State_S": "HMGP", "Evacuation_Zone": "No", "SURGE_ZONE": "No", "FLOOD_ZONE": "No", "EHPA": "No", "General_Pop": "Yes", "SPECIAL_NEEDS": " ", "Pet_Friendly": "Yes", "Does_not_meet_ARC_4496": " ", "Survey_Needed": " ", "shelter_layer": "general" }, "geometry": { "type": "Point", "coordinates": [ -85.615243010889998, 30.166080984193158 ] } },
{ "type": "Feature", "properties": { "OBJECTID": 50, "Name": "Bozeman Learning Center", "Address": "13410 SR 77", "City": "Panama City", "Zip": "32409", "COUNTY": "BAY", "X": -85.68895471, "Y": 30.39417873, "LONGLAT": "-85.68895471, 30.39417873", "USNG": "16R FU 25949 63194", "FACILITY_TYPE": "SHELTER", "SHELTER_TYPE": "RISK", "RPC_Region": "1", "Year_Built": "2000", "Building": "6 Music", "AS_IS_A_Retrofit_R": "R", "Generator_Type": " ", "PreMitigation_Capacity_Spaces": 0, "PreMitigation_Square_Footage": 0, "EHPA_Capacity_Gained_Spaces": 0, "EHPA_Square_Footage_Gained": 0, "Retrofit_Capacity_Gained_Spaces": 319, "Retrofit_Square_Footage_Gained": 4791, "Risk_Capacity_Spaces": 240, "Risk_Square_Footage": 4791, "Planned_Usage_Spaces": 604, "FundingSource_F_Federal_State_S": "HMGP", "Evacuation_Zone": "No", "SURGE_ZONE": "No", "FLOOD_ZONE": "No", "EHPA": "No", "General_Pop": "Yes", "SPECIAL_NEEDS": " ", "Pet_Friendly": "Yes", "Does_not_meet_ARC_4496": " ", "Survey_Needed": " ", "shelter_layer": "general" }, "geometry": { "type": "Point", "coordinates": [ -85.688954706322818, 30.39417873145063 ] } },
{ "type": "Feature", "properties": { "OBJECTID": 51, "Name": "Pattersen ES", "Address": "1025 Redwood Ave", "City": "Panama City", "Zip": "32401", "COUNTY": "BAY", "X": -85.63851796, "Y": 30.16655301, "LONGLAT": "-85.63851796, 30.16655301", "USNG": "16R FU 31098 38023", "FACILITY_TYPE": "SHELTER", "SHELTER_TYPE": "RISK", "RPC_Region": "1", "Year_Built": "2000", "Building": "16 Classroom", "AS_IS_A_Retrofit_R": "R", "Generator_Type": " ", "PreMitigation_Capacity_Spaces": 0, "PreMitigation_Square_Footage": 0, "EHPA_Capacity_Gained_Spaces": 0, "EHPA_Square_Footage_Gained": 0, "Retrofit_Capacity_Gained_Spaces": 265, "Retrofit_Square_Footage_Gained": 5294, "Risk_Capacity_Spaces": 265, "Risk_Square_Footage": 5294, "Planned_Usage_Spaces": 0, "FundingSource_F_Federal_State_S": "F-HB7121", "Evacuation_Zone": "No", "SURGE_ZONE": "No", "FLOOD_ZONE": "No", "EHPA": "No", "General_Pop": "Yes", "SPECIAL_NEEDS": " ", "Pet_Friendly": "Yes", "Does_not_meet_ARC_4496": " ", "Survey_Needed": " ", "shelter_layer": "general" }, "geometry": { "type": "Point", "coordinates": [ -85.638517964128454, 30.166553011445195 ] } },
{ "type": "Feature", "properties": { "OBJECTID": 52, "Name": "Merritt Brown MS", "Address": "5601 Merritt Brown Rd", "City": "Panama City", "Zip": "32404", "COUNTY": "BAY", "X": -85.56317597, "Y": 30.24219998, "LONGLAT": "-85.56317597, 30.24219998", "USNG": "16R FU 38247 46496", "FACILITY_TYPE": "SHELTER", "SHELTER_TYPE": "RISK", "RPC_Region": "1", "Year_Built": "1988", "Building": "4 Classroom 1st Floor", "AS_IS_A_Retrofit_R": "R", "Generator_Type": " ", "PreMitigation_Capacity_Spaces": 0, "PreMitigation_Square_Footage": 0, "EHPA_Capacity_Gained_Spaces": 0, "EHPA_Square_Footage_Gained": 0, "Retrofit_Capacity_Gained_Spaces": 877, "Retrofit_Square_Footage_Gained": 17538, "Risk_Capacity_Spaces": 877, "Risk_Square_Footage": 17538, "Planned_Usage_Spaces": 0, "FundingSource_F_Federal_State_S": "HMGP", "Evacuation_Zone": "No", "SURGE_ZONE": "No", "FLOOD_ZONE": "No", "EHPA": "No", "General_Pop": "Yes", "SPECIAL_NEEDS": " ", "Pet_Friendly": "Yes", "Does_not_meet_ARC_4496": " ", "Survey_Needed": " ", "shelter_layer": "general" }, "geometry": { "type": "Point", "coordinates": [ -85.563175969678952, 30.242199980910431 ] } },
{ "type": "Feature", "properties": { "OBJECTID": 53, "Name": "Jinks MS", "Address": "600 W 11th St", "City": "Panama City", "Zip": "32401", "COUNTY": "BAY", "X": -85.66797901, "Y": 30.16873, "LONGLAT": "-85.66797901, 30.16873000", "USNG": "16R FU 28258 38231", "FACILITY_TYPE": "SHELTER", "SHELTER_TYPE": "RISK", "RPC_Region": "1", "Year_Built": "2003", "Building": "10 Cafeteria", "AS_IS_A_Retrofit_R": "R", "Generator_Type": " ", "PreMitigation_Capacity_Spaces": 0, "PreMitigation_Square_Footage": 0, "EHPA_Capacity_Gained_Spaces": 0, "EHPA_Square_Footage_Gained": 0, "Retrofit_Capacity_Gained_Spaces": 76, "Retrofit_Square_Footage_Gained": 1836, "Risk_Capacity_Spaces": 92, "Risk_Square_Footage": 1836, "Planned_Usage_Spaces": 76, "FundingSource_F_Federal_State_S": "HMGP", "Evacuation_Zone": "No", "SURGE_ZONE": "No", "FLOOD_ZONE": "No", "EHPA": "No", "General_Pop": "Yes", "SPECIAL_NEEDS": " ", "Pet_Friendly": "Yes", "Does_not_meet_ARC_4496": " ", "Survey_Needed": " ", "shelter_layer": "general" }, "geometry": { "type": "Point", "coordinates": [ -85.667979011933525, 30.168730001173138 ] } },
{ "type": "Feature", "properties": { "OBJECTID": 54, "Name": "Tommy Smith ES", "Address": "5044 Tommy Smith Way", "City": "Panama City", "Zip": "32404", "COUNTY": "BAY", "X": -85.56411399, "Y": 30.241872, "LONGLAT": "-85.56411399, 30.24187200", "USNG": "16R FU 38157 46459", "FACILITY_TYPE": "SHELTER", "SHELTER_TYPE": "RISK", "RPC_Region": "1", "Year_Built": "1991", "Building": "4 Classroom", "AS_IS_A_Retrofit_R": "R", "Generator_Type": " ", "PreMitigation_Capacity_Spaces": 0, "PreMitigation_Square_Footage": 0, "EHPA_Capacity_Gained_Spaces": 0, "EHPA_Square_Footage_Gained": 0, "Retrofit_Capacity_Gained_Spaces": 438, "Retrofit_Square_Footage_Gained": 8764, "Risk_Capacity_Spaces": 438, "Risk_Square_Footage": 8764, "Planned_Usage_Spaces": 0, "FundingSource_F_Federal_State_S": "HMGP", "Evacuation_Zone": "No", "SURGE_ZONE": "No", "FLOOD_ZONE": "No", "EHPA": "No", "General_Pop": "Yes", "SPECIAL_NEEDS": " ", "Pet_Friendly": "Yes", "Does_not_meet_ARC_4496": " ", "Survey_Needed": " ", "shelter_layer": "general" }, "geometry": { "type": "Point", "coordinates": [ -85.564113988270734, 30.241871997130261 ] } },
{ "type": "Feature", "properties": { "OBJECTID": 55, "Name": "Bozeman Learning Center", "Address": "13410 SR 77", "City": "Panama City", "Zip": "32409", "COUNTY": "BAY", "X": -85.68895471, "Y": 30.39417873, "LONGLAT": "-85.68895471, 30.39417873", "USNG": "16R FU 25949 63194", "FACILITY_TYPE": "SHELTER", "SHELTER_TYPE": "RISK", "RPC_Region": "1", "Year_Built": "2000", "Building": "3 Classroom", "AS_IS_A_Retrofit_R": "R", "Generator_Type": " ", "PreMitigation_Capacity_Spaces": 0, "PreMitigation_Square_Footage": 0, "EHPA_Capacity_Gained_Spaces": 0, "EHPA_Square_Footage_Gained": 0, "Retrofit_Capacity_Gained_Spaces": 526, "Retrofit_Square_Footage_Gained": 7894, "Risk_Capacity_Spaces": 395, "Risk_Square_Footage": 7894, "Planned_Usage_Spaces": 641, "FundingSource_F_Federal_State_S": " ", "Evacuation_Zone": "No", "SURGE_ZONE": "No", "FLOOD_ZONE": "No", "EHPA": "No", "General_Pop": "Yes", "SPECIAL_NEEDS": " ", "Pet_Friendly": "Yes", "Does_not_meet_ARC_4496": " ", "Survey_Needed": " ", "shelter_layer": "general" }, "geometry": { "type": "Point", "coordinates": [ -85.688954706322818, 30.39417873145063 ] } },
{ "type": "Feature", "properties": { "OBJECTID": 56, "Name": "Moore ES", "Address": "1900 Michigan Ave", "City": "Panama City", "Zip": "32405", "COUNTY": "BAY", "X": -85.70702904, "Y": 30.18332398, "LONGLAT": "-85.70702904, 30.18332398", "USNG": "16R FU 24479 39805", "FACILITY_TYPE": "SHELTER", "SHELTER_TYPE": "RISK", "RPC_Region": "1", "Year_Built": "1996", "Building": "3 Cafeteria (11)", "AS_IS_A_Retrofit_R": "R", "Generator_Type": " ", "PreMitigation_Capacity_Spaces": 0, "PreMitigation_Square_Footage": 0, "EHPA_Capacity_Gained_Spaces": 0, "EHPA_Square_Footage_Gained": 0, "Retrofit_Capacity_Gained_Spaces": 483, "Retrofit_Square_Footage_Gained": 9661, "Risk_Capacity_Spaces": 483, "Risk_Square_Footage": 9661, "Planned_Usage_Spaces": 0, "FundingSource_F_Federal_State_S": "HMGP", "Evacuation_Zone": "D", "SURGE_ZONE": "5", "FLOOD_ZONE": "No", "EHPA": "No", "General_Pop": "Yes", "SPECIAL_NEEDS": " ", "Pet_Friendly": "Yes", "Does_not_meet_ARC_4496": " ", "Survey_Needed": " ", "shelter_layer": "general" }, "geometry": { "type": "Point", "coordinates": [ -85.707029041636716, 30.183323983899662 ] } },
{ "type": "Feature", "properties": { "OBJECTID": 57, "Name": "Bozeman Learning Center", "Address": "13410 SR 77", "City": "Panama City", "Zip": "32409", "COUNTY": "BAY", "X": -85.68895471, "Y": 30.39417873, "LONGLAT": "-85.68895471, 30.39417873", "USNG": "16R FU 25949 63194", "FACILITY_TYPE": "SHELTER", "SHELTER_TYPE": "RISK", "RPC_Region": "1", "Year_Built": "2000", "Building": "4 Classroom", "AS_IS_A_Retrofit_R": "R", "Generator_Type": " ", "PreMitigation_Capacity_Spaces": 0, "PreMitigation_Square_Footage": 0, "EHPA_Capacity_Gained_Spaces": 0, "EHPA_Square_Footage_Gained": 0, "Retrofit_Capacity_Gained_Spaces": 580, "Retrofit_Square_Footage_Gained": 9401, "Risk_Capacity_Spaces": 470, "Risk_Square_Footage": 9401, "Planned_Usage_Spaces": 580, "FundingSource_F_Federal_State_S": "HMGP", "Evacuation_Zone": "No", "SURGE_ZONE": "No", "FLOOD_ZONE": "No", "EHPA": "No", "General_Pop": "Yes", "SPECIAL_NEEDS": " ", "Pet_Friendly": "Yes", "Does_not_meet_ARC_4496": " ", "Survey_Needed": " ", "shelter_layer": "general" }, "geometry": { "type": "Point", "coordinates": [ -85.688954706322818, 30.39417873145063 ] } },
{ "type": "Feature", "properties": { "OBJECTID": 58, "Name": "Cedar Grove ES", "Address": "2826 East 15th St", "City": "Panama City", "Zip": "32405", "COUNTY": "BAY", "X": -85.62116198, "Y": 30.17427002, "LONGLAT": "-85.62116198, 30.17427002", "USNG": "16R FU 32759 38899", "FACILITY_TYPE": "SHELTER", "SHELTER_TYPE": "RISK", "RPC_Region": "1", "Year_Built": "1999", "Building": "12 Classroom", "AS_IS_A_Retrofit_R": "R", "Generator_Type": " ", "PreMitigation_Capacity_Spaces": 0, "PreMitigation_Square_Footage": 0, "EHPA_Capacity_Gained_Spaces": 0, "EHPA_Square_Footage_Gained": 0, "Retrofit_Capacity_Gained_Spaces": 306, "Retrofit_Square_Footage_Gained": 4865, "Risk_Capacity_Spaces": 243, "Risk_Square_Footage": 4865, "Planned_Usage_Spaces": 306, "FundingSource_F_Federal_State_S": "HMGP", "Evacuation_Zone": "No", "SURGE_ZONE": "No", "FLOOD_ZONE": "No", "EHPA": "No", "General_Pop": "Yes", "SPECIAL_NEEDS": " ", "Pet_Friendly": "Yes", "Does_not_meet_ARC_4496": " ", "Survey_Needed": " ", "shelter_layer": "general" }, "geometry": { "type": "Point", "coordinates": [ -85.621161976078596, 30.17427002001013 ] } },
{ "type": "Feature", "properties": { "OBJECTID": 59, "Name": "Parker ES", "Address": "640 S Hwy 22A", "City": "Panama City", "Zip": "32404", "COUNTY": "BAY", "X": -85.600514, "Y": 30.13559902, "LONGLAT": "-85.60051400, 30.13559902", "USNG": "16R FU 34800 34637", "FACILITY_TYPE": "SHELTER", "SHELTER_TYPE": "RISK", "RPC_Region": "1", "Year_Built": "2007", "Building": "2 Multipurpose", "AS_IS_A_Retrofit_R": "A", "Generator_Type": " ", "PreMitigation_Capacity_Spaces": 0, "PreMitigation_Square_Footage": 0, "EHPA_Capacity_Gained_Spaces": 180, "EHPA_Square_Footage_Gained": 3600, "Retrofit_Capacity_Gained_Spaces": 0, "Retrofit_Square_Footage_Gained": 0, "Risk_Capacity_Spaces": 180, "Risk_Square_Footage": 3600, "Planned_Usage_Spaces": 0, "FundingSource_F_Federal_State_S": "L", "Evacuation_Zone": "No", "SURGE_ZONE": "No", "FLOOD_ZONE": "No", "EHPA": "Yes", "General_Pop": "Yes", "SPECIAL_NEEDS": " ", "Pet_Friendly": "Yes", "Does_not_meet_ARC_4496": " ", "Survey_Needed": "Yes", "shelter_layer": "general" }, "geometry": { "type": "Point", "coordinates": [ -85.600513995287528, 30.135599020148646 ] } },
{ "type": "Feature", "properties": { "OBJECTID": 60, "Name": "Oakland Terrace ES", "Address": "2010 W 12th St", "City": "Panama City", "Zip": "32401", "COUNTY": "BAY", "X": -85.69123301, "Y": 30.17070302, "LONGLAT": "-85.69123301, 30.17070302", "USNG": "16R FU 26016 38424", "FACILITY_TYPE": "SHELTER", "SHELTER_TYPE": "RISK", "RPC_Region": "1", "Year_Built": "2000", "Building": "13 Classroom", "AS_IS_A_Retrofit_R": "R", "Generator_Type": " ", "PreMitigation_Capacity_Spaces": 0, "PreMitigation_Square_Footage": 0, "EHPA_Capacity_Gained_Spaces": 0, "EHPA_Square_Footage_Gained": 0, "Retrofit_Capacity_Gained_Spaces": 224, "Retrofit_Square_Footage_Gained": 3365, "Risk_Capacity_Spaces": 168, "Risk_Square_Footage": 3365, "Planned_Usage_Spaces": 294, "FundingSource_F_Federal_State_S": "HMGP", "Evacuation_Zone": "No", "SURGE_ZONE": "No", "FLOOD_ZONE": "No", "EHPA": "No", "General_Pop": "Yes", "SPECIAL_NEEDS": " ", "Pet_Friendly": "Yes", "Does_not_meet_ARC_4496": " ", "Survey_Needed": " ", "shelter_layer": "general" }, "geometry": { "type": "Point", "coordinates": [ -85.691233009956548, 30.170703016980237 ] } },
{ "type": "Feature", "properties": { "OBJECTID": 61, "Name": "Tommy Smith ES", "Address": "5044 Tommy Smith Way", "City": "Panama City", "Zip": "32404", "COUNTY": "BAY", "X": -85.56411399, "Y": 30.241872, "LONGLAT": "-85.56411399, 30.24187200", "USNG": "16R FU 38157 46459", "FACILITY_TYPE": "SHELTER", "SHELTER_TYPE": "RISK", "RPC_Region": "1", "Year_Built": "1991", "Building": "1 Classroom", "AS_IS_A_Retrofit_R": "R", "Generator_Type": " ", "PreMitigation_Capacity_Spaces": 0, "PreMitigation_Square_Footage": 0, "EHPA_Capacity_Gained_Spaces": 0, "EHPA_Square_Footage_Gained": 0, "Retrofit_Capacity_Gained_Spaces": 235, "Retrofit_Square_Footage_Gained": 4708, "Risk_Capacity_Spaces": 235, "Risk_Square_Footage": 4708, "Planned_Usage_Spaces": 0, "FundingSource_F_Federal_State_S": "HMGP", "Evacuation_Zone": "No", "SURGE_ZONE": "No", "FLOOD_ZONE": "No", "EHPA": "No", "General_Pop": "Yes", "SPECIAL_NEEDS": " ", "Pet_Friendly": "Yes", "Does_not_meet_ARC_4496": " ", "Survey_Needed": " ", "shelter_layer": "general" }, "geometry": { "type": "Point", "coordinates": [ -85.564113988270734, 30.241871997130261 ] } },
{ "type": "Feature", "properties": { "OBJECTID": 62, "Name": "Bozeman Learning Center", "Address": "13410 SR 77", "City": "Panama City", "Zip": "32409", "COUNTY": "BAY", "X": -85.68895471, "Y": 30.39417873, "LONGLAT": "-85.68895471, 30.39417873", "USNG": "16R FU 25949 63194", "FACILITY_TYPE": "SHELTER", "SHELTER_TYPE": "RISK", "RPC_Region": "1", "Year_Built": "2000", "Building": "1 Admin / Clinic", "AS_IS_A_Retrofit_R": "R", "Generator_Type": " ", "PreMitigation_Capacity_Spaces": 0, "PreMitigation_Square_Footage": 0, "EHPA_Capacity_Gained_Spaces": 0, "EHPA_Square_Footage_Gained": 0, "Retrofit_Capacity_Gained_Spaces": 267, "Retrofit_Square_Footage_Gained": 5340, "Risk_Capacity_Spaces": 267, "Risk_Square_Footage": 5340, "Planned_Usage_Spaces": 267, "FundingSource_F_Federal_State_S": " ", "Evacuation_Zone": "No", "SURGE_ZONE": "No", "FLOOD_ZONE": "No", "EHPA": "No", "General_Pop": "Yes", "SPECIAL_NEEDS": " ", "Pet_Friendly": "Yes", "Does_not_meet_ARC_4496": " ", "Survey_Needed": " ", "shelter_layer": "general" }, "geometry": { "type": "Point", "coordinates": [ -85.688954706322818, 30.39417873145063 ] } },
{ "type": "Feature", "properties": { "OBJECTID": 63, "Name": "Moore ES", "Address": "1900 Michigan Ave", "City": "Panama City", "Zip": "32405", "COUNTY": "BAY", "X": -85.70702904, "Y": 30.18332398, "LONGLAT": "-85.70702904, 30.18332398", "USNG": "16R FU 24479 39805", "FACILITY_TYPE": "SHELTER", "SHELTER_TYPE": "RISK", "RPC_Region": "1", "Year_Built": "1996", "Building": "5 Media (13)", "AS_IS_A_Retrofit_R": "R", "Generator_Type": " ", "PreMitigation_Capacity_Spaces": 0, "PreMitigation_Square_Footage": 0, "EHPA_Capacity_Gained_Spaces": 0, "EHPA_Square_Footage_Gained": 0, "Retrofit_Capacity_Gained_Spaces": 46, "Retrofit_Square_Footage_Gained": 925, "Risk_Capacity_Spaces": 46, "Risk_Square_Footage": 925, "Planned_Usage_Spaces": 0, "FundingSource_F_Federal_State_S": "HMGP", "Evacuation_Zone": "D", "SURGE_ZONE": "5", "FLOOD_ZONE": "No", "EHPA": "No", "General_Pop": "Yes", "SPECIAL_NEEDS": " ", "Pet_Friendly": "Yes", "Does_not_meet_ARC_4496": " ", "Survey_Needed": " ", "shelter_layer": "general" }, "geometry": { "type": "Point", "coordinates": [ -85.707029041636716, 30.183323983899662 ] } },
{ "type": "Feature", "properties": { "OBJECTID": 64, "Name": "Bozeman Learning Center", "Address": "13410 SR 77", "City": "Panama City", "Zip": "32409", "COUNTY": "BAY", "X": -85.68895471, "Y": 30.39417873, "LONGLAT": "-85.68895471, 30.39417873", "USNG": "16R FU 25949 63194", "FACILITY_TYPE": "SHELTER", "SHELTER_TYPE": "RISK", "RPC_Region": "1", "Year_Built": "2000", "Building": "5 Classroom", "AS_IS_A_Retrofit_R": "R", "Generator_Type": " ", "PreMitigation_Capacity_Spaces": 0, "PreMitigation_Square_Footage": 0, "EHPA_Capacity_Gained_Spaces": 0, "EHPA_Square_Footage_Gained": 0, "Retrofit_Capacity_Gained_Spaces": 686, "Retrofit_Square_Footage_Gained": 11518, "Risk_Capacity_Spaces": 576, "Risk_Square_Footage": 11518, "Planned_Usage_Spaces": 686, "FundingSource_F_Federal_State_S": "HMGP", "Evacuation_Zone": "No", "SURGE_ZONE": "No", "FLOOD_ZONE": "No", "EHPA": "No", "General_Pop": "Yes", "SPECIAL_NEEDS": " ", "Pet_Friendly": "Yes", "Does_not_meet_ARC_4496": " ", "Survey_Needed": " ", "shelter_layer": "general" }, "geometry": { "type": "Point", "coordinates": [ -85.688954706322818, 30.39417873145063 ] } },
{ "type": "Feature", "properties": { "OBJECTID": 65, "Name": "Tommy Smith ES", "Address": "5044 Tommy Smith Way", "City": "Panama City", "Zip": "32404", "COUNTY": "BAY", "X": -85.56411399, "Y": 30.241872, "LONGLAT": "-85.56411399, 30.24187200", "USNG": "16R FU 38157 46459", "FACILITY_TYPE": "SHELTER", "SHELTER_TYPE": "RISK", "RPC_Region": "1", "Year_Built": "1991", "Building": "3 Classroom", "AS_IS_A_Retrofit_R": "R", "Generator_Type": " ", "PreMitigation_Capacity_Spaces": 0, "PreMitigation_Square_Footage": 0, "EHPA_Capacity_Gained_Spaces": 0, "EHPA_Square_Footage_Gained": 0, "Retrofit_Capacity_Gained_Spaces": 426, "Retrofit_Square_Footage_Gained": 8515, "Risk_Capacity_Spaces": 426, "Risk_Square_Footage": 8515, "Planned_Usage_Spaces": 0, "FundingSource_F_Federal_State_S": "HMGP", "Evacuation_Zone": "No", "SURGE_ZONE": "No", "FLOOD_ZONE": "No", "EHPA": "No", "General_Pop": "Yes", "SPECIAL_NEEDS": " ", "Pet_Friendly": "Yes", "Does_not_meet_ARC_4496": " ", "Survey_Needed": " ", "shelter_layer": "general" }, "geometry": { "type": "Point", "coordinates": [ -85.564113988270734, 30.241871997130261 ] } },
{ "type": "Feature", "properties": { "OBJECTID": 66, "Name": "Merriam-Cherry St. ES", "Address": "1125 Cherry St", "City": "Panama City", "Zip": "32401", "COUNTY": "BAY", "X": -85.64585699, "Y": 30.14689699, "LONGLAT": "-85.64585699, 30.14689699", "USNG": "16R FU 30417 35837", "FACILITY_TYPE": "SHELTER", "SHELTER_TYPE": "RISK", "RPC_Region": "1", "Year_Built": "1996", "Building": "11 Multipurpose / Cafeteria", "AS_IS_A_Retrofit_R": "A", "Generator_Type": " ", "PreMitigation_Capacity_Spaces": 0, "PreMitigation_Square_Footage": 0, "EHPA_Capacity_Gained_Spaces": 253, "EHPA_Square_Footage_Gained": 5054, "Retrofit_Capacity_Gained_Spaces": 0, "Retrofit_Square_Footage_Gained": 0, "Risk_Capacity_Spaces": 253, "Risk_Square_Footage": 5054, "Planned_Usage_Spaces": 0, "FundingSource_F_Federal_State_S": "L", "Evacuation_Zone": "C", "SURGE_ZONE": "No", "FLOOD_ZONE": "No", "EHPA": "Yes", "General_Pop": "Yes", "SPECIAL_NEEDS": " ", "Pet_Friendly": "Yes", "Does_not_meet_ARC_4496": " ", "Survey_Needed": "Yes", "shelter_layer": "general" }, "geometry": { "type": "Point", "coordinates": [ -85.645856990273003, 30.14689698687269 ] } },
{ "type": "Feature", "properties": { "OBJECTID": 67, "Name": "Bay HS", "Address": "1204 Harrison Ave", "City": "Panama City", "Zip": "32405", "COUNTY": "BAY", "X": -85.65870603, "Y": 30.170614, "LONGLAT": "-85.65870603, 30.17061400", "USNG": "16R FU 29148 38450", "FACILITY_TYPE": "SHELTER", "SHELTER_TYPE": "RISK", "RPC_Region": "1", "Year_Built": "2001", "Building": "7 Cafeteria", "AS_IS_A_Retrofit_R": "R", "Generator_Type": " ", "PreMitigation_Capacity_Spaces": 0, "PreMitigation_Square_Footage": 0, "EHPA_Capacity_Gained_Spaces": 0, "EHPA_Square_Footage_Gained": 0, "Retrofit_Capacity_Gained_Spaces": 680, "Retrofit_Square_Footage_Gained": 13609, "Risk_Capacity_Spaces": 680, "Risk_Square_Footage": 13609, "Planned_Usage_Spaces": 967, "FundingSource_F_Federal_State_S": " ", "Evacuation_Zone": "No", "SURGE_ZONE": "No", "FLOOD_ZONE": "No", "EHPA": "No", "General_Pop": "Yes", "SPECIAL_NEEDS": " ", "Pet_Friendly": "Yes", "Does_not_meet_ARC_4496": " ", "Survey_Needed": " ", "shelter_layer": "general" }, "geometry": { "type": "Point", "coordinates": [ -85.658706028942447, 30.170614001328936 ] } },
{ "type": "Feature", "properties": { "OBJECTID": 68, "Name": "New Horizons Learning Center", "Address": "3100 Minnesota Ave", "City": "Panama City", "Zip": "32405", "COUNTY": "BAY", "X": -85.64554131, "Y": 30.202286, "LONGLAT": "-85.64554131, 30.20228600", "USNG": "16R FU 30374 41975", "FACILITY_TYPE": "SHELTER", "SHELTER_TYPE": "RISK", "RPC_Region": "1", "Year_Built": "0", "Building": "2", "AS_IS_A_Retrofit_R": "A", "Generator_Type": " ", "PreMitigation_Capacity_Spaces": 0, "PreMitigation_Square_Footage": 0, "EHPA_Capacity_Gained_Spaces": 222, "EHPA_Square_Footage_Gained": 4443, "Retrofit_Capacity_Gained_Spaces": 0, "Retrofit_Square_Footage_Gained": 0, "Risk_Capacity_Spaces": 222, "Risk_Square_Footage": 4443, "Planned_Usage_Spaces": 0, "FundingSource_F_Federal_State_S": "L", "Evacuation_Zone": "No", "SURGE_ZONE": "No", "FLOOD_ZONE": "No", "EHPA": "Yes", "General_Pop": "Yes", "SPECIAL_NEEDS": " ", "Pet_Friendly": "Yes", "Does_not_meet_ARC_4496": " ", "Survey_Needed": "Yes", "shelter_layer": "general" }, "geometry": { "type": "Point", "coordinates": [ -85.64554131185146, 30.202286001439312 ] } },
{ "type": "Feature", "properties": { "OBJECTID": 69, "Name": "Waller ES", "Address": "11332 Hwy 338", "City": "Youngstown", "Zip": "32466", "COUNTY": "BAY", "X": -85.57356, "Y": 30.312275, "LONGLAT": "-85.57356000, 30.31227500", "USNG": "16R FU 37151 54250", "FACILITY_TYPE": "SHELTER", "SHELTER_TYPE": "RISK", "RPC_Region": "1", "Year_Built": "1996", "Building": "3 Cafeteria", "AS_IS_A_Retrofit_R": "R", "Generator_Type": " ", "PreMitigation_Capacity_Spaces": 0, "PreMitigation_Square_Footage": 0, "EHPA_Capacity_Gained_Spaces": 0, "EHPA_Square_Footage_Gained": 0, "Retrofit_Capacity_Gained_Spaces": 82, "Retrofit_Square_Footage_Gained": 1638, "Risk_Capacity_Spaces": 82, "Risk_Square_Footage": 1638, "Planned_Usage_Spaces": 0, "FundingSource_F_Federal_State_S": "L", "Evacuation_Zone": "No", "SURGE_ZONE": "No", "FLOOD_ZONE": "No", "EHPA": "No", "General_Pop": "Yes", "SPECIAL_NEEDS": " ", "Pet_Friendly": "Yes", "Does_not_meet_ARC_4496": " ", "Survey_Needed": " ", "shelter_layer": "general" }, "geometry": { "type": "Point", "coordinates": [ -85.573560000045106, 30.312274999483535 ] } },
{ "type": "Feature", "properties": { "OBJECTID": 70, "Name": "Jinks MS", "Address": "600 W 11th St", "City": "Panama City", "Zip": "32401", "COUNTY": "BAY", "X": -85.66797901, "Y": 30.16873, "LONGLAT": "-85.66797901, 30.16873000", "USNG": "16R FU 28258 38231", "FACILITY_TYPE": "SHELTER", "SHELTER_TYPE": "RISK", "RPC_Region": "1", "Year_Built": "2003", "Building": "6 Band / Classroom", "AS_IS_A_Retrofit_R": "R", "Generator_Type": " ", "PreMitigation_Capacity_Spaces": 0, "PreMitigation_Square_Footage": 0, "EHPA_Capacity_Gained_Spaces": 0, "EHPA_Square_Footage_Gained": 0, "Retrofit_Capacity_Gained_Spaces": 125, "Retrofit_Square_Footage_Gained": 2769, "Risk_Capacity_Spaces": 138, "Risk_Square_Footage": 2769, "Planned_Usage_Spaces": 125, "FundingSource_F_Federal_State_S": "HMGP", "Evacuation_Zone": "No", "SURGE_ZONE": "No", "FLOOD_ZONE": "No", "EHPA": "No", "General_Pop": "Yes", "SPECIAL_NEEDS": " ", "Pet_Friendly": "Yes", "Does_not_meet_ARC_4496": " ", "Survey_Needed": " ", "shelter_layer": "general" }, "geometry": { "type": "Point", "coordinates": [ -85.667979011933525, 30.168730001173138 ] } },
{ "type": "Feature", "properties": { "OBJECTID": 71, "Name": "Rosenwald HS", "Address": "1310 E 11th St", "City": "Panama City", "Zip": "32401", "COUNTY": "BAY", "X": -85.64126698, "Y": 30.16684701, "LONGLAT": "-85.64126698, 30.16684701", "USNG": "16R FU 30833 38053", "FACILITY_TYPE": "SHELTER", "SHELTER_TYPE": "RISK", "RPC_Region": "1", "Year_Built": "2002", "Building": "13 Classroom", "AS_IS_A_Retrofit_R": "R", "Generator_Type": " ", "PreMitigation_Capacity_Spaces": 0, "PreMitigation_Square_Footage": 0, "EHPA_Capacity_Gained_Spaces": 0, "EHPA_Square_Footage_Gained": 0, "Retrofit_Capacity_Gained_Spaces": 175, "Retrofit_Square_Footage_Gained": 3493, "Risk_Capacity_Spaces": 175, "Risk_Square_Footage": 3493, "Planned_Usage_Spaces": 202, "FundingSource_F_Federal_State_S": " ", "Evacuation_Zone": "No", "SURGE_ZONE": "No", "FLOOD_ZONE": "No", "EHPA": "No", "General_Pop": "Yes", "SPECIAL_NEEDS": " ", "Pet_Friendly": "Yes", "Does_not_meet_ARC_4496": " ", "Survey_Needed": " ", "shelter_layer": "general" }, "geometry": { "type": "Point", "coordinates": [ -85.641266976048684, 30.166847006334585 ] } },
{ "type": "Feature", "properties": { "OBJECTID": 359, "Name": "Molino Park ES", "Address": "899 Hwy 97", "City": "Molino", "Zip": "32577", "COUNTY": "ESCAMBIA", "X": -87.36242902, "Y": 30.74042898, "LONGLAT": "-87.36242902, 30.74042898", "USNG": "16R DV 65306 00891", "FACILITY_TYPE": "SHELTER", "SHELTER_TYPE": "RISK", "RPC_Region": "1", "Year_Built": "2002", "Building": "4 Classroom", "AS_IS_A_Retrofit_R": "R", "Generator_Type": " ", "PreMitigation_Capacity_Spaces": 0, "PreMitigation_Square_Footage": 0, "EHPA_Capacity_Gained_Spaces": 0, "EHPA_Square_Footage_Gained": 0, "Retrofit_Capacity_Gained_Spaces": 367, "Retrofit_Square_Footage_Gained": 7331, "Risk_Capacity_Spaces": 367, "Risk_Square_Footage": 7331, "Planned_Usage_Spaces": 307, "FundingSource_F_Federal_State_S": "S", "Evacuation_Zone": "No", "SURGE_ZONE": "No", "FLOOD_ZONE": "No", "EHPA": "No", "General_Pop": "Yes", "SPECIAL_NEEDS": " ", "Pet_Friendly": "Yes", "Does_not_meet_ARC_4496": " ", "Survey_Needed": " ", "shelter_layer": "general" }, "geometry": { "type": "Point", "coordinates": [ -87.362429018627552, 30.740428981160008 ] } },
{ "type": "Feature", "properties": { "OBJECTID": 360, "Name": "Lipscomb ES", "Address": "10200 Ashton Brosnaham Dr", "City": "Pensacola", "Zip": "32534", "COUNTY": "ESCAMBIA", "X": -87.26888103, "Y": 30.55537399, "LONGLAT": "-87.26888103, 30.55537399", "USNG": "16R DU 74212 80358", "FACILITY_TYPE": "SHELTER", "SHELTER_TYPE": "RISK", "RPC_Region": "1", "Year_Built": "1991", "Building": "400 wing Classroom", "AS_IS_A_Retrofit_R": "R", "Generator_Type": "100 kW", "PreMitigation_Capacity_Spaces": 0, "PreMitigation_Square_Footage": 0, "EHPA_Capacity_Gained_Spaces": 0, "EHPA_Square_Footage_Gained": 0, "Retrofit_Capacity_Gained_Spaces": 200, "Retrofit_Square_Footage_Gained": 3990, "Risk_Capacity_Spaces": 200, "Risk_Square_Footage": 3990, "Planned_Usage_Spaces": 0, "FundingSource_F_Federal_State_S": "F,S,L-HMGP", "Evacuation_Zone": "No", "SURGE_ZONE": "No", "FLOOD_ZONE": "No", "EHPA": "No", "General_Pop": "Yes", "SPECIAL_NEEDS": " ", "Pet_Friendly": " ", "Does_not_meet_ARC_4496": " ", "Survey_Needed": " ", "shelter_layer": "general" }, "geometry": { "type": "Point", "coordinates": [ -87.268881027726877, 30.555373993218044 ] } },
{ "type": "Feature", "properties": { "OBJECTID": 361, "Name": "West Pensacola ES", "Address": "801 North 49th Ave", "City": "Pensacola", "Zip": "32506", "COUNTY": "ESCAMBIA", "X": -87.28283598, "Y": 30.42120202, "LONGLAT": "-87.28283598, 30.42120202", "USNG": "16R DU 72837 65493", "FACILITY_TYPE": "SHELTER", "SHELTER_TYPE": "RISK", "RPC_Region": "1", "Year_Built": "2000", "Building": "3 Classroom", "AS_IS_A_Retrofit_R": "R", "Generator_Type": " ", "PreMitigation_Capacity_Spaces": 0, "PreMitigation_Square_Footage": 0, "EHPA_Capacity_Gained_Spaces": 0, "EHPA_Square_Footage_Gained": 0, "Retrofit_Capacity_Gained_Spaces": 227, "Retrofit_Square_Footage_Gained": 4546, "Risk_Capacity_Spaces": 227, "Risk_Square_Footage": 4546, "Planned_Usage_Spaces": 0, "FundingSource_F_Federal_State_S": "S-1435A-2003", "Evacuation_Zone": "No", "SURGE_ZONE": "No", "FLOOD_ZONE": "No", "EHPA": "No", "General_Pop": "Yes", "SPECIAL_NEEDS": " ", "Pet_Friendly": " ", "Does_not_meet_ARC_4496": " ", "Survey_Needed": " ", "shelter_layer": "general" }, "geometry": { "type": "Point", "coordinates": [ -87.282835975093789, 30.421202018981198 ] } },
{ "type": "Feature", "properties": { "OBJECTID": 362, "Name": "Brentwood ES", "Address": "4820 N Palafox St", "City": "Pensacola", "Zip": "32505", "COUNTY": "ESCAMBIA", "X": -87.23997603, "Y": 30.46247602, "LONGLAT": "-87.23997603, 30.46247602", "USNG": "16R DU 76962 70057", "FACILITY_TYPE": "SHELTER", "SHELTER_TYPE": "RISK", "RPC_Region": "1", "Year_Built": "2000", "Building": "5 Classroom", "AS_IS_A_Retrofit_R": "R", "Generator_Type": " ", "PreMitigation_Capacity_Spaces": 0, "PreMitigation_Square_Footage": 0, "EHPA_Capacity_Gained_Spaces": 0, "EHPA_Square_Footage_Gained": 0, "Retrofit_Capacity_Gained_Spaces": 427, "Retrofit_Square_Footage_Gained": 8532, "Risk_Capacity_Spaces": 427, "Risk_Square_Footage": 8532, "Planned_Usage_Spaces": 0, "FundingSource_F_Federal_State_S": "1588-2006", "Evacuation_Zone": "No", "SURGE_ZONE": "No", "FLOOD_ZONE": "No", "EHPA": "No", "General_Pop": "Yes", "SPECIAL_NEEDS": " ", "Pet_Friendly": " ", "Does_not_meet_ARC_4496": " ", "Survey_Needed": " ", "shelter_layer": "general" }, "geometry": { "type": "Point", "coordinates": [ -87.239976034821652, 30.462476019434696 ] } },
{ "type": "Feature", "properties": { "OBJECTID": 363, "Name": "Bellview ES", "Address": "4425 Bellview Ave", "City": "Pensacola", "Zip": "32526", "COUNTY": "ESCAMBIA", "X": -87.30600599, "Y": 30.46807299, "LONGLAT": "-87.30600599, 30.46807299", "USNG": "16R DU 70625 70693", "FACILITY_TYPE": "SHELTER", "SHELTER_TYPE": "RISK", "RPC_Region": "1", "Year_Built": "2000", "Building": "5 Classroom", "AS_IS_A_Retrofit_R": "R", "Generator_Type": " ", "PreMitigation_Capacity_Spaces": 0, "PreMitigation_Square_Footage": 0, "EHPA_Capacity_Gained_Spaces": 0, "EHPA_Square_Footage_Gained": 0, "Retrofit_Capacity_Gained_Spaces": 309, "Retrofit_Square_Footage_Gained": 5420, "Risk_Capacity_Spaces": 309, "Risk_Square_Footage": 5420, "Planned_Usage_Spaces": 0, "FundingSource_F_Federal_State_S": "S-1435A-2003", "Evacuation_Zone": "No", "SURGE_ZONE": "No", "FLOOD_ZONE": "No", "EHPA": "No", "General_Pop": "Yes", "SPECIAL_NEEDS": " ", "Pet_Friendly": " ", "Does_not_meet_ARC_4496": " ", "Survey_Needed": " ", "shelter_layer": "general" }, "geometry": { "type": "Point", "coordinates": [ -87.306005986101155, 30.468072993209567 ] } },
{ "type": "Feature", "properties": { "OBJECTID": 364, "Name": "Beulah ES", "Address": "6201 Helms Rd", "City": "Pensacola", "Zip": "32526", "COUNTY": "ESCAMBIA", "X": -87.35758696000001, "Y": 30.50502202, "LONGLAT": "-87.35758696, 30.50502202", "USNG": "16R DU 65687 74802", "FACILITY_TYPE": "SHELTER", "SHELTER_TYPE": "RISK", "RPC_Region": "1", "Year_Built": "1980", "Building": "Main", "AS_IS_A_Retrofit_R": "R", "Generator_Type": " ", "PreMitigation_Capacity_Spaces": 0, "PreMitigation_Square_Footage": 0, "EHPA_Capacity_Gained_Spaces": 0, "EHPA_Square_Footage_Gained": 0, "Retrofit_Capacity_Gained_Spaces": 0, "Retrofit_Square_Footage_Gained": 0, "Risk_Capacity_Spaces": 1439, "Risk_Square_Footage": 28773, "Planned_Usage_Spaces": 0, "FundingSource_F_Federal_State_S": "L,S,F-HMGP", "Evacuation_Zone": "No", "SURGE_ZONE": "No", "FLOOD_ZONE": "No", "EHPA": "No", "General_Pop": "Yes", "SPECIAL_NEEDS": " ", "Pet_Friendly": " ", "Does_not_meet_ARC_4496": " ", "Survey_Needed": " ", "shelter_layer": "general" }, "geometry": { "type": "Point", "coordinates": [ -87.357586961322198, 30.505022015142647 ] } },
{ "type": "Feature", "properties": { "OBJECTID": 365, "Name": "Blue Angel ES", "Address": "1551 Dog Track Rd", "City": "Pensacola", "Zip": "32506", "COUNTY": "ESCAMBIA", "X": -87.35876202, "Y": 30.38642299, "LONGLAT": "-87.35876202, 30.38642299", "USNG": "16R DU 65532 61659", "FACILITY_TYPE": "SHELTER", "SHELTER_TYPE": "RISK", "RPC_Region": "1", "Year_Built": "1999", "Building": "400 wing Classroom", "AS_IS_A_Retrofit_R": "R", "Generator_Type": "100 kW", "PreMitigation_Capacity_Spaces": 0, "PreMitigation_Square_Footage": 0, "EHPA_Capacity_Gained_Spaces": 0, "EHPA_Square_Footage_Gained": 0, "Retrofit_Capacity_Gained_Spaces": 419, "Retrofit_Square_Footage_Gained": 7701, "Risk_Capacity_Spaces": 419, "Risk_Square_Footage": 7701, "Planned_Usage_Spaces": 0, "FundingSource_F_Federal_State_S": "L", "Evacuation_Zone": "No", "SURGE_ZONE": "No", "FLOOD_ZONE": "No", "EHPA": "No", "General_Pop": "Yes", "SPECIAL_NEEDS": " ", "Pet_Friendly": " ", "Does_not_meet_ARC_4496": " ", "Survey_Needed": " ", "shelter_layer": "general" }, "geometry": { "type": "Point", "coordinates": [ -87.358762020249841, 30.386422988413159 ] } },
{ "type": "Feature", "properties": { "OBJECTID": 366, "Name": "University of West Florida", "Address": "11000 University Pkwy", "City": "Pensacola", "Zip": "32514", "COUNTY": "ESCAMBIA", "X": -87.22140702, "Y": 30.54545502, "LONGLAT": "-87.22140702, 30.54545502", "USNG": "16R DU 78763 79249", "FACILITY_TYPE": "SHELTER", "SHELTER_TYPE": "RISK", "RPC_Region": "1", "Year_Built": "1967", "Building": "13 Environmental Studies", "AS_IS_A_Retrofit_R": " ", "Generator_Type": " ", "PreMitigation_Capacity_Spaces": 0, "PreMitigation_Square_Footage": 0, "EHPA_Capacity_Gained_Spaces": 0, "EHPA_Square_Footage_Gained": 0, "Retrofit_Capacity_Gained_Spaces": 389, "Retrofit_Square_Footage_Gained": 5364, "Risk_Capacity_Spaces": 389, "Risk_Square_Footage": 5364, "Planned_Usage_Spaces": 0, "FundingSource_F_Federal_State_S": "S-1523-2002", "Evacuation_Zone": "No", "SURGE_ZONE": "No", "FLOOD_ZONE": "No", "EHPA": "No", "General_Pop": "Yes", "SPECIAL_NEEDS": " ", "Pet_Friendly": " ", "Does_not_meet_ARC_4496": " ", "Survey_Needed": "Yes", "shelter_layer": "general" }, "geometry": { "type": "Point", "coordinates": [ -87.221407018269474, 30.545455015877501 ] } },
{ "type": "Feature", "properties": { "OBJECTID": 367, "Name": "Ferry Pass MS", "Address": "8355 Yancey Ave", "City": "Pensacola", "Zip": "32514", "COUNTY": "ESCAMBIA", "X": -87.19762102, "Y": 30.51376698, "LONGLAT": "-87.19762102, 30.51376698", "USNG": "16R DU 81038 75733", "FACILITY_TYPE": "SHELTER", "SHELTER_TYPE": "RISK", "RPC_Region": "1", "Year_Built": "2010", "Building": "8 Gym", "AS_IS_A_Retrofit_R": "A", "Generator_Type": " ", "PreMitigation_Capacity_Spaces": 617, "PreMitigation_Square_Footage": 12344, "EHPA_Capacity_Gained_Spaces": 0, "EHPA_Square_Footage_Gained": 0, "Retrofit_Capacity_Gained_Spaces": 0, "Retrofit_Square_Footage_Gained": 0, "Risk_Capacity_Spaces": 617, "Risk_Square_Footage": 12344, "Planned_Usage_Spaces": 0, "FundingSource_F_Federal_State_S": " ", "Evacuation_Zone": "No", "SURGE_ZONE": "No", "FLOOD_ZONE": "No", "EHPA": "No", "General_Pop": "Yes", "SPECIAL_NEEDS": " ", "Pet_Friendly": " ", "Does_not_meet_ARC_4496": " ", "Survey_Needed": "Yes", "shelter_layer": "general" }, "geometry": { "type": "Point", "coordinates": [ -87.197621020864702, 30.513766980360195 ] } },
{ "type": "Feature", "properties": { "OBJECTID": 368, "Name": "Pensacola HS", "Address": "500 W Maxwell St", "City": "Pensacola", "Zip": "32501", "COUNTY": "ESCAMBIA", "X": -87.22536998, "Y": 30.43587002, "LONGLAT": "-87.22536998, 30.43587002", "USNG": "16R DU 78359 67106", "FACILITY_TYPE": "SHELTER", "SHELTER_TYPE": "RISK", "RPC_Region": "1", "Year_Built": "2006", "Building": "5 Gym", "AS_IS_A_Retrofit_R": "A", "Generator_Type": " ", "PreMitigation_Capacity_Spaces": 0, "PreMitigation_Square_Footage": 0, "EHPA_Capacity_Gained_Spaces": 746, "EHPA_Square_Footage_Gained": 15179, "Retrofit_Capacity_Gained_Spaces": 0, "Retrofit_Square_Footage_Gained": 0, "Risk_Capacity_Spaces": 746, "Risk_Square_Footage": 15179, "Planned_Usage_Spaces": 0, "FundingSource_F_Federal_State_S": "L", "Evacuation_Zone": "No", "SURGE_ZONE": "No", "FLOOD_ZONE": "No", "EHPA": "Yes", "General_Pop": "Yes", "SPECIAL_NEEDS": " ", "Pet_Friendly": " ", "Does_not_meet_ARC_4496": " ", "Survey_Needed": "Yes", "shelter_layer": "general" }, "geometry": { "type": "Point", "coordinates": [ -87.225369981797428, 30.435870014233213 ] } },
{ "type": "Feature", "properties": { "OBJECTID": 369, "Name": "Lipscomb ES", "Address": "10200 Ashton Brosnaham Dr", "City": "Pensacola", "Zip": "32534", "COUNTY": "ESCAMBIA", "X": -87.26888103, "Y": 30.55537399, "LONGLAT": "-87.26888103, 30.55537399", "USNG": "16R DU 74212 80358", "FACILITY_TYPE": "SHELTER", "SHELTER_TYPE": "RISK", "RPC_Region": "1", "Year_Built": "1991", "Building": "100 South wing Art / Admin", "AS_IS_A_Retrofit_R": "R", "Generator_Type": "100 kW", "PreMitigation_Capacity_Spaces": 0, "PreMitigation_Square_Footage": 0, "EHPA_Capacity_Gained_Spaces": 0, "EHPA_Square_Footage_Gained": 0, "Retrofit_Capacity_Gained_Spaces": 105, "Retrofit_Square_Footage_Gained": 2102, "Risk_Capacity_Spaces": 105, "Risk_Square_Footage": 2102, "Planned_Usage_Spaces": 0, "FundingSource_F_Federal_State_S": "F,S,L-HMGP", "Evacuation_Zone": "No", "SURGE_ZONE": "No", "FLOOD_ZONE": "No", "EHPA": "No", "General_Pop": "Yes", "SPECIAL_NEEDS": " ", "Pet_Friendly": " ", "Does_not_meet_ARC_4496": " ", "Survey_Needed": " ", "shelter_layer": "general" }, "geometry": { "type": "Point", "coordinates": [ -87.268881027726877, 30.555373993218044 ] } },
{ "type": "Feature", "properties": { "OBJECTID": 370, "Name": "Lipscomb ES", "Address": "10200 Ashton Brosnaham Dr", "City": "Pensacola", "Zip": "32534", "COUNTY": "ESCAMBIA", "X": -87.26888103, "Y": 30.55537399, "LONGLAT": "-87.26888103, 30.55537399", "USNG": "16R DU 74212 80358", "FACILITY_TYPE": "SHELTER", "SHELTER_TYPE": "RISK", "RPC_Region": "1", "Year_Built": "1991", "Building": "200 wing Classroom", "AS_IS_A_Retrofit_R": "R", "Generator_Type": "100 kW", "PreMitigation_Capacity_Spaces": 0, "PreMitigation_Square_Footage": 0, "EHPA_Capacity_Gained_Spaces": 0, "EHPA_Square_Footage_Gained": 0, "Retrofit_Capacity_Gained_Spaces": 252, "Retrofit_Square_Footage_Gained": 5049, "Risk_Capacity_Spaces": 252, "Risk_Square_Footage": 5049, "Planned_Usage_Spaces": 0, "FundingSource_F_Federal_State_S": "F,S,L-HMGP", "Evacuation_Zone": "No", "SURGE_ZONE": "No", "FLOOD_ZONE": "No", "EHPA": "No", "General_Pop": "Yes", "SPECIAL_NEEDS": " ", "Pet_Friendly": " ", "Does_not_meet_ARC_4496": " ", "Survey_Needed": " ", "shelter_layer": "general" }, "geometry": { "type": "Point", "coordinates": [ -87.268881027726877, 30.555373993218044 ] } },
{ "type": "Feature", "properties": { "OBJECTID": 371, "Name": "Blue Angel ES", "Address": "1551 Dog Track Rd", "City": "Pensacola", "Zip": "32506", "COUNTY": "ESCAMBIA", "X": -87.35876202, "Y": 30.38642299, "LONGLAT": "-87.35876202, 30.38642299", "USNG": "16R DU 65532 61659", "FACILITY_TYPE": "SHELTER", "SHELTER_TYPE": "RISK", "RPC_Region": "1", "Year_Built": "1999", "Building": "500 wing Classroom", "AS_IS_A_Retrofit_R": "R", "Generator_Type": "100 kW", "PreMitigation_Capacity_Spaces": 0, "PreMitigation_Square_Footage": 0, "EHPA_Capacity_Gained_Spaces": 0, "EHPA_Square_Footage_Gained": 0, "Retrofit_Capacity_Gained_Spaces": 463, "Retrofit_Square_Footage_Gained": 7842, "Risk_Capacity_Spaces": 463, "Risk_Square_Footage": 7842, "Planned_Usage_Spaces": 0, "FundingSource_F_Federal_State_S": "L", "Evacuation_Zone": "No", "SURGE_ZONE": "No", "FLOOD_ZONE": "AE", "EHPA": "No", "General_Pop": "Yes", "SPECIAL_NEEDS": " ", "Pet_Friendly": " ", "Does_not_meet_ARC_4496": " ", "Survey_Needed": " ", "shelter_layer": "general" }, "geometry": { "type": "Point", "coordinates": [ -87.358762020249841, 30.386422988413159 ] } },
{ "type": "Feature", "properties": { "OBJECTID": 372, "Name": "Molino Park ES", "Address": "899 Hwy 97", "City": "Molino", "Zip": "32577", "COUNTY": "ESCAMBIA", "X": -87.36242902, "Y": 30.74042898, "LONGLAT": "-87.36242902, 30.74042898", "USNG": "16R DV 65306 00891", "FACILITY_TYPE": "SHELTER", "SHELTER_TYPE": "RISK", "RPC_Region": "1", "Year_Built": "2002", "Building": "2 Art / Classroom", "AS_IS_A_Retrofit_R": "R", "Generator_Type": " ", "PreMitigation_Capacity_Spaces": 0, "PreMitigation_Square_Footage": 0, "EHPA_Capacity_Gained_Spaces": 0, "EHPA_Square_Footage_Gained": 0, "Retrofit_Capacity_Gained_Spaces": 315, "Retrofit_Square_Footage_Gained": 6295, "Risk_Capacity_Spaces": 315, "Risk_Square_Footage": 6295, "Planned_Usage_Spaces": 307, "FundingSource_F_Federal_State_S": "S", "Evacuation_Zone": "No", "SURGE_ZONE": "No", "FLOOD_ZONE": "No", "EHPA": "No", "General_Pop": "Yes", "SPECIAL_NEEDS": " ", "Pet_Friendly": "Yes", "Does_not_meet_ARC_4496": " ", "Survey_Needed": " ", "shelter_layer": "general" }, "geometry": { "type": "Point", "coordinates": [ -87.362429018627552, 30.740428981160008 ] } },
{ "type": "Feature", "properties": { "OBJECTID": 373, "Name": "Bailey MS", "Address": "4001 Bauer Rd", "City": "Pensacola", "Zip": "32506", "COUNTY": "ESCAMBIA", "X": -87.40308907, "Y": 30.34669463, "LONGLAT": "-87.40308907, 30.34669463", "USNG": "16R DU 61258 57271", "FACILITY_TYPE": "SHELTER", "SHELTER_TYPE": "RISK", "RPC_Region": "1", "Year_Built": "1993", "Building": "5 Music", "AS_IS_A_Retrofit_R": "R", "Generator_Type": " ", "PreMitigation_Capacity_Spaces": 0, "PreMitigation_Square_Footage": 0, "EHPA_Capacity_Gained_Spaces": 0, "EHPA_Square_Footage_Gained": 0, "Retrofit_Capacity_Gained_Spaces": 662, "Retrofit_Square_Footage_Gained": 13234, "Risk_Capacity_Spaces": 662, "Risk_Square_Footage": 13234, "Planned_Usage_Spaces": 320, "FundingSource_F_Federal_State_S": "S-1435A-2003", "Evacuation_Zone": "No", "SURGE_ZONE": "No", "FLOOD_ZONE": "No", "EHPA": "No", "General_Pop": "Yes", "SPECIAL_NEEDS": " ", "Pet_Friendly": " ", "Does_not_meet_ARC_4496": " ", "Survey_Needed": " ", "shelter_layer": "general" }, "geometry": { "type": "Point", "coordinates": [ -87.403089071920988, 30.346694631330678 ] } },
{ "type": "Feature", "properties": { "OBJECTID": 374, "Name": "University of West Florida", "Address": "11000 University Pkwy", "City": "Pensacola", "Zip": "32514", "COUNTY": "ESCAMBIA", "X": -87.22140702, "Y": 30.54545502, "LONGLAT": "-87.22140702, 30.54545502", "USNG": "16R DU 78763 79249", "FACILITY_TYPE": "SHELTER", "SHELTER_TYPE": "RISK", "RPC_Region": "1", "Year_Built": "2004", "Building": "72 Health, Leisure, Sport Facility", "AS_IS_A_Retrofit_R": "R", "Generator_Type": " ", "PreMitigation_Capacity_Spaces": 0, "PreMitigation_Square_Footage": 0, "EHPA_Capacity_Gained_Spaces": 0, "EHPA_Square_Footage_Gained": 0, "Retrofit_Capacity_Gained_Spaces": 2369, "Retrofit_Square_Footage_Gained": 47380, "Risk_Capacity_Spaces": 2369, "Risk_Square_Footage": 47380, "Planned_Usage_Spaces": 2268, "FundingSource_F_Federal_State_S": "S-1588-2006", "Evacuation_Zone": "No", "SURGE_ZONE": "No", "FLOOD_ZONE": "No", "EHPA": "No", "General_Pop": "Yes", "SPECIAL_NEEDS": " ", "Pet_Friendly": " ", "Does_not_meet_ARC_4496": " ", "Survey_Needed": "Yes", "shelter_layer": "general" }, "geometry": { "type": "Point", "coordinates": [ -87.221407018269474, 30.545455015877501 ] } },
{ "type": "Feature", "properties": { "OBJECTID": 375, "Name": "Bailey MS", "Address": "4001 Bauer Rd", "City": "Pensacola", "Zip": "32506", "COUNTY": "ESCAMBIA", "X": -87.40308907, "Y": 30.34669463, "LONGLAT": "-87.40308907, 30.34669463", "USNG": "16R DU 61258 57271", "FACILITY_TYPE": "SHELTER", "SHELTER_TYPE": "RISK", "RPC_Region": "1", "Year_Built": "1993", "Building": "7 Classroom 1st Floor", "AS_IS_A_Retrofit_R": "R", "Generator_Type": " ", "PreMitigation_Capacity_Spaces": 0, "PreMitigation_Square_Footage": 0, "EHPA_Capacity_Gained_Spaces": 0, "EHPA_Square_Footage_Gained": 0, "Retrofit_Capacity_Gained_Spaces": 486, "Retrofit_Square_Footage_Gained": 9726, "Risk_Capacity_Spaces": 486, "Risk_Square_Footage": 9726, "Planned_Usage_Spaces": 320, "FundingSource_F_Federal_State_S": "S-1435A-2003", "Evacuation_Zone": "No", "SURGE_ZONE": "No", "FLOOD_ZONE": "No", "EHPA": "No", "General_Pop": "Yes", "SPECIAL_NEEDS": " ", "Pet_Friendly": " ", "Does_not_meet_ARC_4496": " ", "Survey_Needed": " ", "shelter_layer": "general" }, "geometry": { "type": "Point", "coordinates": [ -87.403089071920988, 30.346694631330678 ] } },
{ "type": "Feature", "properties": { "OBJECTID": 376, "Name": "Jim Allen ES", "Address": "1051 Hwy 95A N", "City": "Cantonment", "Zip": "32533", "COUNTY": "ESCAMBIA", "X": -87.3222458, "Y": 30.62528131, "LONGLAT": "-87.32224580, 30.62528131", "USNG": "16R DU 69116 88119", "FACILITY_TYPE": "SHELTER", "SHELTER_TYPE": "RISK", "RPC_Region": "1", "Year_Built": "2001", "Building": "6 Classroom", "AS_IS_A_Retrofit_R": "R", "Generator_Type": " ", "PreMitigation_Capacity_Spaces": 0, "PreMitigation_Square_Footage": 0, "EHPA_Capacity_Gained_Spaces": 0, "EHPA_Square_Footage_Gained": 0, "Retrofit_Capacity_Gained_Spaces": 293, "Retrofit_Square_Footage_Gained": 5077, "Risk_Capacity_Spaces": 293, "Risk_Square_Footage": 5077, "Planned_Usage_Spaces": 0, "FundingSource_F_Federal_State_S": "F,S,L-HMGP", "Evacuation_Zone": "No", "SURGE_ZONE": "No", "FLOOD_ZONE": "No", "EHPA": "No", "General_Pop": "Yes", "SPECIAL_NEEDS": " ", "Pet_Friendly": " ", "Does_not_meet_ARC_4496": " ", "Survey_Needed": " ", "shelter_layer": "general" }, "geometry": { "type": "Point", "coordinates": [ -87.322245801112501, 30.62528130896029 ] } },
{ "type": "Feature", "properties": { "OBJECTID": 377, "Name": "Escambia Wesgate Center", "Address": "10050 Ashton Brosnaham Rd", "City": "Pensacola", "Zip": "32534", "COUNTY": "ESCAMBIA", "X": -87.26940297, "Y": 30.54973901, "LONGLAT": "-87.26940297, 30.54973901", "USNG": "16R DU 74161 79734", "FACILITY_TYPE": "SHELTER", "SHELTER_TYPE": "RISK", "RPC_Region": "1", "Year_Built": "2000", "Building": "6 ESE", "AS_IS_A_Retrofit_R": "R", "Generator_Type": " ", "PreMitigation_Capacity_Spaces": 0, "PreMitigation_Square_Footage": 0, "EHPA_Capacity_Gained_Spaces": 0, "EHPA_Square_Footage_Gained": 0, "Retrofit_Capacity_Gained_Spaces": 400, "Retrofit_Square_Footage_Gained": 8008, "Risk_Capacity_Spaces": 400, "Risk_Square_Footage": 8008, "Planned_Usage_Spaces": 0, "FundingSource_F_Federal_State_S": "1588-2006", "Evacuation_Zone": "No", "SURGE_ZONE": "No", "FLOOD_ZONE": "No", "EHPA": "No", "General_Pop": "Yes", "SPECIAL_NEEDS": " ", "Pet_Friendly": " ", "Does_not_meet_ARC_4496": " ", "Survey_Needed": " ", "shelter_layer": "general" }, "geometry": { "type": "Point", "coordinates": [ -87.269402968802552, 30.549739007040426 ] } },
{ "type": "Feature", "properties": { "OBJECTID": 378, "Name": "Navy Point ES", "Address": "1321 Patton Dr", "City": "Pensacola", "Zip": "32507", "COUNTY": "ESCAMBIA", "X": -87.29001298, "Y": 30.388869, "LONGLAT": "-87.29001298, 30.38886900", "USNG": "16R DU 72138 61912", "FACILITY_TYPE": "SHELTER", "SHELTER_TYPE": "RISK", "RPC_Region": "1", "Year_Built": "1953", "Building": "5", "AS_IS_A_Retrofit_R": "R", "Generator_Type": " ", "PreMitigation_Capacity_Spaces": 0, "PreMitigation_Square_Footage": 0, "EHPA_Capacity_Gained_Spaces": 0, "EHPA_Square_Footage_Gained": 0, "Retrofit_Capacity_Gained_Spaces": 148, "Retrofit_Square_Footage_Gained": 2950, "Risk_Capacity_Spaces": 148, "Risk_Square_Footage": 2950, "Planned_Usage_Spaces": 0, "FundingSource_F_Federal_State_S": " ", "Evacuation_Zone": "No", "SURGE_ZONE": "No", "FLOOD_ZONE": "No", "EHPA": "No", "General_Pop": "Yes", "SPECIAL_NEEDS": " ", "Pet_Friendly": " ", "Does_not_meet_ARC_4496": " ", "Survey_Needed": "Yes", "shelter_layer": "general" }, "geometry": { "type": "Point", "coordinates": [ -87.290012979740808, 30.388868995413805 ] } },
{ "type": "Feature", "properties": { "OBJECTID": 379, "Name": "Bailey MS", "Address": "4001 Bauer Rd", "City": "Pensacola", "Zip": "32506", "COUNTY": "ESCAMBIA", "X": -87.40308907, "Y": 30.34669463, "LONGLAT": "-87.40308907, 30.34669463", "USNG": "16R DU 61258 57271", "FACILITY_TYPE": "SHELTER", "SHELTER_TYPE": "RISK", "RPC_Region": "1", "Year_Built": "1993", "Building": "2 Media", "AS_IS_A_Retrofit_R": "R", "Generator_Type": " ", "PreMitigation_Capacity_Spaces": 0, "PreMitigation_Square_Footage": 0, "EHPA_Capacity_Gained_Spaces": 0, "EHPA_Square_Footage_Gained": 0, "Retrofit_Capacity_Gained_Spaces": 99, "Retrofit_Square_Footage_Gained": 1989, "Risk_Capacity_Spaces": 99, "Risk_Square_Footage": 1989, "Planned_Usage_Spaces": 320, "FundingSource_F_Federal_State_S": "S-1435A-2003", "Evacuation_Zone": "No", "SURGE_ZONE": "No", "FLOOD_ZONE": "No", "EHPA": "No", "General_Pop": "Yes", "SPECIAL_NEEDS": " ", "Pet_Friendly": " ", "Does_not_meet_ARC_4496": " ", "Survey_Needed": " ", "shelter_layer": "general" }, "geometry": { "type": "Point", "coordinates": [ -87.403089071920988, 30.346694631330678 ] } },
{ "type": "Feature", "properties": { "OBJECTID": 380, "Name": "Bailey MS", "Address": "4001 Bauer Rd", "City": "Pensacola", "Zip": "32506", "COUNTY": "ESCAMBIA", "X": -87.40308907, "Y": 30.34669463, "LONGLAT": "-87.40308907, 30.34669463", "USNG": "16R DU 61258 57271", "FACILITY_TYPE": "SHELTER", "SHELTER_TYPE": "RISK", "RPC_Region": "1", "Year_Built": "1993", "Building": "9 Gym", "AS_IS_A_Retrofit_R": "R", "Generator_Type": " ", "PreMitigation_Capacity_Spaces": 0, "PreMitigation_Square_Footage": 0, "EHPA_Capacity_Gained_Spaces": 0, "EHPA_Square_Footage_Gained": 0, "Retrofit_Capacity_Gained_Spaces": 806, "Retrofit_Square_Footage_Gained": 16115, "Risk_Capacity_Spaces": 806, "Risk_Square_Footage": 16115, "Planned_Usage_Spaces": 320, "FundingSource_F_Federal_State_S": "S-1435A-2003", "Evacuation_Zone": "No", "SURGE_ZONE": "No", "FLOOD_ZONE": "No", "EHPA": "No", "General_Pop": "Yes", "SPECIAL_NEEDS": " ", "Pet_Friendly": " ", "Does_not_meet_ARC_4496": " ", "Survey_Needed": " ", "shelter_layer": "general" }, "geometry": { "type": "Point", "coordinates": [ -87.403089071920988, 30.346694631330678 ] } },
{ "type": "Feature", "properties": { "OBJECTID": 381, "Name": "Molino Park ES", "Address": "899 Hwy 97", "City": "Molino", "Zip": "32577", "COUNTY": "ESCAMBIA", "X": -87.36242902, "Y": 30.74042898, "LONGLAT": "-87.36242902, 30.74042898", "USNG": "16R DV 65306 00891", "FACILITY_TYPE": "SHELTER", "SHELTER_TYPE": "RISK", "RPC_Region": "1", "Year_Built": "2002", "Building": "1 Admin / Cafeteria / Media", "AS_IS_A_Retrofit_R": "A", "Generator_Type": " ", "PreMitigation_Capacity_Spaces": 0, "PreMitigation_Square_Footage": 0, "EHPA_Capacity_Gained_Spaces": 683, "EHPA_Square_Footage_Gained": 13651, "Retrofit_Capacity_Gained_Spaces": 0, "Retrofit_Square_Footage_Gained": 0, "Risk_Capacity_Spaces": 683, "Risk_Square_Footage": 13651, "Planned_Usage_Spaces": 307, "FundingSource_F_Federal_State_S": "L", "Evacuation_Zone": "No", "SURGE_ZONE": "No", "FLOOD_ZONE": "No", "EHPA": "Yes", "General_Pop": "Yes", "SPECIAL_NEEDS": " ", "Pet_Friendly": "Yes", "Does_not_meet_ARC_4496": " ", "Survey_Needed": " ", "shelter_layer": "general" }, "geometry": { "type": "Point", "coordinates": [ -87.362429018627552, 30.740428981160008 ] } },
{ "type": "Feature", "properties": { "OBJECTID": 382, "Name": "Bailey MS", "Address": "4001 Bauer Rd", "City": "Pensacola", "Zip": "32506", "COUNTY": "ESCAMBIA", "X": -87.40308907, "Y": 30.34669463, "LONGLAT": "-87.40308907, 30.34669463", "USNG": "16R DU 61258 57271", "FACILITY_TYPE": "SHELTER", "SHELTER_TYPE": "RISK", "RPC_Region": "1", "Year_Built": "1993", "Building": "6 Classroom", "AS_IS_A_Retrofit_R": "R", "Generator_Type": " ", "PreMitigation_Capacity_Spaces": 0, "PreMitigation_Square_Footage": 0, "EHPA_Capacity_Gained_Spaces": 0, "EHPA_Square_Footage_Gained": 0, "Retrofit_Capacity_Gained_Spaces": 618, "Retrofit_Square_Footage_Gained": 12357, "Risk_Capacity_Spaces": 618, "Risk_Square_Footage": 12357, "Planned_Usage_Spaces": 320, "FundingSource_F_Federal_State_S": "S-1435A-2003", "Evacuation_Zone": "No", "SURGE_ZONE": "No", "FLOOD_ZONE": "No", "EHPA": "No", "General_Pop": "Yes", "SPECIAL_NEEDS": " ", "Pet_Friendly": " ", "Does_not_meet_ARC_4496": " ", "Survey_Needed": " ", "shelter_layer": "general" }, "geometry": { "type": "Point", "coordinates": [ -87.403089071920988, 30.346694631330678 ] } },
{ "type": "Feature", "properties": { "OBJECTID": 383, "Name": "Workman MS", "Address": "6299 Lanier Dr", "City": "Pensacola", "Zip": "32504", "COUNTY": "ESCAMBIA", "X": -87.20733003, "Y": 30.48657001, "LONGLAT": "-87.20733003, 30.48657001", "USNG": "16R DU 80101 72721", "FACILITY_TYPE": "SHELTER", "SHELTER_TYPE": "RISK", "RPC_Region": "1", "Year_Built": "1996", "Building": "7 Classroom", "AS_IS_A_Retrofit_R": "R", "Generator_Type": " ", "PreMitigation_Capacity_Spaces": 81, "PreMitigation_Square_Footage": 1620, "EHPA_Capacity_Gained_Spaces": 0, "EHPA_Square_Footage_Gained": 0, "Retrofit_Capacity_Gained_Spaces": 286, "Retrofit_Square_Footage_Gained": 7150, "Risk_Capacity_Spaces": 286, "Risk_Square_Footage": 7150, "Planned_Usage_Spaces": 0, "FundingSource_F_Federal_State_S": "S-1435A-2003", "Evacuation_Zone": "No", "SURGE_ZONE": "No", "FLOOD_ZONE": "No", "EHPA": "No", "General_Pop": "Yes", "SPECIAL_NEEDS": " ", "Pet_Friendly": " ", "Does_not_meet_ARC_4496": " ", "Survey_Needed": "Yes", "shelter_layer": "general" }, "geometry": { "type": "Point", "coordinates": [ -87.207330031083345, 30.486570009330869 ] } },
{ "type": "Feature", "properties": { "OBJECTID": 384, "Name": "Sherwood ES", "Address": "501 Cherokee Tr", "City": "Pensacola", "Zip": "32506", "COUNTY": "ESCAMBIA", "X": -87.29048999, "Y": 30.43563, "LONGLAT": "-87.29048999, 30.43563000", "USNG": "16R DU 72106 67094", "FACILITY_TYPE": "SHELTER", "SHELTER_TYPE": "RISK", "RPC_Region": "1", "Year_Built": "2001", "Building": "10 Classroom", "AS_IS_A_Retrofit_R": "R", "Generator_Type": " ", "PreMitigation_Capacity_Spaces": 0, "PreMitigation_Square_Footage": 0, "EHPA_Capacity_Gained_Spaces": 0, "EHPA_Square_Footage_Gained": 0, "Retrofit_Capacity_Gained_Spaces": 212, "Retrofit_Square_Footage_Gained": 3643, "Risk_Capacity_Spaces": 212, "Risk_Square_Footage": 3643, "Planned_Usage_Spaces": 0, "FundingSource_F_Federal_State_S": "S-1435A-2003", "Evacuation_Zone": "No", "SURGE_ZONE": "No", "FLOOD_ZONE": "No", "EHPA": "No", "General_Pop": "Yes", "SPECIAL_NEEDS": " ", "Pet_Friendly": " ", "Does_not_meet_ARC_4496": " ", "Survey_Needed": " ", "shelter_layer": "general" }, "geometry": { "type": "Point", "coordinates": [ -87.290489993849818, 30.435629997893809 ] } },
{ "type": "Feature", "properties": { "OBJECTID": 385, "Name": "Global Learning Academy", "Address": "100 North P St", "City": "Pensacola", "Zip": "32505", "COUNTY": "ESCAMBIA", "X": -87.24270964, "Y": 30.41404429, "LONGLAT": "-87.24270964, 30.41404429", "USNG": "16R DU 76688 64691", "FACILITY_TYPE": "SHELTER", "SHELTER_TYPE": "RISK", "RPC_Region": "1", "Year_Built": "2010", "Building": "1 Main", "AS_IS_A_Retrofit_R": "A", "Generator_Type": " ", "PreMitigation_Capacity_Spaces": 2559, "PreMitigation_Square_Footage": 51189, "EHPA_Capacity_Gained_Spaces": 0, "EHPA_Square_Footage_Gained": 0, "Retrofit_Capacity_Gained_Spaces": 0, "Retrofit_Square_Footage_Gained": 0, "Risk_Capacity_Spaces": 2559, "Risk_Square_Footage": 51189, "Planned_Usage_Spaces": 2050, "FundingSource_F_Federal_State_S": " ", "Evacuation_Zone": "No", "SURGE_ZONE": "No", "FLOOD_ZONE": "No", "EHPA": "No", "General_Pop": "Yes", "SPECIAL_NEEDS": " ", "Pet_Friendly": " ", "Does_not_meet_ARC_4496": " ", "Survey_Needed": "Yes", "shelter_layer": "general" }, "geometry": { "type": "Point", "coordinates": [ -87.242709643354175, 30.414044288311494 ] } },
{ "type": "Feature", "properties": { "OBJECTID": 386, "Name": "Tate HS", "Address": "1771 Tate Rd", "City": "Cantonment", "Zip": "32533", "COUNTY": "ESCAMBIA", "X": -87.2989943, "Y": 30.57673546, "LONGLAT": "-87.29899430, 30.57673546", "USNG": "16R DU 71330 82733", "FACILITY_TYPE": "SHELTER", "SHELTER_TYPE": "RISK", "RPC_Region": "1", "Year_Built": "1993", "Building": "38 Gym", "AS_IS_A_Retrofit_R": "R", "Generator_Type": " ", "PreMitigation_Capacity_Spaces": 0, "PreMitigation_Square_Footage": 0, "EHPA_Capacity_Gained_Spaces": 0, "EHPA_Square_Footage_Gained": 0, "Retrofit_Capacity_Gained_Spaces": 1300, "Retrofit_Square_Footage_Gained": 26000, "Risk_Capacity_Spaces": 1300, "Risk_Square_Footage": 26000, "Planned_Usage_Spaces": 0, "FundingSource_F_Federal_State_S": "S-1508-2005", "Evacuation_Zone": "No", "SURGE_ZONE": "No", "FLOOD_ZONE": "No", "EHPA": "No", "General_Pop": "Yes", "SPECIAL_NEEDS": " ", "Pet_Friendly": " ", "Does_not_meet_ARC_4496": " ", "Survey_Needed": " ", "shelter_layer": "general" }, "geometry": { "type": "Point", "coordinates": [ -87.298994300857771, 30.576735459022959 ] } },
{ "type": "Feature", "properties": { "OBJECTID": 387, "Name": "Lipscomb ES", "Address": "10200 Ashton Brosnaham Dr", "City": "Pensacola", "Zip": "32534", "COUNTY": "ESCAMBIA", "X": -87.26888103, "Y": 30.55537399, "LONGLAT": "-87.26888103, 30.55537399", "USNG": "16R DU 74212 80358", "FACILITY_TYPE": "SHELTER", "SHELTER_TYPE": "RISK", "RPC_Region": "1", "Year_Built": "1991", "Building": "600 wing Classroom", "AS_IS_A_Retrofit_R": "R", "Generator_Type": "100 kW", "PreMitigation_Capacity_Spaces": 0, "PreMitigation_Square_Footage": 0, "EHPA_Capacity_Gained_Spaces": 0, "EHPA_Square_Footage_Gained": 0, "Retrofit_Capacity_Gained_Spaces": 330, "Retrofit_Square_Footage_Gained": 6598, "Risk_Capacity_Spaces": 330, "Risk_Square_Footage": 6598, "Planned_Usage_Spaces": 0, "FundingSource_F_Federal_State_S": "F,S,L-HMGP", "Evacuation_Zone": "No", "SURGE_ZONE": "No", "FLOOD_ZONE": "No", "EHPA": "No", "General_Pop": "Yes", "SPECIAL_NEEDS": " ", "Pet_Friendly": " ", "Does_not_meet_ARC_4496": " ", "Survey_Needed": " ", "shelter_layer": "general" }, "geometry": { "type": "Point", "coordinates": [ -87.268881027726877, 30.555373993218044 ] } },
{ "type": "Feature", "properties": { "OBJECTID": 388, "Name": "Blue Angel ES", "Address": "1551 Dog Track Rd", "City": "Pensacola", "Zip": "32506", "COUNTY": "ESCAMBIA", "X": -87.35876202, "Y": 30.38642299, "LONGLAT": "-87.35876202, 30.38642299", "USNG": "16R DU 65532 61659", "FACILITY_TYPE": "SHELTER", "SHELTER_TYPE": "RISK", "RPC_Region": "1", "Year_Built": "1999", "Building": "200 wing Cafeteria / Music", "AS_IS_A_Retrofit_R": "R", "Generator_Type": "100 kW", "PreMitigation_Capacity_Spaces": 0, "PreMitigation_Square_Footage": 0, "EHPA_Capacity_Gained_Spaces": 0, "EHPA_Square_Footage_Gained": 0, "Retrofit_Capacity_Gained_Spaces": 200, "Retrofit_Square_Footage_Gained": 5005, "Risk_Capacity_Spaces": 200, "Risk_Square_Footage": 5005, "Planned_Usage_Spaces": 0, "FundingSource_F_Federal_State_S": "L", "Evacuation_Zone": "No", "SURGE_ZONE": "No", "FLOOD_ZONE": "AE", "EHPA": "No", "General_Pop": "Yes", "SPECIAL_NEEDS": " ", "Pet_Friendly": " ", "Does_not_meet_ARC_4496": " ", "Survey_Needed": " ", "shelter_layer": "general" }, "geometry": { "type": "Point", "coordinates": [ -87.358762020249841, 30.386422988413159 ] } },
{ "type": "Feature", "properties": { "OBJECTID": 389, "Name": "Molino Park ES", "Address": "899 Hwy 97", "City": "Molino", "Zip": "32577", "COUNTY": "ESCAMBIA", "X": -87.36242902, "Y": 30.74042898, "LONGLAT": "-87.36242902, 30.74042898", "USNG": "16R DV 65306 00891", "FACILITY_TYPE": "SHELTER", "SHELTER_TYPE": "RISK", "RPC_Region": "1", "Year_Built": "2002", "Building": "5 Classroom", "AS_IS_A_Retrofit_R": "R", "Generator_Type": " ", "PreMitigation_Capacity_Spaces": 0, "PreMitigation_Square_Footage": 0, "EHPA_Capacity_Gained_Spaces": 0, "EHPA_Square_Footage_Gained": 0, "Retrofit_Capacity_Gained_Spaces": 229, "Retrofit_Square_Footage_Gained": 4589, "Risk_Capacity_Spaces": 229, "Risk_Square_Footage": 4589, "Planned_Usage_Spaces": 307, "FundingSource_F_Federal_State_S": "S", "Evacuation_Zone": "No", "SURGE_ZONE": "No", "FLOOD_ZONE": "No", "EHPA": "No", "General_Pop": "Yes", "SPECIAL_NEEDS": " ", "Pet_Friendly": "Yes", "Does_not_meet_ARC_4496": " ", "Survey_Needed": " ", "shelter_layer": "general" }, "geometry": { "type": "Point", "coordinates": [ -87.362429018627552, 30.740428981160008 ] } },
{ "type": "Feature", "properties": { "OBJECTID": 390, "Name": "Lipscomb ES", "Address": "10200 Ashton Brosnaham Dr", "City": "Pensacola", "Zip": "32534", "COUNTY": "ESCAMBIA", "X": -87.26888103, "Y": 30.55537399, "LONGLAT": "-87.26888103, 30.55537399", "USNG": "16R DU 74212 80358", "FACILITY_TYPE": "SHELTER", "SHELTER_TYPE": "RISK", "RPC_Region": "1", "Year_Built": "1991", "Building": "100 North wing Cafeteria / Music", "AS_IS_A_Retrofit_R": "R", "Generator_Type": "100 kW", "PreMitigation_Capacity_Spaces": 0, "PreMitigation_Square_Footage": 0, "EHPA_Capacity_Gained_Spaces": 0, "EHPA_Square_Footage_Gained": 0, "Retrofit_Capacity_Gained_Spaces": 252, "Retrofit_Square_Footage_Gained": 5041, "Risk_Capacity_Spaces": 252, "Risk_Square_Footage": 5041, "Planned_Usage_Spaces": 0, "FundingSource_F_Federal_State_S": "F,S,L-HMGP", "Evacuation_Zone": "No", "SURGE_ZONE": "No", "FLOOD_ZONE": "No", "EHPA": "No", "General_Pop": "Yes", "SPECIAL_NEEDS": " ", "Pet_Friendly": " ", "Does_not_meet_ARC_4496": " ", "Survey_Needed": " ", "shelter_layer": "general" }, "geometry": { "type": "Point", "coordinates": [ -87.268881027726877, 30.555373993218044 ] } },
{ "type": "Feature", "properties": { "OBJECTID": 391, "Name": "Tate HS", "Address": "1771 Tate Rd", "City": "Cantonment", "Zip": "32533", "COUNTY": "ESCAMBIA", "X": -87.2989943, "Y": 30.57673546, "LONGLAT": "-87.29899430, 30.57673546", "USNG": "16R DU 71330 82733", "FACILITY_TYPE": "SHELTER", "SHELTER_TYPE": "RISK", "RPC_Region": "1", "Year_Built": "1999", "Building": "39 Cafeteria", "AS_IS_A_Retrofit_R": "R", "Generator_Type": " ", "PreMitigation_Capacity_Spaces": 0, "PreMitigation_Square_Footage": 0, "EHPA_Capacity_Gained_Spaces": 0, "EHPA_Square_Footage_Gained": 0, "Retrofit_Capacity_Gained_Spaces": 514, "Retrofit_Square_Footage_Gained": 8200, "Risk_Capacity_Spaces": 514, "Risk_Square_Footage": 8200, "Planned_Usage_Spaces": 0, "FundingSource_F_Federal_State_S": "S-1435A-2003", "Evacuation_Zone": "No", "SURGE_ZONE": "No", "FLOOD_ZONE": "No", "EHPA": "No", "General_Pop": "Yes", "SPECIAL_NEEDS": " ", "Pet_Friendly": " ", "Does_not_meet_ARC_4496": " ", "Survey_Needed": " ", "shelter_layer": "general" }, "geometry": { "type": "Point", "coordinates": [ -87.298994300857771, 30.576735459022959 ] } },
{ "type": "Feature", "properties": { "OBJECTID": 392, "Name": "Bailey MS", "Address": "4001 Bauer Rd", "City": "Pensacola", "Zip": "32506", "COUNTY": "ESCAMBIA", "X": -87.40308907, "Y": 30.34669463, "LONGLAT": "-87.40308907, 30.34669463", "USNG": "16R DU 61258 57271", "FACILITY_TYPE": "SHELTER", "SHELTER_TYPE": "RISK", "RPC_Region": "1", "Year_Built": "1993", "Building": "8 Classroom 2nd Floor", "AS_IS_A_Retrofit_R": "R", "Generator_Type": " ", "PreMitigation_Capacity_Spaces": 0, "PreMitigation_Square_Footage": 0, "EHPA_Capacity_Gained_Spaces": 0, "EHPA_Square_Footage_Gained": 0, "Retrofit_Capacity_Gained_Spaces": 461, "Retrofit_Square_Footage_Gained": 9227, "Risk_Capacity_Spaces": 461, "Risk_Square_Footage": 9227, "Planned_Usage_Spaces": 320, "FundingSource_F_Federal_State_S": "S-1435A-2003", "Evacuation_Zone": "No", "SURGE_ZONE": "No", "FLOOD_ZONE": "No", "EHPA": "No", "General_Pop": "Yes", "SPECIAL_NEEDS": " ", "Pet_Friendly": " ", "Does_not_meet_ARC_4496": " ", "Survey_Needed": " ", "shelter_layer": "general" }, "geometry": { "type": "Point", "coordinates": [ -87.403089071920988, 30.346694631330678 ] } },
{ "type": "Feature", "properties": { "OBJECTID": 393, "Name": "Lipscomb ES", "Address": "10200 Ashton Brosnaham Dr", "City": "Pensacola", "Zip": "32534", "COUNTY": "ESCAMBIA", "X": -87.26888103, "Y": 30.55537399, "LONGLAT": "-87.26888103, 30.55537399", "USNG": "16R DU 74212 80358", "FACILITY_TYPE": "SHELTER", "SHELTER_TYPE": "RISK", "RPC_Region": "1", "Year_Built": "1991", "Building": "500 wing Classroom", "AS_IS_A_Retrofit_R": "R", "Generator_Type": " ", "PreMitigation_Capacity_Spaces": 0, "PreMitigation_Square_Footage": 0, "EHPA_Capacity_Gained_Spaces": 0, "EHPA_Square_Footage_Gained": 0, "Retrofit_Capacity_Gained_Spaces": 300, "Retrofit_Square_Footage_Gained": 5990, "Risk_Capacity_Spaces": 300, "Risk_Square_Footage": 5990, "Planned_Usage_Spaces": 0, "FundingSource_F_Federal_State_S": "F,S,L-HMGP", "Evacuation_Zone": "No", "SURGE_ZONE": "No", "FLOOD_ZONE": "No", "EHPA": "No", "General_Pop": "Yes", "SPECIAL_NEEDS": " ", "Pet_Friendly": " ", "Does_not_meet_ARC_4496": " ", "Survey_Needed": " ", "shelter_layer": "general" }, "geometry": { "type": "Point", "coordinates": [ -87.268881027726877, 30.555373993218044 ] } },
{ "type": "Feature", "properties": { "OBJECTID": 394, "Name": "Cordova Park ES", "Address": "2250 Semur Rd", "City": "Pensacola", "Zip": "32503", "COUNTY": "ESCAMBIA", "X": -87.19335002, "Y": 30.46244002, "LONGLAT": "-87.19335002, 30.46244002", "USNG": "16R DU 81438 70045", "FACILITY_TYPE": "SHELTER", "SHELTER_TYPE": "RISK", "RPC_Region": "1", "Year_Built": "2008", "Building": "7 Classroom", "AS_IS_A_Retrofit_R": "A", "Generator_Type": " ", "PreMitigation_Capacity_Spaces": 0, "PreMitigation_Square_Footage": 0, "EHPA_Capacity_Gained_Spaces": 227, "EHPA_Square_Footage_Gained": 4536, "Retrofit_Capacity_Gained_Spaces": 0, "Retrofit_Square_Footage_Gained": 0, "Risk_Capacity_Spaces": 227, "Risk_Square_Footage": 4536, "Planned_Usage_Spaces": 0, "FundingSource_F_Federal_State_S": "L", "Evacuation_Zone": "No", "SURGE_ZONE": "No", "FLOOD_ZONE": "No", "EHPA": "Yes", "General_Pop": "Yes", "SPECIAL_NEEDS": " ", "Pet_Friendly": " ", "Does_not_meet_ARC_4496": " ", "Survey_Needed": "Yes", "shelter_layer": "general" }, "geometry": { "type": "Point", "coordinates": [ -87.193350021826404, 30.462440019339827 ] } },
{ "type": "Feature", "properties": { "OBJECTID": 395, "Name": "Bailey MS", "Address": "4001 Bauer Rd", "City": "Pensacola", "Zip": "32506", "COUNTY": "ESCAMBIA", "X": -87.40308907, "Y": 30.34669463, "LONGLAT": "-87.40308907, 30.34669463", "USNG": "16R DU 61258 57271", "FACILITY_TYPE": "SHELTER", "SHELTER_TYPE": "RISK", "RPC_Region": "1", "Year_Built": "1993", "Building": "1 Admin", "AS_IS_A_Retrofit_R": "R", "Generator_Type": " ", "PreMitigation_Capacity_Spaces": 0, "PreMitigation_Square_Footage": 0, "EHPA_Capacity_Gained_Spaces": 0, "EHPA_Square_Footage_Gained": 0, "Retrofit_Capacity_Gained_Spaces": 124, "Retrofit_Square_Footage_Gained": 2480, "Risk_Capacity_Spaces": 124, "Risk_Square_Footage": 2480, "Planned_Usage_Spaces": 320, "FundingSource_F_Federal_State_S": "S-1435A-2003", "Evacuation_Zone": "No", "SURGE_ZONE": "No", "FLOOD_ZONE": "No", "EHPA": "No", "General_Pop": "Yes", "SPECIAL_NEEDS": " ", "Pet_Friendly": " ", "Does_not_meet_ARC_4496": " ", "Survey_Needed": " ", "shelter_layer": "general" }, "geometry": { "type": "Point", "coordinates": [ -87.403089071920988, 30.346694631330678 ] } },
{ "type": "Feature", "properties": { "OBJECTID": 396, "Name": "Pensacola Bay Center", "Address": "201 E Gregory St", "City": "Pensacola", "Zip": "32502", "COUNTY": "ESCAMBIA", "X": -87.20846, "Y": 30.41637002, "LONGLAT": "-87.20846000, 30.41637002", "USNG": "16R DU 79978 64942", "FACILITY_TYPE": "SHELTER", "SHELTER_TYPE": "RISK", "RPC_Region": "1", "Year_Built": "1985", "Building": "Corridors 1st and 2nd Floor", "AS_IS_A_Retrofit_R": "R", "Generator_Type": " ", "PreMitigation_Capacity_Spaces": 0, "PreMitigation_Square_Footage": 0, "EHPA_Capacity_Gained_Spaces": 0, "EHPA_Square_Footage_Gained": 0, "Retrofit_Capacity_Gained_Spaces": 2000, "Retrofit_Square_Footage_Gained": 39995, "Risk_Capacity_Spaces": 2000, "Risk_Square_Footage": 39995, "Planned_Usage_Spaces": 1999, "FundingSource_F_Federal_State_S": "L", "Evacuation_Zone": "No", "SURGE_ZONE": "No", "FLOOD_ZONE": "No", "EHPA": "No", "General_Pop": "Yes", "SPECIAL_NEEDS": " ", "Pet_Friendly": " ", "Does_not_meet_ARC_4496": " ", "Survey_Needed": "Yes", "shelter_layer": "general" }, "geometry": { "type": "Point", "coordinates": [ -87.208459995334792, 30.416370019364173 ] } },
{ "type": "Feature", "properties": { "OBJECTID": 397, "Name": "Beulah ES", "Address": "6201 Helms Rd", "City": "Pensacola", "Zip": "32526", "COUNTY": "ESCAMBIA", "X": -87.35758696000001, "Y": 30.50502202, "LONGLAT": "-87.35758696, 30.50502202", "USNG": "16R DU 65687 74802", "FACILITY_TYPE": "SHELTER", "SHELTER_TYPE": "RISK", "RPC_Region": "1", "Year_Built": "2000", "Building": "1 Classroom Addition (2000)", "AS_IS_A_Retrofit_R": "R", "Generator_Type": " ", "PreMitigation_Capacity_Spaces": 0, "PreMitigation_Square_Footage": 0, "EHPA_Capacity_Gained_Spaces": 0, "EHPA_Square_Footage_Gained": 0, "Retrofit_Capacity_Gained_Spaces": 185, "Retrofit_Square_Footage_Gained": 3693, "Risk_Capacity_Spaces": 185, "Risk_Square_Footage": 3693, "Planned_Usage_Spaces": 0, "FundingSource_F_Federal_State_S": "S-1435A-2003", "Evacuation_Zone": "No", "SURGE_ZONE": "No", "FLOOD_ZONE": "No", "EHPA": "No", "General_Pop": "Yes", "SPECIAL_NEEDS": " ", "Pet_Friendly": " ", "Does_not_meet_ARC_4496": " ", "Survey_Needed": " ", "shelter_layer": "general" }, "geometry": { "type": "Point", "coordinates": [ -87.357586961322198, 30.505022015142647 ] } },
{ "type": "Feature", "properties": { "OBJECTID": 398, "Name": "Lipscomb ES", "Address": "10200 Ashton Brosnaham Dr", "City": "Pensacola", "Zip": "32534", "COUNTY": "ESCAMBIA", "X": -87.26888103, "Y": 30.55537399, "LONGLAT": "-87.26888103, 30.55537399", "USNG": "16R DU 74212 80358", "FACILITY_TYPE": "SHELTER", "SHELTER_TYPE": "RISK", "RPC_Region": "1", "Year_Built": "1991", "Building": "300 wing Classroom", "AS_IS_A_Retrofit_R": "R", "Generator_Type": "100 kW", "PreMitigation_Capacity_Spaces": 0, "PreMitigation_Square_Footage": 0, "EHPA_Capacity_Gained_Spaces": 0, "EHPA_Square_Footage_Gained": 0, "Retrofit_Capacity_Gained_Spaces": 204, "Retrofit_Square_Footage_Gained": 4085, "Risk_Capacity_Spaces": 204, "Risk_Square_Footage": 4085, "Planned_Usage_Spaces": 0, "FundingSource_F_Federal_State_S": "F,S,L-HMGP", "Evacuation_Zone": "No", "SURGE_ZONE": "No", "FLOOD_ZONE": "No", "EHPA": "No", "General_Pop": "Yes", "SPECIAL_NEEDS": " ", "Pet_Friendly": " ", "Does_not_meet_ARC_4496": " ", "Survey_Needed": " ", "shelter_layer": "general" }, "geometry": { "type": "Point", "coordinates": [ -87.268881027726877, 30.555373993218044 ] } },
{ "type": "Feature", "properties": { "OBJECTID": 399, "Name": "Warrington MS", "Address": "450 South Old Corry Field Rd", "City": "Pensacola", "Zip": "32507", "COUNTY": "ESCAMBIA", "X": -87.27410129, "Y": 30.40365616, "LONGLAT": "-87.27410129, 30.40365616", "USNG": "16R DU 73671 63546", "FACILITY_TYPE": "SHELTER", "SHELTER_TYPE": "RISK", "RPC_Region": "1", "Year_Built": "2009", "Building": "8 Gym", "AS_IS_A_Retrofit_R": "A", "Generator_Type": " ", "PreMitigation_Capacity_Spaces": 569, "PreMitigation_Square_Footage": 11386, "EHPA_Capacity_Gained_Spaces": 0, "EHPA_Square_Footage_Gained": 0, "Retrofit_Capacity_Gained_Spaces": 0, "Retrofit_Square_Footage_Gained": 0, "Risk_Capacity_Spaces": 569, "Risk_Square_Footage": 11386, "Planned_Usage_Spaces": 0, "FundingSource_F_Federal_State_S": " ", "Evacuation_Zone": "No", "SURGE_ZONE": "No", "FLOOD_ZONE": "No", "EHPA": "No", "General_Pop": "Yes", "SPECIAL_NEEDS": " ", "Pet_Friendly": " ", "Does_not_meet_ARC_4496": " ", "Survey_Needed": "Yes", "shelter_layer": "general" }, "geometry": { "type": "Point", "coordinates": [ -87.274101294277557, 30.40365616319486 ] } },
{ "type": "Feature", "properties": { "OBJECTID": 400, "Name": "Blue Angel ES", "Address": "1551 Dog Track Rd", "City": "Pensacola", "Zip": "32506", "COUNTY": "ESCAMBIA", "X": -87.35876202, "Y": 30.38642299, "LONGLAT": "-87.35876202, 30.38642299", "USNG": "16R DU 65532 61659", "FACILITY_TYPE": "SHELTER", "SHELTER_TYPE": "RISK", "RPC_Region": "1", "Year_Built": "1999", "Building": "600 wing Classroom", "AS_IS_A_Retrofit_R": "R", "Generator_Type": "100 kW", "PreMitigation_Capacity_Spaces": 0, "PreMitigation_Square_Footage": 0, "EHPA_Capacity_Gained_Spaces": 0, "EHPA_Square_Footage_Gained": 0, "Retrofit_Capacity_Gained_Spaces": 406, "Retrofit_Square_Footage_Gained": 8653, "Risk_Capacity_Spaces": 406, "Risk_Square_Footage": 8653, "Planned_Usage_Spaces": 0, "FundingSource_F_Federal_State_S": "L", "Evacuation_Zone": "No", "SURGE_ZONE": "No", "FLOOD_ZONE": "AE", "EHPA": "No", "General_Pop": "Yes", "SPECIAL_NEEDS": " ", "Pet_Friendly": " ", "Does_not_meet_ARC_4496": " ", "Survey_Needed": " ", "shelter_layer": "general" }, "geometry": { "type": "Point", "coordinates": [ -87.358762020249841, 30.386422988413159 ] } },
{ "type": "Feature", "properties": { "OBJECTID": 401, "Name": "Molino Park ES", "Address": "899 Hwy 97", "City": "Molino", "Zip": "32577", "COUNTY": "ESCAMBIA", "X": -87.36242902, "Y": 30.74042898, "LONGLAT": "-87.36242902, 30.74042898", "USNG": "16R DV 65306 00891", "FACILITY_TYPE": "SHELTER", "SHELTER_TYPE": "RISK", "RPC_Region": "1", "Year_Built": "2002", "Building": "3 Classroom", "AS_IS_A_Retrofit_R": "R", "Generator_Type": " ", "PreMitigation_Capacity_Spaces": 0, "PreMitigation_Square_Footage": 0, "EHPA_Capacity_Gained_Spaces": 0, "EHPA_Square_Footage_Gained": 0, "Retrofit_Capacity_Gained_Spaces": 357, "Retrofit_Square_Footage_Gained": 7137, "Risk_Capacity_Spaces": 357, "Risk_Square_Footage": 7137, "Planned_Usage_Spaces": 307, "FundingSource_F_Federal_State_S": "S", "Evacuation_Zone": "No", "SURGE_ZONE": "No", "FLOOD_ZONE": "No", "EHPA": "No", "General_Pop": "Yes", "SPECIAL_NEEDS": " ", "Pet_Friendly": "Yes", "Does_not_meet_ARC_4496": " ", "Survey_Needed": " ", "shelter_layer": "general" }, "geometry": { "type": "Point", "coordinates": [ -87.362429018627552, 30.740428981160008 ] } },
{ "type": "Feature", "properties": { "OBJECTID": 402, "Name": "Ferry Pass MS", "Address": "8355 Yancey Ave", "City": "Pensacola", "Zip": "32514", "COUNTY": "ESCAMBIA", "X": -87.19762102, "Y": 30.51376698, "LONGLAT": "-87.19762102, 30.51376698", "USNG": "16R DU 81038 75733", "FACILITY_TYPE": "SHELTER", "SHELTER_TYPE": "RISK", "RPC_Region": "1", "Year_Built": "1997", "Building": "4 Classroom", "AS_IS_A_Retrofit_R": "R", "Generator_Type": " ", "PreMitigation_Capacity_Spaces": 99, "PreMitigation_Square_Footage": 1974, "EHPA_Capacity_Gained_Spaces": 0, "EHPA_Square_Footage_Gained": 0, "Retrofit_Capacity_Gained_Spaces": 311, "Retrofit_Square_Footage_Gained": 6211, "Risk_Capacity_Spaces": 311, "Risk_Square_Footage": 6211, "Planned_Usage_Spaces": 0, "FundingSource_F_Federal_State_S": "S-1435A-2003", "Evacuation_Zone": "No", "SURGE_ZONE": "No", "FLOOD_ZONE": "No", "EHPA": "No", "General_Pop": "Yes", "SPECIAL_NEEDS": " ", "Pet_Friendly": " ", "Does_not_meet_ARC_4496": " ", "Survey_Needed": " ", "shelter_layer": "general" }, "geometry": { "type": "Point", "coordinates": [ -87.197621020864702, 30.513766980360195 ] } },
{ "type": "Feature", "properties": { "OBJECTID": 403, "Name": "Bailey MS", "Address": "4001 Bauer Rd", "City": "Pensacola", "Zip": "32506", "COUNTY": "ESCAMBIA", "X": -87.40308907, "Y": 30.34669463, "LONGLAT": "-87.40308907, 30.34669463", "USNG": "16R DU 61258 57271", "FACILITY_TYPE": "SHELTER", "SHELTER_TYPE": "RISK", "RPC_Region": "1", "Year_Built": "1993", "Building": "4 Cafeteria", "AS_IS_A_Retrofit_R": "R", "Generator_Type": " ", "PreMitigation_Capacity_Spaces": 0, "PreMitigation_Square_Footage": 0, "EHPA_Capacity_Gained_Spaces": 0, "EHPA_Square_Footage_Gained": 0, "Retrofit_Capacity_Gained_Spaces": 169, "Retrofit_Square_Footage_Gained": 3376, "Risk_Capacity_Spaces": 169, "Risk_Square_Footage": 3376, "Planned_Usage_Spaces": 320, "FundingSource_F_Federal_State_S": "S-1435A-2003", "Evacuation_Zone": "No", "SURGE_ZONE": "No", "FLOOD_ZONE": "No", "EHPA": "No", "General_Pop": "Yes", "SPECIAL_NEEDS": " ", "Pet_Friendly": " ", "Does_not_meet_ARC_4496": " ", "Survey_Needed": " ", "shelter_layer": "general" }, "geometry": { "type": "Point", "coordinates": [ -87.403089071920988, 30.346694631330678 ] } },
{ "type": "Feature", "properties": { "OBJECTID": 404, "Name": "Ferry Pass ES", "Address": "8310 N Davis Hwy", "City": "Pensacola", "Zip": "32514", "COUNTY": "ESCAMBIA", "X": -87.21650897000001, "Y": 30.51413599, "LONGLAT": "-87.21650897, 30.51413599", "USNG": "16R DU 79226 75777", "FACILITY_TYPE": "SHELTER", "SHELTER_TYPE": "RISK", "RPC_Region": "1", "Year_Built": "2001", "Building": "5 Classroom", "AS_IS_A_Retrofit_R": "R", "Generator_Type": " ", "PreMitigation_Capacity_Spaces": 0, "PreMitigation_Square_Footage": 0, "EHPA_Capacity_Gained_Spaces": 0, "EHPA_Square_Footage_Gained": 0, "Retrofit_Capacity_Gained_Spaces": 293, "Retrofit_Square_Footage_Gained": 5717, "Risk_Capacity_Spaces": 293, "Risk_Square_Footage": 5717, "Planned_Usage_Spaces": 0, "FundingSource_F_Federal_State_S": "S-1435A-2003", "Evacuation_Zone": "No", "SURGE_ZONE": "No", "FLOOD_ZONE": "No", "EHPA": "No", "General_Pop": "Yes", "SPECIAL_NEEDS": " ", "Pet_Friendly": " ", "Does_not_meet_ARC_4496": " ", "Survey_Needed": " ", "shelter_layer": "general" }, "geometry": { "type": "Point", "coordinates": [ -87.216508969165275, 30.51413599336043 ] } },
{ "type": "Feature", "properties": { "OBJECTID": 405, "Name": "Longleaf ES", "Address": "2600 Longleaf Dr", "City": "Pensacola", "Zip": "32526", "COUNTY": "ESCAMBIA", "X": -87.29937104, "Y": 30.48861201, "LONGLAT": "-87.29937104, 30.48861201", "USNG": "16R DU 71268 72967", "FACILITY_TYPE": "SHELTER", "SHELTER_TYPE": "RISK", "RPC_Region": "1", "Year_Built": "2000", "Building": "2 Classroom", "AS_IS_A_Retrofit_R": "R", "Generator_Type": " ", "PreMitigation_Capacity_Spaces": 74, "PreMitigation_Square_Footage": 1488, "EHPA_Capacity_Gained_Spaces": 0, "EHPA_Square_Footage_Gained": 0, "Retrofit_Capacity_Gained_Spaces": 392, "Retrofit_Square_Footage_Gained": 7840, "Risk_Capacity_Spaces": 392, "Risk_Square_Footage": 7840, "Planned_Usage_Spaces": 0, "FundingSource_F_Federal_State_S": "S-1435A-2003", "Evacuation_Zone": "No", "SURGE_ZONE": "No", "FLOOD_ZONE": "No", "EHPA": "No", "General_Pop": "Yes", "SPECIAL_NEEDS": " ", "Pet_Friendly": " ", "Does_not_meet_ARC_4496": " ", "Survey_Needed": "Yes", "shelter_layer": "general" }, "geometry": { "type": "Point", "coordinates": [ -87.299371039051479, 30.488612008234277 ] } },
{ "type": "Feature", "properties": { "OBJECTID": 406, "Name": "Northview HS", "Address": "4100 W Highway 4", "City": "Century", "Zip": "32535", "COUNTY": "ESCAMBIA", "X": -87.40715997, "Y": 30.96698998, "LONGLAT": "-87.40715997, 30.96698998", "USNG": "16R DV 61116 26014", "FACILITY_TYPE": "SHELTER", "SHELTER_TYPE": "RISK", "RPC_Region": "1", "Year_Built": "1993", "Building": "1 Main", "AS_IS_A_Retrofit_R": "R", "Generator_Type": " ", "PreMitigation_Capacity_Spaces": 0, "PreMitigation_Square_Footage": 0, "EHPA_Capacity_Gained_Spaces": 0, "EHPA_Square_Footage_Gained": 0, "Retrofit_Capacity_Gained_Spaces": 1489, "Retrofit_Square_Footage_Gained": 29772, "Risk_Capacity_Spaces": 1489, "Risk_Square_Footage": 29772, "Planned_Usage_Spaces": 1182, "FundingSource_F_Federal_State_S": "S-1435A=2003 / S-1508-2005", "Evacuation_Zone": "No", "SURGE_ZONE": "No", "FLOOD_ZONE": "No", "EHPA": "No", "General_Pop": "Yes", "SPECIAL_NEEDS": " ", "Pet_Friendly": " ", "Does_not_meet_ARC_4496": "Partial", "Survey_Needed": " ", "shelter_layer": "general" }, "geometry": { "type": "Point", "coordinates": [ -87.407159966836616, 30.966989979850844 ] } },
{ "type": "Feature", "properties": { "OBJECTID": 407, "Name": "Bailey MS", "Address": "4001 Bauer Rd", "City": "Pensacola", "Zip": "32506", "COUNTY": "ESCAMBIA", "X": -87.40308907, "Y": 30.34669463, "LONGLAT": "-87.40308907, 30.34669463", "USNG": "16R DU 61258 57271", "FACILITY_TYPE": "SHELTER", "SHELTER_TYPE": "RISK", "RPC_Region": "1", "Year_Built": "1993", "Building": "3 Art", "AS_IS_A_Retrofit_R": "R", "Generator_Type": " ", "PreMitigation_Capacity_Spaces": 0, "PreMitigation_Square_Footage": 0, "EHPA_Capacity_Gained_Spaces": 0, "EHPA_Square_Footage_Gained": 0, "Retrofit_Capacity_Gained_Spaces": 27, "Retrofit_Square_Footage_Gained": 546, "Risk_Capacity_Spaces": 27, "Risk_Square_Footage": 546, "Planned_Usage_Spaces": 320, "FundingSource_F_Federal_State_S": "S-1435A-2003", "Evacuation_Zone": "No", "SURGE_ZONE": "No", "FLOOD_ZONE": "No", "EHPA": "No", "General_Pop": "Yes", "SPECIAL_NEEDS": " ", "Pet_Friendly": " ", "Does_not_meet_ARC_4496": " ", "Survey_Needed": " ", "shelter_layer": "general" }, "geometry": { "type": "Point", "coordinates": [ -87.403089071920988, 30.346694631330678 ] } },
{ "type": "Feature", "properties": { "OBJECTID": 408, "Name": "Blue Angel ES", "Address": "1551 Dog Track Rd", "City": "Pensacola", "Zip": "32506", "COUNTY": "ESCAMBIA", "X": -87.35876202, "Y": 30.38642299, "LONGLAT": "-87.35876202, 30.38642299", "USNG": "16R DU 65532 61659", "FACILITY_TYPE": "SHELTER", "SHELTER_TYPE": "RISK", "RPC_Region": "1", "Year_Built": "1999", "Building": "100 wing Admin / Media / Art", "AS_IS_A_Retrofit_R": "R", "Generator_Type": "100 kW", "PreMitigation_Capacity_Spaces": 0, "PreMitigation_Square_Footage": 0, "EHPA_Capacity_Gained_Spaces": 0, "EHPA_Square_Footage_Gained": 0, "Retrofit_Capacity_Gained_Spaces": 274, "Retrofit_Square_Footage_Gained": 6851, "Risk_Capacity_Spaces": 274, "Risk_Square_Footage": 6851, "Planned_Usage_Spaces": 0, "FundingSource_F_Federal_State_S": "L", "Evacuation_Zone": "No", "SURGE_ZONE": "No", "FLOOD_ZONE": "No", "EHPA": "No", "General_Pop": "Yes", "SPECIAL_NEEDS": " ", "Pet_Friendly": " ", "Does_not_meet_ARC_4496": " ", "Survey_Needed": " ", "shelter_layer": "general" }, "geometry": { "type": "Point", "coordinates": [ -87.358762020249841, 30.386422988413159 ] } },
{ "type": "Feature", "properties": { "OBJECTID": 409, "Name": "Blue Angel ES", "Address": "1551 Dog Track Rd", "City": "Pensacola", "Zip": "32506", "COUNTY": "ESCAMBIA", "X": -87.35876202, "Y": 30.38642299, "LONGLAT": "-87.35876202, 30.38642299", "USNG": "16R DU 65532 61659", "FACILITY_TYPE": "SHELTER", "SHELTER_TYPE": "RISK", "RPC_Region": "1", "Year_Built": "1999", "Building": "300 wing Classroom", "AS_IS_A_Retrofit_R": "R", "Generator_Type": "100 kW", "PreMitigation_Capacity_Spaces": 0, "PreMitigation_Square_Footage": 0, "EHPA_Capacity_Gained_Spaces": 0, "EHPA_Square_Footage_Gained": 0, "Retrofit_Capacity_Gained_Spaces": 354, "Retrofit_Square_Footage_Gained": 6222, "Risk_Capacity_Spaces": 354, "Risk_Square_Footage": 6222, "Planned_Usage_Spaces": 0, "FundingSource_F_Federal_State_S": "L", "Evacuation_Zone": "No", "SURGE_ZONE": "No", "FLOOD_ZONE": "No", "EHPA": "No", "General_Pop": "Yes", "SPECIAL_NEEDS": " ", "Pet_Friendly": " ", "Does_not_meet_ARC_4496": " ", "Survey_Needed": " ", "shelter_layer": "general" }, "geometry": { "type": "Point", "coordinates": [ -87.358762020249841, 30.386422988413159 ] } },
{ "type": "Feature", "properties": { "OBJECTID": 1135, "Name": "Shoal River MS", "Address": "3200 Redstone Ave", "City": "Crestview", "Zip": "32539", "COUNTY": "OKALOOSA", "X": -86.53850001000001, "Y": 30.73661601, "LONGLAT": "-86.53850001, 30.73661601", "USNG": "16R EV 44178 00503", "FACILITY_TYPE": "SHELTER", "SHELTER_TYPE": "RISK", "RPC_Region": "1", "Year_Built": "2007", "Building": "Wing D 8th grade", "AS_IS_A_Retrofit_R": "A", "Generator_Type": " ", "PreMitigation_Capacity_Spaces": 407, "PreMitigation_Square_Footage": 8131, "EHPA_Capacity_Gained_Spaces": 0, "EHPA_Square_Footage_Gained": 0, "Retrofit_Capacity_Gained_Spaces": 0, "Retrofit_Square_Footage_Gained": 0, "Risk_Capacity_Spaces": 407, "Risk_Square_Footage": 8131, "Planned_Usage_Spaces": 407, "FundingSource_F_Federal_State_S": " ", "Evacuation_Zone": "No", "SURGE_ZONE": "No", "FLOOD_ZONE": "No", "EHPA": "No", "General_Pop": "Yes", "SPECIAL_NEEDS": " ", "Pet_Friendly": " ", "Does_not_meet_ARC_4496": " ", "Survey_Needed": "Yes", "shelter_layer": "general" }, "geometry": { "type": "Point", "coordinates": [ -86.538500006779998, 30.736616010851225 ] } },
{ "type": "Feature", "properties": { "OBJECTID": 1136, "Name": "Baker School", "Address": "1369 14th St", "City": "Baker", "Zip": "32531", "COUNTY": "OKALOOSA", "X": -86.67860402, "Y": 30.79362402, "LONGLAT": "-86.67860402, 30.79362402", "USNG": "16R EV 30748 06774", "FACILITY_TYPE": "SHELTER", "SHELTER_TYPE": "RISK", "RPC_Region": "1", "Year_Built": "1954", "Building": "8 Classroom", "AS_IS_A_Retrofit_R": "R", "Generator_Type": " ", "PreMitigation_Capacity_Spaces": 0, "PreMitigation_Square_Footage": 0, "EHPA_Capacity_Gained_Spaces": 0, "EHPA_Square_Footage_Gained": 0, "Retrofit_Capacity_Gained_Spaces": 51, "Retrofit_Square_Footage_Gained": 1026, "Risk_Capacity_Spaces": 51, "Risk_Square_Footage": 1026, "Planned_Usage_Spaces": 51, "FundingSource_F_Federal_State_S": "S 10/11 1617", "Evacuation_Zone": "No", "SURGE_ZONE": "No", "FLOOD_ZONE": "No", "EHPA": "No", "General_Pop": "Yes", "SPECIAL_NEEDS": " ", "Pet_Friendly": " ", "Does_not_meet_ARC_4496": " ", "Survey_Needed": "Yes", "shelter_layer": "general" }, "geometry": { "type": "Point", "coordinates": [ -86.67860402137903, 30.79362401739915 ] } },
{ "type": "Feature", "properties": { "OBJECTID": 1137, "Name": "Kenwood ES", "Address": "15 Eagle Street NE", "City": "Fort Walton Beach", "Zip": "32547", "COUNTY": "OKALOOSA", "X": -86.60793603, "Y": 30.45880701, "LONGLAT": "-86.60793603, 30.45880701", "USNG": "16R EU 37638 69691", "FACILITY_TYPE": "SHELTER", "SHELTER_TYPE": "RISK", "RPC_Region": "1", "Year_Built": "1998", "Building": "10 Classroom", "AS_IS_A_Retrofit_R": "R", "Generator_Type": " ", "PreMitigation_Capacity_Spaces": 0, "PreMitigation_Square_Footage": 0, "EHPA_Capacity_Gained_Spaces": 0, "EHPA_Square_Footage_Gained": 0, "Retrofit_Capacity_Gained_Spaces": 350, "Retrofit_Square_Footage_Gained": 7004, "Risk_Capacity_Spaces": 350, "Risk_Square_Footage": 7004, "Planned_Usage_Spaces": 467, "FundingSource_F_Federal_State_S": "L", "Evacuation_Zone": "No", "SURGE_ZONE": "No", "FLOOD_ZONE": "No", "EHPA": "No", "General_Pop": "Yes", "SPECIAL_NEEDS": " ", "Pet_Friendly": " ", "Does_not_meet_ARC_4496": " ", "Survey_Needed": " ", "shelter_layer": "general" }, "geometry": { "type": "Point", "coordinates": [ -86.607936027782515, 30.458807008129639 ] } },
{ "type": "Feature", "properties": { "OBJECTID": 1138, "Name": "Riverside ES", "Address": "3400 Redstone Ave", "City": "Crestview", "Zip": "32539", "COUNTY": "OKALOOSA", "X": -86.53639498, "Y": 30.736671, "LONGLAT": "-86.53639498, 30.73667100", "USNG": "16R EV 44379 00510", "FACILITY_TYPE": "SHELTER", "SHELTER_TYPE": "RISK", "RPC_Region": "1", "Year_Built": "2008", "Building": "Wings A-B Cafeteria / Media", "AS_IS_A_Retrofit_R": "A", "Generator_Type": " ", "PreMitigation_Capacity_Spaces": 508, "PreMitigation_Square_Footage": 10151, "EHPA_Capacity_Gained_Spaces": 0, "EHPA_Square_Footage_Gained": 0, "Retrofit_Capacity_Gained_Spaces": 0, "Retrofit_Square_Footage_Gained": 0, "Risk_Capacity_Spaces": 508, "Risk_Square_Footage": 10151, "Planned_Usage_Spaces": 508, "FundingSource_F_Federal_State_S": " ", "Evacuation_Zone": "No", "SURGE_ZONE": "No", "FLOOD_ZONE": "No", "EHPA": "No", "General_Pop": "Yes", "SPECIAL_NEEDS": " ", "Pet_Friendly": " ", "Does_not_meet_ARC_4496": " ", "Survey_Needed": "Yes", "shelter_layer": "general" }, "geometry": { "type": "Point", "coordinates": [ -86.536394975284281, 30.736670996328787 ] } },
{ "type": "Feature", "properties": { "OBJECTID": 1139, "Name": "Shoal River MS", "Address": "3200 Redstone Ave", "City": "Crestview", "Zip": "32539", "COUNTY": "OKALOOSA", "X": -86.53850001000001, "Y": 30.73661601, "LONGLAT": "-86.53850001, 30.73661601", "USNG": "16R EV 44178 00503", "FACILITY_TYPE": "SHELTER", "SHELTER_TYPE": "RISK", "RPC_Region": "1", "Year_Built": "2007", "Building": "Wing B 6th grade", "AS_IS_A_Retrofit_R": "A", "Generator_Type": " ", "PreMitigation_Capacity_Spaces": 406, "PreMitigation_Square_Footage": 8118, "EHPA_Capacity_Gained_Spaces": 0, "EHPA_Square_Footage_Gained": 0, "Retrofit_Capacity_Gained_Spaces": 0, "Retrofit_Square_Footage_Gained": 0, "Risk_Capacity_Spaces": 406, "Risk_Square_Footage": 8118, "Planned_Usage_Spaces": 406, "FundingSource_F_Federal_State_S": " ", "Evacuation_Zone": "No", "SURGE_ZONE": "No", "FLOOD_ZONE": "No", "EHPA": "No", "General_Pop": "Yes", "SPECIAL_NEEDS": " ", "Pet_Friendly": " ", "Does_not_meet_ARC_4496": " ", "Survey_Needed": "Yes", "shelter_layer": "general" }, "geometry": { "type": "Point", "coordinates": [ -86.538500006779998, 30.736616010851225 ] } },
{ "type": "Feature", "properties": { "OBJECTID": 1140, "Name": "Crestview HS", "Address": "1304 N Ferdon Blvd", "City": "Crestview", "Zip": "32536", "COUNTY": "OKALOOSA", "X": -86.55814564000001, "Y": 30.79206521, "LONGLAT": "-86.55814564, 30.79206521", "USNG": "16R EV 42273 06641", "FACILITY_TYPE": "SHELTER", "SHELTER_TYPE": "RISK", "RPC_Region": "1", "Year_Built": "1997", "Building": "11 Classroom", "AS_IS_A_Retrofit_R": "R", "Generator_Type": "50 kW emergency lighting/ 100 kW everything else", "PreMitigation_Capacity_Spaces": 0, "PreMitigation_Square_Footage": 0, "EHPA_Capacity_Gained_Spaces": 0, "EHPA_Square_Footage_Gained": 0, "Retrofit_Capacity_Gained_Spaces": 304, "Retrofit_Square_Footage_Gained": 6080, "Risk_Capacity_Spaces": 304, "Risk_Square_Footage": 6080, "Planned_Usage_Spaces": 304, "FundingSource_F_Federal_State_S": "S 10/11 1617", "Evacuation_Zone": "No", "SURGE_ZONE": "No", "FLOOD_ZONE": "No", "EHPA": "No", "General_Pop": "Yes", "SPECIAL_NEEDS": " ", "Pet_Friendly": " ", "Does_not_meet_ARC_4496": " ", "Survey_Needed": " ", "shelter_layer": "general" }, "geometry": { "type": "Point", "coordinates": [ -86.558145641363225, 30.792065208400199 ] } },
{ "type": "Feature", "properties": { "OBJECTID": 1141, "Name": "Riverside ES", "Address": "3400 Redstone Ave", "City": "Crestview", "Zip": "32539", "COUNTY": "OKALOOSA", "X": -86.53639498, "Y": 30.736671, "LONGLAT": "-86.53639498, 30.73667100", "USNG": "16R EV 44379 00510", "FACILITY_TYPE": "SHELTER", "SHELTER_TYPE": "RISK", "RPC_Region": "1", "Year_Built": "2008", "Building": "Wing E 400 Classroom", "AS_IS_A_Retrofit_R": "A", "Generator_Type": " ", "PreMitigation_Capacity_Spaces": 270, "PreMitigation_Square_Footage": 5396, "EHPA_Capacity_Gained_Spaces": 0, "EHPA_Square_Footage_Gained": 0, "Retrofit_Capacity_Gained_Spaces": 0, "Retrofit_Square_Footage_Gained": 0, "Risk_Capacity_Spaces": 270, "Risk_Square_Footage": 5396, "Planned_Usage_Spaces": 270, "FundingSource_F_Federal_State_S": " ", "Evacuation_Zone": "No", "SURGE_ZONE": "No", "FLOOD_ZONE": "No", "EHPA": "No", "General_Pop": "Yes", "SPECIAL_NEEDS": " ", "Pet_Friendly": " ", "Does_not_meet_ARC_4496": " ", "Survey_Needed": "Yes", "shelter_layer": "general" }, "geometry": { "type": "Point", "coordinates": [ -86.536394975284281, 30.736670996328787 ] } },
{ "type": "Feature", "properties": { "OBJECTID": 1142, "Name": "Riverside ES", "Address": "3400 Redstone Ave", "City": "Crestview", "Zip": "32539", "COUNTY": "OKALOOSA", "X": -86.53639498, "Y": 30.736671, "LONGLAT": "-86.53639498, 30.73667100", "USNG": "16R EV 44379 00510", "FACILITY_TYPE": "SHELTER", "SHELTER_TYPE": "RISK", "RPC_Region": "1", "Year_Built": "2008", "Building": "Wing F 500 Classroom", "AS_IS_A_Retrofit_R": "A", "Generator_Type": " ", "PreMitigation_Capacity_Spaces": 298, "PreMitigation_Square_Footage": 5955, "EHPA_Capacity_Gained_Spaces": 0, "EHPA_Square_Footage_Gained": 0, "Retrofit_Capacity_Gained_Spaces": 0, "Retrofit_Square_Footage_Gained": 0, "Risk_Capacity_Spaces": 298, "Risk_Square_Footage": 5955, "Planned_Usage_Spaces": 298, "FundingSource_F_Federal_State_S": " ", "Evacuation_Zone": "No", "SURGE_ZONE": "No", "FLOOD_ZONE": "No", "EHPA": "No", "General_Pop": "Yes", "SPECIAL_NEEDS": " ", "Pet_Friendly": " ", "Does_not_meet_ARC_4496": " ", "Survey_Needed": "Yes", "shelter_layer": "general" }, "geometry": { "type": "Point", "coordinates": [ -86.536394975284281, 30.736670996328787 ] } },
{ "type": "Feature", "properties": { "OBJECTID": 1143, "Name": "Baker School", "Address": "1369 14th St", "City": "Baker", "Zip": "32531", "COUNTY": "OKALOOSA", "X": -86.67860402, "Y": 30.79362402, "LONGLAT": "-86.67860402, 30.79362402", "USNG": "16R EV 30748 06774", "FACILITY_TYPE": "SHELTER", "SHELTER_TYPE": "RISK", "RPC_Region": "1", "Year_Built": "1992", "Building": "15 Classroom", "AS_IS_A_Retrofit_R": "R", "Generator_Type": " ", "PreMitigation_Capacity_Spaces": 0, "PreMitigation_Square_Footage": 0, "EHPA_Capacity_Gained_Spaces": 0, "EHPA_Square_Footage_Gained": 0, "Retrofit_Capacity_Gained_Spaces": 56, "Retrofit_Square_Footage_Gained": 1127, "Risk_Capacity_Spaces": 56, "Risk_Square_Footage": 1127, "Planned_Usage_Spaces": 56, "FundingSource_F_Federal_State_S": "S 10/11 1617", "Evacuation_Zone": "No", "SURGE_ZONE": "No", "FLOOD_ZONE": "No", "EHPA": "No", "General_Pop": "Yes", "SPECIAL_NEEDS": " ", "Pet_Friendly": " ", "Does_not_meet_ARC_4496": " ", "Survey_Needed": " ", "shelter_layer": "general" }, "geometry": { "type": "Point", "coordinates": [ -86.67860402137903, 30.79362401739915 ] } },
{ "type": "Feature", "properties": { "OBJECTID": 1144, "Name": "Davidson MS", "Address": "6261 Old Bethel Rd", "City": "Crestview", "Zip": "32536", "COUNTY": "OKALOOSA", "X": -86.56203002, "Y": 30.79409801, "LONGLAT": "-86.56203002, 30.79409801", "USNG": "16R EV 41901 06865", "FACILITY_TYPE": "SHELTER", "SHELTER_TYPE": "RISK", "RPC_Region": "1", "Year_Built": "1997", "Building": "1 Main", "AS_IS_A_Retrofit_R": "R", "Generator_Type": " ", "PreMitigation_Capacity_Spaces": 0, "PreMitigation_Square_Footage": 0, "EHPA_Capacity_Gained_Spaces": 0, "EHPA_Square_Footage_Gained": 0, "Retrofit_Capacity_Gained_Spaces": 2305, "Retrofit_Square_Footage_Gained": 46100, "Risk_Capacity_Spaces": 2305, "Risk_Square_Footage": 46100, "Planned_Usage_Spaces": 3267, "FundingSource_F_Federal_State_S": "S", "Evacuation_Zone": "No", "SURGE_ZONE": "No", "FLOOD_ZONE": "No", "EHPA": "No", "General_Pop": "Yes", "SPECIAL_NEEDS": " ", "Pet_Friendly": "Yes", "Does_not_meet_ARC_4496": " ", "Survey_Needed": " ", "shelter_layer": "general" }, "geometry": { "type": "Point", "coordinates": [ -86.562030020153784, 30.794098013474922 ] } },
{ "type": "Feature", "properties": { "OBJECTID": 1145, "Name": "Riverside ES", "Address": "3400 Redstone Ave", "City": "Crestview", "Zip": "32539", "COUNTY": "OKALOOSA", "X": -86.53639498, "Y": 30.736671, "LONGLAT": "-86.53639498, 30.73667100", "USNG": "16R EV 44379 00510", "FACILITY_TYPE": "SHELTER", "SHELTER_TYPE": "RISK", "RPC_Region": "1", "Year_Built": "2008", "Building": "Wing G 600 Classroom", "AS_IS_A_Retrofit_R": "A", "Generator_Type": " ", "PreMitigation_Capacity_Spaces": 343, "PreMitigation_Square_Footage": 6856, "EHPA_Capacity_Gained_Spaces": 0, "EHPA_Square_Footage_Gained": 0, "Retrofit_Capacity_Gained_Spaces": 0, "Retrofit_Square_Footage_Gained": 0, "Risk_Capacity_Spaces": 343, "Risk_Square_Footage": 6856, "Planned_Usage_Spaces": 343, "FundingSource_F_Federal_State_S": " ", "Evacuation_Zone": "No", "SURGE_ZONE": "No", "FLOOD_ZONE": "No", "EHPA": "No", "General_Pop": "Yes", "SPECIAL_NEEDS": " ", "Pet_Friendly": " ", "Does_not_meet_ARC_4496": " ", "Survey_Needed": "Yes", "shelter_layer": "general" }, "geometry": { "type": "Point", "coordinates": [ -86.536394975284281, 30.736670996328787 ] } },
{ "type": "Feature", "properties": { "OBJECTID": 1146, "Name": "Baker School", "Address": "1369 14th St", "City": "Baker", "Zip": "32531", "COUNTY": "OKALOOSA", "X": -86.67860402, "Y": 30.79362402, "LONGLAT": "-86.67860402, 30.79362402", "USNG": "16R EV 30748 06774", "FACILITY_TYPE": "SHELTER", "SHELTER_TYPE": "RISK", "RPC_Region": "1", "Year_Built": "1996", "Building": "17 Classroom", "AS_IS_A_Retrofit_R": "R", "Generator_Type": " ", "PreMitigation_Capacity_Spaces": 0, "PreMitigation_Square_Footage": 0, "EHPA_Capacity_Gained_Spaces": 0, "EHPA_Square_Footage_Gained": 0, "Retrofit_Capacity_Gained_Spaces": 228, "Retrofit_Square_Footage_Gained": 4555, "Risk_Capacity_Spaces": 228, "Risk_Square_Footage": 4555, "Planned_Usage_Spaces": 228, "FundingSource_F_Federal_State_S": "S 10/11 1617", "Evacuation_Zone": "No", "SURGE_ZONE": "No", "FLOOD_ZONE": "No", "EHPA": "No", "General_Pop": "Yes", "SPECIAL_NEEDS": " ", "Pet_Friendly": " ", "Does_not_meet_ARC_4496": " ", "Survey_Needed": " ", "shelter_layer": "general" }, "geometry": { "type": "Point", "coordinates": [ -86.67860402137903, 30.79362401739915 ] } },
{ "type": "Feature", "properties": { "OBJECTID": 1147, "Name": "Shoal River MS", "Address": "3200 Redstone Ave", "City": "Crestview", "Zip": "32539", "COUNTY": "OKALOOSA", "X": -86.53850001000001, "Y": 30.73661601, "LONGLAT": "-86.53850001, 30.73661601", "USNG": "16R EV 44178 00503", "FACILITY_TYPE": "SHELTER", "SHELTER_TYPE": "RISK", "RPC_Region": "1", "Year_Built": "2007", "Building": "Wing A Gym", "AS_IS_A_Retrofit_R": "A", "Generator_Type": " ", "PreMitigation_Capacity_Spaces": 628, "PreMitigation_Square_Footage": 12568, "EHPA_Capacity_Gained_Spaces": 0, "EHPA_Square_Footage_Gained": 0, "Retrofit_Capacity_Gained_Spaces": 0, "Retrofit_Square_Footage_Gained": 0, "Risk_Capacity_Spaces": 628, "Risk_Square_Footage": 12568, "Planned_Usage_Spaces": 628, "FundingSource_F_Federal_State_S": " ", "Evacuation_Zone": "No", "SURGE_ZONE": "No", "FLOOD_ZONE": "No", "EHPA": "No", "General_Pop": "Yes", "SPECIAL_NEEDS": " ", "Pet_Friendly": " ", "Does_not_meet_ARC_4496": " ", "Survey_Needed": "Yes", "shelter_layer": "general" }, "geometry": { "type": "Point", "coordinates": [ -86.538500006779998, 30.736616010851225 ] } },
{ "type": "Feature", "properties": { "OBJECTID": 1148, "Name": "Choctawhatchee HS", "Address": "110 Racetrack Road NW", "City": "Fort Walton Beach", "Zip": "32547", "COUNTY": "OKALOOSA", "X": -86.61861298, "Y": 30.45029301, "LONGLAT": "-86.61861298, 30.45029301", "USNG": "16R EU 36616 68744", "FACILITY_TYPE": "SHELTER", "SHELTER_TYPE": "RISK", "RPC_Region": "1", "Year_Built": "1997", "Building": "1 ESE Classroom", "AS_IS_A_Retrofit_R": "R", "Generator_Type": "30 kW", "PreMitigation_Capacity_Spaces": 0, "PreMitigation_Square_Footage": 0, "EHPA_Capacity_Gained_Spaces": 0, "EHPA_Square_Footage_Gained": 0, "Retrofit_Capacity_Gained_Spaces": 326, "Retrofit_Square_Footage_Gained": 6525, "Risk_Capacity_Spaces": 326, "Risk_Square_Footage": 6525, "Planned_Usage_Spaces": 435, "FundingSource_F_Federal_State_S": "L", "Evacuation_Zone": "No", "SURGE_ZONE": "No", "FLOOD_ZONE": "No", "EHPA": "No", "General_Pop": "Yes", "SPECIAL_NEEDS": " ", "Pet_Friendly": " ", "Does_not_meet_ARC_4496": " ", "Survey_Needed": " ", "shelter_layer": "general" }, "geometry": { "type": "Point", "coordinates": [ -86.618612979911958, 30.450293007289172 ] } },
{ "type": "Feature", "properties": { "OBJECTID": 1149, "Name": "Baker School", "Address": "1369 14th St", "City": "Baker", "Zip": "32531", "COUNTY": "OKALOOSA", "X": -86.67860402, "Y": 30.79362402, "LONGLAT": "-86.67860402, 30.79362402", "USNG": "16R EV 30748 06774", "FACILITY_TYPE": "SHELTER", "SHELTER_TYPE": "RISK", "RPC_Region": "1", "Year_Built": "1996", "Building": "18 Auditorium", "AS_IS_A_Retrofit_R": "R", "Generator_Type": " ", "PreMitigation_Capacity_Spaces": 200, "PreMitigation_Square_Footage": 3992, "EHPA_Capacity_Gained_Spaces": 0, "EHPA_Square_Footage_Gained": 0, "Retrofit_Capacity_Gained_Spaces": 103, "Retrofit_Square_Footage_Gained": 2060, "Risk_Capacity_Spaces": 303, "Risk_Square_Footage": 6052, "Planned_Usage_Spaces": 103, "FundingSource_F_Federal_State_S": "S 10/11 1617", "Evacuation_Zone": "No", "SURGE_ZONE": "No", "FLOOD_ZONE": "No", "EHPA": "No", "General_Pop": "Yes", "SPECIAL_NEEDS": " ", "Pet_Friendly": " ", "Does_not_meet_ARC_4496": " ", "Survey_Needed": " ", "shelter_layer": "general" }, "geometry": { "type": "Point", "coordinates": [ -86.67860402137903, 30.79362401739915 ] } },
{ "type": "Feature", "properties": { "OBJECTID": 1150, "Name": "Riverside ES", "Address": "3400 Redstone Ave", "City": "Crestview", "Zip": "32539", "COUNTY": "OKALOOSA", "X": -86.53639498, "Y": 30.736671, "LONGLAT": "-86.53639498, 30.73667100", "USNG": "16R EV 44379 00510", "FACILITY_TYPE": "SHELTER", "SHELTER_TYPE": "RISK", "RPC_Region": "1", "Year_Built": "2008", "Building": "Wing C 200 Classroom", "AS_IS_A_Retrofit_R": "A", "Generator_Type": " ", "PreMitigation_Capacity_Spaces": 270, "PreMitigation_Square_Footage": 5396, "EHPA_Capacity_Gained_Spaces": 0, "EHPA_Square_Footage_Gained": 0, "Retrofit_Capacity_Gained_Spaces": 0, "Retrofit_Square_Footage_Gained": 0, "Risk_Capacity_Spaces": 270, "Risk_Square_Footage": 5396, "Planned_Usage_Spaces": 270, "FundingSource_F_Federal_State_S": " ", "Evacuation_Zone": "No", "SURGE_ZONE": "No", "FLOOD_ZONE": "No", "EHPA": "No", "General_Pop": "Yes", "SPECIAL_NEEDS": " ", "Pet_Friendly": " ", "Does_not_meet_ARC_4496": " ", "Survey_Needed": "Yes", "shelter_layer": "general" }, "geometry": { "type": "Point", "coordinates": [ -86.536394975284281, 30.736670996328787 ] } },
{ "type": "Feature", "properties": { "OBJECTID": 1151, "Name": "Riverside ES", "Address": "3400 Redstone Ave", "City": "Crestview", "Zip": "32539", "COUNTY": "OKALOOSA", "X": -86.53639498, "Y": 30.736671, "LONGLAT": "-86.53639498, 30.73667100", "USNG": "16R EV 44379 00510", "FACILITY_TYPE": "SHELTER", "SHELTER_TYPE": "RISK", "RPC_Region": "1", "Year_Built": "2008", "Building": "Wing D 300 Classroom", "AS_IS_A_Retrofit_R": "A", "Generator_Type": " ", "PreMitigation_Capacity_Spaces": 270, "PreMitigation_Square_Footage": 5396, "EHPA_Capacity_Gained_Spaces": 0, "EHPA_Square_Footage_Gained": 0, "Retrofit_Capacity_Gained_Spaces": 0, "Retrofit_Square_Footage_Gained": 0, "Risk_Capacity_Spaces": 270, "Risk_Square_Footage": 5396, "Planned_Usage_Spaces": 270, "FundingSource_F_Federal_State_S": " ", "Evacuation_Zone": "No", "SURGE_ZONE": "No", "FLOOD_ZONE": "No", "EHPA": "No", "General_Pop": "Yes", "SPECIAL_NEEDS": " ", "Pet_Friendly": " ", "Does_not_meet_ARC_4496": " ", "Survey_Needed": "Yes", "shelter_layer": "general" }, "geometry": { "type": "Point", "coordinates": [ -86.536394975284281, 30.736670996328787 ] } },
{ "type": "Feature", "properties": { "OBJECTID": 1152, "Name": "Shoal River MS", "Address": "3200 Redstone Ave", "City": "Crestview", "Zip": "32539", "COUNTY": "OKALOOSA", "X": -86.53850001000001, "Y": 30.73661601, "LONGLAT": "-86.53850001, 30.73661601", "USNG": "16R EV 44178 00503", "FACILITY_TYPE": "SHELTER", "SHELTER_TYPE": "RISK", "RPC_Region": "1", "Year_Built": "2007", "Building": "Wing C 7th grade", "AS_IS_A_Retrofit_R": "A", "Generator_Type": " ", "PreMitigation_Capacity_Spaces": 369, "PreMitigation_Square_Footage": 7386, "EHPA_Capacity_Gained_Spaces": 0, "EHPA_Square_Footage_Gained": 0, "Retrofit_Capacity_Gained_Spaces": 0, "Retrofit_Square_Footage_Gained": 0, "Risk_Capacity_Spaces": 369, "Risk_Square_Footage": 7386, "Planned_Usage_Spaces": 369, "FundingSource_F_Federal_State_S": " ", "Evacuation_Zone": "No", "SURGE_ZONE": "No", "FLOOD_ZONE": "No", "EHPA": "No", "General_Pop": "Yes", "SPECIAL_NEEDS": " ", "Pet_Friendly": " ", "Does_not_meet_ARC_4496": " ", "Survey_Needed": "Yes", "shelter_layer": "general" }, "geometry": { "type": "Point", "coordinates": [ -86.538500006779998, 30.736616010851225 ] } },
{ "type": "Feature", "properties": { "OBJECTID": 1153, "Name": "Antioch ES", "Address": "4700 Whitehurst Ln", "City": "Crestview", "Zip": "32536", "COUNTY": "OKALOOSA", "X": -86.61156204, "Y": 30.71498898, "LONGLAT": "-86.61156204, 30.71498898", "USNG": "16R EU 37192 98080", "FACILITY_TYPE": "SHELTER", "SHELTER_TYPE": "RISK", "RPC_Region": "1", "Year_Built": "1997", "Building": "1 Main", "AS_IS_A_Retrofit_R": "R", "Generator_Type": " ", "PreMitigation_Capacity_Spaces": 0, "PreMitigation_Square_Footage": 0, "EHPA_Capacity_Gained_Spaces": 0, "EHPA_Square_Footage_Gained": 0, "Retrofit_Capacity_Gained_Spaces": 1303, "Retrofit_Square_Footage_Gained": 26058, "Risk_Capacity_Spaces": 1303, "Risk_Square_Footage": 26058, "Planned_Usage_Spaces": 1737, "FundingSource_F_Federal_State_S": "S-1467-2004", "Evacuation_Zone": "No", "SURGE_ZONE": "No", "FLOOD_ZONE": "No", "EHPA": "No", "General_Pop": "Yes", "SPECIAL_NEEDS": " ", "Pet_Friendly": "Yes", "Does_not_meet_ARC_4496": " ", "Survey_Needed": " ", "shelter_layer": "general" }, "geometry": { "type": "Point", "coordinates": [ -86.611562038670442, 30.71498898345315 ] } },
{ "type": "Feature", "properties": { "OBJECTID": 1154, "Name": "Shoal River MS", "Address": "3200 Redstone Ave", "City": "Crestview", "Zip": "32539", "COUNTY": "OKALOOSA", "X": -86.53850001000001, "Y": 30.73661601, "LONGLAT": "-86.53850001, 30.73661601", "USNG": "16R EV 44178 00503", "FACILITY_TYPE": "SHELTER", "SHELTER_TYPE": "RISK", "RPC_Region": "1", "Year_Built": "2007", "Building": "1 ESE / Cafeteria", "AS_IS_A_Retrofit_R": "A", "Generator_Type": " ", "PreMitigation_Capacity_Spaces": 930, "PreMitigation_Square_Footage": 18595, "EHPA_Capacity_Gained_Spaces": 0, "EHPA_Square_Footage_Gained": 0, "Retrofit_Capacity_Gained_Spaces": 0, "Retrofit_Square_Footage_Gained": 0, "Risk_Capacity_Spaces": 930, "Risk_Square_Footage": 18595, "Planned_Usage_Spaces": 930, "FundingSource_F_Federal_State_S": " ", "Evacuation_Zone": "No", "SURGE_ZONE": "No", "FLOOD_ZONE": "No", "EHPA": "No", "General_Pop": "Yes", "SPECIAL_NEEDS": " ", "Pet_Friendly": " ", "Does_not_meet_ARC_4496": " ", "Survey_Needed": "Yes", "shelter_layer": "general" }, "geometry": { "type": "Point", "coordinates": [ -86.538500006779998, 30.736616010851225 ] } },
{ "type": "Feature", "properties": { "OBJECTID": 1155, "Name": "Laurel Hill HS", "Address": "8078 4th St", "City": "Laurel Hill", "Zip": "32567", "COUNTY": "OKALOOSA", "X": -86.46218797, "Y": 30.95860699, "LONGLAT": "-86.46218797, 30.95860699", "USNG": "16R EV 51365 25138", "FACILITY_TYPE": "SHELTER", "SHELTER_TYPE": "RISK", "RPC_Region": "1", "Year_Built": "1997", "Building": "8 Classroom", "AS_IS_A_Retrofit_R": "R", "Generator_Type": " ", "PreMitigation_Capacity_Spaces": 0, "PreMitigation_Square_Footage": 0, "EHPA_Capacity_Gained_Spaces": 0, "EHPA_Square_Footage_Gained": 0, "Retrofit_Capacity_Gained_Spaces": 115, "Retrofit_Square_Footage_Gained": 2294, "Risk_Capacity_Spaces": 115, "Risk_Square_Footage": 2294, "Planned_Usage_Spaces": 115, "FundingSource_F_Federal_State_S": "S 10/11 1617", "Evacuation_Zone": "No", "SURGE_ZONE": "No", "FLOOD_ZONE": "No", "EHPA": "No", "General_Pop": "Yes", "SPECIAL_NEEDS": " ", "Pet_Friendly": " ", "Does_not_meet_ARC_4496": " ", "Survey_Needed": " ", "shelter_layer": "general" }, "geometry": { "type": "Point", "coordinates": [ -86.462187974639107, 30.958606986973138 ] } },
{ "type": "Feature", "properties": { "OBJECTID": 1676, "Name": "West Navarre Primary School (PK-2)", "Address": "1955 Lowe Rd", "City": "Navarre", "Zip": "32566", "COUNTY": "SANTA ROSA", "X": -86.91901603, "Y": 30.40555699, "LONGLAT": "-86.91901603, 30.40555699", "USNG": "16R EU 07778 63728", "FACILITY_TYPE": "SHELTER", "SHELTER_TYPE": "RISK", "RPC_Region": "1", "Year_Built": "1993", "Building": "600 wing Classroom", "AS_IS_A_Retrofit_R": "R", "Generator_Type": "100 kW", "PreMitigation_Capacity_Spaces": 0, "PreMitigation_Square_Footage": 0, "EHPA_Capacity_Gained_Spaces": 0, "EHPA_Square_Footage_Gained": 0, "Retrofit_Capacity_Gained_Spaces": 377, "Retrofit_Square_Footage_Gained": 7540, "Risk_Capacity_Spaces": 377, "Risk_Square_Footage": 7540, "Planned_Usage_Spaces": 0, "FundingSource_F_Federal_State_S": "S FY 11-12 1515A", "Evacuation_Zone": "No", "SURGE_ZONE": "No", "FLOOD_ZONE": "No", "EHPA": "No", "General_Pop": "Yes", "SPECIAL_NEEDS": " ", "Pet_Friendly": " ", "Does_not_meet_ARC_4496": " ", "Survey_Needed": " ", "shelter_layer": "general" }, "geometry": { "type": "Point", "coordinates": [ -86.919016030815442, 30.4055569871472 ] } },
{ "type": "Feature", "properties": { "OBJECTID": 1677, "Name": "West Navarre Primary School (PK-2)", "Address": "1955 Lowe Rd", "City": "Navarre", "Zip": "32566", "COUNTY": "SANTA ROSA", "X": -86.91901603, "Y": 30.40555699, "LONGLAT": "-86.91901603, 30.40555699", "USNG": "16R EU 07778 63728", "FACILITY_TYPE": "SHELTER", "SHELTER_TYPE": "RISK", "RPC_Region": "1", "Year_Built": "1993", "Building": "200 wing Cafe / Music", "AS_IS_A_Retrofit_R": "R", "Generator_Type": "100 kW", "PreMitigation_Capacity_Spaces": 0, "PreMitigation_Square_Footage": 0, "EHPA_Capacity_Gained_Spaces": 0, "EHPA_Square_Footage_Gained": 0, "Retrofit_Capacity_Gained_Spaces": 385, "Retrofit_Square_Footage_Gained": 7700, "Risk_Capacity_Spaces": 385, "Risk_Square_Footage": 7700, "Planned_Usage_Spaces": 0, "FundingSource_F_Federal_State_S": "S FY 11-12 1515A", "Evacuation_Zone": "No", "SURGE_ZONE": "No", "FLOOD_ZONE": "No", "EHPA": "No", "General_Pop": "Yes", "SPECIAL_NEEDS": " ", "Pet_Friendly": " ", "Does_not_meet_ARC_4496": " ", "Survey_Needed": " ", "shelter_layer": "general" }, "geometry": { "type": "Point", "coordinates": [ -86.919016030815442, 30.4055569871472 ] } },
{ "type": "Feature", "properties": { "OBJECTID": 1678, "Name": "West Navarre Primary School (PK-2)", "Address": "1955 Lowe Rd", "City": "Navarre", "Zip": "32566", "COUNTY": "SANTA ROSA", "X": -86.91901603, "Y": 30.40555699, "LONGLAT": "-86.91901603, 30.40555699", "USNG": "16R EU 07778 63728", "FACILITY_TYPE": "SHELTER", "SHELTER_TYPE": "RISK", "RPC_Region": "1", "Year_Built": "1993", "Building": "400 wing Classroom", "AS_IS_A_Retrofit_R": "R", "Generator_Type": "100 kW", "PreMitigation_Capacity_Spaces": 0, "PreMitigation_Square_Footage": 0, "EHPA_Capacity_Gained_Spaces": 0, "EHPA_Square_Footage_Gained": 0, "Retrofit_Capacity_Gained_Spaces": 425, "Retrofit_Square_Footage_Gained": 8500, "Risk_Capacity_Spaces": 425, "Risk_Square_Footage": 8500, "Planned_Usage_Spaces": 0, "FundingSource_F_Federal_State_S": "S FY 11-12 1515A", "Evacuation_Zone": "No", "SURGE_ZONE": "No", "FLOOD_ZONE": "No", "EHPA": "No", "General_Pop": "Yes", "SPECIAL_NEEDS": " ", "Pet_Friendly": " ", "Does_not_meet_ARC_4496": " ", "Survey_Needed": " ", "shelter_layer": "general" }, "geometry": { "type": "Point", "coordinates": [ -86.919016030815442, 30.4055569871472 ] } },
{ "type": "Feature", "properties": { "OBJECTID": 1679, "Name": "Jay HS (7-12)", "Address": "3741 School St", "City": "Jay", "Zip": "32565", "COUNTY": "SANTA ROSA", "X": -87.15713404, "Y": 30.94228043, "LONGLAT": "-87.15713404, 30.94228043", "USNG": "16R DV 84989 23215", "FACILITY_TYPE": "SHELTER", "SHELTER_TYPE": "RISK", "RPC_Region": "1", "Year_Built": "0", "Building": "26 Corridors 100, 200, 300 & 900", "AS_IS_A_Retrofit_R": "A", "Generator_Type": " ", "PreMitigation_Capacity_Spaces": 0, "PreMitigation_Square_Footage": 0, "EHPA_Capacity_Gained_Spaces": 753, "EHPA_Square_Footage_Gained": 15050, "Retrofit_Capacity_Gained_Spaces": 0, "Retrofit_Square_Footage_Gained": 0, "Risk_Capacity_Spaces": 753, "Risk_Square_Footage": 15050, "Planned_Usage_Spaces": 753, "FundingSource_F_Federal_State_S": "L", "Evacuation_Zone": "No", "SURGE_ZONE": "No", "FLOOD_ZONE": "No", "EHPA": "Yes", "General_Pop": "Yes", "SPECIAL_NEEDS": " ", "Pet_Friendly": " ", "Does_not_meet_ARC_4496": " ", "Survey_Needed": " ", "shelter_layer": "general" }, "geometry": { "type": "Point", "coordinates": [ -87.157134044241118, 30.942280433174922 ] } },
{ "type": "Feature", "properties": { "OBJECTID": 1680, "Name": "Avalon MS", "Address": "5445 King Arthur's Way", "City": "Milton", "Zip": "32583", "COUNTY": "SANTA ROSA", "X": -87.09763925, "Y": 30.57162328, "LONGLAT": "-87.09763925, 30.57162328", "USNG": "16R DU 90637 82132", "FACILITY_TYPE": "SHELTER", "SHELTER_TYPE": "RISK", "RPC_Region": "1", "Year_Built": "1998", "Building": "1 Main non-EHPA", "AS_IS_A_Retrofit_R": "R", "Generator_Type": "80 kW", "PreMitigation_Capacity_Spaces": 0, "PreMitigation_Square_Footage": 0, "EHPA_Capacity_Gained_Spaces": 0, "EHPA_Square_Footage_Gained": 0, "Retrofit_Capacity_Gained_Spaces": 1343, "Retrofit_Square_Footage_Gained": 26855, "Risk_Capacity_Spaces": 1343, "Risk_Square_Footage": 26855, "Planned_Usage_Spaces": 0, "FundingSource_F_Federal_State_S": " ", "Evacuation_Zone": "No", "SURGE_ZONE": "No", "FLOOD_ZONE": "No", "EHPA": "No", "General_Pop": "Yes", "SPECIAL_NEEDS": " ", "Pet_Friendly": " ", "Does_not_meet_ARC_4496": " ", "Survey_Needed": " ", "shelter_layer": "general" }, "geometry": { "type": "Point", "coordinates": [ -87.097639246319758, 30.571623279173753 ] } },
{ "type": "Feature", "properties": { "OBJECTID": 1681, "Name": "West Navarre Primary School (PK-2)", "Address": "1955 Lowe Rd", "City": "Navarre", "Zip": "32566", "COUNTY": "SANTA ROSA", "X": -86.91901603, "Y": 30.40555699, "LONGLAT": "-86.91901603, 30.40555699", "USNG": "16R EU 07778 63728", "FACILITY_TYPE": "SHELTER", "SHELTER_TYPE": "RISK", "RPC_Region": "1", "Year_Built": "1993", "Building": "100 wing Admin / Media", "AS_IS_A_Retrofit_R": "R", "Generator_Type": "100 kW", "PreMitigation_Capacity_Spaces": 0, "PreMitigation_Square_Footage": 0, "EHPA_Capacity_Gained_Spaces": 0, "EHPA_Square_Footage_Gained": 0, "Retrofit_Capacity_Gained_Spaces": 98, "Retrofit_Square_Footage_Gained": 1960, "Risk_Capacity_Spaces": 98, "Risk_Square_Footage": 1960, "Planned_Usage_Spaces": 0, "FundingSource_F_Federal_State_S": "S FY 11-12 1515A", "Evacuation_Zone": "No", "SURGE_ZONE": "No", "FLOOD_ZONE": "No", "EHPA": "No", "General_Pop": "Yes", "SPECIAL_NEEDS": " ", "Pet_Friendly": " ", "Does_not_meet_ARC_4496": " ", "Survey_Needed": " ", "shelter_layer": "general" }, "geometry": { "type": "Point", "coordinates": [ -86.919016030815442, 30.4055569871472 ] } },
{ "type": "Feature", "properties": { "OBJECTID": 1682, "Name": "Avalon MS", "Address": "5445 King Arthur's Way", "City": "Milton", "Zip": "32583", "COUNTY": "SANTA ROSA", "X": -87.09763925, "Y": 30.57162328, "LONGLAT": "-87.09763925, 30.57162328", "USNG": "16R DU 90637 82132", "FACILITY_TYPE": "SHELTER", "SHELTER_TYPE": "RISK", "RPC_Region": "1", "Year_Built": "1998", "Building": "1 Main EHPA", "AS_IS_A_Retrofit_R": "A", "Generator_Type": "80 kW", "PreMitigation_Capacity_Spaces": 0, "PreMitigation_Square_Footage": 0, "EHPA_Capacity_Gained_Spaces": 1559, "EHPA_Square_Footage_Gained": 31176, "Retrofit_Capacity_Gained_Spaces": 0, "Retrofit_Square_Footage_Gained": 0, "Risk_Capacity_Spaces": 1559, "Risk_Square_Footage": 31176, "Planned_Usage_Spaces": 1559, "FundingSource_F_Federal_State_S": "HMGP", "Evacuation_Zone": "No", "SURGE_ZONE": "No", "FLOOD_ZONE": "No", "EHPA": "Yes", "General_Pop": "Yes", "SPECIAL_NEEDS": " ", "Pet_Friendly": "Yes", "Does_not_meet_ARC_4496": " ", "Survey_Needed": " ", "shelter_layer": "general" }, "geometry": { "type": "Point", "coordinates": [ -87.097639246319758, 30.571623279173753 ] } },
{ "type": "Feature", "properties": { "OBJECTID": 1683, "Name": "West Navarre Primary School (PK-2)", "Address": "1955 Lowe Rd", "City": "Navarre", "Zip": "32566", "COUNTY": "SANTA ROSA", "X": -86.91901603, "Y": 30.40555699, "LONGLAT": "-86.91901603, 30.40555699", "USNG": "16R EU 07778 63728", "FACILITY_TYPE": "SHELTER", "SHELTER_TYPE": "RISK", "RPC_Region": "1", "Year_Built": "1993", "Building": "500 wing Classroom", "AS_IS_A_Retrofit_R": "R", "Generator_Type": "100 kW", "PreMitigation_Capacity_Spaces": 0, "PreMitigation_Square_Footage": 0, "EHPA_Capacity_Gained_Spaces": 0, "EHPA_Square_Footage_Gained": 0, "Retrofit_Capacity_Gained_Spaces": 343, "Retrofit_Square_Footage_Gained": 6860, "Risk_Capacity_Spaces": 343, "Risk_Square_Footage": 6860, "Planned_Usage_Spaces": 0, "FundingSource_F_Federal_State_S": "S FY 11-12 1515A", "Evacuation_Zone": "No", "SURGE_ZONE": "No", "FLOOD_ZONE": "No", "EHPA": "No", "General_Pop": "Yes", "SPECIAL_NEEDS": " ", "Pet_Friendly": " ", "Does_not_meet_ARC_4496": " ", "Survey_Needed": " ", "shelter_layer": "general" }, "geometry": { "type": "Point", "coordinates": [ -86.919016030815442, 30.4055569871472 ] } },
{ "type": "Feature", "properties": { "OBJECTID": 1684, "Name": "Jay HS (7-12)", "Address": "3741 School St", "City": "Jay", "Zip": "32565", "COUNTY": "SANTA ROSA", "X": -87.15713404, "Y": 30.94228043, "LONGLAT": "-87.15713404, 30.94228043", "USNG": "16R DV 84989 23215", "FACILITY_TYPE": "SHELTER", "SHELTER_TYPE": "RISK", "RPC_Region": "1", "Year_Built": "0", "Building": "26 Corridor 400", "AS_IS_A_Retrofit_R": "A", "Generator_Type": " ", "PreMitigation_Capacity_Spaces": 0, "PreMitigation_Square_Footage": 0, "EHPA_Capacity_Gained_Spaces": 130, "EHPA_Square_Footage_Gained": 2600, "Retrofit_Capacity_Gained_Spaces": 0, "Retrofit_Square_Footage_Gained": 0, "Risk_Capacity_Spaces": 130, "Risk_Square_Footage": 2600, "Planned_Usage_Spaces": 0, "FundingSource_F_Federal_State_S": " ", "Evacuation_Zone": "No", "SURGE_ZONE": "No", "FLOOD_ZONE": "No", "EHPA": "Yes", "General_Pop": "Yes", "SPECIAL_NEEDS": " ", "Pet_Friendly": " ", "Does_not_meet_ARC_4496": " ", "Survey_Needed": " ", "shelter_layer": "general" }, "geometry": { "type": "Point", "coordinates": [ -87.157134044241118, 30.942280433174922 ] } },
{ "type": "Feature", "properties": { "OBJECTID": 1685, "Name": "Bennett C Russell ES", "Address": "3740 Excalibur Way", "City": "Milton", "Zip": "32583", "COUNTY": "SANTA ROSA", "X": -87.09551855, "Y": 30.57301487, "LONGLAT": "-87.09551855, 30.57301487", "USNG": "16R DU 90840 82286", "FACILITY_TYPE": "SHELTER", "SHELTER_TYPE": "RISK", "RPC_Region": "1", "Year_Built": "2006", "Building": "1 All other corridors", "AS_IS_A_Retrofit_R": "A", "Generator_Type": " ", "PreMitigation_Capacity_Spaces": 0, "PreMitigation_Square_Footage": 0, "EHPA_Capacity_Gained_Spaces": 4000, "EHPA_Square_Footage_Gained": 80007, "Retrofit_Capacity_Gained_Spaces": 0, "Retrofit_Square_Footage_Gained": 0, "Risk_Capacity_Spaces": 4000, "Risk_Square_Footage": 80007, "Planned_Usage_Spaces": 500, "FundingSource_F_Federal_State_S": "HB7121", "Evacuation_Zone": "No", "SURGE_ZONE": "No", "FLOOD_ZONE": "No", "EHPA": "Yes", "General_Pop": "Yes", "SPECIAL_NEEDS": " ", "Pet_Friendly": " ", "Does_not_meet_ARC_4496": " ", "Survey_Needed": "Yes", "shelter_layer": "general" }, "geometry": { "type": "Point", "coordinates": [ -87.095518549697587, 30.57301486729866 ] } },
{ "type": "Feature", "properties": { "OBJECTID": 1686, "Name": "Milton Community Center", "Address": "5629 Byrom St", "City": "Milton", "Zip": "32570", "COUNTY": "SANTA ROSA", "X": -87.04856304, "Y": 30.63950001, "LONGLAT": "-87.04856304, 30.63950001", "USNG": "16R DU 95346 89651", "FACILITY_TYPE": "SHELTER", "SHELTER_TYPE": "RISK", "RPC_Region": "1", "Year_Built": "2002", "Building": "Main", "AS_IS_A_Retrofit_R": "R", "Generator_Type": "280 kW", "PreMitigation_Capacity_Spaces": 0, "PreMitigation_Square_Footage": 0, "EHPA_Capacity_Gained_Spaces": 0, "EHPA_Square_Footage_Gained": 0, "Retrofit_Capacity_Gained_Spaces": 383, "Retrofit_Square_Footage_Gained": 7667, "Risk_Capacity_Spaces": 383, "Risk_Square_Footage": 7667, "Planned_Usage_Spaces": 352, "FundingSource_F_Federal_State_S": "HMGP", "Evacuation_Zone": "No", "SURGE_ZONE": "No", "FLOOD_ZONE": "No", "EHPA": "No", "General_Pop": "Yes", "SPECIAL_NEEDS": " ", "Pet_Friendly": " ", "Does_not_meet_ARC_4496": " ", "Survey_Needed": " ", "shelter_layer": "general" }, "geometry": { "type": "Point", "coordinates": [ -87.04856303770535, 30.639500011888451 ] } },
{ "type": "Feature", "properties": { "OBJECTID": 1687, "Name": "West Navarre Primary School (PK-2)", "Address": "1955 Lowe Rd", "City": "Navarre", "Zip": "32566", "COUNTY": "SANTA ROSA", "X": -86.91901603, "Y": 30.40555699, "LONGLAT": "-86.91901603, 30.40555699", "USNG": "16R EU 07778 63728", "FACILITY_TYPE": "SHELTER", "SHELTER_TYPE": "RISK", "RPC_Region": "1", "Year_Built": "1993", "Building": "300 wing Classroom", "AS_IS_A_Retrofit_R": "R", "Generator_Type": "100 kW", "PreMitigation_Capacity_Spaces": 0, "PreMitigation_Square_Footage": 0, "EHPA_Capacity_Gained_Spaces": 0, "EHPA_Square_Footage_Gained": 0, "Retrofit_Capacity_Gained_Spaces": 497, "Retrofit_Square_Footage_Gained": 9940, "Risk_Capacity_Spaces": 497, "Risk_Square_Footage": 9940, "Planned_Usage_Spaces": 0, "FundingSource_F_Federal_State_S": "S FY 11-12 1515A", "Evacuation_Zone": "No", "SURGE_ZONE": "No", "FLOOD_ZONE": "No", "EHPA": "No", "General_Pop": "Yes", "SPECIAL_NEEDS": " ", "Pet_Friendly": " ", "Does_not_meet_ARC_4496": " ", "Survey_Needed": " ", "shelter_layer": "general" }, "geometry": { "type": "Point", "coordinates": [ -86.919016030815442, 30.4055569871472 ] } },
{ "type": "Feature", "properties": { "OBJECTID": 1688, "Name": "Chumuckla Community Center", "Address": "2355  Highway 182", "City": "Jay", "Zip": "32565", "COUNTY": "SANTA ROSA", "X": -87.21988541, "Y": 30.7792743, "LONGLAT": "-87.21988541, 30.77927430", "USNG": "16R DV 78960 05161", "FACILITY_TYPE": "SHELTER", "SHELTER_TYPE": "RISK", "RPC_Region": "1", "Year_Built": "2002", "Building": "Main Bldg Meeting Area", "AS_IS_A_Retrofit_R": "R", "Generator_Type": " ", "PreMitigation_Capacity_Spaces": 0, "PreMitigation_Square_Footage": 0, "EHPA_Capacity_Gained_Spaces": 0, "EHPA_Square_Footage_Gained": 0, "Retrofit_Capacity_Gained_Spaces": 116, "Retrofit_Square_Footage_Gained": 2318, "Risk_Capacity_Spaces": 116, "Risk_Square_Footage": 2318, "Planned_Usage_Spaces": 116, "FundingSource_F_Federal_State_S": "S-1543A", "Evacuation_Zone": "No", "SURGE_ZONE": "No", "FLOOD_ZONE": "No", "EHPA": "No", "General_Pop": "Yes", "SPECIAL_NEEDS": " ", "Pet_Friendly": " ", "Does_not_meet_ARC_4496": " ", "Survey_Needed": " ", "shelter_layer": "general" }, "geometry": { "type": "Point", "coordinates": [ -87.21988540674522, 30.779274299299843 ] } },
{ "type": "Feature", "properties": { "OBJECTID": 1689, "Name": "Dixon Intermediate School", "Address": "5540 Education Dr", "City": "Pace", "Zip": "32571", "COUNTY": "SANTA ROSA", "X": -87.16544197, "Y": 30.63750701, "LONGLAT": "-87.16544197, 30.63750701", "USNG": "16R DU 84146 89441", "FACILITY_TYPE": "SHELTER", "SHELTER_TYPE": "RISK", "RPC_Region": "1", "Year_Built": "1993", "Building": "1", "AS_IS_A_Retrofit_R": "R", "Generator_Type": "34 kW", "PreMitigation_Capacity_Spaces": 0, "PreMitigation_Square_Footage": 0, "EHPA_Capacity_Gained_Spaces": 0, "EHPA_Square_Footage_Gained": 0, "Retrofit_Capacity_Gained_Spaces": 1873, "Retrofit_Square_Footage_Gained": 37469, "Risk_Capacity_Spaces": 1873, "Risk_Square_Footage": 37469, "Planned_Usage_Spaces": 1200, "FundingSource_F_Federal_State_S": "HMGP S-1496-2009", "Evacuation_Zone": "No", "SURGE_ZONE": "No", "FLOOD_ZONE": "No", "EHPA": "No", "General_Pop": "Yes", "SPECIAL_NEEDS": " ", "Pet_Friendly": " ", "Does_not_meet_ARC_4496": " ", "Survey_Needed": " ", "shelter_layer": "general" }, "geometry": { "type": "Point", "coordinates": [ -87.165441973144624, 30.637507005177138 ] } },
{ "type": "Feature", "properties": { "OBJECTID": 1861, "Name": "Mossy Head ES", "Address": "13274 Hwy 90 W", "City": "DeFuniak Springs", "Zip": "32437", "COUNTY": "WALTON", "X": -86.3321017, "Y": 30.74001073, "LONGLAT": "-86.33210170, 30.74001073", "USNG": "16R EV 63934 00979", "FACILITY_TYPE": "SHELTER", "SHELTER_TYPE": "RISK", "RPC_Region": "1", "Year_Built": "2008", "Building": "600 wing Corridors", "AS_IS_A_Retrofit_R": "A", "Generator_Type": "300 kW", "PreMitigation_Capacity_Spaces": 91, "PreMitigation_Square_Footage": 1829, "EHPA_Capacity_Gained_Spaces": 0, "EHPA_Square_Footage_Gained": 0, "Retrofit_Capacity_Gained_Spaces": 0, "Retrofit_Square_Footage_Gained": 0, "Risk_Capacity_Spaces": 91, "Risk_Square_Footage": 1829, "Planned_Usage_Spaces": 91, "FundingSource_F_Federal_State_S": " ", "Evacuation_Zone": "No", "SURGE_ZONE": "No", "FLOOD_ZONE": "No", "EHPA": "No", "General_Pop": "Yes", "SPECIAL_NEEDS": " ", "Pet_Friendly": " ", "Does_not_meet_ARC_4496": " ", "Survey_Needed": " ", "shelter_layer": "general" }, "geometry": { "type": "Point", "coordinates": [ -86.332101702898967, 30.740010725450805 ] } },
{ "type": "Feature", "properties": { "OBJECTID": 1862, "Name": "Freeport HS", "Address": "12615 Business Hwy 331", "City": "Freeport", "Zip": "32439", "COUNTY": "WALTON", "X": -86.11786388, "Y": 30.54479458, "LONGLAT": "-86.11786388, 30.54479458", "USNG": "16R EU 84613 79486", "FACILITY_TYPE": "SHELTER", "SHELTER_TYPE": "RISK", "RPC_Region": "1", "Year_Built": "2001", "Building": "1 EHPA Area", "AS_IS_A_Retrofit_R": "A", "Generator_Type": " ", "PreMitigation_Capacity_Spaces": 0, "PreMitigation_Square_Footage": 0, "EHPA_Capacity_Gained_Spaces": 1441, "EHPA_Square_Footage_Gained": 28819, "Retrofit_Capacity_Gained_Spaces": 0, "Retrofit_Square_Footage_Gained": 0, "Risk_Capacity_Spaces": 1441, "Risk_Square_Footage": 28819, "Planned_Usage_Spaces": 2630, "FundingSource_F_Federal_State_S": "L", "Evacuation_Zone": "No", "SURGE_ZONE": "No", "FLOOD_ZONE": "No", "EHPA": "Yes", "General_Pop": "Yes", "SPECIAL_NEEDS": " ", "Pet_Friendly": " ", "Does_not_meet_ARC_4496": " ", "Survey_Needed": " ", "shelter_layer": "general" }, "geometry": { "type": "Point", "coordinates": [ -86.117863877013832, 30.544794575104042 ] } },
{ "type": "Feature", "properties": { "OBJECTID": 1863, "Name": "Mossy Head ES", "Address": "13272 Hwy 90 W", "City": "DeFuniak Springs", "Zip": "32435", "COUNTY": "WALTON", "X": -86.33204047, "Y": 30.74002186, "LONGLAT": "-86.33204047, 30.74002186", "USNG": "16R EV 63940 00980", "FACILITY_TYPE": "SHELTER", "SHELTER_TYPE": "RISK", "RPC_Region": "1", "Year_Built": "2008", "Building": "400 wing Classroom", "AS_IS_A_Retrofit_R": "A", "Generator_Type": "300 kW", "PreMitigation_Capacity_Spaces": 296, "PreMitigation_Square_Footage": 5911, "EHPA_Capacity_Gained_Spaces": 0, "EHPA_Square_Footage_Gained": 0, "Retrofit_Capacity_Gained_Spaces": 0, "Retrofit_Square_Footage_Gained": 0, "Risk_Capacity_Spaces": 296, "Risk_Square_Footage": 5911, "Planned_Usage_Spaces": 296, "FundingSource_F_Federal_State_S": " ", "Evacuation_Zone": "No", "SURGE_ZONE": "No", "FLOOD_ZONE": "No", "EHPA": "No", "General_Pop": "Yes", "SPECIAL_NEEDS": " ", "Pet_Friendly": " ", "Does_not_meet_ARC_4496": " ", "Survey_Needed": " ", "shelter_layer": "general" }, "geometry": { "type": "Point", "coordinates": [ -86.332040465155544, 30.740021859329861 ] } },
{ "type": "Feature", "properties": { "OBJECTID": 1864, "Name": "Walton HS", "Address": "449 Walton Rd", "City": "DeFuniak Springs", "Zip": "32433", "COUNTY": "WALTON", "X": -86.12377702000001, "Y": 30.74155702, "LONGLAT": "-86.12377702, 30.74155702", "USNG": "16R EV 83875 01288", "FACILITY_TYPE": "SHELTER", "SHELTER_TYPE": "RISK", "RPC_Region": "1", "Year_Built": "2009", "Building": "1 Auditorium", "AS_IS_A_Retrofit_R": "A", "Generator_Type": " ", "PreMitigation_Capacity_Spaces": 0, "PreMitigation_Square_Footage": 0, "EHPA_Capacity_Gained_Spaces": 285, "EHPA_Square_Footage_Gained": 5704, "Retrofit_Capacity_Gained_Spaces": 0, "Retrofit_Square_Footage_Gained": 0, "Risk_Capacity_Spaces": 285, "Risk_Square_Footage": 5704, "Planned_Usage_Spaces": 285, "FundingSource_F_Federal_State_S": " ", "Evacuation_Zone": "No", "SURGE_ZONE": "No", "FLOOD_ZONE": "No", "EHPA": "Yes", "General_Pop": "Yes", "SPECIAL_NEEDS": " ", "Pet_Friendly": " ", "Does_not_meet_ARC_4496": " ", "Survey_Needed": " ", "shelter_layer": "general" }, "geometry": { "type": "Point", "coordinates": [ -86.123777015900856, 30.741557017357916 ] } },
{ "type": "Feature", "properties": { "OBJECTID": 1865, "Name": "Mossy Head ES", "Address": "13271 Hwy 90 W", "City": "DeFuniak Springs", "Zip": "32434", "COUNTY": "WALTON", "X": -86.33195551, "Y": 30.73990256, "LONGLAT": "-86.33195551, 30.73990256", "USNG": "16R EV 63948 00967", "FACILITY_TYPE": "SHELTER", "SHELTER_TYPE": "RISK", "RPC_Region": "1", "Year_Built": "2008", "Building": "200 300 Wing Cafeteria / Classroom", "AS_IS_A_Retrofit_R": "A", "Generator_Type": "300 kW", "PreMitigation_Capacity_Spaces": 0, "PreMitigation_Square_Footage": 0, "EHPA_Capacity_Gained_Spaces": 798, "EHPA_Square_Footage_Gained": 15966, "Retrofit_Capacity_Gained_Spaces": 0, "Retrofit_Square_Footage_Gained": 0, "Risk_Capacity_Spaces": 798, "Risk_Square_Footage": 15966, "Planned_Usage_Spaces": 708, "FundingSource_F_Federal_State_S": " ", "Evacuation_Zone": "No", "SURGE_ZONE": "No", "FLOOD_ZONE": "No", "EHPA": "Yes", "General_Pop": "Yes", "SPECIAL_NEEDS": " ", "Pet_Friendly": " ", "Does_not_meet_ARC_4496": " ", "Survey_Needed": " ", "shelter_layer": "general" }, "geometry": { "type": "Point", "coordinates": [ -86.331955512682399, 30.739902555228255 ] } },
{ "type": "Feature", "properties": { "OBJECTID": 1866, "Name": "Walton HS", "Address": "449 Walton Rd", "City": "DeFuniak Springs", "Zip": "32433", "COUNTY": "WALTON", "X": -86.12377702000001, "Y": 30.74155702, "LONGLAT": "-86.12377702, 30.74155702", "USNG": "16R EV 83875 01288", "FACILITY_TYPE": "SHELTER", "SHELTER_TYPE": "RISK", "RPC_Region": "1", "Year_Built": "2009", "Building": "1 SW-SE Wing Classroom", "AS_IS_A_Retrofit_R": "A", "Generator_Type": " ", "PreMitigation_Capacity_Spaces": 0, "PreMitigation_Square_Footage": 0, "EHPA_Capacity_Gained_Spaces": 626, "EHPA_Square_Footage_Gained": 12513, "Retrofit_Capacity_Gained_Spaces": 0, "Retrofit_Square_Footage_Gained": 0, "Risk_Capacity_Spaces": 626, "Risk_Square_Footage": 12513, "Planned_Usage_Spaces": 626, "FundingSource_F_Federal_State_S": " ", "Evacuation_Zone": "No", "SURGE_ZONE": "No", "FLOOD_ZONE": "No", "EHPA": "Yes", "General_Pop": "Yes", "SPECIAL_NEEDS": " ", "Pet_Friendly": " ", "Does_not_meet_ARC_4496": " ", "Survey_Needed": " ", "shelter_layer": "general" }, "geometry": { "type": "Point", "coordinates": [ -86.123777015900856, 30.741557017357916 ] } },
{ "type": "Feature", "properties": { "OBJECTID": 1867, "Name": "Okaloosa-Walton Community College", "Address": "908 US HWY 90 W", "City": "DeFuniak Springs", "Zip": "32433", "COUNTY": "WALTON", "X": -86.13311203000001, "Y": 30.72852299, "LONGLAT": "-86.13311203, 30.72852299", "USNG": "16R EU 82993 99836", "FACILITY_TYPE": "SHELTER", "SHELTER_TYPE": "RISK", "RPC_Region": "1", "Year_Built": "1993", "Building": "2 Chautaqua Neighborhood Center", "AS_IS_A_Retrofit_R": "R", "Generator_Type": " ", "PreMitigation_Capacity_Spaces": 0, "PreMitigation_Square_Footage": 0, "EHPA_Capacity_Gained_Spaces": 0, "EHPA_Square_Footage_Gained": 0, "Retrofit_Capacity_Gained_Spaces": 401, "Retrofit_Square_Footage_Gained": 8020, "Risk_Capacity_Spaces": 401, "Risk_Square_Footage": 8020, "Planned_Usage_Spaces": 401, "FundingSource_F_Federal_State_S": "S-1588-2005", "Evacuation_Zone": "No", "SURGE_ZONE": "No", "FLOOD_ZONE": "No", "EHPA": "No", "General_Pop": "Yes", "SPECIAL_NEEDS": " ", "Pet_Friendly": " ", "Does_not_meet_ARC_4496": " ", "Survey_Needed": " ", "shelter_layer": "general" }, "geometry": { "type": "Point", "coordinates": [ -86.133112026081619, 30.728522990252262 ] } },
{ "type": "Feature", "properties": { "OBJECTID": 1868, "Name": "Paxton HS", "Address": "21893 Hwy 331 N", "City": "Laurel Hill", "Zip": "32538", "COUNTY": "WALTON", "X": -86.30472697, "Y": 30.973831, "LONGLAT": "-86.30472697, 30.97383100", "USNG": "16R EV 66393 26909", "FACILITY_TYPE": "SHELTER", "SHELTER_TYPE": "RISK", "RPC_Region": "1", "Year_Built": "2005", "Building": "1 Auditorium", "AS_IS_A_Retrofit_R": "A", "Generator_Type": "Yes, unknown kW", "PreMitigation_Capacity_Spaces": 199, "PreMitigation_Square_Footage": 3972, "EHPA_Capacity_Gained_Spaces": 0, "EHPA_Square_Footage_Gained": 0, "Retrofit_Capacity_Gained_Spaces": 0, "Retrofit_Square_Footage_Gained": 0, "Risk_Capacity_Spaces": 199, "Risk_Square_Footage": 3972, "Planned_Usage_Spaces": 199, "FundingSource_F_Federal_State_S": " ", "Evacuation_Zone": "No", "SURGE_ZONE": "No", "FLOOD_ZONE": "No", "EHPA": "No", "General_Pop": "Yes", "SPECIAL_NEEDS": " ", "Pet_Friendly": " ", "Does_not_meet_ARC_4496": " ", "Survey_Needed": " ", "shelter_layer": "general" }, "geometry": { "type": "Point", "coordinates": [ -86.304726966906316, 30.973830996463008 ] } },
{ "type": "Feature", "properties": { "OBJECTID": 1869, "Name": "Mossy Head ES", "Address": "13273 Hwy 90 W", "City": "DeFuniak Springs", "Zip": "32436", "COUNTY": "WALTON", "X": -86.33201675, "Y": 30.73989142, "LONGLAT": "-86.33201675, 30.73989142", "USNG": "16R EV 63942 00966", "FACILITY_TYPE": "SHELTER", "SHELTER_TYPE": "RISK", "RPC_Region": "1", "Year_Built": "2008", "Building": "500 wing Classroom", "AS_IS_A_Retrofit_R": "A", "Generator_Type": "300 kW", "PreMitigation_Capacity_Spaces": 337, "PreMitigation_Square_Footage": 6733, "EHPA_Capacity_Gained_Spaces": 0, "EHPA_Square_Footage_Gained": 0, "Retrofit_Capacity_Gained_Spaces": 0, "Retrofit_Square_Footage_Gained": 0, "Risk_Capacity_Spaces": 337, "Risk_Square_Footage": 6733, "Planned_Usage_Spaces": 337, "FundingSource_F_Federal_State_S": " ", "Evacuation_Zone": "No", "SURGE_ZONE": "No", "FLOOD_ZONE": "No", "EHPA": "No", "General_Pop": "Yes", "SPECIAL_NEEDS": " ", "Pet_Friendly": " ", "Does_not_meet_ARC_4496": " ", "Survey_Needed": " ", "shelter_layer": "general" }, "geometry": { "type": "Point", "coordinates": [ -86.332016749626604, 30.739891422048853 ] } },
{ "type": "Feature", "properties": { "OBJECTID": 1870, "Name": "Freeport HS", "Address": "12615 Business Hwy 331", "City": "Freeport", "Zip": "32439", "COUNTY": "WALTON", "X": -86.11786388, "Y": 30.54479458, "LONGLAT": "-86.11786388, 30.54479458", "USNG": "16R EU 84613 79486", "FACILITY_TYPE": "SHELTER", "SHELTER_TYPE": "RISK", "RPC_Region": "1", "Year_Built": "2001", "Building": "1 Non-EHPA", "AS_IS_A_Retrofit_R": "R", "Generator_Type": " ", "PreMitigation_Capacity_Spaces": 0, "PreMitigation_Square_Footage": 0, "EHPA_Capacity_Gained_Spaces": 0, "EHPA_Square_Footage_Gained": 0, "Retrofit_Capacity_Gained_Spaces": 1513, "Retrofit_Square_Footage_Gained": 30264, "Risk_Capacity_Spaces": 1513, "Risk_Square_Footage": 30264, "Planned_Usage_Spaces": 0, "FundingSource_F_Federal_State_S": "S-1588-2006", "Evacuation_Zone": "No", "SURGE_ZONE": "No", "FLOOD_ZONE": "No", "EHPA": "No", "General_Pop": "Yes", "SPECIAL_NEEDS": " ", "Pet_Friendly": " ", "Does_not_meet_ARC_4496": " ", "Survey_Needed": " ", "shelter_layer": "general" }, "geometry": { "type": "Point", "coordinates": [ -86.117863877013832, 30.544794575104042 ] } },
{ "type": "Feature", "properties": { "OBJECTID": 1871, "Name": "Mossy Head ES", "Address": "13270 Hwy 90 W", "City": "DeFuniak Springs", "Zip": "32433", "COUNTY": "WALTON", "X": -86.33074297, "Y": 30.74354801, "LONGLAT": "-86.33074297, 30.74354801", "USNG": "16R EV 64062 01372", "FACILITY_TYPE": "SHELTER", "SHELTER_TYPE": "RISK", "RPC_Region": "1", "Year_Built": "2008", "Building": "100 wing Admin", "AS_IS_A_Retrofit_R": "A", "Generator_Type": "300 kW", "PreMitigation_Capacity_Spaces": 52, "PreMitigation_Square_Footage": 1041, "EHPA_Capacity_Gained_Spaces": 0, "EHPA_Square_Footage_Gained": 0, "Retrofit_Capacity_Gained_Spaces": 0, "Retrofit_Square_Footage_Gained": 0, "Risk_Capacity_Spaces": 52, "Risk_Square_Footage": 1041, "Planned_Usage_Spaces": 52, "FundingSource_F_Federal_State_S": " ", "Evacuation_Zone": "No", "SURGE_ZONE": "No", "FLOOD_ZONE": "No", "EHPA": "No", "General_Pop": "Yes", "SPECIAL_NEEDS": " ", "Pet_Friendly": " ", "Does_not_meet_ARC_4496": " ", "Survey_Needed": " ", "shelter_layer": "general" }, "geometry": { "type": "Point", "coordinates": [ -86.330742969210107, 30.743548013321263 ] } },
{ "type": "Feature", "properties": { "OBJECTID": 1872, "Name": "South Walton HS", "Address": "645 Greenway Tr", "City": "Santa Rosa Beach", "Zip": "32459", "COUNTY": "WALTON", "X": -86.18025604, "Y": 30.37899101, "LONGLAT": "-86.18025604, 30.37899101", "USNG": "16R EU 78761 61066", "FACILITY_TYPE": "SHELTER", "SHELTER_TYPE": "RISK", "RPC_Region": "1", "Year_Built": "2002", "Building": "1 Cafeteria", "AS_IS_A_Retrofit_R": "R", "Generator_Type": " ", "PreMitigation_Capacity_Spaces": 0, "PreMitigation_Square_Footage": 0, "EHPA_Capacity_Gained_Spaces": 0, "EHPA_Square_Footage_Gained": 0, "Retrofit_Capacity_Gained_Spaces": 953, "Retrofit_Square_Footage_Gained": 19052, "Risk_Capacity_Spaces": 953, "Risk_Square_Footage": 19052, "Planned_Usage_Spaces": 1751, "FundingSource_F_Federal_State_S": "S-1508-2005", "Evacuation_Zone": "C", "SURGE_ZONE": "No", "FLOOD_ZONE": "No", "EHPA": "No", "General_Pop": "Yes", "SPECIAL_NEEDS": " ", "Pet_Friendly": " ", "Does_not_meet_ARC_4496": " ", "Survey_Needed": " ", "shelter_layer": "general" }, "geometry": { "type": "Point", "coordinates": [ -86.180256039887141, 30.378991006421476 ] } },
{ "type": "Feature", "properties": { "OBJECTID": 1873, "Name": "Walton HS", "Address": "449 Walton Rd", "City": "DeFuniak Springs", "Zip": "32433", "COUNTY": "WALTON", "X": -86.12377702000001, "Y": 30.74155702, "LONGLAT": "-86.12377702, 30.74155702", "USNG": "16R EV 83875 01288", "FACILITY_TYPE": "SHELTER", "SHELTER_TYPE": "RISK", "RPC_Region": "1", "Year_Built": "2009", "Building": "1 Gym", "AS_IS_A_Retrofit_R": "A", "Generator_Type": " ", "PreMitigation_Capacity_Spaces": 0, "PreMitigation_Square_Footage": 0, "EHPA_Capacity_Gained_Spaces": 677, "EHPA_Square_Footage_Gained": 13530, "Retrofit_Capacity_Gained_Spaces": 0, "Retrofit_Square_Footage_Gained": 0, "Risk_Capacity_Spaces": 677, "Risk_Square_Footage": 13530, "Planned_Usage_Spaces": 677, "FundingSource_F_Federal_State_S": " ", "Evacuation_Zone": "No", "SURGE_ZONE": "No", "FLOOD_ZONE": "No", "EHPA": "Yes", "General_Pop": "Yes", "SPECIAL_NEEDS": " ", "Pet_Friendly": " ", "Does_not_meet_ARC_4496": " ", "Survey_Needed": " ", "shelter_layer": "general" }, "geometry": { "type": "Point", "coordinates": [ -86.123777015900856, 30.741557017357916 ] } },
{ "type": "Feature", "properties": { "OBJECTID": 1874, "Name": "South Walton HS", "Address": "645 Greenway Tr", "City": "Santa Rosa Beach", "Zip": "32459", "COUNTY": "WALTON", "X": -86.18025604, "Y": 30.37899101, "LONGLAT": "-86.18025604, 30.37899101", "USNG": "16R EU 78761 61066", "FACILITY_TYPE": "SHELTER", "SHELTER_TYPE": "RISK", "RPC_Region": "1", "Year_Built": "2002", "Building": "1 Main (excluding Cafeteria)", "AS_IS_A_Retrofit_R": "A", "Generator_Type": " ", "PreMitigation_Capacity_Spaces": 0, "PreMitigation_Square_Footage": 0, "EHPA_Capacity_Gained_Spaces": 1506, "EHPA_Square_Footage_Gained": 30126, "Retrofit_Capacity_Gained_Spaces": 0, "Retrofit_Square_Footage_Gained": 0, "Risk_Capacity_Spaces": 1506, "Risk_Square_Footage": 30126, "Planned_Usage_Spaces": 0, "FundingSource_F_Federal_State_S": " ", "Evacuation_Zone": "C", "SURGE_ZONE": "No", "FLOOD_ZONE": "No", "EHPA": "Yes", "General_Pop": "Yes", "SPECIAL_NEEDS": " ", "Pet_Friendly": " ", "Does_not_meet_ARC_4496": " ", "Survey_Needed": " ", "shelter_layer": "general" }, "geometry": { "type": "Point", "coordinates": [ -86.180256039887141, 30.378991006421476 ] } },
{ "type": "Feature", "properties": { "OBJECTID": 1875, "Name": "Walton HS", "Address": "449 Walton Rd", "City": "DeFuniak Springs", "Zip": "32433", "COUNTY": "WALTON", "X": -86.12377702000001, "Y": 30.74155702, "LONGLAT": "-86.12377702, 30.74155702", "USNG": "16R EV 83875 01288", "FACILITY_TYPE": "SHELTER", "SHELTER_TYPE": "RISK", "RPC_Region": "1", "Year_Built": "2009", "Building": "1 South Wing Cafeteria", "AS_IS_A_Retrofit_R": "A", "Generator_Type": " ", "PreMitigation_Capacity_Spaces": 0, "PreMitigation_Square_Footage": 0, "EHPA_Capacity_Gained_Spaces": 156, "EHPA_Square_Footage_Gained": 3120, "Retrofit_Capacity_Gained_Spaces": 0, "Retrofit_Square_Footage_Gained": 0, "Risk_Capacity_Spaces": 156, "Risk_Square_Footage": 3120, "Planned_Usage_Spaces": 0, "FundingSource_F_Federal_State_S": " ", "Evacuation_Zone": "No", "SURGE_ZONE": "No", "FLOOD_ZONE": "No", "EHPA": "Yes", "General_Pop": "Yes", "SPECIAL_NEEDS": " ", "Pet_Friendly": " ", "Does_not_meet_ARC_4496": " ", "Survey_Needed": " ", "shelter_layer": "general" }, "geometry": { "type": "Point", "coordinates": [ -86.123777015900856, 30.741557017357916 ] } },
{ "type": "Feature", "properties": { "OBJECTID": 1876, "Name": "Paxton HS", "Address": "21893 Hwy 331 N", "City": "Laurel Hill", "Zip": "32538", "COUNTY": "WALTON", "X": -86.30472697, "Y": 30.973831, "LONGLAT": "-86.30472697, 30.97383100", "USNG": "16R EV 66393 26909", "FACILITY_TYPE": "SHELTER", "SHELTER_TYPE": "RISK", "RPC_Region": "1", "Year_Built": "2005", "Building": "1 Admin", "AS_IS_A_Retrofit_R": "A", "Generator_Type": "Yes, unknown kW", "PreMitigation_Capacity_Spaces": 287, "PreMitigation_Square_Footage": 5743, "EHPA_Capacity_Gained_Spaces": 0, "EHPA_Square_Footage_Gained": 0, "Retrofit_Capacity_Gained_Spaces": 0, "Retrofit_Square_Footage_Gained": 0, "Risk_Capacity_Spaces": 287, "Risk_Square_Footage": 5743, "Planned_Usage_Spaces": 287, "FundingSource_F_Federal_State_S": " ", "Evacuation_Zone": "No", "SURGE_ZONE": "No", "FLOOD_ZONE": "No", "EHPA": "No", "General_Pop": "Yes", "SPECIAL_NEEDS": " ", "Pet_Friendly": " ", "Does_not_meet_ARC_4496": " ", "Survey_Needed": " ", "shelter_layer": "general" }, "geometry": { "type": "Point", "coordinates": [ -86.304726966906316, 30.973830996463008 ] } },
{ "type": "Feature", "properties": { "OBJECTID": 1, "Name": "Tommy Smith ES", "Address": "5044 Tommy Smith Way", "City": "Panama City", "Zip": "32404", "COUNTY": "BAY", "X": -85.56411399, "Y": 30.241872, "LONGLAT": "-85.56411399, 30.24187200", "USNG": "16R FU 38157 46459", "FACILITY_TYPE": "SHELTER", "SHELTER_TYPE": "RISK", "RPC_Region": "1", "Year_Built": "1991", "Building": "2 Classroom", "AS_IS_A_Retrofit_R": "R", "Generator_Type": " ", "PreMitigation_Capacity_Spaces": 0, "PreMitigation_Square_Footage": 0, "EHPA_Capacity_Gained_Spaces": 0, "EHPA_Square_Footage_Gained": 0, "Retrofit_Capacity_Gained_Spaces": 400, "Retrofit_Square_Footage_Gained": 8007, "Risk_Capacity_Spaces": 400, "Risk_Square_Footage": 8007, "Planned_Usage_Spaces": 0, "FundingSource_F_Federal_State_S": "HMGP", "Evacuation_Zone": "No", "SURGE_ZONE": "No", "FLOOD_ZONE": "No", "EHPA": "No", "General_Pop": "Yes", "SPECIAL_NEEDS": " ", "Pet_Friendly": "Yes", "Does_not_meet_ARC_4496": " ", "Survey_Needed": " ", "shelter_layer": "pet_friendly" }, "geometry": { "type": "Point", "coordinates": [ -85.564113988270734, 30.241871997130261 ] } },
{ "type": "Feature", "properties": { "OBJECTID": 2, "Name": "Jinks MS", "Address": "600 W 11th St", "City": "Panama City", "Zip": "32401", "COUNTY": "BAY", "X": -85.66797901, "Y": 30.16873, "LONGLAT": "-85.66797901, 30.16873000", "USNG": "16R FU 28258 38231", "FACILITY_TYPE": "SHELTER", "SHELTER_TYPE": "RISK", "RPC_Region": "1", "Year_Built": "2003", "Building": "6 Band / Classroom", "AS_IS_A_Retrofit_R": "R", "Generator_Type": " ", "PreMitigation_Capacity_Spaces": 0, "PreMitigation_Square_Footage": 0, "EHPA_Capacity_Gained_Spaces": 0, "EHPA_Square_Footage_Gained": 0, "Retrofit_Capacity_Gained_Spaces": 125, "Retrofit_Square_Footage_Gained": 2769, "Risk_Capacity_Spaces": 138, "Risk_Square_Footage": 2769, "Planned_Usage_Spaces": 125, "FundingSource_F_Federal_State_S": "HMGP", "Evacuation_Zone": "No", "SURGE_ZONE": "No", "FLOOD_ZONE": "No", "EHPA": "No", "General_Pop": "Yes", "SPECIAL_NEEDS": " ", "Pet_Friendly": "Yes", "Does_not_meet_ARC_4496": " ", "Survey_Needed": " ", "shelter_layer": "pet_friendly" }, "geometry": { "type": "Point", "coordinates": [ -85.667979011933525, 30.168730001173138 ] } },
{ "type": "Feature", "properties": { "OBJECTID": 3, "Name": "Rosenwald HS", "Address": "1310 E 11th St", "City": "Panama City", "Zip": "32401", "COUNTY": "BAY", "X": -85.64126698, "Y": 30.16684701, "LONGLAT": "-85.64126698, 30.16684701", "USNG": "16R FU 30833 38053", "FACILITY_TYPE": "SHELTER", "SHELTER_TYPE": "RISK", "RPC_Region": "1", "Year_Built": "2002", "Building": "13 Classroom", "AS_IS_A_Retrofit_R": "R", "Generator_Type": " ", "PreMitigation_Capacity_Spaces": 0, "PreMitigation_Square_Footage": 0, "EHPA_Capacity_Gained_Spaces": 0, "EHPA_Square_Footage_Gained": 0, "Retrofit_Capacity_Gained_Spaces": 175, "Retrofit_Square_Footage_Gained": 3493, "Risk_Capacity_Spaces": 175, "Risk_Square_Footage": 3493, "Planned_Usage_Spaces": 202, "FundingSource_F_Federal_State_S": " ", "Evacuation_Zone": "No", "SURGE_ZONE": "No", "FLOOD_ZONE": "No", "EHPA": "No", "General_Pop": "Yes", "SPECIAL_NEEDS": " ", "Pet_Friendly": "Yes", "Does_not_meet_ARC_4496": " ", "Survey_Needed": " ", "shelter_layer": "pet_friendly" }, "geometry": { "type": "Point", "coordinates": [ -85.641266976048684, 30.166847006334585 ] } },
{ "type": "Feature", "properties": { "OBJECTID": 4, "Name": "Bozeman Learning Center", "Address": "13410 SR 77", "City": "Panama City", "Zip": "32409", "COUNTY": "BAY", "X": -85.68895471, "Y": 30.39417873, "LONGLAT": "-85.68895471, 30.39417873", "USNG": "16R FU 25949 63194", "FACILITY_TYPE": "SHELTER", "SHELTER_TYPE": "RISK", "RPC_Region": "1", "Year_Built": "2000", "Building": "5 Classroom", "AS_IS_A_Retrofit_R": "R", "Generator_Type": " ", "PreMitigation_Capacity_Spaces": 0, "PreMitigation_Square_Footage": 0, "EHPA_Capacity_Gained_Spaces": 0, "EHPA_Square_Footage_Gained": 0, "Retrofit_Capacity_Gained_Spaces": 686, "Retrofit_Square_Footage_Gained": 11518, "Risk_Capacity_Spaces": 576, "Risk_Square_Footage": 11518, "Planned_Usage_Spaces": 686, "FundingSource_F_Federal_State_S": "HMGP", "Evacuation_Zone": "No", "SURGE_ZONE": "No", "FLOOD_ZONE": "No", "EHPA": "No", "General_Pop": "Yes", "SPECIAL_NEEDS": " ", "Pet_Friendly": "Yes", "Does_not_meet_ARC_4496": " ", "Survey_Needed": " ", "shelter_layer": "pet_friendly" }, "geometry": { "type": "Point", "coordinates": [ -85.688954706322818, 30.39417873145063 ] } },
{ "type": "Feature", "properties": { "OBJECTID": 5, "Name": "Tommy Smith ES", "Address": "5044 Tommy Smith Way", "City": "Panama City", "Zip": "32404", "COUNTY": "BAY", "X": -85.56411399, "Y": 30.241872, "LONGLAT": "-85.56411399, 30.24187200", "USNG": "16R FU 38157 46459", "FACILITY_TYPE": "SHELTER", "SHELTER_TYPE": "RISK", "RPC_Region": "1", "Year_Built": "1991", "Building": "3 Classroom", "AS_IS_A_Retrofit_R": "R", "Generator_Type": " ", "PreMitigation_Capacity_Spaces": 0, "PreMitigation_Square_Footage": 0, "EHPA_Capacity_Gained_Spaces": 0, "EHPA_Square_Footage_Gained": 0, "Retrofit_Capacity_Gained_Spaces": 426, "Retrofit_Square_Footage_Gained": 8515, "Risk_Capacity_Spaces": 426, "Risk_Square_Footage": 8515, "Planned_Usage_Spaces": 0, "FundingSource_F_Federal_State_S": "HMGP", "Evacuation_Zone": "No", "SURGE_ZONE": "No", "FLOOD_ZONE": "No", "EHPA": "No", "General_Pop": "Yes", "SPECIAL_NEEDS": " ", "Pet_Friendly": "Yes", "Does_not_meet_ARC_4496": " ", "Survey_Needed": " ", "shelter_layer": "pet_friendly" }, "geometry": { "type": "Point", "coordinates": [ -85.564113988270734, 30.241871997130261 ] } },
{ "type": "Feature", "properties": { "OBJECTID": 6, "Name": "New Horizons Learning Center", "Address": "3100 Minnesota Ave", "City": "Panama City", "Zip": "32405", "COUNTY": "BAY", "X": -85.64554131, "Y": 30.202286, "LONGLAT": "-85.64554131, 30.20228600", "USNG": "16R FU 30374 41975", "FACILITY_TYPE": "SHELTER", "SHELTER_TYPE": "RISK", "RPC_Region": "1", "Year_Built": "0", "Building": "2", "AS_IS_A_Retrofit_R": "A", "Generator_Type": " ", "PreMitigation_Capacity_Spaces": 0, "PreMitigation_Square_Footage": 0, "EHPA_Capacity_Gained_Spaces": 222, "EHPA_Square_Footage_Gained": 4443, "Retrofit_Capacity_Gained_Spaces": 0, "Retrofit_Square_Footage_Gained": 0, "Risk_Capacity_Spaces": 222, "Risk_Square_Footage": 4443, "Planned_Usage_Spaces": 0, "FundingSource_F_Federal_State_S": "L", "Evacuation_Zone": "No", "SURGE_ZONE": "No", "FLOOD_ZONE": "No", "EHPA": "Yes", "General_Pop": "Yes", "SPECIAL_NEEDS": " ", "Pet_Friendly": "Yes", "Does_not_meet_ARC_4496": " ", "Survey_Needed": "Yes", "shelter_layer": "pet_friendly" }, "geometry": { "type": "Point", "coordinates": [ -85.64554131185146, 30.202286001439312 ] } },
{ "type": "Feature", "properties": { "OBJECTID": 7, "Name": "Moore ES", "Address": "1900 Michigan Ave", "City": "Panama City", "Zip": "32405", "COUNTY": "BAY", "X": -85.70702904, "Y": 30.18332398, "LONGLAT": "-85.70702904, 30.18332398", "USNG": "16R FU 24479 39805", "FACILITY_TYPE": "SHELTER", "SHELTER_TYPE": "RISK", "RPC_Region": "1", "Year_Built": "1996", "Building": "5 Media (13)", "AS_IS_A_Retrofit_R": "R", "Generator_Type": " ", "PreMitigation_Capacity_Spaces": 0, "PreMitigation_Square_Footage": 0, "EHPA_Capacity_Gained_Spaces": 0, "EHPA_Square_Footage_Gained": 0, "Retrofit_Capacity_Gained_Spaces": 46, "Retrofit_Square_Footage_Gained": 925, "Risk_Capacity_Spaces": 46, "Risk_Square_Footage": 925, "Planned_Usage_Spaces": 0, "FundingSource_F_Federal_State_S": "HMGP", "Evacuation_Zone": "D", "SURGE_ZONE": "5", "FLOOD_ZONE": "No", "EHPA": "No", "General_Pop": "Yes", "SPECIAL_NEEDS": " ", "Pet_Friendly": "Yes", "Does_not_meet_ARC_4496": " ", "Survey_Needed": " ", "shelter_layer": "pet_friendly" }, "geometry": { "type": "Point", "coordinates": [ -85.707029041636716, 30.183323983899662 ] } },
{ "type": "Feature", "properties": { "OBJECTID": 8, "Name": "Bay HS", "Address": "1204 Harrison Ave", "City": "Panama City", "Zip": "32405", "COUNTY": "BAY", "X": -85.65870603, "Y": 30.170614, "LONGLAT": "-85.65870603, 30.17061400", "USNG": "16R FU 29148 38450", "FACILITY_TYPE": "SHELTER", "SHELTER_TYPE": "RISK", "RPC_Region": "1", "Year_Built": "2001", "Building": "7 Cafeteria", "AS_IS_A_Retrofit_R": "R", "Generator_Type": " ", "PreMitigation_Capacity_Spaces": 0, "PreMitigation_Square_Footage": 0, "EHPA_Capacity_Gained_Spaces": 0, "EHPA_Square_Footage_Gained": 0, "Retrofit_Capacity_Gained_Spaces": 680, "Retrofit_Square_Footage_Gained": 13609, "Risk_Capacity_Spaces": 680, "Risk_Square_Footage": 13609, "Planned_Usage_Spaces": 967, "FundingSource_F_Federal_State_S": " ", "Evacuation_Zone": "No", "SURGE_ZONE": "No", "FLOOD_ZONE": "No", "EHPA": "No", "General_Pop": "Yes", "SPECIAL_NEEDS": " ", "Pet_Friendly": "Yes", "Does_not_meet_ARC_4496": " ", "Survey_Needed": " ", "shelter_layer": "pet_friendly" }, "geometry": { "type": "Point", "coordinates": [ -85.658706028942447, 30.170614001328936 ] } },
{ "type": "Feature", "properties": { "OBJECTID": 9, "Name": "Merriam-Cherry St. ES", "Address": "1125 Cherry St", "City": "Panama City", "Zip": "32401", "COUNTY": "BAY", "X": -85.64585699, "Y": 30.14689699, "LONGLAT": "-85.64585699, 30.14689699", "USNG": "16R FU 30417 35837", "FACILITY_TYPE": "SHELTER", "SHELTER_TYPE": "RISK", "RPC_Region": "1", "Year_Built": "1996", "Building": "11 Multipurpose / Cafeteria", "AS_IS_A_Retrofit_R": "A", "Generator_Type": " ", "PreMitigation_Capacity_Spaces": 0, "PreMitigation_Square_Footage": 0, "EHPA_Capacity_Gained_Spaces": 253, "EHPA_Square_Footage_Gained": 5054, "Retrofit_Capacity_Gained_Spaces": 0, "Retrofit_Square_Footage_Gained": 0, "Risk_Capacity_Spaces": 253, "Risk_Square_Footage": 5054, "Planned_Usage_Spaces": 0, "FundingSource_F_Federal_State_S": "L", "Evacuation_Zone": "C", "SURGE_ZONE": "No", "FLOOD_ZONE": "No", "EHPA": "Yes", "General_Pop": "Yes", "SPECIAL_NEEDS": " ", "Pet_Friendly": "Yes", "Does_not_meet_ARC_4496": " ", "Survey_Needed": "Yes", "shelter_layer": "pet_friendly" }, "geometry": { "type": "Point", "coordinates": [ -85.645856990273003, 30.14689698687269 ] } },
{ "type": "Feature", "properties": { "OBJECTID": 10, "Name": "Waller ES", "Address": "11332 Hwy 338", "City": "Youngstown", "Zip": "32466", "COUNTY": "BAY", "X": -85.57356, "Y": 30.312275, "LONGLAT": "-85.57356000, 30.31227500", "USNG": "16R FU 37151 54250", "FACILITY_TYPE": "SHELTER", "SHELTER_TYPE": "RISK", "RPC_Region": "1", "Year_Built": "1996", "Building": "3 Cafeteria", "AS_IS_A_Retrofit_R": "R", "Generator_Type": " ", "PreMitigation_Capacity_Spaces": 0, "PreMitigation_Square_Footage": 0, "EHPA_Capacity_Gained_Spaces": 0, "EHPA_Square_Footage_Gained": 0, "Retrofit_Capacity_Gained_Spaces": 82, "Retrofit_Square_Footage_Gained": 1638, "Risk_Capacity_Spaces": 82, "Risk_Square_Footage": 1638, "Planned_Usage_Spaces": 0, "FundingSource_F_Federal_State_S": "L", "Evacuation_Zone": "No", "SURGE_ZONE": "No", "FLOOD_ZONE": "No", "EHPA": "No", "General_Pop": "Yes", "SPECIAL_NEEDS": " ", "Pet_Friendly": "Yes", "Does_not_meet_ARC_4496": " ", "Survey_Needed": " ", "shelter_layer": "pet_friendly" }, "geometry": { "type": "Point", "coordinates": [ -85.573560000045106, 30.312274999483535 ] } },
{ "type": "Feature", "properties": { "OBJECTID": 11, "Name": "Bozeman Learning Center", "Address": "13410 SR 77", "City": "Panama City", "Zip": "32409", "COUNTY": "BAY", "X": -85.68895471, "Y": 30.39417873, "LONGLAT": "-85.68895471, 30.39417873", "USNG": "16R FU 25949 63194", "FACILITY_TYPE": "SHELTER", "SHELTER_TYPE": "RISK", "RPC_Region": "1", "Year_Built": "2000", "Building": "1 Admin / Clinic", "AS_IS_A_Retrofit_R": "R", "Generator_Type": " ", "PreMitigation_Capacity_Spaces": 0, "PreMitigation_Square_Footage": 0, "EHPA_Capacity_Gained_Spaces": 0, "EHPA_Square_Footage_Gained": 0, "Retrofit_Capacity_Gained_Spaces": 267, "Retrofit_Square_Footage_Gained": 5340, "Risk_Capacity_Spaces": 267, "Risk_Square_Footage": 5340, "Planned_Usage_Spaces": 267, "FundingSource_F_Federal_State_S": " ", "Evacuation_Zone": "No", "SURGE_ZONE": "No", "FLOOD_ZONE": "No", "EHPA": "No", "General_Pop": "Yes", "SPECIAL_NEEDS": " ", "Pet_Friendly": "Yes", "Does_not_meet_ARC_4496": " ", "Survey_Needed": " ", "shelter_layer": "pet_friendly" }, "geometry": { "type": "Point", "coordinates": [ -85.688954706322818, 30.39417873145063 ] } },
{ "type": "Feature", "properties": { "OBJECTID": 12, "Name": "Tommy Smith ES", "Address": "5044 Tommy Smith Way", "City": "Panama City", "Zip": "32404", "COUNTY": "BAY", "X": -85.56411399, "Y": 30.241872, "LONGLAT": "-85.56411399, 30.24187200", "USNG": "16R FU 38157 46459", "FACILITY_TYPE": "SHELTER", "SHELTER_TYPE": "RISK", "RPC_Region": "1", "Year_Built": "1991", "Building": "1 Classroom", "AS_IS_A_Retrofit_R": "R", "Generator_Type": " ", "PreMitigation_Capacity_Spaces": 0, "PreMitigation_Square_Footage": 0, "EHPA_Capacity_Gained_Spaces": 0, "EHPA_Square_Footage_Gained": 0, "Retrofit_Capacity_Gained_Spaces": 235, "Retrofit_Square_Footage_Gained": 4708, "Risk_Capacity_Spaces": 235, "Risk_Square_Footage": 4708, "Planned_Usage_Spaces": 0, "FundingSource_F_Federal_State_S": "HMGP", "Evacuation_Zone": "No", "SURGE_ZONE": "No", "FLOOD_ZONE": "No", "EHPA": "No", "General_Pop": "Yes", "SPECIAL_NEEDS": " ", "Pet_Friendly": "Yes", "Does_not_meet_ARC_4496": " ", "Survey_Needed": " ", "shelter_layer": "pet_friendly" }, "geometry": { "type": "Point", "coordinates": [ -85.564113988270734, 30.241871997130261 ] } },
{ "type": "Feature", "properties": { "OBJECTID": 13, "Name": "Oakland Terrace ES", "Address": "2010 W 12th St", "City": "Panama City", "Zip": "32401", "COUNTY": "BAY", "X": -85.69123301, "Y": 30.17070302, "LONGLAT": "-85.69123301, 30.17070302", "USNG": "16R FU 26016 38424", "FACILITY_TYPE": "SHELTER", "SHELTER_TYPE": "RISK", "RPC_Region": "1", "Year_Built": "2000", "Building": "13 Classroom", "AS_IS_A_Retrofit_R": "R", "Generator_Type": " ", "PreMitigation_Capacity_Spaces": 0, "PreMitigation_Square_Footage": 0, "EHPA_Capacity_Gained_Spaces": 0, "EHPA_Square_Footage_Gained": 0, "Retrofit_Capacity_Gained_Spaces": 224, "Retrofit_Square_Footage_Gained": 3365, "Risk_Capacity_Spaces": 168, "Risk_Square_Footage": 3365, "Planned_Usage_Spaces": 294, "FundingSource_F_Federal_State_S": "HMGP", "Evacuation_Zone": "No", "SURGE_ZONE": "No", "FLOOD_ZONE": "No", "EHPA": "No", "General_Pop": "Yes", "SPECIAL_NEEDS": " ", "Pet_Friendly": "Yes", "Does_not_meet_ARC_4496": " ", "Survey_Needed": " ", "shelter_layer": "pet_friendly" }, "geometry": { "type": "Point", "coordinates": [ -85.691233009956548, 30.170703016980237 ] } },
{ "type": "Feature", "properties": { "OBJECTID": 14, "Name": "Parker ES", "Address": "640 S Hwy 22A", "City": "Panama City", "Zip": "32404", "COUNTY": "BAY", "X": -85.600514, "Y": 30.13559902, "LONGLAT": "-85.60051400, 30.13559902", "USNG": "16R FU 34800 34637", "FACILITY_TYPE": "SHELTER", "SHELTER_TYPE": "RISK", "RPC_Region": "1", "Year_Built": "2007", "Building": "2 Multipurpose", "AS_IS_A_Retrofit_R": "A", "Generator_Type": " ", "PreMitigation_Capacity_Spaces": 0, "PreMitigation_Square_Footage": 0, "EHPA_Capacity_Gained_Spaces": 180, "EHPA_Square_Footage_Gained": 3600, "Retrofit_Capacity_Gained_Spaces": 0, "Retrofit_Square_Footage_Gained": 0, "Risk_Capacity_Spaces": 180, "Risk_Square_Footage": 3600, "Planned_Usage_Spaces": 0, "FundingSource_F_Federal_State_S": "L", "Evacuation_Zone": "No", "SURGE_ZONE": "No", "FLOOD_ZONE": "No", "EHPA": "Yes", "General_Pop": "Yes", "SPECIAL_NEEDS": " ", "Pet_Friendly": "Yes", "Does_not_meet_ARC_4496": " ", "Survey_Needed": "Yes", "shelter_layer": "pet_friendly" }, "geometry": { "type": "Point", "coordinates": [ -85.600513995287528, 30.135599020148646 ] } },
{ "type": "Feature", "properties": { "OBJECTID": 15, "Name": "Cedar Grove ES", "Address": "2826 East 15th St", "City": "Panama City", "Zip": "32405", "COUNTY": "BAY", "X": -85.62116198, "Y": 30.17427002, "LONGLAT": "-85.62116198, 30.17427002", "USNG": "16R FU 32759 38899", "FACILITY_TYPE": "SHELTER", "SHELTER_TYPE": "RISK", "RPC_Region": "1", "Year_Built": "1999", "Building": "12 Classroom", "AS_IS_A_Retrofit_R": "R", "Generator_Type": " ", "PreMitigation_Capacity_Spaces": 0, "PreMitigation_Square_Footage": 0, "EHPA_Capacity_Gained_Spaces": 0, "EHPA_Square_Footage_Gained": 0, "Retrofit_Capacity_Gained_Spaces": 306, "Retrofit_Square_Footage_Gained": 4865, "Risk_Capacity_Spaces": 243, "Risk_Square_Footage": 4865, "Planned_Usage_Spaces": 306, "FundingSource_F_Federal_State_S": "HMGP", "Evacuation_Zone": "No", "SURGE_ZONE": "No", "FLOOD_ZONE": "No", "EHPA": "No", "General_Pop": "Yes", "SPECIAL_NEEDS": " ", "Pet_Friendly": "Yes", "Does_not_meet_ARC_4496": " ", "Survey_Needed": " ", "shelter_layer": "pet_friendly" }, "geometry": { "type": "Point", "coordinates": [ -85.621161976078596, 30.17427002001013 ] } },
{ "type": "Feature", "properties": { "OBJECTID": 16, "Name": "Moore ES", "Address": "1900 Michigan Ave", "City": "Panama City", "Zip": "32405", "COUNTY": "BAY", "X": -85.70702904, "Y": 30.18332398, "LONGLAT": "-85.70702904, 30.18332398", "USNG": "16R FU 24479 39805", "FACILITY_TYPE": "SHELTER", "SHELTER_TYPE": "RISK", "RPC_Region": "1", "Year_Built": "1996", "Building": "3 Cafeteria (11)", "AS_IS_A_Retrofit_R": "R", "Generator_Type": " ", "PreMitigation_Capacity_Spaces": 0, "PreMitigation_Square_Footage": 0, "EHPA_Capacity_Gained_Spaces": 0, "EHPA_Square_Footage_Gained": 0, "Retrofit_Capacity_Gained_Spaces": 483, "Retrofit_Square_Footage_Gained": 9661, "Risk_Capacity_Spaces": 483, "Risk_Square_Footage": 9661, "Planned_Usage_Spaces": 0, "FundingSource_F_Federal_State_S": "HMGP", "Evacuation_Zone": "D", "SURGE_ZONE": "5", "FLOOD_ZONE": "No", "EHPA": "No", "General_Pop": "Yes", "SPECIAL_NEEDS": " ", "Pet_Friendly": "Yes", "Does_not_meet_ARC_4496": " ", "Survey_Needed": " ", "shelter_layer": "pet_friendly" }, "geometry": { "type": "Point", "coordinates": [ -85.707029041636716, 30.183323983899662 ] } },
{ "type": "Feature", "properties": { "OBJECTID": 17, "Name": "Bozeman Learning Center", "Address": "13410 SR 77", "City": "Panama City", "Zip": "32409", "COUNTY": "BAY", "X": -85.68895471, "Y": 30.39417873, "LONGLAT": "-85.68895471, 30.39417873", "USNG": "16R FU 25949 63194", "FACILITY_TYPE": "SHELTER", "SHELTER_TYPE": "RISK", "RPC_Region": "1", "Year_Built": "2000", "Building": "3 Classroom", "AS_IS_A_Retrofit_R": "R", "Generator_Type": " ", "PreMitigation_Capacity_Spaces": 0, "PreMitigation_Square_Footage": 0, "EHPA_Capacity_Gained_Spaces": 0, "EHPA_Square_Footage_Gained": 0, "Retrofit_Capacity_Gained_Spaces": 526, "Retrofit_Square_Footage_Gained": 7894, "Risk_Capacity_Spaces": 395, "Risk_Square_Footage": 7894, "Planned_Usage_Spaces": 641, "FundingSource_F_Federal_State_S": " ", "Evacuation_Zone": "No", "SURGE_ZONE": "No", "FLOOD_ZONE": "No", "EHPA": "No", "General_Pop": "Yes", "SPECIAL_NEEDS": " ", "Pet_Friendly": "Yes", "Does_not_meet_ARC_4496": " ", "Survey_Needed": " ", "shelter_layer": "pet_friendly" }, "geometry": { "type": "Point", "coordinates": [ -85.688954706322818, 30.39417873145063 ] } },
{ "type": "Feature", "properties": { "OBJECTID": 18, "Name": "Tommy Smith ES", "Address": "5044 Tommy Smith Way", "City": "Panama City", "Zip": "32404", "COUNTY": "BAY", "X": -85.56411399, "Y": 30.241872, "LONGLAT": "-85.56411399, 30.24187200", "USNG": "16R FU 38157 46459", "FACILITY_TYPE": "SHELTER", "SHELTER_TYPE": "RISK", "RPC_Region": "1", "Year_Built": "1991", "Building": "4 Classroom", "AS_IS_A_Retrofit_R": "R", "Generator_Type": " ", "PreMitigation_Capacity_Spaces": 0, "PreMitigation_Square_Footage": 0, "EHPA_Capacity_Gained_Spaces": 0, "EHPA_Square_Footage_Gained": 0, "Retrofit_Capacity_Gained_Spaces": 438, "Retrofit_Square_Footage_Gained": 8764, "Risk_Capacity_Spaces": 438, "Risk_Square_Footage": 8764, "Planned_Usage_Spaces": 0, "FundingSource_F_Federal_State_S": "HMGP", "Evacuation_Zone": "No", "SURGE_ZONE": "No", "FLOOD_ZONE": "No", "EHPA": "No", "General_Pop": "Yes", "SPECIAL_NEEDS": " ", "Pet_Friendly": "Yes", "Does_not_meet_ARC_4496": " ", "Survey_Needed": " ", "shelter_layer": "pet_friendly" }, "geometry": { "type": "Point", "coordinates": [ -85.564113988270734, 30.241871997130261 ] } },
{ "type": "Feature", "properties": { "OBJECTID": 19, "Name": "Bozeman Learning Center", "Address": "13410 SR 77", "City": "Panama City", "Zip": "32409", "COUNTY": "BAY", "X": -85.68895471, "Y": 30.39417873, "LONGLAT": "-85.68895471, 30.39417873", "USNG": "16R FU 25949 63194", "FACILITY_TYPE": "SHELTER", "SHELTER_TYPE": "RISK", "RPC_Region": "1", "Year_Built": "2000", "Building": "9 Cafeteria", "AS_IS_A_Retrofit_R": "A", "Generator_Type": "HW 600KW", "PreMitigation_Capacity_Spaces": 0, "PreMitigation_Square_Footage": 0, "EHPA_Capacity_Gained_Spaces": 110, "EHPA_Square_Footage_Gained": 8277, "Retrofit_Capacity_Gained_Spaces": 0, "Retrofit_Square_Footage_Gained": 0, "Risk_Capacity_Spaces": 138, "Risk_Square_Footage": 8277, "Planned_Usage_Spaces": 108, "FundingSource_F_Federal_State_S": "EHPA", "Evacuation_Zone": "No", "SURGE_ZONE": "No", "FLOOD_ZONE": "No", "EHPA": "Yes", "General_Pop": " ", "SPECIAL_NEEDS": "Yes", "Pet_Friendly": "Yes", "Does_not_meet_ARC_4496": " ", "Survey_Needed": " ", "shelter_layer": "pet_friendly" }, "geometry": { "type": "Point", "coordinates": [ -85.688954706322818, 30.39417873145063 ] } },
{ "type": "Feature", "properties": { "OBJECTID": 20, "Name": "Pattersen ES", "Address": "1025 Redwood Ave", "City": "Panama City", "Zip": "32401", "COUNTY": "BAY", "X": -85.63851796, "Y": 30.16655301, "LONGLAT": "-85.63851796, 30.16655301", "USNG": "16R FU 31098 38023", "FACILITY_TYPE": "SHELTER", "SHELTER_TYPE": "RISK", "RPC_Region": "1", "Year_Built": "2000", "Building": "16 Classroom", "AS_IS_A_Retrofit_R": "R", "Generator_Type": " ", "PreMitigation_Capacity_Spaces": 0, "PreMitigation_Square_Footage": 0, "EHPA_Capacity_Gained_Spaces": 0, "EHPA_Square_Footage_Gained": 0, "Retrofit_Capacity_Gained_Spaces": 265, "Retrofit_Square_Footage_Gained": 5294, "Risk_Capacity_Spaces": 265, "Risk_Square_Footage": 5294, "Planned_Usage_Spaces": 0, "FundingSource_F_Federal_State_S": "F-HB7121", "Evacuation_Zone": "No", "SURGE_ZONE": "No", "FLOOD_ZONE": "No", "EHPA": "No", "General_Pop": "Yes", "SPECIAL_NEEDS": " ", "Pet_Friendly": "Yes", "Does_not_meet_ARC_4496": " ", "Survey_Needed": " ", "shelter_layer": "pet_friendly" }, "geometry": { "type": "Point", "coordinates": [ -85.638517964128454, 30.166553011445195 ] } },
{ "type": "Feature", "properties": { "OBJECTID": 21, "Name": "Bozeman Learning Center", "Address": "13410 SR 77", "City": "Panama City", "Zip": "32409", "COUNTY": "BAY", "X": -85.68895471, "Y": 30.39417873, "LONGLAT": "-85.68895471, 30.39417873", "USNG": "16R FU 25949 63194", "FACILITY_TYPE": "SHELTER", "SHELTER_TYPE": "RISK", "RPC_Region": "1", "Year_Built": "2000", "Building": "4 Classroom", "AS_IS_A_Retrofit_R": "R", "Generator_Type": " ", "PreMitigation_Capacity_Spaces": 0, "PreMitigation_Square_Footage": 0, "EHPA_Capacity_Gained_Spaces": 0, "EHPA_Square_Footage_Gained": 0, "Retrofit_Capacity_Gained_Spaces": 580, "Retrofit_Square_Footage_Gained": 9401, "Risk_Capacity_Spaces": 470, "Risk_Square_Footage": 9401, "Planned_Usage_Spaces": 580, "FundingSource_F_Federal_State_S": "HMGP", "Evacuation_Zone": "No", "SURGE_ZONE": "No", "FLOOD_ZONE": "No", "EHPA": "No", "General_Pop": "Yes", "SPECIAL_NEEDS": " ", "Pet_Friendly": "Yes", "Does_not_meet_ARC_4496": " ", "Survey_Needed": " ", "shelter_layer": "pet_friendly" }, "geometry": { "type": "Point", "coordinates": [ -85.688954706322818, 30.39417873145063 ] } },
{ "type": "Feature", "properties": { "OBJECTID": 22, "Name": "Jinks MS", "Address": "600 W 11th St", "City": "Panama City", "Zip": "32401", "COUNTY": "BAY", "X": -85.66797901, "Y": 30.16873, "LONGLAT": "-85.66797901, 30.16873000", "USNG": "16R FU 28258 38231", "FACILITY_TYPE": "SHELTER", "SHELTER_TYPE": "RISK", "RPC_Region": "1", "Year_Built": "2003", "Building": "10 Cafeteria", "AS_IS_A_Retrofit_R": "R", "Generator_Type": " ", "PreMitigation_Capacity_Spaces": 0, "PreMitigation_Square_Footage": 0, "EHPA_Capacity_Gained_Spaces": 0, "EHPA_Square_Footage_Gained": 0, "Retrofit_Capacity_Gained_Spaces": 76, "Retrofit_Square_Footage_Gained": 1836, "Risk_Capacity_Spaces": 92, "Risk_Square_Footage": 1836, "Planned_Usage_Spaces": 76, "FundingSource_F_Federal_State_S": "HMGP", "Evacuation_Zone": "No", "SURGE_ZONE": "No", "FLOOD_ZONE": "No", "EHPA": "No", "General_Pop": "Yes", "SPECIAL_NEEDS": " ", "Pet_Friendly": "Yes", "Does_not_meet_ARC_4496": " ", "Survey_Needed": " ", "shelter_layer": "pet_friendly" }, "geometry": { "type": "Point", "coordinates": [ -85.667979011933525, 30.168730001173138 ] } },
{ "type": "Feature", "properties": { "OBJECTID": 23, "Name": "Bay County Sheriff Office", "Address": "3421 Highway 77", "City": "Panama City", "Zip": "32404", "COUNTY": "BAY", "X": -85.650792, "Y": 30.21048001, "LONGLAT": "-85.65079200, 30.21048001", "USNG": "16R FU 29858 42878", "FACILITY_TYPE": "SHELTER", "SHELTER_TYPE": "RISK", "RPC_Region": "1", "Year_Built": "1994", "Building": "1 Main", "AS_IS_A_Retrofit_R": "R", "Generator_Type": " ", "PreMitigation_Capacity_Spaces": 0, "PreMitigation_Square_Footage": 0, "EHPA_Capacity_Gained_Spaces": 0, "EHPA_Square_Footage_Gained": 0, "Retrofit_Capacity_Gained_Spaces": 494, "Retrofit_Square_Footage_Gained": 9880, "Risk_Capacity_Spaces": 494, "Risk_Square_Footage": 9880, "Planned_Usage_Spaces": 494, "FundingSource_F_Federal_State_S": "S FY 11-12 1515A", "Evacuation_Zone": "No", "SURGE_ZONE": "No", "FLOOD_ZONE": "No", "EHPA": "No", "General_Pop": "Yes", "SPECIAL_NEEDS": " ", "Pet_Friendly": "Yes", "Does_not_meet_ARC_4496": " ", "Survey_Needed": " ", "shelter_layer": "pet_friendly" }, "geometry": { "type": "Point", "coordinates": [ -85.65079200334425, 30.210480009087053 ] } },
{ "type": "Feature", "properties": { "OBJECTID": 24, "Name": "Merritt Brown MS", "Address": "5601 Merritt Brown Rd", "City": "Panama City", "Zip": "32404", "COUNTY": "BAY", "X": -85.56317597, "Y": 30.24219998, "LONGLAT": "-85.56317597, 30.24219998", "USNG": "16R FU 38247 46496", "FACILITY_TYPE": "SHELTER", "SHELTER_TYPE": "RISK", "RPC_Region": "1", "Year_Built": "1988", "Building": "4 Classroom 1st Floor", "AS_IS_A_Retrofit_R": "R", "Generator_Type": " ", "PreMitigation_Capacity_Spaces": 0, "PreMitigation_Square_Footage": 0, "EHPA_Capacity_Gained_Spaces": 0, "EHPA_Square_Footage_Gained": 0, "Retrofit_Capacity_Gained_Spaces": 877, "Retrofit_Square_Footage_Gained": 17538, "Risk_Capacity_Spaces": 877, "Risk_Square_Footage": 17538, "Planned_Usage_Spaces": 0, "FundingSource_F_Federal_State_S": "HMGP", "Evacuation_Zone": "No", "SURGE_ZONE": "No", "FLOOD_ZONE": "No", "EHPA": "No", "General_Pop": "Yes", "SPECIAL_NEEDS": " ", "Pet_Friendly": "Yes", "Does_not_meet_ARC_4496": " ", "Survey_Needed": " ", "shelter_layer": "pet_friendly" }, "geometry": { "type": "Point", "coordinates": [ -85.563175969678952, 30.242199980910431 ] } },
{ "type": "Feature", "properties": { "OBJECTID": 25, "Name": "Waller ES", "Address": "11332 Hwy 338", "City": "Youngstown", "Zip": "32466", "COUNTY": "BAY", "X": -85.57356, "Y": 30.312275, "LONGLAT": "-85.57356000, 30.31227500", "USNG": "16R FU 37151 54250", "FACILITY_TYPE": "SHELTER", "SHELTER_TYPE": "RISK", "RPC_Region": "1", "Year_Built": "1998", "Building": "4 Classroom", "AS_IS_A_Retrofit_R": "R", "Generator_Type": " ", "PreMitigation_Capacity_Spaces": 0, "PreMitigation_Square_Footage": 0, "EHPA_Capacity_Gained_Spaces": 0, "EHPA_Square_Footage_Gained": 0, "Retrofit_Capacity_Gained_Spaces": 207, "Retrofit_Square_Footage_Gained": 4141, "Risk_Capacity_Spaces": 207, "Risk_Square_Footage": 4141, "Planned_Usage_Spaces": 0, "FundingSource_F_Federal_State_S": "L", "Evacuation_Zone": "No", "SURGE_ZONE": "No", "FLOOD_ZONE": "No", "EHPA": "No", "General_Pop": "Yes", "SPECIAL_NEEDS": " ", "Pet_Friendly": "Yes", "Does_not_meet_ARC_4496": " ", "Survey_Needed": " ", "shelter_layer": "pet_friendly" }, "geometry": { "type": "Point", "coordinates": [ -85.573560000045106, 30.312274999483535 ] } },
{ "type": "Feature", "properties": { "OBJECTID": 26, "Name": "Mowat MS", "Address": "1903 Hwy 390", "City": "Lynn Haven", "Zip": "33444", "COUNTY": "BAY", "X": -85.65584604, "Y": 30.228498, "LONGLAT": "-85.65584604, 30.22849800", "USNG": "16R FU 29348 44869", "FACILITY_TYPE": "SHELTER", "SHELTER_TYPE": "RISK", "RPC_Region": "1", "Year_Built": "2000", "Building": "11 Classroom", "AS_IS_A_Retrofit_R": "R", "Generator_Type": " ", "PreMitigation_Capacity_Spaces": 0, "PreMitigation_Square_Footage": 0, "EHPA_Capacity_Gained_Spaces": 0, "EHPA_Square_Footage_Gained": 0, "Retrofit_Capacity_Gained_Spaces": 139, "Retrofit_Square_Footage_Gained": 2782, "Risk_Capacity_Spaces": 139, "Risk_Square_Footage": 2782, "Planned_Usage_Spaces": 139, "FundingSource_F_Federal_State_S": "HMGP", "Evacuation_Zone": "No", "SURGE_ZONE": "No", "FLOOD_ZONE": "No", "EHPA": "No", "General_Pop": "Yes", "SPECIAL_NEEDS": " ", "Pet_Friendly": "Yes", "Does_not_meet_ARC_4496": " ", "Survey_Needed": " ", "shelter_layer": "pet_friendly" }, "geometry": { "type": "Point", "coordinates": [ -85.6558460403716, 30.228498000212682 ] } },
{ "type": "Feature", "properties": { "OBJECTID": 27, "Name": "Rutherford HS", "Address": "1000 School Ave", "City": "Panama City", "Zip": "32401", "COUNTY": "BAY", "X": -85.61524301, "Y": 30.16608099, "LONGLAT": "-85.61524301, 30.16608099", "USNG": "16R FU 33340 37998", "FACILITY_TYPE": "SHELTER", "SHELTER_TYPE": "RISK", "RPC_Region": "1", "Year_Built": "1995", "Building": "2  Media / Classroom 1st Floor", "AS_IS_A_Retrofit_R": "R", "Generator_Type": " ", "PreMitigation_Capacity_Spaces": 0, "PreMitigation_Square_Footage": 0, "EHPA_Capacity_Gained_Spaces": 0, "EHPA_Square_Footage_Gained": 0, "Retrofit_Capacity_Gained_Spaces": 237, "Retrofit_Square_Footage_Gained": 4740, "Risk_Capacity_Spaces": 237, "Risk_Square_Footage": 4740, "Planned_Usage_Spaces": 237, "FundingSource_F_Federal_State_S": "HMGP", "Evacuation_Zone": "No", "SURGE_ZONE": "No", "FLOOD_ZONE": "No", "EHPA": "No", "General_Pop": "Yes", "SPECIAL_NEEDS": " ", "Pet_Friendly": "Yes", "Does_not_meet_ARC_4496": " ", "Survey_Needed": " ", "shelter_layer": "pet_friendly" }, "geometry": { "type": "Point", "coordinates": [ -85.615243010889998, 30.166080984193158 ] } },
{ "type": "Feature", "properties": { "OBJECTID": 28, "Name": "Bozeman Learning Center", "Address": "13410 SR 77", "City": "Panama City", "Zip": "32409", "COUNTY": "BAY", "X": -85.68895471, "Y": 30.39417873, "LONGLAT": "-85.68895471, 30.39417873", "USNG": "16R FU 25949 63194", "FACILITY_TYPE": "SHELTER", "SHELTER_TYPE": "RISK", "RPC_Region": "1", "Year_Built": "2000", "Building": "6 Music", "AS_IS_A_Retrofit_R": "R", "Generator_Type": " ", "PreMitigation_Capacity_Spaces": 0, "PreMitigation_Square_Footage": 0, "EHPA_Capacity_Gained_Spaces": 0, "EHPA_Square_Footage_Gained": 0, "Retrofit_Capacity_Gained_Spaces": 319, "Retrofit_Square_Footage_Gained": 4791, "Risk_Capacity_Spaces": 240, "Risk_Square_Footage": 4791, "Planned_Usage_Spaces": 604, "FundingSource_F_Federal_State_S": "HMGP", "Evacuation_Zone": "No", "SURGE_ZONE": "No", "FLOOD_ZONE": "No", "EHPA": "No", "General_Pop": "Yes", "SPECIAL_NEEDS": " ", "Pet_Friendly": "Yes", "Does_not_meet_ARC_4496": " ", "Survey_Needed": " ", "shelter_layer": "pet_friendly" }, "geometry": { "type": "Point", "coordinates": [ -85.688954706322818, 30.39417873145063 ] } },
{ "type": "Feature", "properties": { "OBJECTID": 29, "Name": "Bozeman Learning Center", "Address": "13410 SR 77", "City": "Panama City", "Zip": "32409", "COUNTY": "BAY", "X": -85.68895471, "Y": 30.39417873, "LONGLAT": "-85.68895471, 30.39417873", "USNG": "16R FU 25949 63194", "FACILITY_TYPE": "SHELTER", "SHELTER_TYPE": "RISK", "RPC_Region": "1", "Year_Built": "2000", "Building": "7 Classroom", "AS_IS_A_Retrofit_R": "R", "Generator_Type": " ", "PreMitigation_Capacity_Spaces": 0, "PreMitigation_Square_Footage": 0, "EHPA_Capacity_Gained_Spaces": 0, "EHPA_Square_Footage_Gained": 0, "Retrofit_Capacity_Gained_Spaces": 510, "Retrofit_Square_Footage_Gained": 7647, "Risk_Capacity_Spaces": 382, "Risk_Square_Footage": 7647, "Planned_Usage_Spaces": 826, "FundingSource_F_Federal_State_S": "L", "Evacuation_Zone": "No", "SURGE_ZONE": "No", "FLOOD_ZONE": "No", "EHPA": "No", "General_Pop": "Yes", "SPECIAL_NEEDS": " ", "Pet_Friendly": "Yes", "Does_not_meet_ARC_4496": " ", "Survey_Needed": " ", "shelter_layer": "pet_friendly" }, "geometry": { "type": "Point", "coordinates": [ -85.688954706322818, 30.39417873145063 ] } },
{ "type": "Feature", "properties": { "OBJECTID": 30, "Name": "Waller ES", "Address": "11332 Highway 388", "City": "Fountain", "Zip": "32466", "COUNTY": "BAY", "X": -85.44058896, "Y": 30.36635101, "LONGLAT": "-85.44058896, 30.36635101", "USNG": "16R FU 49855 60412", "FACILITY_TYPE": "SHELTER", "SHELTER_TYPE": "RISK", "RPC_Region": "1", "Year_Built": "2000", "Building": "5 Classroom", "AS_IS_A_Retrofit_R": "R", "Generator_Type": " ", "PreMitigation_Capacity_Spaces": 0, "PreMitigation_Square_Footage": 0, "EHPA_Capacity_Gained_Spaces": 0, "EHPA_Square_Footage_Gained": 0, "Retrofit_Capacity_Gained_Spaces": 288, "Retrofit_Square_Footage_Gained": 5757, "Risk_Capacity_Spaces": 288, "Risk_Square_Footage": 5757, "Planned_Usage_Spaces": 0, "FundingSource_F_Federal_State_S": "F-HB7121", "Evacuation_Zone": "No", "SURGE_ZONE": "No", "FLOOD_ZONE": "No", "EHPA": "No", "General_Pop": "Yes", "SPECIAL_NEEDS": " ", "Pet_Friendly": "Yes", "Does_not_meet_ARC_4496": " ", "Survey_Needed": " ", "shelter_layer": "pet_friendly" }, "geometry": { "type": "Point", "coordinates": [ -85.440588959227142, 30.366351012395938 ] } },
{ "type": "Feature", "properties": { "OBJECTID": 31, "Name": "Moore ES", "Address": "1900 Michigan Ave", "City": "Panama City", "Zip": "32405", "COUNTY": "BAY", "X": -85.70702904, "Y": 30.18332398, "LONGLAT": "-85.70702904, 30.18332398", "USNG": "16R FU 24479 39805", "FACILITY_TYPE": "SHELTER", "SHELTER_TYPE": "RISK", "RPC_Region": "1", "Year_Built": "1996", "Building": "2 Classroom (10)", "AS_IS_A_Retrofit_R": "R", "Generator_Type": " ", "PreMitigation_Capacity_Spaces": 0, "PreMitigation_Square_Footage": 0, "EHPA_Capacity_Gained_Spaces": 0, "EHPA_Square_Footage_Gained": 0, "Retrofit_Capacity_Gained_Spaces": 168, "Retrofit_Square_Footage_Gained": 3357, "Risk_Capacity_Spaces": 168, "Risk_Square_Footage": 3357, "Planned_Usage_Spaces": 0, "FundingSource_F_Federal_State_S": "HMGP", "Evacuation_Zone": "D", "SURGE_ZONE": "5", "FLOOD_ZONE": "No", "EHPA": "No", "General_Pop": "Yes", "SPECIAL_NEEDS": " ", "Pet_Friendly": "Yes", "Does_not_meet_ARC_4496": " ", "Survey_Needed": " ", "shelter_layer": "pet_friendly" }, "geometry": { "type": "Point", "coordinates": [ -85.707029041636716, 30.183323983899662 ] } },
{ "type": "Feature", "properties": { "OBJECTID": 32, "Name": "Rutherford HS", "Address": "1000 School Ave", "City": "Springfield", "Zip": "32401", "COUNTY": "BAY", "X": -85.61524301, "Y": 30.16608099, "LONGLAT": "-85.61524301, 30.16608099", "USNG": "16R FU 33340 37998", "FACILITY_TYPE": "SHELTER", "SHELTER_TYPE": "RISK", "RPC_Region": "1", "Year_Built": "1986", "Building": "13 Cafeteria", "AS_IS_A_Retrofit_R": "R", "Generator_Type": " ", "PreMitigation_Capacity_Spaces": 0, "PreMitigation_Square_Footage": 0, "EHPA_Capacity_Gained_Spaces": 0, "EHPA_Square_Footage_Gained": 0, "Retrofit_Capacity_Gained_Spaces": 552, "Retrofit_Square_Footage_Gained": 11031, "Risk_Capacity_Spaces": 552, "Risk_Square_Footage": 11031, "Planned_Usage_Spaces": 0, "FundingSource_F_Federal_State_S": "F-HB7121", "Evacuation_Zone": "No", "SURGE_ZONE": "No", "FLOOD_ZONE": "No", "EHPA": "No", "General_Pop": "Yes", "SPECIAL_NEEDS": " ", "Pet_Friendly": "Yes", "Does_not_meet_ARC_4496": " ", "Survey_Needed": " ", "shelter_layer": "pet_friendly" }, "geometry": { "type": "Point", "coordinates": [ -85.615243010889998, 30.166080984193158 ] } },
{ "type": "Feature", "properties": { "OBJECTID": 33, "Name": "Bozeman Learning Center", "Address": "13410 SR 77", "City": "Panama City", "Zip": "32409", "COUNTY": "BAY", "X": -85.68895471, "Y": 30.39417873, "LONGLAT": "-85.68895471, 30.39417873", "USNG": "16R FU 25949 63194", "FACILITY_TYPE": "SHELTER", "SHELTER_TYPE": "RISK", "RPC_Region": "1", "Year_Built": "2000", "Building": "2 Classroom", "AS_IS_A_Retrofit_R": "R", "Generator_Type": " ", "PreMitigation_Capacity_Spaces": 0, "PreMitigation_Square_Footage": 0, "EHPA_Capacity_Gained_Spaces": 0, "EHPA_Square_Footage_Gained": 0, "Retrofit_Capacity_Gained_Spaces": 436, "Retrofit_Square_Footage_Gained": 6541, "Risk_Capacity_Spaces": 327, "Risk_Square_Footage": 6541, "Planned_Usage_Spaces": 587, "FundingSource_F_Federal_State_S": "HMGP", "Evacuation_Zone": "No", "SURGE_ZONE": "No", "FLOOD_ZONE": "No", "EHPA": "No", "General_Pop": "Yes", "SPECIAL_NEEDS": " ", "Pet_Friendly": "Yes", "Does_not_meet_ARC_4496": " ", "Survey_Needed": " ", "shelter_layer": "pet_friendly" }, "geometry": { "type": "Point", "coordinates": [ -85.688954706322818, 30.39417873145063 ] } },
{ "type": "Feature", "properties": { "OBJECTID": 34, "Name": "Bozeman Learning Center", "Address": "13410 SR 77", "City": "Panama City", "Zip": "32409", "COUNTY": "BAY", "X": -85.68895471, "Y": 30.39417873, "LONGLAT": "-85.68895471, 30.39417873", "USNG": "16R FU 25949 63194", "FACILITY_TYPE": "SHELTER", "SHELTER_TYPE": "RISK", "RPC_Region": "1", "Year_Built": "2000", "Building": "8 Gym", "AS_IS_A_Retrofit_R": "A", "Generator_Type": "HW 600KW", "PreMitigation_Capacity_Spaces": 0, "PreMitigation_Square_Footage": 0, "EHPA_Capacity_Gained_Spaces": 191, "EHPA_Square_Footage_Gained": 11466, "Retrofit_Capacity_Gained_Spaces": 0, "Retrofit_Square_Footage_Gained": 0, "Risk_Capacity_Spaces": 191, "Risk_Square_Footage": 11466, "Planned_Usage_Spaces": 0, "FundingSource_F_Federal_State_S": "HMGP / EHPA", "Evacuation_Zone": "No", "SURGE_ZONE": "No", "FLOOD_ZONE": "No", "EHPA": "Yes", "General_Pop": " ", "SPECIAL_NEEDS": "Yes", "Pet_Friendly": "Yes", "Does_not_meet_ARC_4496": " ", "Survey_Needed": " ", "shelter_layer": "pet_friendly" }, "geometry": { "type": "Point", "coordinates": [ -85.688954706322818, 30.39417873145063 ] } },
{ "type": "Feature", "properties": { "OBJECTID": 35, "Name": "Moore ES", "Address": "1900 Michigan Ave", "City": "Panama City", "Zip": "32405", "COUNTY": "BAY", "X": -85.70702904, "Y": 30.18332398, "LONGLAT": "-85.70702904, 30.18332398", "USNG": "16R FU 24479 39805", "FACILITY_TYPE": "SHELTER", "SHELTER_TYPE": "RISK", "RPC_Region": "1", "Year_Built": "1996", "Building": "4 Classroom (12)", "AS_IS_A_Retrofit_R": "R", "Generator_Type": " ", "PreMitigation_Capacity_Spaces": 0, "PreMitigation_Square_Footage": 0, "EHPA_Capacity_Gained_Spaces": 0, "EHPA_Square_Footage_Gained": 0, "Retrofit_Capacity_Gained_Spaces": 393, "Retrofit_Square_Footage_Gained": 7862, "Risk_Capacity_Spaces": 393, "Risk_Square_Footage": 7862, "Planned_Usage_Spaces": 0, "FundingSource_F_Federal_State_S": "HMGP", "Evacuation_Zone": "D", "SURGE_ZONE": "5", "FLOOD_ZONE": "No", "EHPA": "No", "General_Pop": "Yes", "SPECIAL_NEEDS": " ", "Pet_Friendly": "Yes", "Does_not_meet_ARC_4496": " ", "Survey_Needed": " ", "shelter_layer": "pet_friendly" }, "geometry": { "type": "Point", "coordinates": [ -85.707029041636716, 30.183323983899662 ] } },
{ "type": "Feature", "properties": { "OBJECTID": 36, "Name": "Cedar Grove ES", "Address": "2826 East 15th St", "City": "Panama City", "Zip": "32405", "COUNTY": "BAY", "X": -85.62116198, "Y": 30.17427002, "LONGLAT": "-85.62116198, 30.17427002", "USNG": "16R FU 32759 38899", "FACILITY_TYPE": "SHELTER", "SHELTER_TYPE": "RISK", "RPC_Region": "1", "Year_Built": "1999", "Building": "13 Music", "AS_IS_A_Retrofit_R": "R", "Generator_Type": " ", "PreMitigation_Capacity_Spaces": 0, "PreMitigation_Square_Footage": 0, "EHPA_Capacity_Gained_Spaces": 0, "EHPA_Square_Footage_Gained": 0, "Retrofit_Capacity_Gained_Spaces": 142, "Retrofit_Square_Footage_Gained": 2137, "Risk_Capacity_Spaces": 107, "Risk_Square_Footage": 2137, "Planned_Usage_Spaces": 206, "FundingSource_F_Federal_State_S": "HMGP", "Evacuation_Zone": "No", "SURGE_ZONE": "No", "FLOOD_ZONE": "No", "EHPA": "No", "General_Pop": "Yes", "SPECIAL_NEEDS": " ", "Pet_Friendly": "Yes", "Does_not_meet_ARC_4496": " ", "Survey_Needed": " ", "shelter_layer": "pet_friendly" }, "geometry": { "type": "Point", "coordinates": [ -85.621161976078596, 30.17427002001013 ] } },
{ "type": "Feature", "properties": { "OBJECTID": 37, "Name": "Oakland Terrace ES", "Address": "2010 W 12th St", "City": "Panama City", "Zip": "32401", "COUNTY": "BAY", "X": -85.69123301, "Y": 30.17070302, "LONGLAT": "-85.69123301, 30.17070302", "USNG": "16R FU 26016 38424", "FACILITY_TYPE": "SHELTER", "SHELTER_TYPE": "RISK", "RPC_Region": "1", "Year_Built": "1986", "Building": "14 Classroom", "AS_IS_A_Retrofit_R": "R", "Generator_Type": " ", "PreMitigation_Capacity_Spaces": 0, "PreMitigation_Square_Footage": 0, "EHPA_Capacity_Gained_Spaces": 0, "EHPA_Square_Footage_Gained": 0, "Retrofit_Capacity_Gained_Spaces": 258, "Retrofit_Square_Footage_Gained": 4159, "Risk_Capacity_Spaces": 208, "Risk_Square_Footage": 4159, "Planned_Usage_Spaces": 258, "FundingSource_F_Federal_State_S": "HMGP", "Evacuation_Zone": "No", "SURGE_ZONE": "No", "FLOOD_ZONE": "No", "EHPA": "No", "General_Pop": "Yes", "SPECIAL_NEEDS": " ", "Pet_Friendly": "Yes", "Does_not_meet_ARC_4496": " ", "Survey_Needed": " ", "shelter_layer": "pet_friendly" }, "geometry": { "type": "Point", "coordinates": [ -85.691233009956548, 30.170703016980237 ] } },
{ "type": "Feature", "properties": { "OBJECTID": 53, "Name": "Molino Park ES", "Address": "899 Hwy 97", "City": "Molino", "Zip": "32577", "COUNTY": "ESCAMBIA", "X": -87.36242902, "Y": 30.74042898, "LONGLAT": "-87.36242902, 30.74042898", "USNG": "16R DV 65306 00891", "FACILITY_TYPE": "SHELTER", "SHELTER_TYPE": "RISK", "RPC_Region": "1", "Year_Built": "2002", "Building": "4 Classroom", "AS_IS_A_Retrofit_R": "R", "Generator_Type": " ", "PreMitigation_Capacity_Spaces": 0, "PreMitigation_Square_Footage": 0, "EHPA_Capacity_Gained_Spaces": 0, "EHPA_Square_Footage_Gained": 0, "Retrofit_Capacity_Gained_Spaces": 367, "Retrofit_Square_Footage_Gained": 7331, "Risk_Capacity_Spaces": 367, "Risk_Square_Footage": 7331, "Planned_Usage_Spaces": 307, "FundingSource_F_Federal_State_S": "S", "Evacuation_Zone": "No", "SURGE_ZONE": "No", "FLOOD_ZONE": "No", "EHPA": "No", "General_Pop": "Yes", "SPECIAL_NEEDS": " ", "Pet_Friendly": "Yes", "Does_not_meet_ARC_4496": " ", "Survey_Needed": " ", "shelter_layer": "pet_friendly" }, "geometry": { "type": "Point", "coordinates": [ -87.362429018627552, 30.740428981160008 ] } },
{ "type": "Feature", "properties": { "OBJECTID": 54, "Name": "Molino Park ES", "Address": "899 Hwy 97", "City": "Molino", "Zip": "32577", "COUNTY": "ESCAMBIA", "X": -87.36242902, "Y": 30.74042898, "LONGLAT": "-87.36242902, 30.74042898", "USNG": "16R DV 65306 00891", "FACILITY_TYPE": "SHELTER", "SHELTER_TYPE": "RISK", "RPC_Region": "1", "Year_Built": "2002", "Building": "2 Art / Classroom", "AS_IS_A_Retrofit_R": "R", "Generator_Type": " ", "PreMitigation_Capacity_Spaces": 0, "PreMitigation_Square_Footage": 0, "EHPA_Capacity_Gained_Spaces": 0, "EHPA_Square_Footage_Gained": 0, "Retrofit_Capacity_Gained_Spaces": 315, "Retrofit_Square_Footage_Gained": 6295, "Risk_Capacity_Spaces": 315, "Risk_Square_Footage": 6295, "Planned_Usage_Spaces": 307, "FundingSource_F_Federal_State_S": "S", "Evacuation_Zone": "No", "SURGE_ZONE": "No", "FLOOD_ZONE": "No", "EHPA": "No", "General_Pop": "Yes", "SPECIAL_NEEDS": " ", "Pet_Friendly": "Yes", "Does_not_meet_ARC_4496": " ", "Survey_Needed": " ", "shelter_layer": "pet_friendly" }, "geometry": { "type": "Point", "coordinates": [ -87.362429018627552, 30.740428981160008 ] } },
{ "type": "Feature", "properties": { "OBJECTID": 55, "Name": "Molino Park ES", "Address": "899 Hwy 97", "City": "Molino", "Zip": "32577", "COUNTY": "ESCAMBIA", "X": -87.36242902, "Y": 30.74042898, "LONGLAT": "-87.36242902, 30.74042898", "USNG": "16R DV 65306 00891", "FACILITY_TYPE": "SHELTER", "SHELTER_TYPE": "RISK", "RPC_Region": "1", "Year_Built": "2002", "Building": "1 Admin / Cafeteria / Media", "AS_IS_A_Retrofit_R": "A", "Generator_Type": " ", "PreMitigation_Capacity_Spaces": 0, "PreMitigation_Square_Footage": 0, "EHPA_Capacity_Gained_Spaces": 683, "EHPA_Square_Footage_Gained": 13651, "Retrofit_Capacity_Gained_Spaces": 0, "Retrofit_Square_Footage_Gained": 0, "Risk_Capacity_Spaces": 683, "Risk_Square_Footage": 13651, "Planned_Usage_Spaces": 307, "FundingSource_F_Federal_State_S": "L", "Evacuation_Zone": "No", "SURGE_ZONE": "No", "FLOOD_ZONE": "No", "EHPA": "Yes", "General_Pop": "Yes", "SPECIAL_NEEDS": " ", "Pet_Friendly": "Yes", "Does_not_meet_ARC_4496": " ", "Survey_Needed": " ", "shelter_layer": "pet_friendly" }, "geometry": { "type": "Point", "coordinates": [ -87.362429018627552, 30.740428981160008 ] } },
{ "type": "Feature", "properties": { "OBJECTID": 56, "Name": "Molino Park ES", "Address": "899 Hwy 97", "City": "Molino", "Zip": "32577", "COUNTY": "ESCAMBIA", "X": -87.36242902, "Y": 30.74042898, "LONGLAT": "-87.36242902, 30.74042898", "USNG": "16R DV 65306 00891", "FACILITY_TYPE": "SHELTER", "SHELTER_TYPE": "RISK", "RPC_Region": "1", "Year_Built": "2002", "Building": "3 Classroom", "AS_IS_A_Retrofit_R": "R", "Generator_Type": " ", "PreMitigation_Capacity_Spaces": 0, "PreMitigation_Square_Footage": 0, "EHPA_Capacity_Gained_Spaces": 0, "EHPA_Square_Footage_Gained": 0, "Retrofit_Capacity_Gained_Spaces": 357, "Retrofit_Square_Footage_Gained": 7137, "Risk_Capacity_Spaces": 357, "Risk_Square_Footage": 7137, "Planned_Usage_Spaces": 307, "FundingSource_F_Federal_State_S": "S", "Evacuation_Zone": "No", "SURGE_ZONE": "No", "FLOOD_ZONE": "No", "EHPA": "No", "General_Pop": "Yes", "SPECIAL_NEEDS": " ", "Pet_Friendly": "Yes", "Does_not_meet_ARC_4496": " ", "Survey_Needed": " ", "shelter_layer": "pet_friendly" }, "geometry": { "type": "Point", "coordinates": [ -87.362429018627552, 30.740428981160008 ] } },
{ "type": "Feature", "properties": { "OBJECTID": 57, "Name": "Molino Park ES", "Address": "899 Hwy 97", "City": "Molino", "Zip": "32577", "COUNTY": "ESCAMBIA", "X": -87.36242902, "Y": 30.74042898, "LONGLAT": "-87.36242902, 30.74042898", "USNG": "16R DV 65306 00891", "FACILITY_TYPE": "SHELTER", "SHELTER_TYPE": "RISK", "RPC_Region": "1", "Year_Built": "2002", "Building": "5 Classroom", "AS_IS_A_Retrofit_R": "R", "Generator_Type": " ", "PreMitigation_Capacity_Spaces": 0, "PreMitigation_Square_Footage": 0, "EHPA_Capacity_Gained_Spaces": 0, "EHPA_Square_Footage_Gained": 0, "Retrofit_Capacity_Gained_Spaces": 229, "Retrofit_Square_Footage_Gained": 4589, "Risk_Capacity_Spaces": 229, "Risk_Square_Footage": 4589, "Planned_Usage_Spaces": 307, "FundingSource_F_Federal_State_S": "S", "Evacuation_Zone": "No", "SURGE_ZONE": "No", "FLOOD_ZONE": "No", "EHPA": "No", "General_Pop": "Yes", "SPECIAL_NEEDS": " ", "Pet_Friendly": "Yes", "Does_not_meet_ARC_4496": " ", "Survey_Needed": " ", "shelter_layer": "pet_friendly" }, "geometry": { "type": "Point", "coordinates": [ -87.362429018627552, 30.740428981160008 ] } },
{ "type": "Feature", "properties": { "OBJECTID": 101, "Name": "Davidson MS", "Address": "6261 Old Bethel Rd", "City": "Crestview", "Zip": "32536", "COUNTY": "OKALOOSA", "X": -86.56203002, "Y": 30.79409801, "LONGLAT": "-86.56203002, 30.79409801", "USNG": "16R EV 41901 06865", "FACILITY_TYPE": "SHELTER", "SHELTER_TYPE": "RISK", "RPC_Region": "1", "Year_Built": "1997", "Building": "1A Main", "AS_IS_A_Retrofit_R": "R", "Generator_Type": "Yes, unknown kW", "PreMitigation_Capacity_Spaces": 0, "PreMitigation_Square_Footage": 0, "EHPA_Capacity_Gained_Spaces": 0, "EHPA_Square_Footage_Gained": 0, "Retrofit_Capacity_Gained_Spaces": 82, "Retrofit_Square_Footage_Gained": 4920, "Risk_Capacity_Spaces": 82, "Risk_Square_Footage": 4920, "Planned_Usage_Spaces": 82, "FundingSource_F_Federal_State_S": "S", "Evacuation_Zone": "No", "SURGE_ZONE": "No", "FLOOD_ZONE": "No", "EHPA": "No", "General_Pop": " ", "SPECIAL_NEEDS": "Yes", "Pet_Friendly": "Yes", "Does_not_meet_ARC_4496": " ", "Survey_Needed": " ", "shelter_layer": "pet_friendly" }, "geometry": { "type": "Point", "coordinates": [ -86.562030020153784, 30.794098013474922 ] } },
{ "type": "Feature", "properties": { "OBJECTID": 102, "Name": "Antioch ES", "Address": "4700 Whitehurst Ln", "City": "Crestview", "Zip": "32536", "COUNTY": "OKALOOSA", "X": -86.61156204, "Y": 30.71498898, "LONGLAT": "-86.61156204, 30.71498898", "USNG": "16R EU 37192 98080", "FACILITY_TYPE": "SHELTER", "SHELTER_TYPE": "RISK", "RPC_Region": "1", "Year_Built": "1997", "Building": "1 Main", "AS_IS_A_Retrofit_R": "R", "Generator_Type": " ", "PreMitigation_Capacity_Spaces": 0, "PreMitigation_Square_Footage": 0, "EHPA_Capacity_Gained_Spaces": 0, "EHPA_Square_Footage_Gained": 0, "Retrofit_Capacity_Gained_Spaces": 1303, "Retrofit_Square_Footage_Gained": 26058, "Risk_Capacity_Spaces": 1303, "Risk_Square_Footage": 26058, "Planned_Usage_Spaces": 1737, "FundingSource_F_Federal_State_S": "S-1467-2004", "Evacuation_Zone": "No", "SURGE_ZONE": "No", "FLOOD_ZONE": "No", "EHPA": "No", "General_Pop": "Yes", "SPECIAL_NEEDS": " ", "Pet_Friendly": "Yes", "Does_not_meet_ARC_4496": " ", "Survey_Needed": " ", "shelter_layer": "pet_friendly" }, "geometry": { "type": "Point", "coordinates": [ -86.611562038670442, 30.71498898345315 ] } },
{ "type": "Feature", "properties": { "OBJECTID": 103, "Name": "Davidson MS", "Address": "6261 Old Bethel Rd", "City": "Crestview", "Zip": "32536", "COUNTY": "OKALOOSA", "X": -86.56203002, "Y": 30.79409801, "LONGLAT": "-86.56203002, 30.79409801", "USNG": "16R EV 41901 06865", "FACILITY_TYPE": "SHELTER", "SHELTER_TYPE": "RISK", "RPC_Region": "1", "Year_Built": "1997", "Building": "1 Main", "AS_IS_A_Retrofit_R": "R", "Generator_Type": " ", "PreMitigation_Capacity_Spaces": 0, "PreMitigation_Square_Footage": 0, "EHPA_Capacity_Gained_Spaces": 0, "EHPA_Square_Footage_Gained": 0, "Retrofit_Capacity_Gained_Spaces": 2305, "Retrofit_Square_Footage_Gained": 46100, "Risk_Capacity_Spaces": 2305, "Risk_Square_Footage": 46100, "Planned_Usage_Spaces": 3267, "FundingSource_F_Federal_State_S": "S", "Evacuation_Zone": "No", "SURGE_ZONE": "No", "FLOOD_ZONE": "No", "EHPA": "No", "General_Pop": "Yes", "SPECIAL_NEEDS": " ", "Pet_Friendly": "Yes", "Does_not_meet_ARC_4496": " ", "Survey_Needed": " ", "shelter_layer": "pet_friendly" }, "geometry": { "type": "Point", "coordinates": [ -86.562030020153784, 30.794098013474922 ] } },
{ "type": "Feature", "properties": { "OBJECTID": 134, "Name": "Avalon MS", "Address": "5445 King Arthur's Way", "City": "Milton", "Zip": "32583", "COUNTY": "SANTA ROSA", "X": -87.09763925, "Y": 30.57162328, "LONGLAT": "-87.09763925, 30.57162328", "USNG": "16R DU 90637 82132", "FACILITY_TYPE": "SHELTER", "SHELTER_TYPE": "RISK", "RPC_Region": "1", "Year_Built": "1998", "Building": "1 Main EHPA", "AS_IS_A_Retrofit_R": "A", "Generator_Type": "80 kW", "PreMitigation_Capacity_Spaces": 0, "PreMitigation_Square_Footage": 0, "EHPA_Capacity_Gained_Spaces": 1559, "EHPA_Square_Footage_Gained": 31176, "Retrofit_Capacity_Gained_Spaces": 0, "Retrofit_Square_Footage_Gained": 0, "Risk_Capacity_Spaces": 1559, "Risk_Square_Footage": 31176, "Planned_Usage_Spaces": 1559, "FundingSource_F_Federal_State_S": "HMGP", "Evacuation_Zone": "No", "SURGE_ZONE": "No", "FLOOD_ZONE": "No", "EHPA": "Yes", "General_Pop": "Yes", "SPECIAL_NEEDS": " ", "Pet_Friendly": "Yes", "Does_not_meet_ARC_4496": " ", "Survey_Needed": " ", "shelter_layer": "pet_friendly" }, "geometry": { "type": "Point", "coordinates": [ -87.097639246319758, 30.571623279173753 ] } },
{ "type": "Feature", "properties": { "OBJECTID": 7, "Name": "Bozeman Learning Center", "Address": "13410 SR 77", "City": "Panama City", "Zip": "32409", "COUNTY": "BAY", "X": -85.68895471, "Y": 30.39417873, "LONGLAT": "-85.68895471, 30.39417873", "USNG": "16R FU 25949 63194", "FACILITY_TYPE": "SHELTER", "SHELTER_TYPE": "RISK", "RPC_Region": "1", "Year_Built": "2000", "Building": "9 Cafeteria", "AS_IS_A_Retrofit_R": "A", "Generator_Type": "HW 600KW", "PreMitigation_Capacity_Spaces": 0, "PreMitigation_Square_Footage": 0, "EHPA_Capacity_Gained_Spaces": 110, "EHPA_Square_Footage_Gained": 8277, "Retrofit_Capacity_Gained_Spaces": 0, "Retrofit_Square_Footage_Gained": 0, "Risk_Capacity_Spaces": 138, "Risk_Square_Footage": 8277, "Planned_Usage_Spaces": 108, "FundingSource_F_Federal_State_S": "EHPA", "Evacuation_Zone": "No", "SURGE_ZONE": "No", "FLOOD_ZONE": "No", "EHPA": "Yes", "General_Pop": " ", "SPECIAL_NEEDS": "Yes", "Pet_Friendly": "Yes", "Does_not_meet_ARC_4496": " ", "Survey_Needed": " ", "shelter_layer": "special_needs" }, "geometry": { "type": "Point", "coordinates": [ -85.688954706322818, 30.39417873145063 ] } },
{ "type": "Feature", "properties": { "OBJECTID": 8, "Name": "Bozeman Learning Center", "Address": "13410 SR 77", "City": "Panama City", "Zip": "32409", "COUNTY": "BAY", "X": -85.68895471, "Y": 30.39417873, "LONGLAT": "-85.68895471, 30.39417873", "USNG": "16R FU 25949 63194", "FACILITY_TYPE": "SHELTER", "SHELTER_TYPE": "RISK", "RPC_Region": "1", "Year_Built": "2000", "Building": "8 Gym", "AS_IS_A_Retrofit_R": "A", "Generator_Type": "HW 600KW", "PreMitigation_Capacity_Spaces": 0, "PreMitigation_Square_Footage": 0, "EHPA_Capacity_Gained_Spaces": 191, "EHPA_Square_Footage_Gained": 11466, "Retrofit_Capacity_Gained_Spaces": 0, "Retrofit_Square_Footage_Gained": 0, "Risk_Capacity_Spaces": 191, "Risk_Square_Footage": 11466, "Planned_Usage_Spaces": 0, "FundingSource_F_Federal_State_S": "HMGP / EHPA", "Evacuation_Zone": "No", "SURGE_ZONE": "No", "FLOOD_ZONE": "No", "EHPA": "Yes", "General_Pop": " ", "SPECIAL_NEEDS": "Yes", "Pet_Friendly": "Yes", "Does_not_meet_ARC_4496": " ", "Survey_Needed": " ", "shelter_layer": "special_needs" }, "geometry": { "type": "Point", "coordinates": [ -85.688954706322818, 30.39417873145063 ] } },
{ "type": "Feature", "properties": { "OBJECTID": 51, "Name": "Pensacola State College", "Address": "1000 College Ave", "City": "Pensacola", "Zip": "32504", "COUNTY": "ESCAMBIA", "X": -87.20057003, "Y": 30.48083, "LONGLAT": "-87.20057003, 30.48083000", "USNG": "16R DU 80749 72084", "FACILITY_TYPE": "SHELTER", "SHELTER_TYPE": "RISK", "RPC_Region": "1", "Year_Built": "0", "Building": "Lou Ross Athletics", "AS_IS_A_Retrofit_R": "R", "Generator_Type": " ", "PreMitigation_Capacity_Spaces": 0, "PreMitigation_Square_Footage": 0, "EHPA_Capacity_Gained_Spaces": 0, "EHPA_Square_Footage_Gained": 0, "Retrofit_Capacity_Gained_Spaces": 0, "Retrofit_Square_Footage_Gained": 0, "Risk_Capacity_Spaces": 558, "Risk_Square_Footage": 33480, "Planned_Usage_Spaces": 0, "FundingSource_F_Federal_State_S": " ", "Evacuation_Zone": "No", "SURGE_ZONE": "No", "FLOOD_ZONE": "No", "EHPA": "No", "General_Pop": " ", "SPECIAL_NEEDS": "Yes", "Pet_Friendly": " ", "Does_not_meet_ARC_4496": " ", "Survey_Needed": "Yes", "shelter_layer": "special_needs" }, "geometry": { "type": "Point", "coordinates": [ -87.200570026174901, 30.480829998135569 ] } },
{ "type": "Feature", "properties": { "OBJECTID": 52, "Name": "West Florida HS", "Address": "2404 Longleaf Dr", "City": "Pensacola", "Zip": "32506", "COUNTY": "ESCAMBIA", "X": -87.29375841, "Y": 30.48647557, "LONGLAT": "-87.29375841, 30.48647557", "USNG": "16R DU 71806 72729", "FACILITY_TYPE": "SHELTER", "SHELTER_TYPE": "RISK", "RPC_Region": "1", "Year_Built": "2002", "Building": "9 Gym / Cafeteria", "AS_IS_A_Retrofit_R": "A", "Generator_Type": " ", "PreMitigation_Capacity_Spaces": 0, "PreMitigation_Square_Footage": 0, "EHPA_Capacity_Gained_Spaces": 0, "EHPA_Square_Footage_Gained": 0, "Retrofit_Capacity_Gained_Spaces": 0, "Retrofit_Square_Footage_Gained": 0, "Risk_Capacity_Spaces": 291, "Risk_Square_Footage": 14174, "Planned_Usage_Spaces": 291, "FundingSource_F_Federal_State_S": "L", "Evacuation_Zone": "No", "SURGE_ZONE": "No", "FLOOD_ZONE": "No", "EHPA": "No", "General_Pop": " ", "SPECIAL_NEEDS": "Yes", "Pet_Friendly": " ", "Does_not_meet_ARC_4496": " ", "Survey_Needed": " ", "shelter_layer": "special_needs" }, "geometry": { "type": "Point", "coordinates": [ -87.293758411856189, 30.486475571129411 ] } },
{ "type": "Feature", "properties": { "OBJECTID": 53, "Name": "West Florida HS", "Address": "2404 Longleaf Dr", "City": "Pensacola", "Zip": "32506", "COUNTY": "ESCAMBIA", "X": -87.29375841, "Y": 30.48647557, "LONGLAT": "-87.29375841, 30.48647557", "USNG": "16R DU 71806 72729", "FACILITY_TYPE": "SHELTER", "SHELTER_TYPE": "RISK", "RPC_Region": "1", "Year_Built": "1992", "Building": " 26 Classroom", "AS_IS_A_Retrofit_R": "R", "Generator_Type": "HW 800 KW", "PreMitigation_Capacity_Spaces": 0, "PreMitigation_Square_Footage": 0, "EHPA_Capacity_Gained_Spaces": 0, "EHPA_Square_Footage_Gained": 0, "Retrofit_Capacity_Gained_Spaces": 89, "Retrofit_Square_Footage_Gained": 6096, "Risk_Capacity_Spaces": 89, "Risk_Square_Footage": 6096, "Planned_Usage_Spaces": 103, "FundingSource_F_Federal_State_S": "S", "Evacuation_Zone": "No", "SURGE_ZONE": "No", "FLOOD_ZONE": "No", "EHPA": "No", "General_Pop": " ", "SPECIAL_NEEDS": "Yes", "Pet_Friendly": " ", "Does_not_meet_ARC_4496": " ", "Survey_Needed": " ", "shelter_layer": "special_needs" }, "geometry": { "type": "Point", "coordinates": [ -87.293758411856189, 30.486475571129411 ] } },
{ "type": "Feature", "properties": { "OBJECTID": 54, "Name": "West Florida HS", "Address": "2404 Longleaf Dr", "City": "Pensacola", "Zip": "32506", "COUNTY": "ESCAMBIA", "X": -87.29375841, "Y": 30.48647557, "LONGLAT": "-87.29375841, 30.48647557", "USNG": "16R DU 71806 72729", "FACILITY_TYPE": "SHELTER", "SHELTER_TYPE": "RISK", "RPC_Region": "1", "Year_Built": "1991", "Building": "25 Cafeteria", "AS_IS_A_Retrofit_R": "R", "Generator_Type": "HW 800 KW", "PreMitigation_Capacity_Spaces": 0, "PreMitigation_Square_Footage": 0, "EHPA_Capacity_Gained_Spaces": 0, "EHPA_Square_Footage_Gained": 0, "Retrofit_Capacity_Gained_Spaces": 222, "Retrofit_Square_Footage_Gained": 12993, "Risk_Capacity_Spaces": 222, "Risk_Square_Footage": 12993, "Planned_Usage_Spaces": 254, "FundingSource_F_Federal_State_S": "S", "Evacuation_Zone": "No", "SURGE_ZONE": "No", "FLOOD_ZONE": "No", "EHPA": "No", "General_Pop": " ", "SPECIAL_NEEDS": "Yes", "Pet_Friendly": " ", "Does_not_meet_ARC_4496": " ", "Survey_Needed": " ", "shelter_layer": "special_needs" }, "geometry": { "type": "Point", "coordinates": [ -87.293758411856189, 30.486475571129411 ] } },
{ "type": "Feature", "properties": { "OBJECTID": 118, "Name": "Davidson MS", "Address": "6261 Old Bethel Rd", "City": "Crestview", "Zip": "32536", "COUNTY": "OKALOOSA", "X": -86.56203002, "Y": 30.79409801, "LONGLAT": "-86.56203002, 30.79409801", "USNG": "16R EV 41901 06865", "FACILITY_TYPE": "SHELTER", "SHELTER_TYPE": "RISK", "RPC_Region": "1", "Year_Built": "1997", "Building": "1A Main", "AS_IS_A_Retrofit_R": "R", "Generator_Type": "Yes, unknown kW", "PreMitigation_Capacity_Spaces": 0, "PreMitigation_Square_Footage": 0, "EHPA_Capacity_Gained_Spaces": 0, "EHPA_Square_Footage_Gained": 0, "Retrofit_Capacity_Gained_Spaces": 82, "Retrofit_Square_Footage_Gained": 4920, "Risk_Capacity_Spaces": 82, "Risk_Square_Footage": 4920, "Planned_Usage_Spaces": 82, "FundingSource_F_Federal_State_S": "S", "Evacuation_Zone": "No", "SURGE_ZONE": "No", "FLOOD_ZONE": "No", "EHPA": "No", "General_Pop": " ", "SPECIAL_NEEDS": "Yes", "Pet_Friendly": "Yes", "Does_not_meet_ARC_4496": " ", "Survey_Needed": " ", "shelter_layer": "special_needs" }, "geometry": { "type": "Point", "coordinates": [ -86.562030020153784, 30.794098013474922 ] } },
{ "type": "Feature", "properties": { "OBJECTID": 156, "Name": "Bennet C. Russel ES", "Address": "3740 Excalibur Way", "City": "Milton", "Zip": "32583", "COUNTY": "SANTA ROSA", "X": -87.09551855, "Y": 30.57301487, "LONGLAT": "-87.09551855, 30.57301487", "USNG": "16R DU 90840 82286", "FACILITY_TYPE": "SHELTER", "SHELTER_TYPE": "RISK", "RPC_Region": "1", "Year_Built": "2006", "Building": "1 A/C Corridors / Cafeteria", "AS_IS_A_Retrofit_R": "A", "Generator_Type": "HW 600KW; GenSet", "PreMitigation_Capacity_Spaces": 0, "PreMitigation_Square_Footage": 0, "EHPA_Capacity_Gained_Spaces": 237, "EHPA_Square_Footage_Gained": 14196, "Retrofit_Capacity_Gained_Spaces": 0, "Retrofit_Square_Footage_Gained": 0, "Risk_Capacity_Spaces": 237, "Risk_Square_Footage": 14196, "Planned_Usage_Spaces": 0, "FundingSource_F_Federal_State_S": " ", "Evacuation_Zone": "No", "SURGE_ZONE": "No", "FLOOD_ZONE": "No", "EHPA": "No", "General_Pop": " ", "SPECIAL_NEEDS": "Yes", "Pet_Friendly": " ", "Does_not_meet_ARC_4496": " ", "Survey_Needed": "Yes", "shelter_layer": "special_needs" }, "geometry": { "type": "Point", "coordinates": [ -87.095518549697587, 30.57301486729866 ] } },
{ "type": "Feature", "properties": { "OBJECTID": 157, "Name": "Milton Community Center", "Address": "5629 Byrom St", "City": "Milton", "Zip": "32570", "COUNTY": "SANTA ROSA", "X": -87.04856304, "Y": 30.63950001, "LONGLAT": "-87.04856304, 30.63950001", "USNG": "16R DU 95346 89651", "FACILITY_TYPE": "SHELTER", "SHELTER_TYPE": "RISK", "RPC_Region": "1", "Year_Built": "2002", "Building": "Main", "AS_IS_A_Retrofit_R": "R", "Generator_Type": "280 kW", "PreMitigation_Capacity_Spaces": 0, "PreMitigation_Square_Footage": 0, "EHPA_Capacity_Gained_Spaces": 0, "EHPA_Square_Footage_Gained": 0, "Retrofit_Capacity_Gained_Spaces": 128, "Retrofit_Square_Footage_Gained": 7667, "Risk_Capacity_Spaces": 128, "Risk_Square_Footage": 7667, "Planned_Usage_Spaces": 24, "FundingSource_F_Federal_State_S": " ", "Evacuation_Zone": "No", "SURGE_ZONE": "No", "FLOOD_ZONE": "No", "EHPA": "No", "General_Pop": " ", "SPECIAL_NEEDS": "Yes", "Pet_Friendly": " ", "Does_not_meet_ARC_4496": "Yes", "Survey_Needed": " ", "shelter_layer": "special_needs" }, "geometry": { "type": "Point", "coordinates": [ -87.04856303770535, 30.639500011888451 ] } },
{ "type": "Feature", "properties": { "OBJECTID": 158, "Name": "Thomas L. Sims MS", "Address": "5500 Education Dr", "City": "Pace", "Zip": "32571", "COUNTY": "SANTA ROSA", "X": -87.16763996, "Y": 30.63551098, "LONGLAT": "-87.16763996, 30.63551098", "USNG": "16R DU 83935 89220", "FACILITY_TYPE": "SHELTER", "SHELTER_TYPE": "RISK", "RPC_Region": "1", "Year_Built": "1997", "Building": "1", "AS_IS_A_Retrofit_R": "R", "Generator_Type": "600kW plus 80 kW", "PreMitigation_Capacity_Spaces": 0, "PreMitigation_Square_Footage": 0, "EHPA_Capacity_Gained_Spaces": 0, "EHPA_Square_Footage_Gained": 0, "Retrofit_Capacity_Gained_Spaces": 704, "Retrofit_Square_Footage_Gained": 42262, "Risk_Capacity_Spaces": 704, "Risk_Square_Footage": 42262, "Planned_Usage_Spaces": 351, "FundingSource_F_Federal_State_S": "HMGP", "Evacuation_Zone": "No", "SURGE_ZONE": "No", "FLOOD_ZONE": "No", "EHPA": "No", "General_Pop": " ", "SPECIAL_NEEDS": "Yes", "Pet_Friendly": " ", "Does_not_meet_ARC_4496": " ", "Survey_Needed": " ", "shelter_layer": "special_needs" }, "geometry": { "type": "Point", "coordinates": [ -87.167639959011481, 30.635510980089933 ] } },
{ "type": "Feature", "properties": { "OBJECTID": 172, "Name": "Walton MS", "Address": "625 Park Ave", "City": "DeFuniak Springs", "Zip": "32435", "COUNTY": "WALTON", "X": -86.11248956, "Y": 30.7125956, "LONGLAT": "-86.11248956, 30.71259560", "USNG": "16R EU 84981 98087", "FACILITY_TYPE": "SHELTER", "SHELTER_TYPE": "RISK", "RPC_Region": "1", "Year_Built": "2002", "Building": "9 Classroom", "AS_IS_A_Retrofit_R": "R", "Generator_Type": "Yes, unknown kW", "PreMitigation_Capacity_Spaces": 0, "PreMitigation_Square_Footage": 0, "EHPA_Capacity_Gained_Spaces": 0, "EHPA_Square_Footage_Gained": 0, "Retrofit_Capacity_Gained_Spaces": 160, "Retrofit_Square_Footage_Gained": 9610, "Risk_Capacity_Spaces": 160, "Risk_Square_Footage": 9610, "Planned_Usage_Spaces": 92, "FundingSource_F_Federal_State_S": "S-1508-2005", "Evacuation_Zone": "No", "SURGE_ZONE": "No", "FLOOD_ZONE": "No", "EHPA": "No", "General_Pop": " ", "SPECIAL_NEEDS": "Yes", "Pet_Friendly": " ", "Does_not_meet_ARC_4496": " ", "Survey_Needed": " ", "shelter_layer": "special_needs" }, "geometry": { "type": "Point", "coordinates": [ -86.112489557332921, 30.712595599357311 ] } }
]
}
