flash_id,flash_lat,flash_lon,flash_area,flash_energy,timestamp
6652,30.022891998291016,-84.67108917236328,70502056.0,9.285114181429438e-15,2024-05-01 19:44:00+00:00
7228,30.00448226928711,-84.67786407470703,211506176.0,2.1285065520564896e-14,2024-05-01 19:44:20+00:00
8721,30.042434692382812,-84.68714141845703,211658784.0,1.8285078109297505e-14,2024-05-01 19:45:40+00:00
11334,30.024890899658203,-84.62252044677734,634823744.0,1.262846435496484e-13,2024-05-01 19:48:20+00:00
13290,30.0443058013916,-84.60978698730469,564321664.0,7.328485691557307e-14,2024-05-01 19:50:00+00:00
15537,30.09621810913086,-84.50360870361328,70654664.0,3.5285007337834684e-14,2024-05-01 19:52:20+00:00
17083,30.096670150756836,-84.5027847290039,70654664.0,1.6428447957485964e-13,2024-05-01 19:53:40+00:00
30238,30.250499725341797,-85.22161865234375,141767120.0,4.2284979093502525e-14,2024-05-01 20:05:40+00:00
36361,30.25843048095703,-85.21961212158203,141767120.0,3.028502944843296e-14,2024-05-01 20:11:40+00:00
36911,30.25232696533203,-85.20121765136719,212574384.0,1.4285093764897054e-14,2024-05-01 20:12:00+00:00
38567,30.221389770507812,-85.2161636352539,141767120.0,1.5285090698030114e-14,2024-05-01 20:13:40+00:00
38958,30.249792098999023,-85.18877410888672,283381664.0,8.228481914937524e-14,2024-05-01 20:14:00+00:00
39195,30.224082946777344,-85.20729064941406,283381664.0,1.1528468067331654e-13,2024-05-01 20:14:20+00:00
39457,30.262840270996094,-85.20873260498047,141767120.0,2.6285045104032512e-14,2024-05-01 20:14:20+00:00
39698,30.24019432067871,-85.19952392578125,283381664.0,9.728476298197578e-14,2024-05-01 20:14:40+00:00
40871,30.263160705566406,-85.2039794921875,141767120.0,2.028507028149773e-14,2024-05-01 20:15:40+00:00
42019,30.25425148010254,-85.19435119628906,283381664.0,2.302842161752694e-13,2024-05-01 20:17:00+00:00
42738,30.26276206970215,-85.22029876708984,70959864.0,8.285118095329325e-15,2024-05-01 20:17:40+00:00
43696,30.255088806152344,-85.16645050048828,283381664.0,1.0828471908204407e-13,2024-05-01 20:18:20+00:00
44298,30.263004302978516,-85.20987701416016,141767120.0,3.7285001204100804e-14,2024-05-01 20:19:00+00:00
45661,30.258161544799805,-85.18608856201172,212574384.0,1.3628459255218828e-13,2024-05-01 20:20:00+00:00
46573,30.252487182617188,-85.18109130859375,212574384.0,1.1328470035957758e-13,2024-05-01 20:21:00+00:00
49439,30.25737762451172,-85.15681457519531,212574384.0,1.0728471876077922e-13,2024-05-01 20:23:20+00:00
54792,30.235563278198242,-85.1404037475586,283381664.0,5.828491985923612e-14,2024-05-01 20:28:20+00:00
57557,30.012393951416016,-84.74022674560547,282160832.0,5.728491953797127e-14,2024-05-01 20:30:40+00:00
58005,30.013229370117188,-84.73492431640625,141156720.0,4.3284976026635585e-14,2024-05-01 20:31:20+00:00
59417,30.012537002563477,-84.72944641113281,141156720.0,6.328490113676963e-14,2024-05-01 20:32:40+00:00
60350,30.259416580200195,-85.21821594238281,70959864.0,8.285118095329325e-15,2024-05-01 20:33:20+00:00
60805,30.2889404296875,-85.22106170654297,141919728.0,8.285118095329325e-15,2024-05-01 20:33:40+00:00
61168,30.012435913085938,-84.75037384033203,70502056.0,1.3285097678796941e-14,2024-05-01 20:34:00+00:00
61535,30.29572296142578,-85.23600006103516,354799328.0,6.228490081550478e-14,2024-05-01 20:34:20+00:00
61548,30.01344871520996,-84.74114227294922,141156720.0,2.5285049864965346e-14,2024-05-01 20:34:40+00:00
62351,30.316213607788086,-85.22621154785156,141919728.0,4.3284976026635585e-14,2024-05-01 20:35:20+00:00
63187,30.260149002075195,-85.22435760498047,567373696.0,1.7028446794992158e-13,2024-05-01 20:36:00+00:00
63383,30.01962661743164,-84.70045471191406,282313440.0,3.902835899512874e-13,2024-05-01 20:36:20+00:00
63679,30.179250717163086,-85.20772552490234,70807264.0,1.2285101592696829e-14,2024-05-01 20:36:20+00:00
63965,30.28108787536621,-85.21705627441406,141919728.0,4.3284976026635585e-14,2024-05-01 20:36:40+00:00
64199,30.326894760131836,-85.2142562866211,354951936.0,5.728491953797127e-14,2024-05-01 20:37:00+00:00
64468,29.95977020263672,-84.75005340576172,986418432.0,9.632813210286306e-13,2024-05-01 20:37:20+00:00
64870,30.314205169677734,-85.22596740722656,141919728.0,3.2285019926567293e-14,2024-05-01 20:37:40+00:00
64967,30.03123664855957,-84.75474548339844,282313440.0,1.1528468067331654e-13,2024-05-01 20:37:40+00:00
65502,30.28109359741211,-85.22391510009766,141919728.0,1.3528460578345058e-13,2024-05-01 20:38:00+00:00
6,29.975811004638672,-84.73493957519531,493667008.0,3.4828373908848964e-13,2024-05-01 20:38:20+00:00
286,30.319135665893555,-85.22877502441406,141919728.0,1.3285097678796941e-14,2024-05-01 20:38:20+00:00
553,30.337425231933594,-85.23059844970703,70959864.0,1.3285097678796941e-14,2024-05-01 20:38:40+00:00
546,30.17757225036621,-85.2100601196289,70807264.0,7.285122009229213e-15,2024-05-01 20:38:40+00:00
762,30.309162139892578,-85.21656036376953,354799328.0,6.828487563803956e-14,2024-05-01 20:39:00+00:00
1401,30.258146286010742,-85.21820068359375,70959864.0,9.285114181429438e-15,2024-05-01 20:39:20+00:00
1125,30.30865478515625,-85.2206039428711,283839456.0,8.02848320593727e-14,2024-05-01 20:39:20+00:00
1796,30.019922256469727,-84.7419662475586,211658784.0,1.3428460546218574e-13,2024-05-01 20:39:40+00:00
2015,30.311870574951172,-85.22260284423828,283992064.0,8.628480688190748e-14,2024-05-01 20:40:00+00:00
2296,30.301090240478516,-85.22261047363281,141919728.0,2.5285049864965346e-14,2024-05-01 20:40:20+00:00
2935,30.270814895629883,-85.21416473388672,354799328.0,1.1828466808458393e-13,2024-05-01 20:41:00+00:00
3317,30.001480102539062,-84.73353576660156,352662912.0,7.728484464810531e-14,2024-05-01 20:41:20+00:00
4135,29.994924545288086,-84.74764251708984,141004112.0,1.628508593709728e-14,2024-05-01 20:42:00+00:00
4756,30.001220703125,-84.71951293945312,423317568.0,1.5028454283978754e-13,2024-05-01 20:42:20+00:00
4713,30.256576538085938,-85.23722839355469,1134594816.0,5.962827345599997e-13,2024-05-01 20:42:20+00:00
5665,30.185766220092773,-85.25242614746094,354341504.0,1.3728459287345313e-13,2024-05-01 20:43:20+00:00
6621,29.952699661254883,-84.73458099365234,352662912.0,2.002843420625955e-13,2024-05-01 20:44:00+00:00
6622,30.087984085083008,-84.58396911621094,70654664.0,1.028511026752955e-14,2024-05-01 20:44:00+00:00
7877,30.286170959472656,-85.16007995605469,283839456.0,3.652836767873563e-13,2024-05-01 20:45:20+00:00
8496,30.024538040161133,-84.75202941894531,141156720.0,1.3285097678796941e-14,2024-05-01 20:45:40+00:00
9117,30.010513305664062,-84.7157974243164,352815488.0,1.492845425185227e-13,2024-05-01 20:46:20+00:00
12152,29.98387336730957,-84.70513916015625,423317568.0,8.228481914937524e-14,2024-05-01 20:48:40+00:00
13047,30.2193546295166,-85.29289245605469,921867840.0,7.602820825160228e-13,2024-05-01 20:49:40+00:00
13608,30.70632553100586,-87.6688461303711,72028080.0,1.5285090698030114e-14,2024-05-01 20:50:00+00:00
14807,30.231735229492188,-85.21398162841797,141767120.0,1.1285106353629663e-14,2024-05-01 20:51:00+00:00
17120,30.706872940063477,-87.66779327392578,72028080.0,1.2285101592696829e-14,2024-05-01 20:53:00+00:00
17531,30.169986724853516,-85.28279876708984,424996192.0,1.3928457996345567e-13,2024-05-01 20:53:00+00:00
19167,30.724306106567383,-87.6636734008789,720585984.0,1.322846183721832e-13,2024-05-01 20:54:20+00:00
25979,30.084819793701172,-84.75886535644531,70654664.0,1.2828463063965095e-13,2024-05-01 20:59:20+00:00
29265,30.08502960205078,-84.75875091552734,141156720.0,3.5228374037354904e-13,2024-05-01 21:02:00+00:00
34019,30.03237533569336,-84.76628112792969,635128960.0,5.422829611571867e-13,2024-05-01 21:05:20+00:00
36862,30.035648345947266,-84.83625793457031,1060277696.0,6.952823733419322e-13,2024-05-01 21:07:20+00:00
37773,30.06368064880371,-84.75605010986328,141156720.0,2.4285052931832286e-14,2024-05-01 21:08:00+00:00
39771,30.080427169799805,-84.7582778930664,141156720.0,9.428477557070838e-14,2024-05-01 21:09:20+00:00
40482,30.084999084472656,-84.75909423828125,70654664.0,5.1284944715436487e-14,2024-05-01 21:09:40+00:00
41450,30.08256721496582,-84.7576675415039,70654664.0,1.7328445536118897e-13,2024-05-01 21:10:20+00:00
42055,30.083946228027344,-84.75811004638672,70654664.0,9.528476911570966e-14,2024-05-01 21:10:40+00:00
42575,30.081628799438477,-84.75936889648438,141156720.0,6.128490727050351e-14,2024-05-01 21:11:20+00:00
43291,30.082775115966797,-84.75825500488281,70654664.0,1.4428456801725276e-13,2024-05-01 21:11:40+00:00
43846,30.0843563079834,-84.75760650634766,70654664.0,8.728480042690875e-14,2024-05-01 21:12:00+00:00
44383,30.082767486572266,-84.7588119506836,70654664.0,1.8928437918626362e-13,2024-05-01 21:12:20+00:00
44701,30.083189010620117,-84.76220703125,141309328.0,8.128482560437397e-14,2024-05-01 21:12:40+00:00
45206,30.08187484741211,-84.75900268554688,70654664.0,1.6328449280612195e-13,2024-05-01 21:13:00+00:00
46192,30.082576751708984,-84.75458526611328,353120704.0,3.282838139783556e-13,2024-05-01 21:13:40+00:00
46825,30.079387664794922,-84.75828552246094,141156720.0,2.0228432915259803e-13,2024-05-01 21:14:20+00:00
47547,30.081954956054688,-84.75860595703125,70654664.0,2.592841035192056e-13,2024-05-01 21:14:40+00:00
48039,30.082494735717773,-84.75682830810547,211811376.0,2.702840663955375e-13,2024-05-01 21:15:00+00:00
48680,30.077096939086914,-84.75840759277344,141156720.0,9.528476911570966e-14,2024-05-01 21:15:20+00:00
48439,30.08325958251953,-84.75858306884766,282618656.0,2.0928430429639766e-13,2024-05-01 21:15:20+00:00
49212,30.082075119018555,-84.75896453857422,70654664.0,7.728484464810531e-14,2024-05-01 21:15:40+00:00
48983,30.083667755126953,-84.75411224365234,211963984.0,1.5828450475232486e-13,2024-05-01 21:15:40+00:00
49522,30.05901527404785,-84.83926391601562,1342743808.0,3.932835773625548e-13,2024-05-01 21:16:00+00:00
50152,30.042682647705078,-84.84493255615234,1554707712.0,6.442825331402779e-13,2024-05-01 21:16:20+00:00
49738,30.081031799316406,-84.74801635742188,282466048.0,1.1128470649331146e-13,2024-05-01 21:16:20+00:00
50589,30.0773868560791,-84.7501220703125,423775360.0,3.542837139110244e-13,2024-05-01 21:16:40+00:00
51251,30.090734481811523,-84.7666244506836,423622752.0,3.8728360254002003e-13,2024-05-01 21:17:20+00:00
51557,30.078357696533203,-84.75003814697266,423622752.0,1.622844924848571e-13,2024-05-01 21:17:20+00:00
51846,29.966949462890625,-84.73871612548828,1338623488.0,1.2222801980613096e-12,2024-05-01 21:17:40+00:00
52542,30.08757781982422,-84.7581558227539,141156720.0,6.628488854803702e-14,2024-05-01 21:18:00+00:00
52174,30.086170196533203,-84.74592590332031,282313440.0,1.5328453025105493e-13,2024-05-01 21:18:00+00:00
52923,30.065418243408203,-84.75269317626953,211658784.0,7.22848633705718e-14,2024-05-01 21:18:20+00:00
53134,30.080244064331055,-84.7397689819336,282313440.0,2.4528415323160635e-13,2024-05-01 21:18:20+00:00
53362,30.06211280822754,-84.75342559814453,211658784.0,6.728488209303829e-14,2024-05-01 21:18:40+00:00
53787,30.07865333557129,-84.73489379882812,282313440.0,3.5328372714228673e-13,2024-05-01 21:19:00+00:00
54069,30.0716609954834,-84.75457000732422,211658784.0,1.322846183721832e-13,2024-05-01 21:19:00+00:00
54440,30.015962600708008,-84.75061798095703,141156720.0,6.228490081550478e-14,2024-05-01 21:19:20+00:00
54338,30.08687973022461,-84.73199462890625,211811376.0,2.0328432947386288e-13,2024-05-01 21:19:20+00:00
54632,30.088468551635742,-84.7583236694336,70654664.0,2.328505769276512e-14,2024-05-01 21:19:40+00:00
54804,30.088315963745117,-84.71405792236328,141309328.0,1.292846309609158e-13,2024-05-01 21:19:40+00:00
54969,30.008060455322266,-84.7489013671875,70502056.0,7.285122009229213e-15,2024-05-01 21:19:40+00:00
55093,30.08748435974121,-84.7586441040039,70654664.0,3.9284991682235135e-14,2024-05-01 21:19:40+00:00
55467,30.086931228637695,-84.75513458251953,141309328.0,8.128482560437397e-14,2024-05-01 21:20:00+00:00
55337,30.0841007232666,-84.73973083496094,211811376.0,8.82848007481736e-14,2024-05-01 21:20:00+00:00
55747,30.086050033569336,-84.71905517578125,353273312.0,2.7828401475554765e-13,2024-05-01 21:20:20+00:00
55924,30.086326599121094,-84.75823974609375,70654664.0,8.328481947064009e-14,2024-05-01 21:20:20+00:00
56206,30.084375381469727,-84.75597381591797,141156720.0,1.1928466840584878e-13,2024-05-01 21:20:40+00:00
56322,30.08635139465332,-84.70772552490234,282618656.0,2.332842035865368e-13,2024-05-01 21:20:40+00:00
56532,30.080968856811523,-84.75798797607422,141156720.0,9.828475652697705e-14,2024-05-01 21:20:40+00:00
56810,30.03531265258789,-84.752685546875,141156720.0,1.1028471294831019e-13,2024-05-01 21:21:00+00:00
57035,30.085317611694336,-84.75801086425781,70654664.0,6.285125499612626e-15,2024-05-01 21:21:00+00:00
56974,30.084531784057617,-84.70407104492188,141309328.0,1.972843546513281e-13,2024-05-01 21:21:00+00:00
56655,30.081180572509766,-84.72151184082031,211811376.0,7.528485078183919e-14,2024-05-01 21:21:00+00:00
57189,30.080001831054688,-84.69359588623047,211811376.0,1.4228458092725021e-13,2024-05-01 21:21:20+00:00
57286,30.084720611572266,-84.75999450683594,70654664.0,1.0528473167077668e-13,2024-05-01 21:21:20+00:00
57400,30.00368881225586,-84.7489013671875,70502056.0,2.6285045104032512e-14,2024-05-01 21:21:20+00:00
57622,30.082965850830078,-84.73135375976562,282466048.0,3.7128365160989107e-13,2024-05-01 21:21:20+00:00
58105,30.08251953125,-84.7289810180664,141309328.0,1.9528436756132556e-13,2024-05-01 21:21:40+00:00
57857,30.073501586914062,-84.751953125,282313440.0,1.0628472521577795e-13,2024-05-01 21:21:40+00:00
58509,30.080791473388672,-84.74897766113281,211811376.0,4.262834388864961e-13,2024-05-01 21:22:00+00:00
58247,30.078969955444336,-84.75840759277344,141156720.0,1.6028450539485456e-13,2024-05-01 21:22:00+00:00
58986,30.081850051879883,-84.75949096679688,70654664.0,5.1284944715436487e-14,2024-05-01 21:22:20+00:00
58794,30.07707405090332,-84.7467269897461,353120704.0,2.542841154654085e-13,2024-05-01 21:22:20+00:00
59111,30.080854415893555,-84.67213439941406,70654664.0,9.285114181429438e-15,2024-05-01 21:22:40+00:00
59295,30.063312530517578,-84.74676513671875,352815488.0,1.5828450475232486e-13,2024-05-01 21:22:40+00:00
59649,30.0814151763916,-84.7566146850586,141309328.0,2.7228403993301287e-13,2024-05-01 21:23:00+00:00
59933,30.061893463134766,-84.74586486816406,282313440.0,9.728476298197578e-14,2024-05-01 21:23:00+00:00
60032,30.072406768798828,-84.75850677490234,70654664.0,7.128486982557053e-14,2024-05-01 21:23:00+00:00
60554,30.065898895263672,-84.75643920898438,211963984.0,3.372838033172121e-13,2024-05-01 21:23:20+00:00
60391,30.064491271972656,-84.67362213134766,211963984.0,1.4128458060598537e-13,2024-05-01 21:23:20+00:00
60274,30.060903549194336,-84.75894927978516,70654664.0,1.5285090698030114e-14,2024-05-01 21:23:20+00:00
60963,30.068716049194336,-84.75879669189453,211963984.0,2.082843039751328e-13,2024-05-01 21:23:40+00:00
61182,30.067710876464844,-84.73616790771484,141309328.0,5.628492260483821e-14,2024-05-01 21:24:00+00:00
61972,30.06856918334961,-84.7115707397461,141309328.0,1.302846177296535e-13,2024-05-01 21:24:20+00:00
61981,29.910247802734375,-84.73815155029297,70502056.0,5.285129837028987e-15,2024-05-01 21:24:20+00:00
61680,30.06919288635254,-84.75782012939453,70654664.0,8.628480688190748e-14,2024-05-01 21:24:20+00:00
62211,30.069812774658203,-84.75637817382812,70654664.0,1.142846803520517e-13,2024-05-01 21:24:40+00:00
62501,30.06679344177246,-84.74959564208984,211811376.0,4.3284976026635585e-14,2024-05-01 21:24:40+00:00
62900,30.07234764099121,-84.74120330810547,141309328.0,1.9528436756132556e-13,2024-05-01 21:25:00+00:00
63312,30.071556091308594,-84.74433898925781,282313440.0,3.0928390274201356e-13,2024-05-01 21:25:20+00:00
63721,30.073810577392578,-84.7582015991211,70654664.0,1.6028450539485456e-13,2024-05-01 21:25:40+00:00
63855,30.073894500732422,-84.71724700927734,141309328.0,2.5285049864965346e-14,2024-05-01 21:25:40+00:00
64126,30.074460983276367,-84.755615234375,141309328.0,1.142846803520517e-13,2024-05-01 21:26:00+00:00
64447,30.05536460876465,-84.69995880126953,352815488.0,1.1928466840584878e-13,2024-05-01 21:26:00+00:00
65019,30.33230209350586,-85.23316192626953,354951936.0,9.528476911570966e-14,2024-05-01 21:26:20+00:00
64828,30.074811935424805,-84.75738525390625,70654664.0,5.928491340423739e-14,2024-05-01 21:26:20+00:00
65269,30.075929641723633,-84.6999740600586,211963984.0,2.0528431656386542e-13,2024-05-01 21:26:40+00:00
371,30.075551986694336,-84.67037963867188,70654664.0,3.2285019926567293e-14,2024-05-01 21:27:00+00:00
595,30.07700538635254,-84.75790405273438,70654664.0,6.128490727050351e-14,2024-05-01 21:27:20+00:00
971,30.030563354492188,-84.68975830078125,282313440.0,4.4284972959768645e-14,2024-05-01 21:27:20+00:00
1229,30.084497451782227,-84.77334594726562,211963984.0,3.4285010404701624e-14,2024-05-01 21:27:40+00:00
2024,30.07363510131836,-84.75780487060547,282466048.0,2.592841035192056e-13,2024-05-01 21:28:00+00:00
1560,30.07757568359375,-84.73942565917969,141309328.0,1.672844805386542e-13,2024-05-01 21:28:00+00:00
2687,30.32530975341797,-85.22537994384766,70959864.0,2.328505769276512e-14,2024-05-01 21:28:40+00:00
2883,30.081504821777344,-84.76422882080078,424080576.0,3.332838020321527e-13,2024-05-01 21:28:40+00:00
3477,30.086339950561523,-84.77588653564453,636349760.0,1.9928434174133064e-13,2024-05-01 21:29:00+00:00
3601,30.325681686401367,-85.22570037841797,70959864.0,2.7285042037165572e-14,2024-05-01 21:29:00+00:00
3870,30.07192611694336,-84.75537109375,423775360.0,3.67283677429886e-13,2024-05-01 21:29:20+00:00
4147,30.07841682434082,-84.77835845947266,141309328.0,1.2285101592696829e-14,2024-05-01 21:29:40+00:00
4727,30.078081130981445,-84.76666259765625,141309328.0,6.228490081550478e-14,2024-05-01 21:30:00+00:00
4861,30.326374053955078,-85.22539520263672,70959864.0,6.128490727050351e-14,2024-05-01 21:30:00+00:00
5061,30.074827194213867,-84.71707916259766,282313440.0,1.1928466840584878e-13,2024-05-01 21:30:00+00:00
5540,30.0224666595459,-84.85102081298828,847550720.0,5.922827874850489e-13,2024-05-01 21:30:20+00:00
5816,30.077621459960938,-84.73310089111328,141309328.0,1.3128461805091834e-13,2024-05-01 21:30:40+00:00
6995,30.079946517944336,-84.73690795898438,282618656.0,6.922823859306648e-13,2024-05-01 21:31:20+00:00
7758,30.09543800354004,-84.75656127929688,282618656.0,1.2128465549585132e-13,2024-05-01 21:31:40+00:00
8282,30.076496124267578,-84.74989318847656,353273312.0,6.592824701966149e-13,2024-05-01 21:32:00+00:00
8892,30.059232711791992,-84.7550277709961,211811376.0,1.9928434174133064e-13,2024-05-01 21:32:40+00:00
9307,30.07072639465332,-84.75682067871094,141156720.0,1.162846809945814e-13,2024-05-01 21:32:40+00:00
10402,30.07811737060547,-84.75807189941406,70654664.0,2.4285052931832286e-14,2024-05-01 21:33:20+00:00
10586,30.07570457458496,-84.7464599609375,211811376.0,1.3828459319471798e-13,2024-05-01 21:33:40+00:00
11493,30.07843780517578,-84.7582015991211,70654664.0,3.2285019926567293e-14,2024-05-01 21:34:00+00:00
11242,30.064373016357422,-84.74256896972656,211811376.0,1.0928471262704534e-13,2024-05-01 21:34:00+00:00
11889,30.0012264251709,-84.77852630615234,775675264.0,1.7328445536118897e-13,2024-05-01 21:34:20+00:00
12189,30.07712745666504,-84.7585220336914,70654664.0,3.1285022993434233e-14,2024-05-01 21:34:40+00:00
12696,30.08518409729004,-84.7585678100586,141309328.0,6.628488854803702e-14,2024-05-01 21:35:00+00:00
13052,30.077354431152344,-84.7575454711914,70654664.0,4.828495391603731e-14,2024-05-01 21:35:00+00:00
13550,30.078325271606445,-84.75872039794922,70654664.0,8.328481947064009e-14,2024-05-01 21:35:20+00:00
13673,30.02033042907715,-84.75187683105469,141156720.0,3.4285010404701624e-14,2024-05-01 21:35:20+00:00
13778,30.077260971069336,-84.75821685791016,70654664.0,1.028511026752955e-14,2024-05-01 21:35:40+00:00
13906,30.081642150878906,-84.7367172241211,706699200.0,4.36283387889036e-13,2024-05-01 21:35:40+00:00
14074,30.077396392822266,-84.75746154785156,70654664.0,3.1285022993434233e-14,2024-05-01 21:35:40+00:00
14490,30.077972412109375,-84.75827026367188,70654664.0,6.285125499612626e-15,2024-05-01 21:36:00+00:00
14295,30.0779972076416,-84.76892852783203,141309328.0,2.328505769276512e-14,2024-05-01 21:36:00+00:00
14713,30.078556060791016,-84.75829315185547,70654664.0,5.228493826043776e-14,2024-05-01 21:36:00+00:00
15085,30.084354400634766,-84.75921630859375,141309328.0,8.528481333690621e-14,2024-05-01 21:36:20+00:00
14874,30.064485549926758,-84.76212310791016,282466048.0,1.452845683385176e-13,2024-05-01 21:36:20+00:00
15643,30.07603645324707,-84.75857543945312,70654664.0,7.285122009229213e-15,2024-05-01 21:36:40+00:00
15288,30.077159881591797,-84.76097869873047,211963984.0,1.1928466840584878e-13,2024-05-01 21:36:40+00:00
15501,29.997901916503906,-84.83555603027344,70502056.0,6.285125499612626e-15,2024-05-01 21:36:40+00:00
15888,29.933813095092773,-84.78022766113281,1972836864.0,1.6752784055829029e-12,2024-05-01 21:37:00+00:00
16198,30.077159881591797,-84.757568359375,70654664.0,1.028511026752955e-14,2024-05-01 21:37:00+00:00
16789,30.07682228088379,-84.75025939941406,141309328.0,4.6284963437902976e-14,2024-05-01 21:37:20+00:00
16372,30.077350616455078,-84.75763702392578,70654664.0,4.7284960371036036e-14,2024-05-01 21:37:20+00:00
16917,30.077558517456055,-84.75826263427734,70654664.0,7.285122009229213e-15,2024-05-01 21:37:40+00:00
17127,30.0781192779541,-84.77324676513672,141309328.0,1.928507334836467e-14,2024-05-01 21:37:40+00:00
17471,30.080787658691406,-84.75431823730469,211963984.0,5.628492260483821e-14,2024-05-01 21:38:00+00:00
17793,30.076433181762695,-84.76521301269531,141309328.0,8.528481333690621e-14,2024-05-01 21:38:00+00:00
18417,30.07725715637207,-84.75225067138672,141309328.0,7.328485691557307e-14,2024-05-01 21:38:20+00:00
18021,30.075939178466797,-84.72700500488281,141309328.0,3.8284994749102075e-14,2024-05-01 21:38:20+00:00
18961,30.077831268310547,-84.8099594116211,141309328.0,9.285114181429438e-15,2024-05-01 21:38:40+00:00
18581,30.077680587768555,-84.75680541992188,70654664.0,3.4285010404701624e-14,2024-05-01 21:38:40+00:00
19501,30.07625389099121,-84.75802612304688,70654664.0,8.02848320593727e-14,2024-05-01 21:39:00+00:00
19104,30.07625389099121,-84.75841522216797,70654664.0,7.028486950430568e-14,2024-05-01 21:39:00+00:00
19435,30.076644897460938,-84.75756072998047,70654664.0,1.628508593709728e-14,2024-05-01 21:39:00+00:00
19736,30.078310012817383,-84.74398803710938,141309328.0,6.028491372550224e-14,2024-05-01 21:39:20+00:00
19915,30.077239990234375,-84.7686996459961,141309328.0,5.328493519357082e-14,2024-05-01 21:39:20+00:00
20215,30.076812744140625,-84.76872253417969,141309328.0,2.328505769276512e-14,2024-05-01 21:39:40+00:00
20366,30.076059341430664,-84.72386169433594,141309328.0,1.3285097678796941e-14,2024-05-01 21:39:40+00:00
20703,30.07566261291504,-84.74903106689453,141309328.0,5.328493519357082e-14,2024-05-01 21:40:00+00:00
20930,30.063295364379883,-84.79131317138672,353120704.0,6.828487563803956e-14,2024-05-01 21:40:00+00:00
21048,30.099653244018555,-84.7606430053711,141309328.0,1.028511026752955e-14,2024-05-01 21:40:00+00:00
21264,30.075817108154297,-84.75157165527344,141309328.0,5.228493826043776e-14,2024-05-01 21:40:20+00:00
21481,30.054059982299805,-84.8199691772461,211811376.0,3.5285007337834684e-14,2024-05-01 21:40:20+00:00
21736,30.07575035095215,-84.75697326660156,70654664.0,1.7285081176164445e-14,2024-05-01 21:40:20+00:00
22031,30.05694580078125,-84.82196807861328,211811376.0,1.4285093764897054e-14,2024-05-01 21:40:40+00:00
21853,30.075458526611328,-84.72599792480469,141309328.0,2.328505769276512e-14,2024-05-01 21:40:40+00:00
22591,30.04991340637207,-84.81565856933594,282466048.0,4.0284988615368195e-14,2024-05-01 21:41:00+00:00
22416,30.07554054260254,-84.71182250976562,141309328.0,2.542841154654085e-13,2024-05-01 21:41:00+00:00
22869,30.086376190185547,-84.76019287109375,141309328.0,1.928507334836467e-14,2024-05-01 21:41:20+00:00
23008,30.07590103149414,-84.75865936279297,70654664.0,2.92850325152999e-14,2024-05-01 21:41:20+00:00
23290,30.076576232910156,-84.78553771972656,141309328.0,1.8285078109297505e-14,2024-05-01 21:41:20+00:00
23704,30.072067260742188,-84.78236389160156,352968096.0,2.262842419952643e-13,2024-05-01 21:41:40+00:00
24101,30.075328826904297,-84.74403381347656,141309328.0,1.628508593709728e-14,2024-05-01 21:42:00+00:00
24587,30.0479793548584,-84.77082824707031,352968096.0,1.7628444277245636e-13,2024-05-01 21:42:20+00:00
24764,30.076784133911133,-84.75834655761719,70654664.0,9.285114181429438e-15,2024-05-01 21:42:20+00:00
25137,30.062992095947266,-84.79334259033203,282313440.0,7.128486982557053e-14,2024-05-01 21:42:40+00:00
25187,30.084880828857422,-84.72305297851562,282618656.0,5.728491953797127e-14,2024-05-01 21:42:40+00:00
25984,30.054351806640625,-84.7752914428711,282466048.0,5.028494778230343e-14,2024-05-01 21:43:00+00:00
25771,30.075868606567383,-84.75037384033203,141309328.0,6.028491372550224e-14,2024-05-01 21:43:00+00:00
25489,30.021516799926758,-84.77090454101562,282313440.0,4.0284988615368195e-14,2024-05-01 21:43:00+00:00
26448,30.011558532714844,-84.75678253173828,282313440.0,1.272846303183861e-13,2024-05-01 21:43:20+00:00
26915,30.07724952697754,-84.72480773925781,353425920.0,2.4228416582033896e-13,2024-05-01 21:43:40+00:00
27347,30.01998519897461,-84.75216674804688,141156720.0,9.285114181429438e-15,2024-05-01 21:44:00+00:00
27530,30.07883644104004,-84.75863647460938,141309328.0,9.628476266071093e-14,2024-05-01 21:44:00+00:00
27975,30.07363510131836,-84.68882751464844,141309328.0,1.8285078109297505e-14,2024-05-01 21:44:20+00:00
27823,30.074548721313477,-84.75776672363281,70654664.0,2.328505769276512e-14,2024-05-01 21:44:20+00:00
28366,30.04753303527832,-84.75426483154297,141156720.0,7.528485078183919e-14,2024-05-01 21:44:40+00:00
28703,30.06511878967285,-84.7641372680664,423470144.0,2.1728426620893498e-13,2024-05-01 21:45:00+00:00
29237,30.031267166137695,-84.74314880371094,211811376.0,2.92850325152999e-14,2024-05-01 21:45:20+00:00
29545,30.064382553100586,-84.76519775390625,282466048.0,1.0028475039324317e-13,2024-05-01 21:45:20+00:00
30010,30.07354164123535,-84.77684783935547,211811376.0,1.272846303183861e-13,2024-05-01 21:45:40+00:00
30316,30.03273582458496,-84.75344848632812,141156720.0,2.6285045104032512e-14,2024-05-01 21:46:00+00:00
30618,30.074480056762695,-84.75852966308594,70654664.0,1.3285097678796941e-14,2024-05-01 21:46:00+00:00
31213,30.077646255493164,-84.75102996826172,282618656.0,1.8728439209626108e-13,2024-05-01 21:46:20+00:00
31705,30.0412540435791,-84.75325775146484,141156720.0,2.328505769276512e-14,2024-05-01 21:46:40+00:00
32276,30.046735763549805,-84.75474548339844,282466048.0,1.1828466808458393e-13,2024-05-01 21:47:00+00:00
32889,30.062911987304688,-84.74946594238281,282313440.0,3.002839405082114e-13,2024-05-01 21:47:20+00:00
33705,30.051212310791016,-84.75579833984375,141156720.0,1.302846177296535e-13,2024-05-01 21:48:00+00:00
34309,30.046491622924805,-84.75786590576172,282313440.0,1.3328460514092089e-13,2024-05-01 21:48:20+00:00
34720,30.043554306030273,-84.72383117675781,564779456.0,3.1128390338454326e-13,2024-05-01 21:48:40+00:00
35201,30.074771881103516,-84.76747131347656,141309328.0,7.828483819310658e-14,2024-05-01 21:49:00+00:00
36001,30.010658264160156,-84.75096130371094,141156720.0,5.428493212670388e-14,2024-05-01 21:49:20+00:00
35867,30.0657958984375,-84.7300033569336,282466048.0,2.2128425394146722e-13,2024-05-01 21:49:20+00:00
36683,30.07398223876953,-84.75816345214844,70654664.0,2.92850325152999e-14,2024-05-01 21:49:40+00:00
37390,30.040342330932617,-84.7542495727539,211811376.0,2.662840651104781e-13,2024-05-01 21:50:20+00:00
38074,30.063331604003906,-84.75718688964844,141156720.0,1.7628444277245636e-13,2024-05-01 21:50:40+00:00
39092,30.072410583496094,-84.74262237548828,564932096.0,3.972835515425599e-13,2024-05-01 21:51:20+00:00
40583,30.075321197509766,-84.74604797363281,211963984.0,2.002843420625955e-13,2024-05-01 21:52:20+00:00
43309,30.032258987426758,-84.84051513671875,141309328.0,2.8285037276232737e-14,2024-05-01 21:54:00+00:00
61655,30.071165084838867,-84.78768920898438,141309328.0,2.602840902879433e-13,2024-05-01 22:04:40+00:00
1057,30.05890464782715,-84.77189636230469,282466048.0,5.928491340423739e-14,2024-05-01 22:07:40+00:00
7831,30.00200843811035,-84.75772094726562,282466048.0,1.462845551072553e-13,2024-05-01 22:11:40+00:00
13107,30.056312561035156,-84.83946228027344,1272546944.0,4.382833885315657e-13,2024-05-01 22:14:40+00:00
17891,30.07591438293457,-84.843017578125,1484968704.0,7.00282334290675e-13,2024-05-01 22:17:20+00:00
25467,30.00715446472168,-84.75978088378906,211811376.0,2.0128434238386034e-13,2024-05-01 22:21:40+00:00
33098,30.008167266845703,-84.75473022460938,211811376.0,2.112842913864002e-13,2024-05-01 22:26:20+00:00
37182,29.91438865661621,-84.77286529541016,422859744.0,6.828487563803956e-14,2024-05-01 22:28:40+00:00
40550,29.887418746948242,-84.736328125,493361824.0,1.652844798961245e-13,2024-05-01 22:31:00+00:00
45024,29.90777587890625,-84.75045776367188,564016448.0,6.42848946817709e-14,2024-05-01 22:33:40+00:00
47534,29.881317138671875,-84.74198150634766,352205088.0,3.3285016859700353e-14,2024-05-01 22:35:00+00:00
51031,29.90240478515625,-84.73944854736328,70502056.0,5.285129837028987e-15,2024-05-01 22:37:00+00:00
6459,29.81296730041504,-84.71171569824219,211048368.0,1.628508593709728e-14,2024-05-01 22:50:00+00:00
14277,29.81996726989746,-84.7207260131836,140698912.0,3.4285010404701624e-14,2024-05-01 22:55:00+00:00
25565,29.959657669067383,-84.74764251708984,141004112.0,1.628508593709728e-14,2024-05-01 23:01:40+00:00
32926,30.3695125579834,-84.57294464111328,141919728.0,5.328493519357082e-14,2024-05-01 23:06:00+00:00
63111,30.352771759033203,-84.55622863769531,283534240.0,5.928491340423739e-14,2024-05-01 23:23:40+00:00
65475,30.359277725219727,-84.58394622802734,212726992.0,2.028507028149773e-14,2024-05-01 23:25:00+00:00
2872,30.366167068481445,-84.53480529785156,70959864.0,2.92850325152999e-14,2024-05-01 23:26:40+00:00
6383,30.361072540283203,-84.54219055175781,283534240.0,1.0228474425950929e-13,2024-05-01 23:28:20+00:00
9886,30.373594284057617,-84.54144287109375,212879600.0,9.528476911570966e-14,2024-05-01 23:30:20+00:00
15940,30.36711311340332,-84.57852935791016,283686848.0,1.2028466872711363e-13,2024-05-01 23:34:00+00:00
20226,30.364238739013672,-84.54217529296875,141919728.0,6.528488822677217e-14,2024-05-01 23:36:20+00:00
62264,30.822063446044922,-87.70370483398438,72028080.0,1.2285101592696829e-14,2024-05-03 18:02:00+00:00
63338,30.822546005249023,-87.70207214355469,72028080.0,2.6285045104032512e-14,2024-05-03 18:03:00+00:00
32820,31.052194595336914,-87.5614242553711,144666560.0,1.2828463063965095e-13,2024-05-03 18:41:40+00:00
53185,31.171987533569336,-87.5693588256836,1109415552.0,1.0362809785627314e-12,2024-05-03 19:02:00+00:00
56608,31.173736572265625,-87.54183197021484,278651008.0,6.528488822677217e-14,2024-05-03 19:05:20+00:00
57949,31.206195831298828,-87.58140563964844,66992216.0,7.285122009229213e-15,2024-05-03 19:06:20+00:00
59076,31.21687126159668,-87.59370422363281,200824048.0,2.028507028149773e-14,2024-05-03 19:07:40+00:00
61139,31.206409454345703,-87.59558868408203,133831832.0,1.5285090698030114e-14,2024-05-03 19:09:20+00:00
62224,31.161670684814453,-87.56612396240234,417976480.0,8.128482560437397e-14,2024-05-03 19:10:20+00:00
65447,31.2117977142334,-87.58404541015625,407294368.0,2.892839776318795e-13,2024-05-03 19:13:20+00:00
1308,31.240245819091797,-87.57279205322266,267816256.0,3.5285007337834684e-14,2024-05-03 19:14:40+00:00
2607,31.21010971069336,-87.57939910888672,200824048.0,1.0228474425950929e-13,2024-05-03 19:16:00+00:00
3196,31.255647659301758,-87.57427215576172,200976656.0,7.328485691557307e-14,2024-05-03 19:16:20+00:00
3868,31.256925582885742,-87.5804672241211,200976656.0,8.228481914937524e-14,2024-05-03 19:17:00+00:00
4315,31.23004722595215,-87.58052825927734,133984432.0,2.92850325152999e-14,2024-05-03 19:17:20+00:00
6572,31.264892578125,-87.57058715820312,334961088.0,3.2285019926567293e-14,2024-05-03 19:19:40+00:00
7627,31.272388458251953,-87.5238265991211,468945504.0,1.5228452992979008e-13,2024-05-03 19:20:40+00:00
10434,31.264707565307617,-87.54510498046875,334808480.0,1.2428464290711871e-13,2024-05-03 19:23:20+00:00
13637,31.268394470214844,-87.53170013427734,334961088.0,1.292846309609158e-13,2024-05-03 19:26:00+00:00
19337,31.283306121826172,-87.51974487304688,401953312.0,9.828475652697705e-14,2024-05-03 19:31:00+00:00
43273,31.377647399902344,-87.60621643066406,1074317056.0,3.622836893760889e-13,2024-05-03 19:53:00+00:00
29633,30.141672134399414,-84.85762023925781,141461920.0,2.4285052931832286e-14,2024-05-03 21:34:40+00:00
31204,30.158052444458008,-84.89228057861328,283229056.0,2.3928417840907157e-13,2024-05-03 21:36:20+00:00
32998,30.15516471862793,-84.90971374511719,212421792.0,1.4028458028472052e-13,2024-05-03 21:38:00+00:00
33515,30.161483764648438,-84.8760986328125,212421792.0,5.928491340423739e-14,2024-05-03 21:38:20+00:00
34172,30.122549057006836,-84.9212875366211,707462208.0,7.972819453250235e-13,2024-05-03 21:39:00+00:00
35065,30.153526306152344,-84.91415405273438,141461920.0,6.42848946817709e-14,2024-05-03 21:40:00+00:00
35572,30.148155212402344,-84.90351104736328,353731104.0,1.302846177296535e-13,2024-05-03 21:40:20+00:00
36749,30.16190528869629,-84.8665771484375,212421792.0,3.7285001204100804e-14,2024-05-03 21:41:20+00:00
37100,30.176149368286133,-84.86163330078125,141614528.0,9.285114181429438e-15,2024-05-03 21:41:40+00:00
37345,30.14525604248047,-84.8751220703125,707462208.0,2.342842174603288e-13,2024-05-03 21:42:00+00:00
38025,30.15273666381836,-84.89347839355469,141461920.0,1.2285101592696829e-14,2024-05-03 21:42:40+00:00
38452,30.180328369140625,-84.88655853271484,283229056.0,1.5528451734105747e-13,2024-05-03 21:43:00+00:00
38895,30.16643714904785,-84.89564514160156,283229056.0,9.028478783817614e-14,2024-05-03 21:43:20+00:00
39185,30.168210983276367,-84.91632843017578,566458112.0,1.2128465549585132e-13,2024-05-03 21:43:40+00:00
39506,30.15237045288086,-84.88740539550781,141461920.0,2.4285052931832286e-14,2024-05-03 21:44:00+00:00
39920,30.15127182006836,-84.85906982421875,70807264.0,1.3285097678796941e-14,2024-05-03 21:44:20+00:00
40505,30.177995681762695,-84.87777709960938,212421792.0,4.7284960371036036e-14,2024-05-03 21:45:00+00:00
40662,30.18434715270996,-84.89498901367188,212421792.0,1.028511026752955e-14,2024-05-03 21:45:00+00:00
40873,30.210081100463867,-84.86729431152344,141614528.0,2.8285037276232737e-14,2024-05-03 21:45:20+00:00
41325,30.221050262451172,-84.87486267089844,212421792.0,3.9284991682235135e-14,2024-05-03 21:45:40+00:00
41607,30.23099136352539,-84.8779067993164,141614528.0,2.7285042037165572e-14,2024-05-03 21:46:00+00:00
41774,30.231252670288086,-84.8692626953125,70807264.0,1.3285097678796941e-14,2024-05-03 21:46:00+00:00
41981,30.15668296813965,-84.86373138427734,566000320.0,7.928483173810785e-14,2024-05-03 21:46:20+00:00
42148,30.210506439208984,-84.87075805664062,212421792.0,1.1828466808458393e-13,2024-05-03 21:46:20+00:00
42535,30.15176773071289,-84.92450714111328,141461920.0,1.1285106353629663e-14,2024-05-03 21:46:40+00:00
42834,30.154775619506836,-84.8620834350586,495345632.0,3.1285022993434233e-14,2024-05-03 21:47:00+00:00
42620,30.23039436340332,-84.86939239501953,70807264.0,2.2285062453697956e-14,2024-05-03 21:47:00+00:00
43009,30.229780197143555,-84.8687744140625,70807264.0,3.7285001204100804e-14,2024-05-03 21:47:20+00:00
43307,30.23089027404785,-84.8720474243164,212574384.0,1.782844298624589e-13,2024-05-03 21:47:40+00:00
43509,30.229869842529297,-84.86937713623047,70807264.0,8.528481333690621e-14,2024-05-03 21:47:40+00:00
43687,30.17153549194336,-84.90567016601562,424538368.0,4.928495084917037e-14,2024-05-03 21:48:00+00:00
43802,30.23085594177246,-84.87005615234375,70807264.0,4.928495084917037e-14,2024-05-03 21:48:00+00:00
44025,30.230554580688477,-84.86921691894531,70807264.0,5.828491985923612e-14,2024-05-03 21:48:20+00:00
44222,30.23004722595215,-84.87738800048828,141614528.0,6.028491372550224e-14,2024-05-03 21:48:20+00:00
44550,30.17481231689453,-84.90988159179688,283076448.0,3.3285016859700353e-14,2024-05-03 21:48:40+00:00
44795,30.229633331298828,-84.87152099609375,141614528.0,1.272846303183861e-13,2024-05-03 21:49:00+00:00
45246,30.230348587036133,-84.88182830810547,141614528.0,8.328481947064009e-14,2024-05-03 21:49:20+00:00
45063,30.230131149291992,-84.86985778808594,70807264.0,1.1828466808458393e-13,2024-05-03 21:49:20+00:00
45520,30.095712661743164,-84.85465240478516,1413245824.0,3.1832724390473688e-12,2024-05-03 21:49:40+00:00
45769,30.19598960876465,-84.95314025878906,141614528.0,1.7285081176164445e-14,2024-05-03 21:49:40+00:00
46103,30.122278213500977,-84.89756774902344,1555928576.0,1.5772787806747623e-12,2024-05-03 21:50:00+00:00
46307,30.229644775390625,-84.86854553222656,70807264.0,7.028486950430568e-14,2024-05-03 21:50:20+00:00
46501,30.180517196655273,-84.95083618164062,212269184.0,2.328505769276512e-14,2024-05-03 21:50:40+00:00
46737,30.18756675720215,-84.86618041992188,566152896.0,2.7328405380680487e-13,2024-05-03 21:50:40+00:00
46804,30.155344009399414,-84.85978698730469,283076448.0,6.028491372550224e-14,2024-05-03 21:50:40+00:00
47045,30.1496639251709,-84.87369537353516,353731104.0,2.2328425458399692e-13,2024-05-03 21:51:00+00:00
47335,30.143314361572266,-84.86145782470703,212116592.0,1.1928466840584878e-13,2024-05-03 21:51:20+00:00
47516,30.143577575683594,-84.86431121826172,353731104.0,1.5528451734105747e-13,2024-05-03 21:51:20+00:00
47223,30.198373794555664,-84.87078094482422,1132916224.0,1.942843672400607e-13,2024-05-03 21:51:20+00:00
47399,30.22867774963379,-84.87189483642578,141614528.0,1.0728471876077922e-13,2024-05-03 21:51:20+00:00
47774,30.229286193847656,-84.87027740478516,141614528.0,1.2028466872711363e-13,2024-05-03 21:51:40+00:00
47799,30.141204833984375,-84.85847473144531,141461920.0,2.7285042037165572e-14,2024-05-03 21:51:40+00:00
47926,30.15513801574707,-84.86092376708984,141614528.0,3.6285004270967744e-14,2024-05-03 21:52:00+00:00
47954,30.250240325927734,-84.93781280517578,141767120.0,1.1285106353629663e-14,2024-05-03 21:52:00+00:00
48082,30.13786506652832,-84.8591537475586,141461920.0,7.528485078183919e-14,2024-05-03 21:52:00+00:00
48167,30.150066375732422,-84.89744567871094,141461920.0,1.4285093764897054e-14,2024-05-03 21:52:00+00:00
48474,30.149093627929688,-84.85956573486328,70807264.0,1.028511026752955e-14,2024-05-03 21:52:20+00:00
48335,30.15001106262207,-84.8763427734375,141461920.0,8.928479429317487e-14,2024-05-03 21:52:20+00:00
48313,30.143577575683594,-84.85419464111328,212116592.0,6.328490113676963e-14,2024-05-03 21:52:20+00:00
48579,30.187789916992188,-84.87696838378906,707767424.0,7.932819440399641e-13,2024-05-03 21:52:20+00:00
48753,30.19708824157715,-84.87352752685547,637265344.0,9.022815047193822e-13,2024-05-03 21:52:40+00:00
48906,30.149213790893555,-84.84951782226562,141461920.0,1.928507334836467e-14,2024-05-03 21:52:40+00:00
49278,30.14991569519043,-84.86524200439453,212421792.0,1.1828466808458393e-13,2024-05-03 21:53:00+00:00
49184,30.200048446655273,-84.8349380493164,283076448.0,3.3285016859700353e-14,2024-05-03 21:53:00+00:00
48995,30.18195152282715,-84.86842346191406,566152896.0,3.8528360189749034e-13,2024-05-03 21:53:00+00:00
49147,30.14904022216797,-84.85951232910156,70807264.0,1.4285093764897054e-14,2024-05-03 21:53:00+00:00
49374,30.14869499206543,-84.86026763916016,70807264.0,2.1285065520564896e-14,2024-05-03 21:53:20+00:00
49457,30.149206161499023,-84.86695861816406,141461920.0,3.3285016859700353e-14,2024-05-03 21:53:20+00:00
49533,30.14927864074707,-84.87567138671875,141461920.0,2.328505769276512e-14,2024-05-03 21:53:20+00:00
49565,30.243558883666992,-84.87199401855469,354494112.0,1.7628444277245636e-13,2024-05-03 21:53:20+00:00
49592,30.148576736450195,-84.85932159423828,70807264.0,2.4285052931832286e-14,2024-05-03 21:53:20+00:00
49632,30.148788452148438,-84.85942840576172,70807264.0,2.4285052931832286e-14,2024-05-03 21:53:20+00:00
50059,30.14885139465332,-84.8598861694336,70807264.0,1.3285097678796941e-14,2024-05-03 21:53:40+00:00
50048,30.13637924194336,-84.87163543701172,282923840.0,4.0284988615368195e-14,2024-05-03 21:53:40+00:00
49928,30.17339324951172,-84.87401580810547,636960192.0,5.042831386845026e-13,2024-05-03 21:53:40+00:00
49737,30.14778709411621,-84.8677978515625,283076448.0,7.928483173810785e-14,2024-05-03 21:53:40+00:00
49814,30.142871856689453,-84.87860870361328,212269184.0,3.7285001204100804e-14,2024-05-03 21:53:40+00:00
50320,30.181293487548828,-84.87185668945312,778727296.0,1.0942806990404952e-12,2024-05-03 21:54:00+00:00
50222,30.149126052856445,-84.85928344726562,70807264.0,8.285118095329325e-15,2024-05-03 21:54:00+00:00
50151,30.14883804321289,-84.87066650390625,283076448.0,1.5628451766232232e-13,2024-05-03 21:54:00+00:00
50463,30.146207809448242,-84.86714935302734,353731104.0,1.5128454316105239e-13,2024-05-03 21:54:20+00:00
50552,30.143644332885742,-84.85223388671875,282771232.0,2.1828426653019983e-13,2024-05-03 21:54:20+00:00
50580,30.208362579345703,-84.87718963623047,778727296.0,7.372821970996757e-13,2024-05-03 21:54:20+00:00
50645,30.148956298828125,-84.86039733886719,70807264.0,2.5285049864965346e-14,2024-05-03 21:54:20+00:00
50708,30.14945411682129,-84.86949920654297,141461920.0,2.8285037276232737e-14,2024-05-03 21:54:20+00:00
50766,30.135879516601562,-84.85283660888672,212116592.0,8.328481947064009e-14,2024-05-03 21:54:20+00:00
51025,30.148788452148438,-84.86016845703125,70807264.0,2.8285037276232737e-14,2024-05-03 21:54:40+00:00
50865,30.144105911254883,-84.85185241699219,495040416.0,4.4528335012283815e-13,2024-05-03 21:54:40+00:00
50964,30.17099952697754,-84.84998321533203,566152896.0,1.3382797474370545e-12,2024-05-03 21:54:40+00:00
51348,30.175241470336914,-84.85967254638672,353883712.0,5.272830241008497e-13,2024-05-03 21:55:00+00:00
51323,30.148292541503906,-84.8599624633789,70807264.0,2.1285065520564896e-14,2024-05-03 21:55:00+00:00
51454,30.14923095703125,-84.85965728759766,70807264.0,4.6284963437902976e-14,2024-05-03 21:55:00+00:00
51200,30.148990631103516,-84.864013671875,212421792.0,1.7028446794992158e-13,2024-05-03 21:55:00+00:00
51270,30.297874450683594,-84.73113250732422,1631161216.0,3.992835521850896e-13,2024-05-03 21:55:00+00:00
51827,30.12812042236328,-84.86185455322266,212116592.0,4.5284966504769916e-14,2024-05-03 21:55:20+00:00
51758,30.22928810119629,-84.87116241455078,424996192.0,3.7228363837862877e-13,2024-05-03 21:55:20+00:00
51726,30.138919830322266,-84.86048889160156,212116592.0,1.4128458060598537e-13,2024-05-03 21:55:20+00:00
51684,30.168331146240234,-84.86380767822266,353731104.0,2.292842294065317e-13,2024-05-03 21:55:20+00:00
51543,30.15097999572754,-84.864501953125,212421792.0,1.3828459319471798e-13,2024-05-03 21:55:20+00:00
51914,30.08466339111328,-84.84329986572266,565389888.0,6.722824337154765e-13,2024-05-03 21:55:40+00:00
52258,30.143627166748047,-84.84739685058594,212116592.0,4.2284979093502525e-14,2024-05-03 21:55:40+00:00
52207,30.14832305908203,-84.8593978881836,70807264.0,5.628492260483821e-14,2024-05-03 21:55:40+00:00
52144,30.20186996459961,-84.8650894165039,566152896.0,7.502821064084286e-13,2024-05-03 21:55:40+00:00
52605,30.147794723510742,-84.85832977294922,141461920.0,1.3628459255218828e-13,2024-05-03 21:56:00+00:00
52412,30.15288734436035,-84.86121368408203,141614528.0,3.6285004270967744e-14,2024-05-03 21:56:00+00:00
52325,30.179283142089844,-84.70486450195312,707462208.0,1.2128465549585132e-13,2024-05-03 21:56:00+00:00
52306,30.128860473632812,-84.85802459716797,141461920.0,5.028494778230343e-14,2024-05-03 21:56:00+00:00
52290,30.158212661743164,-84.86066436767578,141614528.0,3.8284994749102075e-14,2024-05-03 21:56:00+00:00
52507,30.123516082763672,-84.86630249023438,282923840.0,9.328477524944354e-14,2024-05-03 21:56:00+00:00
52659,30.092845916748047,-84.8178482055664,848313728.0,7.782820069836272e-13,2024-05-03 21:56:20+00:00
52701,30.143949508666992,-84.85973358154297,141461920.0,4.0284988615368195e-14,2024-05-03 21:56:20+00:00
52951,30.149166107177734,-84.85736846923828,353731104.0,2.572841028766759e-13,2024-05-03 21:56:20+00:00
52862,30.140209197998047,-84.8592758178711,424233184.0,1.4228458092725021e-13,2024-05-03 21:56:20+00:00
53277,30.145748138427734,-84.85968780517578,141461920.0,8.728480042690875e-14,2024-05-03 21:56:40+00:00
53191,30.164478302001953,-84.84896850585938,1061040704.0,1.406279498232521e-12,2024-05-03 21:56:40+00:00
53109,30.125120162963867,-84.8680191040039,282923840.0,4.828495391603731e-14,2024-05-03 21:56:40+00:00
53045,30.14628791809082,-84.85264587402344,212116592.0,1.0528473167077668e-13,2024-05-03 21:56:40+00:00
53011,30.31867218017578,-84.75984954833984,638333568.0,5.728491953797127e-14,2024-05-03 21:56:40+00:00
53623,30.14765739440918,-84.85941314697266,70807264.0,1.028511026752955e-14,2024-05-03 21:57:00+00:00
53579,30.17481803894043,-84.78826141357422,1556691584.0,1.6162786170212384e-12,2024-05-03 21:57:00+00:00
53507,30.147693634033203,-84.8602066040039,70807264.0,1.928507334836467e-14,2024-05-03 21:57:00+00:00
53452,30.152381896972656,-84.85279846191406,495040416.0,3.372838033172121e-13,2024-05-03 21:57:00+00:00
53344,30.129467010498047,-84.86201477050781,212116592.0,5.928491340423739e-14,2024-05-03 21:57:00+00:00
53381,30.141220092773438,-84.82918548583984,212116592.0,2.8285037276232737e-14,2024-05-03 21:57:00+00:00
54003,30.148061752319336,-84.8549575805664,141461920.0,5.728491953797127e-14,2024-05-03 21:57:20+00:00
53723,30.152700424194336,-84.84996032714844,212269184.0,9.1284788159441e-14,2024-05-03 21:57:20+00:00
53767,30.148395538330078,-84.85966491699219,70807264.0,1.4285093764897054e-14,2024-05-03 21:57:20+00:00
53858,30.152809143066406,-84.85547637939453,282923840.0,1.5828450475232486e-13,2024-05-03 21:57:20+00:00
53951,30.127376556396484,-84.8565673828125,212116592.0,1.5428453057231978e-13,2024-05-03 21:57:20+00:00
54080,30.193851470947266,-84.86537170410156,1061193344.0,1.03128096340388e-12,2024-05-03 21:57:40+00:00
54129,30.14278221130371,-84.8399429321289,212116592.0,7.928483173810785e-14,2024-05-03 21:57:40+00:00
54303,30.145263671875,-84.86042022705078,141461920.0,5.428493212670388e-14,2024-05-03 21:57:40+00:00
54222,30.089651107788086,-84.8493423461914,424233184.0,1.7728442954119406e-13,2024-05-03 21:57:40+00:00
54266,30.140844345092773,-84.8326187133789,212116592.0,3.1285022993434233e-14,2024-05-03 21:57:40+00:00
54355,30.159486770629883,-84.84562683105469,424538368.0,1.7728442954119406e-13,2024-05-03 21:57:40+00:00
54392,30.318099975585938,-84.76939392089844,638028352.0,7.128486982557053e-14,2024-05-03 21:57:40+00:00
54399,30.147789001464844,-84.86019897460938,70807264.0,2.7285042037165572e-14,2024-05-03 21:58:00+00:00
54502,30.186002731323242,-84.83840942382812,778422080.0,3.32283815263415e-13,2024-05-03 21:58:00+00:00
54728,30.146888732910156,-84.85167694091797,282923840.0,8.328481947064009e-14,2024-05-03 21:58:00+00:00
54638,30.147855758666992,-84.85992431640625,70807264.0,5.285129837028987e-15,2024-05-03 21:58:00+00:00
54577,30.14356231689453,-84.86017608642578,141461920.0,1.0628472521577795e-13,2024-05-03 21:58:00+00:00
54782,30.223979949951172,-84.66997528076172,707767424.0,1.0928471262704534e-13,2024-05-03 21:58:20+00:00
55061,30.14916229248047,-84.84445190429688,353578496.0,1.2428464290711871e-13,2024-05-03 21:58:20+00:00
55003,30.14760398864746,-84.85979461669922,70807264.0,3.2285019926567293e-14,2024-05-03 21:58:20+00:00
54933,30.261980056762695,-84.8581314086914,1063940160.0,1.6128449216359225e-13,2024-05-03 21:58:20+00:00
54872,30.1546630859375,-84.87016296386719,212421792.0,2.328505769276512e-14,2024-05-03 21:58:20+00:00
55122,30.090892791748047,-84.8481216430664,990080832.0,4.312833998352389e-13,2024-05-03 21:58:20+00:00
54817,30.181066513061523,-84.8403091430664,707462208.0,1.0982807545356632e-12,2024-05-03 21:58:20+00:00
55191,30.18545150756836,-84.80828094482422,566152896.0,3.5528372778481643e-13,2024-05-03 21:58:40+00:00
55456,30.081819534301758,-84.87875366210938,494735232.0,9.228478170444226e-14,2024-05-03 21:58:40+00:00
55345,30.156455993652344,-84.8349380493164,282923840.0,9.328477524944354e-14,2024-05-03 21:58:40+00:00
55280,30.147127151489258,-84.85923767089844,70807264.0,3.4285010404701624e-14,2024-05-03 21:58:40+00:00
55467,30.14743995666504,-84.86033630371094,70807264.0,3.3285016859700353e-14,2024-05-03 21:58:40+00:00
55650,30.165180206298828,-84.85084533691406,282923840.0,1.5528451734105747e-13,2024-05-03 21:59:00+00:00
55719,30.124168395996094,-84.73797607421875,707462208.0,1.652844798961245e-13,2024-05-03 21:59:00+00:00
55697,30.14436149597168,-84.86201477050781,141461920.0,6.328490113676963e-14,2024-05-03 21:59:00+00:00
55546,30.162324905395508,-84.84796142578125,1061498560.0,8.152818697926278e-13,2024-05-03 21:59:00+00:00
56063,30.161788940429688,-84.84068298339844,282923840.0,1.0928471262704534e-13,2024-05-03 21:59:20+00:00
55883,30.15319061279297,-84.82267761230469,565847680.0,7.68282030876033e-13,2024-05-03 21:59:20+00:00
55986,30.14859390258789,-84.84911346435547,282923840.0,5.528492905983694e-14,2024-05-03 21:59:20+00:00
56477,30.12761688232422,-84.78252410888672,1061345920.0,5.042831386845026e-13,2024-05-03 21:59:40+00:00
56378,30.147062301635742,-84.86101531982422,70807264.0,7.285122009229213e-15,2024-05-03 21:59:40+00:00
56362,30.228137969970703,-84.79866790771484,212574384.0,4.582833136416997e-13,2024-05-03 21:59:40+00:00
56561,30.11994743347168,-84.8465576171875,212116592.0,3.6285004270967744e-14,2024-05-03 21:59:40+00:00
56264,30.108430862426758,-84.8304443359375,424080576.0,1.5528451734105747e-13,2024-05-03 21:59:40+00:00
56649,30.18718910217285,-84.82102966308594,283076448.0,3.252838265670882e-13,2024-05-03 22:00:00+00:00
56739,30.146814346313477,-84.85993194580078,70807264.0,8.285118095329325e-15,2024-05-03 22:00:00+00:00
56759,30.25193214416504,-84.6651611328125,991454272.0,1.0228474425950929e-13,2024-05-03 22:00:00+00:00
56813,30.153602600097656,-84.86687469482422,283076448.0,8.02848320593727e-14,2024-05-03 22:00:00+00:00
56899,30.1470890045166,-84.86077117919922,70807264.0,1.1285106353629663e-14,2024-05-03 22:00:00+00:00
57253,30.221149444580078,-84.7981185913086,283076448.0,2.7628404121807226e-13,2024-05-03 22:00:20+00:00
57221,30.07111358642578,-84.77214813232422,282618656.0,4.928495084917037e-14,2024-05-03 22:00:20+00:00
57135,30.179607391357422,-84.84986877441406,565847680.0,6.962823330056156e-13,2024-05-03 22:00:20+00:00
56945,30.150197982788086,-84.83557891845703,565847680.0,2.2428424135273461e-13,2024-05-03 22:00:20+00:00
57030,30.104732513427734,-84.75279998779297,777811648.0,1.782844298624589e-13,2024-05-03 22:00:20+00:00
57099,30.1416072845459,-84.85897064208984,141461920.0,3.9284991682235135e-14,2024-05-03 22:00:20+00:00
57420,30.16616439819336,-84.84976196289062,283076448.0,9.228478170444226e-14,2024-05-03 22:00:40+00:00
57611,30.306550979614258,-84.90956115722656,496566464.0,5.228493826043776e-14,2024-05-03 22:00:40+00:00
57531,30.0965633392334,-84.75434112548828,353425920.0,1.0428473134951183e-13,2024-05-03 22:00:40+00:00
57504,30.225797653198242,-84.80390930175781,141614528.0,2.922839650431469e-13,2024-05-03 22:00:40+00:00
57332,30.14653968811035,-84.86019897460938,70807264.0,1.4285093764897054e-14,2024-05-03 22:00:40+00:00
57628,30.16329574584961,-84.84204864501953,283076448.0,5.828491985923612e-14,2024-05-03 22:00:40+00:00
57926,30.132293701171875,-84.8272476196289,565847680.0,1.3328460514092089e-13,2024-05-03 22:01:00+00:00
57841,30.139944076538086,-84.83911895751953,424385760.0,1.142846803520517e-13,2024-05-03 22:01:00+00:00
57807,30.224018096923828,-84.84624481201172,212421792.0,1.1528468067331654e-13,2024-05-03 22:01:00+00:00
57754,30.14581871032715,-84.82383728027344,353731104.0,2.2428424135273461e-13,2024-05-03 22:01:00+00:00
57958,30.274578094482422,-84.8271255493164,283534240.0,2.282842155327397e-13,2024-05-03 22:01:00+00:00
58036,30.147180557250977,-84.86054992675781,70807264.0,1.3285097678796941e-14,2024-05-03 22:01:20+00:00
58116,30.084308624267578,-84.79871368408203,565542464.0,3.002839405082114e-13,2024-05-03 22:01:20+00:00
58145,30.20659637451172,-84.7957763671875,424538368.0,1.9128437982879332e-13,2024-05-03 22:01:20+00:00
58319,30.158117294311523,-84.86219024658203,141614528.0,1.5285090698030114e-14,2024-05-03 22:01:20+00:00
58413,30.146350860595703,-84.83259582519531,141461920.0,1.928507334836467e-14,2024-05-03 22:01:40+00:00
58502,30.224674224853516,-84.78177642822266,70807264.0,3.028502944843296e-14,2024-05-03 22:01:40+00:00
58517,30.146451950073242,-84.86005401611328,70807264.0,1.1285106353629663e-14,2024-05-03 22:01:40+00:00
58568,30.260025024414062,-84.84901428222656,283534240.0,1.3328460514092089e-13,2024-05-03 22:01:40+00:00
58586,30.116086959838867,-84.7960433959961,212116592.0,2.6285045104032512e-14,2024-05-03 22:01:40+00:00
58638,30.158737182617188,-84.84404754638672,212269184.0,1.3285097678796941e-14,2024-05-03 22:01:40+00:00
58773,30.22522735595703,-84.7989501953125,141614528.0,1.6928446762865673e-13,2024-05-03 22:01:40+00:00
59169,30.29233741760254,-84.82032012939453,780100736.0,4.632832745904425e-13,2024-05-03 22:02:00+00:00
59096,30.1413631439209,-84.80690002441406,495193024.0,1.4228458092725021e-13,2024-05-03 22:02:00+00:00
59040,30.146596908569336,-84.85997772216797,70807264.0,7.285122009229213e-15,2024-05-03 22:02:00+00:00
58914,30.138187408447266,-84.82003021240234,495040416.0,4.0628351377636207e-13,2024-05-03 22:02:00+00:00
58865,30.078540802001953,-84.8175277709961,424080576.0,1.1128470649331146e-13,2024-05-03 22:02:00+00:00
58852,30.34581756591797,-84.88179016113281,922936064.0,1.2528464322838356e-13,2024-05-03 22:02:00+00:00
59119,30.146404266357422,-84.86062622070312,70807264.0,2.4285052931832286e-14,2024-05-03 22:02:00+00:00
59208,30.189905166625977,-84.77154541015625,282923840.0,3.1285022993434233e-14,2024-05-03 22:02:20+00:00
59267,30.1435604095459,-84.84500885009766,212116592.0,8.228481914937524e-14,2024-05-03 22:02:20+00:00
59350,30.303096771240234,-84.79022979736328,496261248.0,3.4228376426595486e-13,2024-05-03 22:02:20+00:00
59390,30.065454483032227,-84.76375579833984,70654664.0,1.8285078109297505e-14,2024-05-03 22:02:20+00:00
59412,30.146469116210938,-84.86036682128906,70807264.0,2.2285062453697956e-14,2024-05-03 22:02:20+00:00
59461,30.15231704711914,-84.80046081542969,353731104.0,4.4284972959768645e-14,2024-05-03 22:02:20+00:00
59887,30.2836971282959,-84.88032531738281,779948096.0,3.4128377749721717e-13,2024-05-03 22:02:40+00:00
59835,30.113962173461914,-84.79678344726562,494887840.0,4.02283539596357e-13,2024-05-03 22:02:40+00:00
59924,30.225492477416992,-84.82737731933594,141614528.0,2.6285045104032512e-14,2024-05-03 22:02:40+00:00
59646,30.123851776123047,-84.85649871826172,282771232.0,1.0728471876077922e-13,2024-05-03 22:02:40+00:00
59581,30.067913055419922,-84.8021469116211,353425920.0,8.82848007481736e-14,2024-05-03 22:02:40+00:00
59713,30.19503402709961,-84.79256439208984,353731104.0,1.8028441695246145e-13,2024-05-03 22:02:40+00:00
59577,30.305313110351562,-84.83235931396484,141767120.0,9.328477524944354e-14,2024-05-03 22:02:40+00:00
60238,30.154237747192383,-84.81732177734375,353731104.0,1.8528440500625853e-13,2024-05-03 22:03:00+00:00
60167,30.30415916442871,-84.80933380126953,141767120.0,2.92850325152999e-14,2024-05-03 22:03:00+00:00
60097,30.146347045898438,-84.83562469482422,141461920.0,5.528492905983694e-14,2024-05-03 22:03:00+00:00
59984,30.153820037841797,-84.76990509033203,424233184.0,2.0328432947386288e-13,2024-05-03 22:03:00+00:00
60117,30.225950241088867,-84.84366607666016,141614528.0,1.2285101592696829e-14,2024-05-03 22:03:00+00:00
60358,30.145601272583008,-84.85121154785156,424385760.0,1.4728455542852015e-13,2024-05-03 22:03:20+00:00
60452,30.065763473510742,-84.78718566894531,282618656.0,5.1284944715436487e-14,2024-05-03 22:03:20+00:00
60493,30.16396713256836,-84.7751693725586,141614528.0,2.4285052931832286e-14,2024-05-03 22:03:20+00:00
60511,30.270904541015625,-84.79400634765625,354494112.0,3.362837894434201e-13,2024-05-03 22:03:20+00:00
60584,30.162982940673828,-84.84961700439453,283076448.0,1.3928457996345567e-13,2024-05-03 22:03:20+00:00
60405,30.221588134765625,-84.78202056884766,424385760.0,3.252838265670882e-13,2024-05-03 22:03:20+00:00
60665,30.1190242767334,-84.81578063964844,353425920.0,2.1928426685146468e-13,2024-05-03 22:03:40+00:00
60709,30.22443389892578,-84.78130340576172,70807264.0,1.5285090698030114e-14,2024-05-03 22:03:40+00:00
60754,30.145414352416992,-84.83134460449219,141461920.0,1.628508593709728e-14,2024-05-03 22:03:40+00:00
60760,30.30440902709961,-84.80640411376953,141767120.0,6.928487595930441e-14,2024-05-03 22:03:40+00:00
60826,30.208580017089844,-84.83771514892578,212421792.0,1.0128474393824444e-13,2024-05-03 22:03:40+00:00
60877,30.104473114013672,-84.77371215820312,282771232.0,1.5528451734105747e-13,2024-05-03 22:03:40+00:00
60958,30.153057098388672,-84.8195571899414,283076448.0,2.542841154654085e-13,2024-05-03 22:03:40+00:00
60978,30.301292419433594,-84.8829574584961,496413856.0,1.302846177296535e-13,2024-05-03 22:03:40+00:00
61299,30.14169692993164,-84.81441497802734,566152896.0,2.912839782744092e-13,2024-05-03 22:04:00+00:00
61246,30.089719772338867,-84.82672119140625,212116592.0,1.3285097678796941e-14,2024-05-03 22:04:00+00:00
61159,30.22842788696289,-84.80091857910156,425148768.0,5.172830479932555e-13,2024-05-03 22:04:00+00:00
61042,30.167152404785156,-84.83035278320312,353731104.0,1.292846309609158e-13,2024-05-03 22:04:00+00:00
61175,30.308448791503906,-84.80366516113281,212879600.0,5.328493519357082e-14,2024-05-03 22:04:00+00:00
61382,30.167200088500977,-84.790771484375,424385760.0,2.542841154654085e-13,2024-05-03 22:04:20+00:00
61424,30.07193946838379,-84.76145935058594,494735232.0,2.312842300490614e-13,2024-05-03 22:04:20+00:00
61471,30.30463218688965,-84.79964447021484,141767120.0,4.3284976026635585e-14,2024-05-03 22:04:20+00:00
61486,30.225330352783203,-84.81382751464844,141614528.0,3.028502944843296e-14,2024-05-03 22:04:20+00:00
61613,30.15837287902832,-84.85163879394531,283076448.0,1.6828446730739188e-13,2024-05-03 22:04:20+00:00
61686,30.1517333984375,-84.788330078125,353731104.0,5.728491953797127e-14,2024-05-03 22:04:20+00:00
62060,30.290510177612305,-84.7987060546875,283534240.0,2.8128400216681504e-13,2024-05-03 22:04:40+00:00
61963,30.14915657043457,-84.86124420166016,141614528.0,5.828491985923612e-14,2024-05-03 22:04:40+00:00
62022,30.20517921447754,-84.80268859863281,353883712.0,4.21283450832699e-13,2024-05-03 22:04:40+00:00
61871,30.283689498901367,-84.78812408447266,354341504.0,2.982839398656817e-13,2024-05-03 22:04:40+00:00
61833,30.224824905395508,-84.80049133300781,141614528.0,1.8285078109297505e-14,2024-05-03 22:04:40+00:00
61769,30.144779205322266,-84.82234954833984,565695104.0,6.812823959492786e-13,2024-05-03 22:04:40+00:00
62332,30.079050064086914,-84.81098937988281,707004416.0,9.028478783817614e-14,2024-05-03 22:05:00+00:00
62366,30.144184112548828,-84.774658203125,282923840.0,1.162846809945814e-13,2024-05-03 22:05:00+00:00
62318,30.145286560058594,-84.86077880859375,70807264.0,1.1285106353629663e-14,2024-05-03 22:05:00+00:00
62148,30.163660049438477,-84.79039764404297,495040416.0,3.352838026746824e-13,2024-05-03 22:05:00+00:00
62425,30.304441452026367,-84.84024810791016,141767120.0,5.328493519357082e-14,2024-05-03 22:05:00+00:00
62234,30.154207229614258,-84.82926940917969,283076448.0,1.7628444277245636e-13,2024-05-03 22:05:00+00:00
62648,30.29777717590332,-84.7968521118164,283534240.0,2.112842913864002e-13,2024-05-03 22:05:20+00:00
62724,30.141393661499023,-84.82121276855469,353578496.0,3.4285010404701624e-14,2024-05-03 22:05:20+00:00
62616,30.148197174072266,-84.78610229492188,212269184.0,1.3528460578345058e-13,2024-05-03 22:05:20+00:00
62796,30.172420501708984,-84.83216094970703,283076448.0,3.1628386433328604e-13,2024-05-03 22:05:20+00:00
62565,30.22432518005371,-84.83329772949219,141614528.0,7.028486950430568e-14,2024-05-03 22:05:20+00:00
62478,30.185272216796875,-84.80747985839844,353731104.0,1.5828450475232486e-13,2024-05-03 22:05:20+00:00
62596,30.14519500732422,-84.86103820800781,70807264.0,1.8285078109297505e-14,2024-05-03 22:05:20+00:00
63155,30.297149658203125,-84.80711364746094,212574384.0,1.7228445503992412e-13,2024-05-03 22:05:40+00:00
62826,30.28483009338379,-84.87763977050781,141767120.0,1.8285078109297505e-14,2024-05-03 22:05:40+00:00
62880,30.170757293701172,-84.76629638671875,565695104.0,5.802828378399794e-13,2024-05-03 22:05:40+00:00
62923,30.14149284362793,-84.8241195678711,212116592.0,6.628488854803702e-14,2024-05-03 22:05:40+00:00
63010,30.185367584228516,-84.80427551269531,424385760.0,2.4528415323160635e-13,2024-05-03 22:05:40+00:00
63115,30.148101806640625,-84.80065155029297,353731104.0,2.3928417840907157e-13,2024-05-03 22:05:40+00:00
63457,30.16257667541504,-84.78648376464844,212269184.0,7.628484432684046e-14,2024-05-03 22:06:00+00:00
63327,30.124780654907227,-84.83645629882812,141461920.0,1.4285093764897054e-14,2024-05-03 22:06:00+00:00
63308,30.303415298461914,-84.79173278808594,70959864.0,2.2285062453697956e-14,2024-05-03 22:06:00+00:00
63243,30.22388458251953,-84.78275299072266,70807264.0,4.6284963437902976e-14,2024-05-03 22:06:00+00:00
63225,30.131881713867188,-84.8172378540039,424385760.0,6.728488209303829e-14,2024-05-03 22:06:00+00:00
63543,30.18359375,-84.80856323242188,707614848.0,1.0002811296275227e-12,2024-05-03 22:06:20+00:00
63678,30.168405532836914,-84.8050537109375,424385760.0,3.1028388951075125e-13,2024-05-03 22:06:20+00:00
63765,30.100183486938477,-84.63945007324219,141309328.0,1.4285093764897054e-14,2024-05-03 22:06:20+00:00
63766,30.224069595336914,-84.78287506103516,70807264.0,8.285118095329325e-15,2024-05-03 22:06:20+00:00
63800,30.304079055786133,-84.79435729980469,141767120.0,1.1728468131584624e-13,2024-05-03 22:06:20+00:00
63848,30.136463165283203,-84.7896499633789,424385760.0,1.2528464322838356e-13,2024-05-03 22:06:20+00:00
64149,30.14191436767578,-84.85334777832031,212116592.0,4.2284979093502525e-14,2024-05-03 22:06:40+00:00
64035,30.147184371948242,-84.8014144897461,424385760.0,1.6028450539485456e-13,2024-05-03 22:06:40+00:00
64006,30.099714279174805,-84.77857971191406,353273312.0,9.228478170444226e-14,2024-05-03 22:06:40+00:00
63971,30.223526000976562,-84.79786682128906,141614528.0,6.42848946817709e-14,2024-05-03 22:06:40+00:00
64224,30.198047637939453,-84.78058624267578,282923840.0,2.2528424167399946e-13,2024-05-03 22:06:40+00:00
64651,30.303457260131836,-84.79299926757812,70959864.0,6.285125499612626e-15,2024-05-03 22:07:00+00:00
64606,30.120586395263672,-84.61834716796875,141309328.0,1.028511026752955e-14,2024-05-03 22:07:00+00:00
64582,30.13907241821289,-84.79486846923828,212116592.0,5.528492905983694e-14,2024-05-03 22:07:00+00:00
64539,30.207693099975586,-84.78971862792969,283076448.0,2.0528431656386542e-13,2024-05-03 22:07:00+00:00
64435,30.299686431884766,-84.80072021484375,212574384.0,2.302842161752694e-13,2024-05-03 22:07:00+00:00
64488,30.107524871826172,-84.76093292236328,211963984.0,5.1284944715436487e-14,2024-05-03 22:07:00+00:00
64375,30.21000862121582,-84.80622863769531,283076448.0,2.2028426717272953e-13,2024-05-03 22:07:00+00:00
64317,30.180889129638672,-84.86260223388672,212269184.0,8.928479429317487e-14,2024-05-03 22:07:00+00:00
64513,30.14556121826172,-84.86090087890625,70807264.0,2.8285037276232737e-14,2024-05-03 22:07:00+00:00
64713,30.17844581604004,-84.76156616210938,495193024.0,6.622824576078823e-13,2024-05-03 22:07:20+00:00
64756,30.13294792175293,-84.80197143554688,353425920.0,8.02848320593727e-14,2024-05-03 22:07:20+00:00
64826,30.30217170715332,-84.779541015625,212574384.0,4.992831235256512e-13,2024-05-03 22:07:20+00:00
64846,30.152830123901367,-84.77122497558594,212116592.0,6.928487595930441e-14,2024-05-03 22:07:20+00:00
64869,30.11839485168457,-84.8568344116211,141461920.0,8.285118095329325e-15,2024-05-03 22:07:20+00:00
64999,30.12308120727539,-84.77285766601562,353425920.0,1.5428453057231978e-13,2024-05-03 22:07:20+00:00
65318,30.303558349609375,-84.79253387451172,70959864.0,4.928495084917037e-14,2024-05-03 22:07:40+00:00
65286,30.17844009399414,-84.79576873779297,495040416.0,8.522817326016285e-13,2024-05-03 22:07:40+00:00
65159,30.165283203125,-84.7838363647461,849381952.0,4.802832393943635e-13,2024-05-03 22:07:40+00:00
205,30.115982055664062,-84.75908660888672,353425920.0,6.628488854803702e-14,2024-05-03 22:08:00+00:00
62,30.164724349975586,-84.79170989990234,495040416.0,6.872823707718134e-13,2024-05-03 22:08:00+00:00
65483,30.27602767944336,-84.79137420654297,212421792.0,1.2828463063965095e-13,2024-05-03 22:08:00+00:00
65464,31.320459365844727,-87.9920883178711,134442240.0,1.7285081176164445e-14,2024-05-03 22:08:00+00:00
65433,30.196292877197266,-84.77294921875,424690976.0,1.3328460514092089e-13,2024-05-03 22:08:00+00:00
189,30.196285247802734,-84.75469970703125,353731104.0,1.6428447957485964e-13,2024-05-03 22:08:00+00:00
132,30.302873611450195,-84.79203796386719,70959864.0,3.7285001204100804e-14,2024-05-03 22:08:00+00:00
547,30.302505493164062,-84.791748046875,70959864.0,1.3285097678796941e-14,2024-05-03 22:08:20+00:00
530,30.209623336791992,-84.87381744384766,283229056.0,1.3285097678796941e-14,2024-05-03 22:08:20+00:00
411,30.307462692260742,-84.82828521728516,283839456.0,4.828495391603731e-14,2024-05-03 22:08:20+00:00
332,30.18621826171875,-84.7918472290039,353731104.0,4.1628346277890194e-13,2024-05-03 22:08:20+00:00
306,30.30289077758789,-84.78782653808594,141767120.0,6.728488209303829e-14,2024-05-03 22:08:20+00:00
529,30.061763763427734,-84.69740295410156,211811376.0,2.1285065520564896e-14,2024-05-03 22:08:20+00:00
591,30.149574279785156,-84.78490447998047,424385760.0,1.2528464322838356e-13,2024-05-03 22:08:40+00:00
674,30.170242309570312,-84.86383056640625,424538368.0,1.7028446794992158e-13,2024-05-03 22:08:40+00:00
743,30.20939064025879,-84.77716827392578,495193024.0,5.252830505633743e-13,2024-05-03 22:08:40+00:00
823,30.302867889404297,-84.79217529296875,70959864.0,1.5285090698030114e-14,2024-05-03 22:08:40+00:00
882,30.145795822143555,-84.81073760986328,565847680.0,5.852827987887221e-13,2024-05-03 22:08:40+00:00
1265,30.136085510253906,-84.75794219970703,282923840.0,1.92284366597531e-13,2024-05-03 22:09:00+00:00
963,30.302631378173828,-84.79161071777344,70959864.0,1.628508593709728e-14,2024-05-03 22:09:00+00:00
1306,30.206329345703125,-84.82074737548828,495498240.0,3.7628363966368816e-13,2024-05-03 22:09:00+00:00
1062,30.15401840209961,-84.91708374023438,353731104.0,1.7285081176164445e-14,2024-05-03 22:09:00+00:00
1189,30.151565551757812,-84.82585906982422,353731104.0,2.692840525217455e-13,2024-05-03 22:09:00+00:00
1108,30.282926559448242,-84.80567169189453,709140864.0,5.61282899498583e-13,2024-05-03 22:09:00+00:00
988,30.172868728637695,-84.76719665527344,353731104.0,1.6828446730739188e-13,2024-05-03 22:09:00+00:00
1091,30.123252868652344,-84.77053833007812,141309328.0,1.1285106353629663e-14,2024-05-03 22:09:00+00:00
1358,30.30323600769043,-84.78626251220703,141767120.0,1.1328470035957758e-13,2024-05-03 22:09:20+00:00
1384,30.16215705871582,-84.7755126953125,282923840.0,1.2328465613838102e-13,2024-05-03 22:09:20+00:00
1479,30.12047004699707,-84.85160064697266,212116592.0,3.8284994749102075e-14,2024-05-03 22:09:20+00:00
1524,30.303857803344727,-84.79265594482422,70959864.0,5.1284944715436487e-14,2024-05-03 22:09:20+00:00
1554,30.173599243164062,-84.78306579589844,283076448.0,1.0028475039324317e-13,2024-05-03 22:09:20+00:00
1683,30.131778717041016,-84.76274871826172,282771232.0,1.4028458028472052e-13,2024-05-03 22:09:20+00:00
1701,30.2965145111084,-84.78694915771484,212574384.0,5.328493519357082e-14,2024-05-03 22:09:20+00:00
2048,30.12206268310547,-84.85286712646484,282618656.0,5.728491953797127e-14,2024-05-03 22:09:40+00:00
1990,30.16321563720703,-84.76968383789062,495193024.0,4.312833998352389e-13,2024-05-03 22:09:40+00:00
1982,30.302566528320312,-84.79149627685547,70959864.0,8.728480042690875e-14,2024-05-03 22:09:40+00:00
1792,30.225048065185547,-84.79332733154297,283381664.0,5.528492905983694e-14,2024-05-03 22:09:40+00:00
2236,30.22277069091797,-84.7894515991211,283229056.0,4.722832368242447e-13,2024-05-03 22:10:00+00:00
2440,30.100526809692383,-84.82493591308594,707156992.0,1.0428473134951183e-13,2024-05-03 22:10:00+00:00
2155,30.116588592529297,-84.75304412841797,424080576.0,2.4128417905160127e-13,2024-05-03 22:10:00+00:00
2338,30.151348114013672,-84.76860809326172,212116592.0,3.6285004270967744e-14,2024-05-03 22:10:00+00:00
2274,30.135534286499023,-84.8128433227539,212116592.0,7.22848633705718e-14,2024-05-03 22:10:00+00:00
2184,30.302410125732422,-84.78999328613281,141767120.0,1.302846177296535e-13,2024-05-03 22:10:00+00:00
2371,30.302854537963867,-84.79248046875,70959864.0,2.5285049864965346e-14,2024-05-03 22:10:00+00:00
2712,30.3024845123291,-84.79208374023438,70959864.0,6.42848946817709e-14,2024-05-03 22:10:20+00:00
2815,30.16124725341797,-84.77198028564453,495040416.0,8.602816809616387e-13,2024-05-03 22:10:20+00:00
2599,30.211727142333984,-84.78256225585938,282923840.0,4.382833885315657e-13,2024-05-03 22:10:20+00:00
2490,30.13463020324707,-84.83121490478516,424385760.0,1.262846435496484e-13,2024-05-03 22:10:20+00:00
2520,30.301753997802734,-84.76905822753906,212726992.0,3.8328360125496064e-13,2024-05-03 22:10:20+00:00
2869,30.302602767944336,-84.79230499267578,70959864.0,1.0028475039324317e-13,2024-05-03 22:10:40+00:00
3007,30.1621150970459,-84.80033874511719,919121024.0,1.419279407541274e-12,2024-05-03 22:10:40+00:00
3103,30.154794692993164,-84.77509307861328,141614528.0,3.4285010404701624e-14,2024-05-03 22:10:40+00:00
3138,30.302650451660156,-84.7957763671875,141767120.0,1.942843672400607e-13,2024-05-03 22:10:40+00:00
3279,30.179779052734375,-84.7703857421875,495040416.0,6.892823985193974e-13,2024-05-03 22:11:00+00:00
3404,30.3021183013916,-84.77555847167969,141767120.0,1.7428444212992666e-13,2024-05-03 22:11:00+00:00
3471,30.158281326293945,-84.83287811279297,495498240.0,6.602824840704069e-13,2024-05-03 22:11:00+00:00
3555,30.13780403137207,-84.73062133789062,353731104.0,1.5128454316105239e-13,2024-05-03 22:11:00+00:00
3696,30.303434371948242,-84.79134368896484,70959864.0,4.7284960371036036e-14,2024-05-03 22:11:20+00:00
3723,30.182960510253906,-84.77604675292969,424385760.0,4.1428348924142655e-13,2024-05-03 22:11:20+00:00
4110,30.143577575683594,-84.86074829101562,70807264.0,4.2284979093502525e-14,2024-05-03 22:11:40+00:00
4074,30.13559913635254,-84.75181579589844,353731104.0,3.362837894434201e-13,2024-05-03 22:11:40+00:00
3927,30.165340423583984,-84.76448822021484,777659072.0,5.712828756061772e-13,2024-05-03 22:11:40+00:00
4045,30.301889419555664,-84.77962493896484,141767120.0,1.4728455542852015e-13,2024-05-03 22:11:40+00:00
4266,30.181217193603516,-84.77376556396484,353731104.0,5.102831135070374e-13,2024-05-03 22:12:00+00:00
4605,30.15572738647461,-84.79243469238281,848313728.0,1.0152810666838596e-12,2024-05-03 22:12:00+00:00
4914,30.210304260253906,-84.78262329101562,212421792.0,2.27284228764002e-13,2024-05-03 22:12:20+00:00
4825,30.12353515625,-84.84940338134766,565389888.0,2.8828399086314183e-13,2024-05-03 22:12:20+00:00
4762,30.302343368530273,-84.78636169433594,141767120.0,2.112842913864002e-13,2024-05-03 22:12:20+00:00
4699,30.143516540527344,-84.76438903808594,282923840.0,1.6428447957485964e-13,2024-05-03 22:12:20+00:00
5331,30.223155975341797,-84.78267669677734,141767120.0,1.3328460514092089e-13,2024-05-03 22:12:40+00:00
5310,30.16817283630371,-84.75485229492188,424385760.0,4.602832871791751e-13,2024-05-03 22:12:40+00:00
5181,30.309093475341797,-84.79115295410156,566915904.0,5.202830354045229e-13,2024-05-03 22:12:40+00:00
5057,30.1297550201416,-84.7383804321289,212116592.0,1.6428447957485964e-13,2024-05-03 22:12:40+00:00
5096,30.152008056640625,-84.80519104003906,495040416.0,4.4228336271157076e-13,2024-05-03 22:12:40+00:00
5597,30.198699951171875,-84.78235626220703,495650848.0,5.532828969284642e-13,2024-05-03 22:13:00+00:00
5496,30.128055572509766,-84.74429321289062,282618656.0,1.4028458028472052e-13,2024-05-03 22:13:00+00:00
5487,30.313167572021484,-84.77239990234375,354799328.0,2.27284228764002e-13,2024-05-03 22:13:00+00:00
6120,30.156152725219727,-84.81404113769531,565847680.0,3.972835515425599e-13,2024-05-03 22:13:20+00:00
6060,30.301166534423828,-84.75286865234375,141767120.0,1.3285097678796941e-14,2024-05-03 22:13:20+00:00
5819,30.37128257751465,-84.82381439208984,2984739840.0,9.112814669531843e-13,2024-05-03 22:13:20+00:00
5884,30.104631423950195,-84.76707458496094,636044544.0,8.162818836664198e-13,2024-05-03 22:13:20+00:00
5965,30.27797508239746,-84.79134368896484,425301376.0,2.8228401604060704e-13,2024-05-03 22:13:20+00:00
6149,30.314517974853516,-84.79387664794922,141919728.0,1.928507334836467e-14,2024-05-03 22:13:40+00:00
6165,30.155637741088867,-84.7193374633789,565542464.0,3.892835760774954e-13,2024-05-03 22:13:40+00:00
6270,30.227657318115234,-84.78488159179688,212574384.0,1.92284366597531e-13,2024-05-03 22:13:40+00:00
6351,30.310855865478516,-84.79329681396484,141919728.0,2.92850325152999e-14,2024-05-03 22:13:40+00:00
6437,30.184864044189453,-84.77872467041016,141614528.0,2.7428404057554256e-13,2024-05-03 22:13:40+00:00
6791,30.304662704467773,-84.77601623535156,283686848.0,4.672832758755019e-13,2024-05-03 22:14:00+00:00
6705,30.134227752685547,-84.71086120605469,424233184.0,1.592845050735897e-13,2024-05-03 22:14:00+00:00
6670,30.144458770751953,-84.80882263183594,353731104.0,1.452845683385176e-13,2024-05-03 22:14:00+00:00
6523,30.221649169921875,-84.78266906738281,70807264.0,1.1285106353629663e-14,2024-05-03 22:14:00+00:00
6499,30.302213668823242,-84.7557601928711,212726992.0,1.5728451798358717e-13,2024-05-03 22:14:00+00:00
6909,30.235700607299805,-84.78590393066406,283381664.0,4.812831990580468e-13,2024-05-03 22:14:20+00:00
7140,30.30951499938965,-84.73503875732422,283686848.0,3.67283677429886e-13,2024-05-03 22:14:20+00:00
6911,30.07372283935547,-84.61628723144531,282618656.0,2.6285045104032512e-14,2024-05-03 22:14:20+00:00
7210,30.147676467895508,-84.7641830444336,777353856.0,8.112818685075684e-13,2024-05-03 22:14:20+00:00
7505,30.408132553100586,-84.73635864257812,568136704.0,5.628492260483821e-14,2024-05-03 22:14:40+00:00
7323,30.300931930541992,-84.78993225097656,141767120.0,1.2128465549585132e-13,2024-05-03 22:14:40+00:00
7440,30.184961318969727,-84.71528625488281,636502336.0,1.2732799840528553e-12,2024-05-03 22:14:40+00:00
7601,30.302331924438477,-84.79277038574219,70959864.0,1.1285106353629663e-14,2024-05-03 22:15:00+00:00
7650,30.301551818847656,-84.74864196777344,141767120.0,2.2285062453697956e-14,2024-05-03 22:15:00+00:00
7695,30.22330093383789,-84.81070709228516,141614528.0,1.3285097678796941e-14,2024-05-03 22:15:00+00:00
7698,30.05716896057129,-84.69901275634766,353120704.0,3.7285001204100804e-14,2024-05-03 22:15:00+00:00
7873,30.30950927734375,-84.78528594970703,212726992.0,4.828495391603731e-14,2024-05-03 22:15:00+00:00
7914,30.0820369720459,-84.56657409667969,141309328.0,7.285122009229213e-15,2024-05-03 22:15:00+00:00
8046,30.32376480102539,-84.7947998046875,141919728.0,9.285114181429438e-15,2024-05-03 22:15:20+00:00
8224,30.205116271972656,-84.78282928466797,424843584.0,1.00328111703879e-12,2024-05-03 22:15:20+00:00
8132,30.299121856689453,-84.72822570800781,141767120.0,2.028507028149773e-14,2024-05-03 22:15:20+00:00
7955,30.30287742614746,-84.7838363647461,283686848.0,2.5028414128540344e-13,2024-05-03 22:15:20+00:00
8341,30.300491333007812,-84.79243469238281,70959864.0,3.028502944843296e-14,2024-05-03 22:15:40+00:00
8529,30.305877685546875,-84.72077941894531,283686848.0,2.8328400280934474e-13,2024-05-03 22:15:40+00:00
8719,30.191734313964844,-84.77742767333984,566152896.0,1.0292810440765132e-12,2024-05-03 22:16:00+00:00
8768,30.30076789855957,-84.7919921875,70959864.0,1.4285093764897054e-14,2024-05-03 22:16:00+00:00
8864,30.297712326049805,-84.71647644042969,283534240.0,2.0428432979512773e-13,2024-05-03 22:16:00+00:00
9043,30.14440155029297,-84.77991485595703,1131695360.0,8.052818936850337e-13,2024-05-03 22:16:20+00:00
9275,30.303600311279297,-84.77217102050781,283686848.0,4.1828346342143163e-13,2024-05-03 22:16:20+00:00
9300,30.221752166748047,-84.81317901611328,141614528.0,1.5285090698030114e-14,2024-05-03 22:16:20+00:00
9297,30.056150436401367,-84.70003509521484,564932096.0,4.4284972959768645e-14,2024-05-03 22:16:20+00:00
9429,30.2990665435791,-84.71281433105469,141767120.0,1.672844805386542e-13,2024-05-03 22:16:20+00:00
9810,30.32599449157715,-84.7247085571289,283686848.0,4.5284966504769916e-14,2024-05-03 22:16:40+00:00
9720,30.308151245117188,-84.79376983642578,141919728.0,1.5228452992979008e-13,2024-05-03 22:16:40+00:00
9685,30.197614669799805,-84.78778839111328,283076448.0,6.072827245413859e-13,2024-05-03 22:16:40+00:00
10014,30.287858963012695,-84.7706069946289,354341504.0,3.342838159059447e-13,2024-05-03 22:17:00+00:00
10233,30.182920455932617,-84.77283477783203,637112768.0,1.27927995887539e-12,2024-05-03 22:17:20+00:00
10346,30.298892974853516,-84.72114562988281,141767120.0,1.4128458060598537e-13,2024-05-03 22:17:20+00:00
10523,30.306514739990234,-84.72357177734375,212726992.0,6.128490727050351e-14,2024-05-03 22:17:20+00:00
10649,30.29902458190918,-84.7340087890625,141767120.0,5.728491953797127e-14,2024-05-03 22:17:40+00:00
11189,30.09212875366211,-84.55501556396484,141309328.0,1.628508593709728e-14,2024-05-03 22:18:00+00:00
11188,30.29412269592285,-84.86137390136719,496413856.0,5.228493826043776e-14,2024-05-03 22:18:00+00:00
11086,30.299625396728516,-84.72361755371094,354494112.0,3.012839272769491e-13,2024-05-03 22:18:00+00:00
11292,30.299776077270508,-84.72197723388672,141767120.0,3.8284994749102075e-14,2024-05-03 22:18:00+00:00
10938,30.244375228881836,-84.77371215820312,779490304.0,2.727274135694291e-12,2024-05-03 22:18:00+00:00
11419,30.382097244262695,-84.68102264404297,496719040.0,2.8285037276232737e-14,2024-05-03 22:18:20+00:00
11557,30.26174545288086,-84.72965240478516,354341504.0,6.202826338501388e-13,2024-05-03 22:18:20+00:00
11836,30.306745529174805,-84.73320007324219,212726992.0,1.6328449280612195e-13,2024-05-03 22:18:40+00:00
11978,30.289583206176758,-84.85647583007812,212726992.0,1.7285081176164445e-14,2024-05-03 22:18:40+00:00
11989,30.058195114135742,-84.59001159667969,70654664.0,4.285133750928875e-15,2024-05-03 22:18:40+00:00
12322,30.298797607421875,-84.72087097167969,141767120.0,1.3285097678796941e-14,2024-05-03 22:19:00+00:00
12221,30.29219627380371,-84.70415496826172,212574384.0,2.162842794401973e-13,2024-05-03 22:19:00+00:00
12402,30.1890869140625,-84.77204132080078,778574656.0,1.787278007883697e-12,2024-05-03 22:19:20+00:00
12683,30.36528778076172,-84.74020385742188,638791360.0,9.428477557070838e-14,2024-05-03 22:19:20+00:00
12872,30.271093368530273,-84.75110626220703,283381664.0,7.082822826506852e-13,2024-05-03 22:19:40+00:00
13272,30.235258102416992,-84.7308578491211,708530432.0,1.8512778116042128e-12,2024-05-03 22:20:00+00:00
13796,30.29990577697754,-84.70601654052734,212726992.0,1.8828439241752593e-13,2024-05-03 22:20:20+00:00
14006,30.300573348999023,-84.79397583007812,70959864.0,1.3285097678796941e-14,2024-05-03 22:20:40+00:00
14774,30.237815856933594,-84.74984741210938,850144960.0,2.725274216366924e-12,2024-05-03 22:21:20+00:00
15081,30.298524856567383,-84.79313659667969,1063787584.0,1.0628472521577795e-13,2024-05-03 22:21:40+00:00
15570,30.320262908935547,-84.77278900146484,283686848.0,7.328485691557307e-14,2024-05-03 22:22:00+00:00
15284,30.295724868774414,-84.72122955322266,212574384.0,4.1228348859889685e-13,2024-05-03 22:22:00+00:00
15716,30.29754066467285,-84.70691680908203,141767120.0,7.828483819310658e-14,2024-05-03 22:22:20+00:00
16078,30.24701499938965,-84.742919921875,708072640.0,1.7072783074431608e-12,2024-05-03 22:22:40+00:00
16370,30.345142364501953,-84.75357055664062,283686848.0,1.7428444212992666e-13,2024-05-03 22:23:00+00:00
16536,30.253841400146484,-84.7199935913086,495803456.0,1.4322794252702442e-12,2024-05-03 22:23:00+00:00
16552,30.197473526000977,-84.76141357421875,283229056.0,6.828487563803956e-14,2024-05-03 22:23:00+00:00
17087,30.29816436767578,-84.70697784423828,283534240.0,4.1628346277890194e-13,2024-05-03 22:23:40+00:00
17189,30.352184295654297,-84.73629760742188,283686848.0,3.2285019926567293e-14,2024-05-03 22:23:40+00:00
17751,30.309030532836914,-84.70497131347656,283534240.0,1.452845683385176e-13,2024-05-03 22:24:00+00:00
17460,30.243932723999023,-84.69458770751953,1416297856.0,1.7712780027434594e-12,2024-05-03 22:24:00+00:00
18060,30.047395706176758,-84.75175476074219,494430016.0,2.8285037276232737e-14,2024-05-03 22:24:20+00:00
18195,30.265548706054688,-84.72615814208984,354188928.0,4.1028348795636715e-13,2024-05-03 22:24:20+00:00
18576,30.304697036743164,-84.707763671875,212726992.0,1.7428444212992666e-13,2024-05-03 22:24:40+00:00
18317,30.330570220947266,-84.71696472167969,212726992.0,2.328505769276512e-14,2024-05-03 22:24:40+00:00
19168,30.259765625,-84.7102279663086,708530432.0,5.532828969284642e-13,2024-05-03 22:25:20+00:00
19547,30.209623336791992,-84.77687072753906,495650848.0,3.5328372714228673e-13,2024-05-03 22:25:40+00:00
19703,30.30724334716797,-84.72457122802734,425453984.0,1.2128465549585132e-13,2024-05-03 22:25:40+00:00
20192,30.26267433166504,-84.7009048461914,495956032.0,6.872823707718134e-13,2024-05-03 22:26:20+00:00
20596,31.391740798950195,-87.99954986572266,201892256.0,3.212838523870831e-13,2024-05-03 22:26:40+00:00
21079,30.32080078125,-84.70777130126953,1277582720.0,1.171280412069764e-12,2024-05-03 22:27:00+00:00
21997,30.00469398498535,-84.67356872558594,211658784.0,6.285125499612626e-15,2024-05-03 22:28:00+00:00
22077,30.214065551757812,-84.74455261230469,566610688.0,7.962819314512315e-13,2024-05-03 22:28:00+00:00
22193,30.324913024902344,-84.71710205078125,425453984.0,3.022839411507411e-13,2024-05-03 22:28:00+00:00
22967,30.175386428833008,-84.72865295410156,283076448.0,3.4328377813974686e-13,2024-05-03 22:28:40+00:00
23204,30.33466339111328,-84.69728088378906,354646720.0,4.262834388864961e-13,2024-05-03 22:29:00+00:00
23613,30.045345306396484,-84.71292114257812,564932096.0,4.6284963437902976e-14,2024-05-03 22:29:20+00:00
23816,31.388267517089844,-87.9710693359375,134594832.0,3.9284991682235135e-14,2024-05-03 22:29:40+00:00
24346,30.14363670349121,-84.78137969970703,353578496.0,1.2028466872711363e-13,2024-05-03 22:30:00+00:00
24371,30.304800033569336,-84.6651382446289,354494112.0,4.802832393943635e-13,2024-05-03 22:30:00+00:00
25191,30.324676513671875,-84.69296264648438,851365760.0,8.802816331768271e-13,2024-05-03 22:30:40+00:00
25536,30.0826416015625,-84.78357696533203,847855936.0,8.328481947064009e-14,2024-05-03 22:31:00+00:00
26358,30.2398738861084,-84.69834899902344,141614528.0,8.285118095329325e-15,2024-05-03 22:32:00+00:00
26840,30.104475021362305,-84.8001480102539,565389888.0,1.3728459287345313e-13,2024-05-03 22:32:20+00:00
28032,30.186357498168945,-84.6711196899414,3254082048.0,1.4252793823638088e-12,2024-05-03 22:33:20+00:00
28648,31.437768936157227,-87.92357635498047,538379328.0,1.296279923679311e-12,2024-05-03 22:34:00+00:00
29162,30.062089920043945,-84.66609954833984,1129864192.0,9.1284788159441e-14,2024-05-03 22:34:20+00:00
31519,30.053258895874023,-84.56190490722656,141156720.0,1.4285093764897054e-14,2024-05-03 22:36:40+00:00
31522,30.338890075683594,-84.68571472167969,354646720.0,2.028507028149773e-14,2024-05-03 22:36:40+00:00
33257,30.234516143798828,-84.66565704345703,1344574976.0,2.0892766683378028e-12,2024-05-03 22:38:00+00:00
33272,30.27111053466797,-84.6377182006836,283381664.0,2.8285037276232737e-14,2024-05-03 22:38:00+00:00
34004,30.33494758605957,-84.61145782470703,354646720.0,1.942843672400607e-13,2024-05-03 22:38:40+00:00
35740,30.196958541870117,-84.67801666259766,495498240.0,5.902827597374649e-13,2024-05-03 22:40:20+00:00
38752,30.156400680541992,-84.78620910644531,424538368.0,2.4285052931832286e-14,2024-05-03 22:43:00+00:00
42010,30.186832427978516,-84.79196166992188,495650848.0,4.0284988615368195e-14,2024-05-03 22:46:00+00:00
44729,30.529462814331055,-84.64620208740234,71112464.0,1.628508593709728e-14,2024-05-03 22:48:40+00:00
45099,30.609987258911133,-84.65665435791016,71265072.0,1.2285101592696829e-14,2024-05-03 22:49:00+00:00
45310,30.235214233398438,-84.60733032226562,2262932992.0,7.382821567633591e-13,2024-05-03 22:49:00+00:00
45817,30.597198486328125,-84.65419006347656,142377536.0,4.4284972959768645e-14,2024-05-03 22:49:40+00:00
46206,30.60824966430664,-84.671142578125,213642608.0,8.928479429317487e-14,2024-05-03 22:50:00+00:00
46561,30.5664119720459,-84.6510238647461,142377536.0,4.285133750928875e-15,2024-05-03 22:50:20+00:00
46982,30.348478317260742,-84.5710220336914,994048512.0,3.242838397983505e-13,2024-05-03 22:50:40+00:00
47087,30.583938598632812,-84.65294647216797,142377536.0,7.285122009229213e-15,2024-05-03 22:50:40+00:00
47556,30.55891990661621,-84.65193176269531,142377536.0,1.4285093764897054e-14,2024-05-03 22:51:20+00:00
47995,30.38349151611328,-84.54298400878906,141919728.0,2.5285049864965346e-14,2024-05-03 22:51:40+00:00
48184,30.558868408203125,-84.66092681884766,213490000.0,2.028507028149773e-14,2024-05-03 22:52:00+00:00
48806,30.376977920532227,-84.54151153564453,141919728.0,1.7285081176164445e-14,2024-05-03 22:52:20+00:00
48893,30.53927230834961,-84.64868927001953,142377536.0,2.4285052931832286e-14,2024-05-03 22:52:40+00:00
49274,30.78171157836914,-84.50128173828125,142835344.0,1.7285081176164445e-14,2024-05-03 22:53:00+00:00
49648,30.539060592651367,-84.65451049804688,569052352.0,7.828483819310658e-14,2024-05-03 22:53:20+00:00
49663,30.7923641204834,-84.51569366455078,571341376.0,5.228493826043776e-14,2024-05-03 22:53:20+00:00
50128,30.60862159729004,-84.65742492675781,71265072.0,6.285125499612626e-15,2024-05-03 22:53:40+00:00
50294,30.377803802490234,-84.54780578613281,567984128.0,1.0828471908204407e-13,2024-05-03 22:54:00+00:00
50871,30.78261947631836,-84.5042953491211,214100416.0,7.028486950430568e-14,2024-05-03 22:54:20+00:00
51312,30.589624404907227,-84.64826965332031,284602464.0,1.262846435496484e-13,2024-05-03 22:54:40+00:00
51841,30.7694149017334,-84.500732421875,142835344.0,5.1284944715436487e-14,2024-05-03 22:55:20+00:00
52664,30.606773376464844,-84.64874267578125,142377536.0,6.528488822677217e-14,2024-05-03 22:56:00+00:00
53597,30.60720443725586,-84.65596008300781,71265072.0,1.1285106353629663e-14,2024-05-03 22:57:00+00:00
53685,30.365015029907227,-84.53356170654297,567526336.0,2.962839663282063e-13,2024-05-03 22:57:00+00:00
54586,30.332843780517578,-84.52845764160156,496261248.0,3.1428389079581065e-13,2024-05-03 22:57:40+00:00
54593,30.334697723388672,-84.52635955810547,212726992.0,1.8285078109297505e-14,2024-05-03 22:57:40+00:00
55170,30.607675552368164,-84.64442443847656,142377536.0,2.028507028149773e-14,2024-05-03 22:58:20+00:00
55398,30.816476821899414,-84.50552368164062,142835344.0,4.1284982160369466e-14,2024-05-03 22:58:40+00:00
55886,30.355525970458984,-84.54335021972656,425453984.0,9.528476911570966e-14,2024-05-03 22:59:00+00:00
55871,30.622512817382812,-84.56878662109375,1424538368.0,2.2128425394146722e-13,2024-05-03 22:59:00+00:00
56247,30.363924026489258,-84.54090118408203,70959864.0,8.285118095329325e-15,2024-05-03 22:59:20+00:00
56855,30.60784149169922,-84.64702606201172,142377536.0,2.6285045104032512e-14,2024-05-03 23:00:00+00:00
57231,30.36905860900879,-84.54747772216797,354799328.0,1.2328465613838102e-13,2024-05-03 23:00:20+00:00
57965,30.369285583496094,-84.53225708007812,283839456.0,1.622844924848571e-13,2024-05-03 23:01:00+00:00
57785,30.61503791809082,-84.57417297363281,569662720.0,7.828483819310658e-14,2024-05-03 23:01:00+00:00
58550,30.36897850036621,-84.55126190185547,283839456.0,9.428477557070838e-14,2024-05-03 23:01:20+00:00
59537,30.605684280395508,-84.61521911621094,142377536.0,1.7285081176164445e-14,2024-05-03 23:02:20+00:00
59892,30.34731674194336,-84.51803588867188,638028352.0,9.012815450556988e-13,2024-05-03 23:02:40+00:00
61232,30.369760513305664,-84.53911590576172,212879600.0,1.2428464290711871e-13,2024-05-03 23:04:00+00:00
62625,30.363265991210938,-84.54173278808594,70959864.0,1.1285106353629663e-14,2024-05-03 23:05:00+00:00
63169,30.368144989013672,-84.55519104003906,212879600.0,5.628492260483821e-14,2024-05-03 23:05:40+00:00
63240,30.644023895263672,-84.58908081054688,285060288.0,2.8285037276232737e-14,2024-05-03 23:05:40+00:00
63318,30.535037994384766,-84.54972076416016,213337392.0,1.928507334836467e-14,2024-05-03 23:05:40+00:00
63968,30.36319351196289,-84.52699279785156,141767120.0,2.1285065520564896e-14,2024-05-03 23:06:20+00:00
64567,30.36162757873535,-84.55038452148438,354646720.0,2.1228429170766505e-13,2024-05-03 23:06:40+00:00
267,30.345905303955078,-84.5444107055664,496261248.0,6.832824236968627e-13,2024-05-03 23:08:00+00:00
545,30.68227767944336,-84.57817840576172,71265072.0,7.285122009229213e-15,2024-05-03 23:08:00+00:00
1477,30.362394332885742,-84.53619384765625,283839456.0,4.1828346342143163e-13,2024-05-03 23:09:00+00:00
2472,30.364315032958984,-84.5391845703125,212879600.0,1.5528451734105747e-13,2024-05-03 23:09:40+00:00
7234,30.373668670654297,-84.52034759521484,354799328.0,3.922835634887628e-13,2024-05-03 23:13:40+00:00
12484,30.510164260864258,-84.56009674072266,426369600.0,3.6285004270967744e-14,2024-05-03 23:18:00+00:00
28525,30.530956268310547,-84.51104736328125,284602464.0,7.028486950430568e-14,2024-05-03 23:31:00+00:00
30678,30.546560287475586,-84.51177215576172,284602464.0,9.528476911570966e-14,2024-05-03 23:32:40+00:00
31378,30.55900001525879,-84.50703430175781,426980000.0,8.928479429317487e-14,2024-05-03 23:33:20+00:00
31771,30.542980194091797,-84.50298309326172,284602464.0,9.328477524944354e-14,2024-05-03 23:33:20+00:00
31903,30.527742385864258,-84.51620483398438,995421952.0,2.0328432947386288e-13,2024-05-03 23:33:40+00:00
32098,30.58679962158203,-84.5054702758789,427132608.0,1.492845425185227e-13,2024-05-03 23:33:40+00:00
32301,30.575984954833984,-84.50532531738281,284602464.0,1.0428473134951183e-13,2024-05-03 23:34:00+00:00
32730,30.552507400512695,-84.50102233886719,284602464.0,1.4228458092725021e-13,2024-05-03 23:34:20+00:00
33865,30.591413497924805,-84.5049057006836,355867552.0,6.028491372550224e-14,2024-05-03 23:35:00+00:00
35375,30.6276798248291,-84.51707458496094,1282008192.0,1.0732807871616235e-12,2024-05-03 23:36:20+00:00
38811,30.595460891723633,-84.5458755493164,284755072.0,1.8285078109297505e-14,2024-05-03 23:38:40+00:00
39203,30.582021713256836,-84.53834533691406,640622592.0,2.0728431720639512e-13,2024-05-03 23:39:00+00:00
40575,30.589351654052734,-84.51766967773438,213490000.0,4.3284976026635585e-14,2024-05-03 23:40:00+00:00
41288,30.57090950012207,-84.52059173583984,640470016.0,1.1728468131584624e-13,2024-05-03 23:40:20+00:00
62285,30.702585220336914,-84.50841522216797,499008096.0,9.328477524944354e-14,2024-05-03 23:55:20+00:00
25055,30.556758880615234,-85.99055480957031,142682736.0,1.928507334836467e-14,2024-05-04 16:00:40+00:00
25801,30.54473876953125,-85.97225189208984,428048224.0,1.0828471908204407e-13,2024-05-04 16:03:40+00:00
29468,30.569578170776367,-85.97200012207031,142682736.0,5.628492260483821e-14,2024-05-04 16:18:40+00:00
29871,30.57069206237793,-85.98515319824219,142682736.0,6.328490113676963e-14,2024-05-04 16:20:20+00:00
30015,30.57052230834961,-85.98967742919922,71417672.0,1.628508593709728e-14,2024-05-04 16:21:00+00:00
30140,30.56926918029785,-85.98782348632812,71417672.0,4.928495084917037e-14,2024-05-04 16:21:20+00:00
30285,30.569293975830078,-85.98855590820312,71417672.0,1.5285090698030114e-14,2024-05-04 16:21:40+00:00
30444,30.573030471801758,-85.96456146240234,285518080.0,4.032835263650947e-13,2024-05-04 16:22:20+00:00
30525,30.568906784057617,-85.98847961425781,71417672.0,1.2285101592696829e-14,2024-05-04 16:22:40+00:00
30647,30.56875991821289,-85.97574615478516,142682736.0,2.92850325152999e-14,2024-05-04 16:23:20+00:00
30624,30.570323944091797,-85.98881530761719,71417672.0,1.028511026752955e-14,2024-05-04 16:23:20+00:00
30714,30.568662643432617,-85.97853088378906,142682736.0,4.1284982160369466e-14,2024-05-04 16:23:40+00:00
30746,30.567895889282227,-85.98816680908203,71417672.0,1.628508593709728e-14,2024-05-04 16:23:40+00:00
30782,30.567960739135742,-85.96746826171875,142682736.0,4.5284966504769916e-14,2024-05-04 16:24:00+00:00
30950,30.571935653686523,-85.95675659179688,214100416.0,6.528488822677217e-14,2024-05-04 16:24:40+00:00
31039,30.56977081298828,-85.98189544677734,142682736.0,6.328490113676963e-14,2024-05-04 16:25:00+00:00
31093,30.568729400634766,-85.9439468383789,142682736.0,9.92847568482419e-14,2024-05-04 16:25:20+00:00
31155,30.569210052490234,-85.9826889038086,142682736.0,3.4285010404701624e-14,2024-05-04 16:25:20+00:00
31200,30.56863021850586,-85.93634796142578,142682736.0,6.128490727050351e-14,2024-05-04 16:25:40+00:00
31261,30.574790954589844,-85.96000671386719,214100416.0,5.028494778230343e-14,2024-05-04 16:26:00+00:00
31301,30.572023391723633,-85.93409729003906,214100416.0,8.02848320593727e-14,2024-05-04 16:26:00+00:00
31383,30.567567825317383,-85.96208190917969,142682736.0,4.5284966504769916e-14,2024-05-04 16:26:20+00:00
31476,30.566987991333008,-85.93645477294922,142682736.0,8.428481301564136e-14,2024-05-04 16:26:40+00:00
31559,30.56702423095703,-85.91488647460938,142682736.0,5.428493212670388e-14,2024-05-04 16:27:00+00:00
31600,30.568622589111328,-85.98706817626953,142682736.0,1.7728442954119406e-13,2024-05-04 16:27:20+00:00
31659,30.56820297241211,-85.9830093383789,142682736.0,2.292842294065317e-13,2024-05-04 16:27:40+00:00
31744,30.568077087402344,-85.96231842041016,142682736.0,1.7928443018372375e-13,2024-05-04 16:28:00+00:00
31775,30.56829261779785,-85.98766326904297,71417672.0,1.7285081176164445e-14,2024-05-04 16:28:00+00:00
31847,30.56852149963379,-85.97794342041016,213947808.0,3.212838523870831e-13,2024-05-04 16:28:20+00:00
31899,30.56875991821289,-85.98113250732422,214100416.0,3.5028373973101934e-13,2024-05-04 16:28:20+00:00
31992,30.56793212890625,-85.9869155883789,71417672.0,6.328490113676963e-14,2024-05-04 16:28:40+00:00
32008,30.542089462280273,-85.98269653320312,356630560.0,1.2428464290711871e-13,2024-05-04 16:29:00+00:00
32047,30.573423385620117,-85.96234893798828,357088352.0,4.262834388864961e-13,2024-05-04 16:29:00+00:00
32099,30.570199966430664,-85.98726654052734,71417672.0,8.285118095329325e-15,2024-05-04 16:29:20+00:00
32165,30.568498611450195,-85.97625732421875,214100416.0,3.612837026073512e-13,2024-05-04 16:29:20+00:00
32211,30.56856346130371,-85.98811340332031,71417672.0,1.5285090698030114e-14,2024-05-04 16:29:40+00:00
32191,30.56831169128418,-85.98774719238281,71417672.0,1.1285106353629663e-14,2024-05-04 16:29:40+00:00
32270,30.568334579467773,-85.9873046875,71417672.0,8.428481301564136e-14,2024-05-04 16:29:40+00:00
32287,30.56878662109375,-85.98782348632812,71417672.0,1.028511026752955e-14,2024-05-04 16:30:00+00:00
32333,30.568700790405273,-85.98748779296875,71417672.0,1.302846177296535e-13,2024-05-04 16:30:00+00:00
32299,30.568603515625,-85.98670959472656,71417672.0,1.7285081176164445e-14,2024-05-04 16:30:00+00:00
32365,30.531675338745117,-85.9679183959961,427895616.0,1.9628435433006325e-13,2024-05-04 16:30:20+00:00
32377,30.569181442260742,-85.98777770996094,71417672.0,3.2285019926567293e-14,2024-05-04 16:30:20+00:00
32383,30.568925857543945,-85.97151184082031,285365472.0,1.812844172737263e-13,2024-05-04 16:30:20+00:00
32414,30.56770133972168,-85.98698425292969,71417672.0,2.5285049864965346e-14,2024-05-04 16:30:20+00:00
32464,30.56824493408203,-85.98680114746094,71417672.0,2.328505769276512e-14,2024-05-04 16:30:40+00:00
32499,30.57032012939453,-85.98455810546875,499771104.0,3.012839272769491e-13,2024-05-04 16:30:40+00:00
32574,30.56342315673828,-85.8987808227539,142530144.0,7.628484432684046e-14,2024-05-04 16:31:00+00:00
32591,30.569067001342773,-85.98741912841797,71417672.0,7.528485078183919e-14,2024-05-04 16:31:00+00:00
32554,30.56795883178711,-85.98677825927734,142682736.0,1.1128470649331146e-13,2024-05-04 16:31:00+00:00
32610,30.566938400268555,-85.98690032958984,71417672.0,1.4285093764897054e-14,2024-05-04 16:31:20+00:00
32652,30.563358306884766,-85.98051452636719,285212864.0,3.362837894434201e-13,2024-05-04 16:31:20+00:00
32772,30.565277099609375,-85.9875259399414,142682736.0,2.4628416710539835e-13,2024-05-04 16:31:40+00:00
32705,30.56511116027832,-85.9874267578125,142682736.0,6.42848946817709e-14,2024-05-04 16:31:40+00:00
32816,30.56772804260254,-85.98804473876953,71417672.0,5.928491340423739e-14,2024-05-04 16:32:00+00:00
32848,30.566686630249023,-85.90950775146484,142682736.0,9.1284788159441e-14,2024-05-04 16:32:00+00:00
32877,30.564096450805664,-85.98628234863281,142682736.0,6.328490113676963e-14,2024-05-04 16:32:20+00:00
32944,30.569944381713867,-85.98485565185547,214100416.0,1.2228465581711617e-13,2024-05-04 16:32:20+00:00
32986,30.56833267211914,-85.93477630615234,499465888.0,1.3828459319471798e-13,2024-05-04 16:32:40+00:00
33028,30.566020965576172,-85.98674774169922,142682736.0,2.162842794401973e-13,2024-05-04 16:32:40+00:00
33102,30.566871643066406,-85.9534683227539,142682736.0,1.2428464290711871e-13,2024-05-04 16:33:00+00:00
33178,30.56914520263672,-85.98016357421875,142682736.0,3.2285019926567293e-14,2024-05-04 16:33:20+00:00
33289,30.568740844726562,-85.95901489257812,499618496.0,2.7428404057554256e-13,2024-05-04 16:33:40+00:00
33399,30.57373809814453,-85.92115020751953,214100416.0,1.4428456801725276e-13,2024-05-04 16:34:00+00:00
33451,30.568565368652344,-85.98051452636719,142682736.0,3.2285019926567293e-14,2024-05-04 16:34:20+00:00
33531,30.582962036132812,-85.94673919677734,356783136.0,1.1128470649331146e-13,2024-05-04 16:34:40+00:00
33664,30.580310821533203,-85.97203063964844,214100416.0,2.7285042037165572e-14,2024-05-04 16:35:00+00:00
33715,30.566864013671875,-85.92379760742188,142682736.0,2.8285037276232737e-14,2024-05-04 16:35:20+00:00
33873,30.562522888183594,-85.95352935791016,213947808.0,4.828495391603731e-14,2024-05-04 16:36:00+00:00
34248,30.57012939453125,-85.95741271972656,214100416.0,7.028486950430568e-14,2024-05-04 16:37:20+00:00
34369,30.567214965820312,-85.91570281982422,641996032.0,2.1528427911893244e-13,2024-05-04 16:37:40+00:00
34589,30.565589904785156,-85.94677734375,142682736.0,4.1284982160369466e-14,2024-05-04 16:38:20+00:00
34830,30.560396194458008,-85.93360900878906,213947808.0,4.5284966504769916e-14,2024-05-04 16:39:20+00:00
34955,30.547487258911133,-85.90721130371094,499160672.0,2.292842294065317e-13,2024-05-04 16:39:40+00:00
35129,30.574710845947266,-85.93401336669922,214100416.0,4.1284982160369466e-14,2024-05-04 16:40:20+00:00
35269,30.566919326782227,-85.89857482910156,499313280.0,5.628492260483821e-14,2024-05-04 16:41:00+00:00
35464,30.54764175415039,-85.91744232177734,213947808.0,1.628508593709728e-14,2024-05-04 16:41:40+00:00
36163,30.56587791442871,-85.91220092773438,285365472.0,3.1028388951075125e-13,2024-05-04 16:44:20+00:00
36327,30.5657901763916,-85.89958953857422,214100416.0,1.3128461805091834e-13,2024-05-04 16:45:00+00:00
36423,30.56454086303711,-85.90596008300781,142682736.0,8.728480042690875e-14,2024-05-04 16:45:20+00:00
36559,30.564435958862305,-85.90250396728516,142682736.0,1.7528444245119151e-13,2024-05-04 16:45:40+00:00
36676,30.563886642456055,-85.90998840332031,142682736.0,1.3828459319471798e-13,2024-05-04 16:46:20+00:00
36798,30.566814422607422,-85.90299987792969,214100416.0,2.302842161752694e-13,2024-05-04 16:46:40+00:00
36940,30.565265655517578,-85.9034652709961,214100416.0,2.2428424135273461e-13,2024-05-04 16:47:20+00:00
37040,30.567014694213867,-85.90340423583984,214100416.0,1.142846803520517e-13,2024-05-04 16:47:40+00:00
37142,30.563594818115234,-85.90045928955078,142682736.0,9.328477524944354e-14,2024-05-04 16:48:00+00:00
37243,30.563655853271484,-85.90298461914062,142682736.0,1.3528460578345058e-13,2024-05-04 16:48:20+00:00
37331,30.56586456298828,-85.90894317626953,214100416.0,3.1428389079581065e-13,2024-05-04 16:48:40+00:00
37421,30.56603240966797,-85.90333557128906,214100416.0,2.342842174603288e-13,2024-05-04 16:49:00+00:00
37515,30.565147399902344,-85.90156555175781,285365472.0,5.242830366895823e-13,2024-05-04 16:49:20+00:00
37650,30.563190460205078,-85.89610290527344,71265072.0,1.0228474425950929e-13,2024-05-04 16:50:00+00:00
37726,30.56968116760254,-85.90705108642578,356935744.0,4.1728347665269394e-13,2024-05-04 16:50:20+00:00
37905,30.571306228637695,-85.90115356445312,428353408.0,2.892839776318795e-13,2024-05-04 16:50:40+00:00
37956,30.540647506713867,-85.89338684082031,142530144.0,2.2285062453697956e-14,2024-05-04 16:51:00+00:00
38014,30.56174087524414,-85.89525604248047,71265072.0,2.92850325152999e-14,2024-05-04 16:51:20+00:00
38073,30.54845428466797,-85.9060287475586,285212864.0,4.2284979093502525e-14,2024-05-04 16:51:20+00:00
38114,30.58195686340332,-85.92092895507812,214100416.0,8.02848320593727e-14,2024-05-04 16:51:40+00:00
38172,30.559080123901367,-85.89665985107422,356477952.0,2.592841035192056e-13,2024-05-04 16:51:40+00:00
38225,30.56273078918457,-85.89481353759766,71265072.0,6.285125499612626e-15,2024-05-04 16:52:00+00:00
38303,30.554019927978516,-85.8932113647461,641690816.0,2.652840783417404e-13,2024-05-04 16:52:20+00:00
38342,30.562740325927734,-85.8957748413086,71265072.0,1.2285101592696829e-14,2024-05-04 16:52:20+00:00
38458,30.562307357788086,-85.89434051513672,71265072.0,6.628488854803702e-14,2024-05-04 16:52:40+00:00
38431,30.56251335144043,-85.8950424194336,71265072.0,7.285122009229213e-15,2024-05-04 16:52:40+00:00
38503,30.56375503540039,-85.89356231689453,285365472.0,3.7328365225242077e-13,2024-05-04 16:53:00+00:00
38568,30.563440322875977,-85.89544677734375,71265072.0,4.1284982160369466e-14,2024-05-04 16:53:20+00:00
38602,30.573091506958008,-85.89662170410156,142835344.0,7.928483173810785e-14,2024-05-04 16:53:20+00:00
38636,30.562824249267578,-85.89466094970703,71265072.0,4.828495391603731e-14,2024-05-04 16:53:20+00:00
38663,30.563772201538086,-85.89604949951172,71265072.0,2.8285037276232737e-14,2024-05-04 16:53:20+00:00
38697,30.56300163269043,-85.89582824707031,71265072.0,6.42848946817709e-14,2024-05-04 16:53:40+00:00
38728,30.5632266998291,-85.90084838867188,142682736.0,4.5284966504769916e-14,2024-05-04 16:53:40+00:00
38744,30.563142776489258,-85.8944091796875,71265072.0,7.028486950430568e-14,2024-05-04 16:53:40+00:00
38758,30.563753128051758,-85.89418029785156,71265072.0,2.328505769276512e-14,2024-05-04 16:54:00+00:00
38781,30.562458038330078,-85.89491271972656,71265072.0,9.428477557070838e-14,2024-05-04 16:54:00+00:00
38831,30.56256103515625,-85.89443969726562,71265072.0,4.6284963437902976e-14,2024-05-04 16:54:00+00:00
38882,30.56337547302246,-85.89568328857422,71265072.0,4.3284976026635585e-14,2024-05-04 16:54:20+00:00
38854,30.560104370117188,-85.87777709960938,213947808.0,2.8428401668313674e-13,2024-05-04 16:54:20+00:00
38931,30.562753677368164,-85.8941879272461,71265072.0,7.128486982557053e-14,2024-05-04 16:54:40+00:00
38965,30.56402587890625,-85.89910888671875,142682736.0,9.628476266071093e-14,2024-05-04 16:54:40+00:00
38995,30.559335708618164,-85.89794921875,142530144.0,6.228490081550478e-14,2024-05-04 16:54:40+00:00
39014,30.562786102294922,-85.90376281738281,142682736.0,1.1328470035957758e-13,2024-05-04 16:55:00+00:00
