GEOID,date,flash_count,baseline_mean,baseline_std,zscore,zscore_anomaly,peak_30min,burst_episodes,burst_alert,either_flag,both_flag
121319504003,2024-05-04,166,9.2421875,42.331604195878015,3.70309170837575,True,106,2,True,True,True
120050003023,2024-05-04,156,8.814453125,41.20264875320031,3.572235070532152,True,144,2,True,True,True
121319502021,2024-05-04,81,3.45703125,15.665351516515923,4.949966725499056,True,78,1,True,True,True
120050003021,2024-05-04,63,5.4453125,21.350511973861146,2.695705263202243,False,63,1,True,True,False
120050002013,2024-05-04,61,32.587890625,137.41519387845497,0.20676104710903204,False,56,2,True,True,False
121319505013,2024-05-04,60,15.85546875,68.12351084119011,0.6480072841945854,False,59,1,True,True,False
120910208001,2024-05-04,41,66.595703125,226.04819685297892,-0.1132311758348038,False,41,1,True,True,False
120050002012,2024-05-04,34,8.04296875,38.9559702959335,0.6663171537716667,False,34,1,True,True,False
120050003022,2024-05-04,24,7.248046875,35.08913720788649,0.47741137166618336,False,17,2,True,True,False
121319502011,2024-05-04,15,1.380859375,7.117786274665048,1.9133955557889937,False,11,1,True,True,False
121319503042,2024-05-04,6,0.748046875,3.5347030053952624,1.4858258577831234,False,6,1,True,True,False
121319504002,2024-05-04,6,6.1875,26.67878067963113,-0.007028057325841491,False,6,1,True,True,False
120910201021,2024-05-04,5,14.96484375,70.70081622753538,-0.1409438289641564,False,5,1,True,True,False
121130102004,2024-05-04,5,10.314453125,70.59817626033603,-0.07527748458264075,False,5,1,True,True,False
120050003012,2024-05-05,28,2.990234375,14.025902175731852,1.783112794574658,False,25,1,True,True,False
120050003011,2024-05-05,11,1.71484375,6.352706742019331,1.4616063084707311,False,10,1,True,True,False
120050003021,2024-05-05,6,5.4453125,21.350511973861146,0.02598005615411419,False,6,1,True,True,False
120910208001,2024-05-10,1039,66.595703125,226.04819685297892,4.301756485619962,True,498,7,True,True,True
121130101001,2024-05-10,470,22.0703125,111.20237249814961,4.028058731457851,True,204,6,True,True,True
120050002013,2024-05-10,460,32.587890625,137.41519387845497,3.11037009308483,True,199,8,True,True,True
121319503053,2024-05-10,443,43.09765625,155.89971886707394,2.5651254964158854,False,276,6,True,True,False
121130107101,2024-05-10,420,5.873046875,30.85826281003802,13.420293801836662,True,196,5,True,True,True
121130108021,2024-05-10,408,21.01953125,76.84051907170081,5.0361511533895795,True,128,7,True,True,True
120910201021,2024-05-10,276,14.96484375,70.70081622753538,3.6921095141237754,True,135,3,True,True,True
121130101004,2024-05-10,273,12.224609375,64.1884634903211,4.06265201634437,True,161,4,True,True,True
120910202001,2024-05-10,258,13.890625,58.77240381418688,4.153469301200766,True,145,4,True,True,True
121319505013,2024-05-10,215,15.85546875,68.12351084119011,2.9232863778005624,False,107,7,True,True,False
121130102003,2024-05-10,184,12.33203125,62.835254334293744,2.7320326872029286,False,76,4,True,True,False
121130104001,2024-05-10,182,9.90234375,55.34798502701685,3.1093752765524254,True,81,3,True,True,True
120910201023,2024-05-10,175,8.41796875,38.34932022114185,4.343806625238793,True,88,4,True,True,True
120910201022,2024-05-10,164,7.45703125,36.83514484388862,4.249826338770928,True,72,3,True,True,True
121319505012,2024-05-10,158,13.455078125,54.720084121427625,2.641533254120094,False,94,5,True,True,False
121130108201,2024-05-10,147,1.4609375,9.200231719833488,15.819064881404321,True,86,4,True,True,True
121130101002,2024-05-10,146,9.751953125,38.03442405252881,3.5822297896986615,True,54,4,True,True,True
120050003023,2024-05-10,143,8.814453125,41.20264875320031,3.256721374364979,True,57,4,True,True,True
120050005001,2024-05-10,139,6.83203125,32.275888581615796,4.094944385986086,True,123,2,True,True,True
120330038001,2024-05-10,138,21.287109375,84.41335249877207,1.3826354145417667,False,53,4,True,True,False
120050003022,2024-05-10,131,7.248046875,35.08913720788649,3.5267881450555025,True,49,4,True,True,True
121319501043,2024-05-10,128,7.017578125,31.37641060509692,3.8558400894762355,True,84,3,True,True,True
120910203052,2024-05-10,124,4.34375,21.287405204774263,5.620988037243916,True,55,4,True,True,True
120330039001,2024-05-10,123,9.318359375,33.52182183274139,3.3912727414464396,True,48,4,True,True,True
120050002041,2024-05-10,119,7.814453125,34.00786639306215,3.2694067187256017,True,70,6,True,True,True
121319504002,2024-05-10,117,6.1875,26.67878067963113,4.153581879572321,True,103,2,True,True,True
120050002042,2024-05-10,116,6.548828125,30.588896444758674,3.5781340484989665,True,73,4,True,True,True
120330039003,2024-05-10,110,6.3203125,25.12463915485053,4.126613992781812,True,48,3,True,True,True
120050005002,2024-05-10,109,8.80859375,45.03147936099073,2.224919271401785,False,63,5,True,True,False
121319505023,2024-05-10,109,3.873046875,17.55565642460506,5.988209758859243,True,87,4,True,True,True
120050003012,2024-05-10,96,2.990234375,14.025902175731852,6.6312857782459815,True,63,3,True,True,True
120050002012,2024-05-10,94,8.04296875,38.9559702959335,2.2065175272754742,False,40,5,True,True,False
121319501023,2024-05-10,88,12.2109375,66.86814461817453,1.133410578875263,False,56,4,True,True,False
121130109001,2024-05-10,84,1.111328125,7.50220506356647,11.048574542108769,True,57,4,True,True,True
121319505011,2024-05-10,84,4.216796875,23.967400215414717,3.328821749873695,True,44,3,True,True,True
121319504003,2024-05-10,83,9.2421875,42.331604195878015,1.7423817004124325,False,56,4,True,True,False
121130102004,2024-05-10,83,10.314453125,70.59817626033603,1.0295669197879367,False,36,3,True,True,False
121130102002,2024-05-10,83,5.32421875,34.781964973978646,2.2332200411365895,False,63,3,True,True,False
121319504001,2024-05-10,82,6.40625,30.31761095875755,2.4933940244445276,False,54,5,True,True,False
120330038002,2024-05-10,80,6.328125,32.737193310235114,2.2504029072329446,False,46,3,True,True,False
121319501024,2024-05-10,77,7.08203125,31.342079361827466,2.2308018540453114,False,42,2,True,True,False
120330025001,2024-05-10,75,1.73828125,11.857514291832736,6.178505624948855,True,35,3,True,True,True
120050003021,2024-05-10,74,5.4453125,21.350511973861146,3.2109153908781978,True,35,4,True,True,True
121319506053,2024-05-10,74,1.599609375,9.622921909181514,7.523742924269254,True,56,2,True,True,True
120050007001,2024-05-10,74,6.94921875,39.802759290506025,1.6845762064036933,False,51,3,True,True,False
121319501041,2024-05-10,73,6.0078125,27.330189781327274,2.451215598428478,False,37,3,True,True,False
121130109003,2024-05-10,73,1.0078125,7.076872941223625,10.172881171942054,True,45,4,True,True,True
121319501042,2024-05-10,69,3.833984375,19.130660459385076,3.406365178209569,True,44,3,True,True,True
121130103031,2024-05-10,68,6.490234375,34.901537520225176,1.7623798260851848,False,33,3,True,True,False
121130108083,2024-05-10,68,4.466796875,17.043023464741115,3.727812923360607,True,35,3,True,True,True
121319506102,2024-05-10,65,2.091796875,11.650544912789353,5.3995932032280045,True,63,1,True,True,True
121319502021,2024-05-10,64,3.45703125,15.665351516515923,3.8647692447992483,True,48,3,True,True,True
121130108231,2024-05-10,64,1.05078125,7.040097580867818,8.941526452853568,True,36,4,True,True,True
120910203051,2024-05-10,64,3.583984375,15.96941724137451,3.7832323316389167,True,40,3,True,True,True
121319501022,2024-05-10,63,5.3203125,21.95634651194597,2.6270166336014844,False,43,3,True,True,False
120050002011,2024-05-10,62,4.42578125,27.59687365966789,2.086258735682195,False,36,3,True,True,False
121319501033,2024-05-10,61,3.810546875,18.033813806426075,3.1712345341295145,True,35,2,True,True,True
121319503062,2024-05-10,60,3.3671875,16.49010666751634,3.434350889406937,True,41,3,True,True,True
120910201011,2024-05-10,59,7.80859375,35.84990569214942,1.427936985095337,False,34,2,True,True,False
120330039002,2024-05-10,56,4.677734375,24.00088983069414,2.1383484523713467,False,51,2,True,True,False
121130108081,2024-05-10,54,4.806640625,19.27085026929318,2.5527342430440836,False,33,3,True,True,False
121130102001,2024-05-10,53,6.05859375,46.09609299080168,1.0183380673795281,False,45,2,True,True,False
121319505022,2024-05-10,51,3.001953125,14.118106654664265,3.3997509757544337,True,23,2,True,True,True
121130101003,2024-05-10,47,5.4296875,43.05486121072455,0.9655196029210572,False,36,2,True,True,False
121130104002,2024-05-10,47,3.611328125,15.867704915626064,2.734401232296176,False,21,3,True,True,False
120050005003,2024-05-10,47,4.2421875,28.655384385927967,1.4921388568424658,False,40,1,True,True,False
120910208003,2024-05-10,46,1.517578125,9.640285843712489,4.61422229549469,True,28,2,True,True,True
120330036032,2024-05-10,41,3.5546875,16.948550483830033,2.2093519168925475,False,32,2,True,True,False
120330026041,2024-05-10,41,1.4921875,7.282121466498447,5.425316328731473,True,17,3,True,True,True
120330023001,2024-05-10,41,1.599609375,8.89434833658072,4.429823201656481,True,24,3,True,True,True
121130107071,2024-05-10,40,2.603515625,11.853353268265453,3.1549286964322776,True,25,3,True,True,True
121130108282,2024-05-10,40,0.46875,3.2990243472632352,11.98270938278884,True,28,3,True,True,True
121130103021,2024-05-10,37,4.54296875,25.73571287523765,1.261166978639611,False,27,2,True,True,False
120910203042,2024-05-10,37,2.072265625,11.657903106362172,2.9960563281692205,False,20,3,True,True,False
120330024001,2024-05-10,36,1.236328125,10.438376085254413,3.3303716584908534,True,23,3,True,True,True
120910201012,2024-05-10,36,5.34765625,32.006301886428645,0.9576971391061349,False,21,3,True,True,False
120330025002,2024-05-10,35,1.279296875,9.38782370663819,3.591961691947397,True,19,3,True,True,True
121130108094,2024-05-10,35,1.748046875,7.6145521982447875,4.366895420674223,True,28,2,True,True,True
121319506081,2024-05-10,35,1.44140625,6.745621496117649,4.974870554079294,True,11,4,True,True,True
120050003011,2024-05-10,34,1.71484375,6.352706742019331,5.0821102816620085,True,23,2,True,True,True
120050004021,2024-05-10,34,1.884765625,13.451092912177986,2.3875557610582243,False,23,2,True,True,False
120330026052,2024-05-10,32,1.076171875,7.9558504481898655,3.8869292888777043,True,19,3,True,True,True
120050004022,2024-05-10,30,1.224609375,6.711436907675172,4.287515627554001,True,20,2,True,True,True
120330039004,2024-05-10,30,3.39453125,19.51627875325507,1.3632449652094945,False,27,1,True,True,False
120910203061,2024-05-10,29,4.181640625,26.602462528256105,0.9329346615426636,False,13,3,True,True,False
120330026021,2024-05-10,28,1.03125,5.591001296639227,4.823599310594155,True,21,2,True,True,True
120910203032,2024-05-10,28,0.87109375,4.343267995825453,6.246196706276251,True,21,3,True,True,True
120050008062,2024-05-10,28,0.49609375,3.0224185788136158,9.099965981811843,True,26,1,True,True,True
120050006001,2024-05-10,28,2.99609375,16.79273863361856,1.4889713223990118,False,20,2,True,True,False
121319506052,2024-05-10,27,2.744140625,16.978718256217732,1.4286036795573378,False,9,2,True,True,False
121130108271,2024-05-10,26,1.109375,7.9732766727485185,3.1217560886946867,True,14,2,True,True,True
121319503061,2024-05-10,26,2.716796875,14.833580111273319,1.5696280298041525,False,13,2,True,True,False
121130108221,2024-05-10,24,0.21875,1.4507572757666323,16.392301039767755,True,14,2,True,True,True
121130108241,2024-05-10,24,0.61328125,4.354503637900114,5.370696799159835,True,10,3,True,True,True
120910204004,2024-05-10,24,0.6328125,3.1013439262242404,7.534536012730648,True,14,3,True,True,True
120330035121,2024-05-10,24,0.806640625,4.063068697963865,5.7083355215290705,True,22,2,True,True,True
120330038003,2024-05-10,23,3.66796875,26.015558896018575,0.7430949812482628,False,18,1,True,True,False
121130107081,2024-05-10,23,0.341796875,2.366260538726256,9.575531837756452,True,18,2,True,True,True
121319505021,2024-05-10,23,1.775390625,9.788084325293225,2.168413008064698,False,12,2,True,True,False
120330040001,2024-05-10,22,4.2421875,25.181997761346214,0.7051788610376987,False,20,1,True,True,False
120910203041,2024-05-10,22,0.623046875,3.2224287514953387,6.63380163644587,True,12,2,True,True,True
121319506101,2024-05-10,22,2.51953125,18.67613590189436,1.043067412463199,False,15,1,True,True,False
121130108262,2024-05-10,22,0.162109375,1.3971910049296623,15.62985343303106,True,13,2,True,True,True
121130105051,2024-05-10,21,1.58984375,11.621044005252527,1.670259250479296,False,15,1,True,True,False
121130108142,2024-05-10,21,0.3671875,2.01897493415243,10.219449558774091,True,12,2,True,True,True
121319506062,2024-05-10,21,1.5078125,10.349089672285661,1.8834687994055257,False,8,3,True,True,False
120050002031,2024-05-10,21,1.123046875,5.232976883043129,3.7984026242135758,True,12,2,True,True,True
120050004012,2024-05-10,21,0.85546875,4.905227988521408,4.106747188334503,True,15,2,True,True,True
121130107093,2024-05-10,20,0.353515625,1.65107666460321,11.899195716463888,True,17,1,True,True,True
120330026071,2024-05-10,20,0.8515625,7.389461839795936,2.59131692065532,False,13,2,True,True,False
121130108122,2024-05-10,20,0.2421875,1.5362347227190483,12.861193805741998,True,12,2,True,True,True
121319501032,2024-05-10,20,1.8984375,9.761411982614241,1.8544000122359503,False,10,2,True,True,False
121130108131,2024-05-10,19,0.203125,1.3769666597256762,13.650929648321895,True,11,2,True,True,True
121130108141,2024-05-10,19,0.3671875,3.7726403960263624,4.938931502622281,True,10,2,True,True,True
120330033012,2024-05-10,19,0.455078125,2.9724655526338593,6.238902199747145,True,18,1,True,True,True
120910203031,2024-05-10,19,0.568359375,2.765317568764112,6.665288946628127,True,15,2,True,True,True
121319501021,2024-05-10,18,4.578125,23.180010071775058,0.5790280055289119,False,8,2,True,True,False
120330036132,2024-05-10,18,1.86328125,9.96946705501637,1.6186139801605979,False,9,2,True,True,False
121130105061,2024-05-10,18,2.34375,11.621518269505675,1.3471776782454727,False,11,2,True,True,False
121130108252,2024-05-10,18,0.86328125,6.582374271633227,2.603425153724663,False,8,2,True,True,False
120910232001,2024-05-10,18,0.96484375,5.748711620740289,2.96329984418427,False,9,2,True,True,False
120330035091,2024-05-10,18,0.140625,1.002809165839631,17.809345594729105,True,17,1,True,True,True
121319502011,2024-05-10,17,1.380859375,7.117786274665048,2.1943817954459464,False,13,1,True,True,False
120330040003,2024-05-10,17,2.484375,16.19812961829592,0.8961296978142762,False,10,2,True,True,False
121130108242,2024-05-10,17,0.373046875,2.4301385716148967,6.841977374957229,True,7,2,True,True,True
120910205005,2024-05-10,17,0.80078125,4.879703498960677,3.319713739461886,True,10,2,True,True,True
120330026011,2024-05-10,16,1.0234375,5.597685912355705,2.675491754001848,False,9,2,True,True,False
121130108082,2024-05-10,16,1.833984375,10.62276924176307,1.3335520430309993,False,6,3,True,True,False
121130108132,2024-05-10,16,0.16015625,1.0495243424528908,15.092402442977153,True,10,2,True,True,True
120910232002,2024-05-10,16,0.96875,5.28919069049979,2.8418809000398615,False,7,2,True,True,False
121319503032,2024-05-10,16,1.091796875,6.01704778806884,2.4776607482761506,False,11,2,True,True,False
121319506071,2024-05-10,16,0.76171875,4.097856269189469,3.718598274071247,True,9,1,True,True,True
121130107111,2024-05-10,16,0.10546875,0.9133760170555656,17.401958178449796,True,15,1,True,True,True
120330016001,2024-05-10,16,0.1640625,1.1210656361113154,14.125789775280904,True,14,1,True,True,True
120330040002,2024-05-10,15,0.96875,6.790332139705296,2.0663569485732056,False,15,1,True,True,False
120330010011,2024-05-10,15,0.24609375,1.524100060084863,9.680405267603291,True,7,2,True,True,True
121319503052,2024-05-10,15,3.205078125,18.006819038689855,0.6550252906777797,False,9,1,True,True,False
121319506043,2024-05-10,15,0.490234375,2.549682905680734,5.690811823176918,True,11,1,True,True,True
120330036031,2024-05-10,15,0.779296875,5.128879238622584,2.7726726373107438,False,14,1,True,True,False
120330033051,2024-05-10,14,1.47265625,6.335007755576106,1.9774788340193221,False,8,1,True,True,False
121130107092,2024-05-10,14,0.884765625,5.109409831820208,2.5668785254456186,False,10,1,True,True,False
120910233031,2024-05-10,14,0.146484375,0.9692065791676002,14.293666513178279,True,8,1,True,True,True
120050026071,2024-05-10,14,1.5703125,9.99231297013613,1.2439249588306944,False,7,2,True,True,False
120330036131,2024-05-10,13,1.935546875,10.023150604322845,1.103889741038916,False,6,1,True,True,False
120330036034,2024-05-10,13,1.140625,10.981203919895702,1.0799703827112463,False,9,1,True,True,False
120910212002,2024-05-10,13,1.34765625,5.8520769537157795,1.991146706059861,False,8,2,True,True,False
120050027103,2024-05-10,13,0.1875,1.0412246289751046,12.305221796963798,True,13,1,True,True,True
120050013024,2024-05-10,13,0.09375,0.7395719923700732,17.450971823094488,True,13,1,True,True,True
121319503042,2024-05-10,12,0.748046875,3.5347030053952624,3.1832810586420877,True,8,1,True,True,True
121130107113,2024-05-10,12,0.85546875,3.9192696430872243,2.8435224582357157,False,6,1,True,True,False
121130108232,2024-05-10,12,0.173828125,1.1582506690176544,10.210373446216193,True,8,1,True,True,True
120330027041,2024-05-10,12,0.451171875,2.54923314392085,4.530314597760688,True,6,1,True,True,True
120910203062,2024-05-10,12,1.427734375,6.371003013420702,1.659435037580302,False,8,1,True,True,False
120330011011,2024-05-10,12,0.4453125,2.885441135761601,4.00447867634291,True,8,1,True,True,True
120330036141,2024-05-10,12,0.869140625,5.312583817112478,2.0951875317517152,False,10,1,True,True,False
121130108121,2024-05-10,11,0.1171875,0.9579911610131148,11.36003435406542,True,6,1,True,True,True
120330026042,2024-05-10,11,0.857421875,5.840105586544332,1.736711430075616,False,7,1,True,True,False
121130108093,2024-05-10,11,0.49609375,2.632772599497602,3.9896747071905887,True,8,1,True,True,True
121130108251,2024-05-10,11,0.3515625,2.8064500596621507,3.7942729332877896,True,8,1,True,True,True
121319501044,2024-05-10,11,2.0859375,13.879987335528877,0.6422241090366486,False,10,1,True,True,False
120050026091,2024-05-10,11,0.18359375,1.131943402272887,9.555606957274707,True,10,1,True,True,True
121130103032,2024-05-10,10,1.19140625,6.670207469480236,1.3205876714186215,False,6,1,True,True,False
120330011031,2024-05-10,10,0.345703125,1.9413164309504716,4.973067100798834,True,8,1,True,True,True
121130108022,2024-05-10,10,0.2265625,1.2619051465248214,7.744985846927726,True,5,1,True,True,True
121319506091,2024-05-10,10,0.4921875,2.362446222169275,4.024562511001676,True,8,1,True,True,True
120050013012,2024-05-10,10,0.45703125,2.741667571283683,3.480716936638625,True,9,1,True,True,True
120050004011,2024-05-10,10,0.390625,2.501613960435344,3.8412701367911004,True,4,0,False,True,False
120050004023,2024-05-10,10,0.662109375,4.521430795890327,2.065251254865497,False,8,1,True,True,False
120330003001,2024-05-10,10,0.34765625,2.6246301342260177,3.67760151197319,True,6,1,True,True,True
120910224001,2024-05-10,10,0.173828125,1.0005177689664546,9.821086821027215,True,9,1,True,True,True
121130108144,2024-05-10,9,0.169921875,1.2777003535622702,6.910914676028268,True,6,1,True,True,True
121319501031,2024-05-10,9,2.08203125,20.925857125886946,0.3305942838270612,False,7,1,True,True,False
121319506044,2024-05-10,9,0.15234375,0.9652648232794284,9.166040278916025,True,6,1,True,True,True
120050008041,2024-05-10,9,0.275390625,2.153670657988865,4.051041575292293,True,8,1,True,True,True
121130108202,2024-05-10,9,0.1796875,1.3148770525813764,6.708089157601387,True,7,1,True,True,True
120330028041,2024-05-10,8,0.169921875,1.1986757181366816,6.532273914058846,True,5,1,True,True,True
121130107122,2024-05-10,8,0.1875,0.9931270663228412,7.866566389058969,True,5,1,True,True,True
121130108261,2024-05-10,8,0.224609375,1.6103687522882395,4.828329296598451,True,6,1,True,True,True
120910233051,2024-05-10,8,0.19921875,1.8953438093330985,4.115760534625539,True,4,0,False,True,False
120910233041,2024-05-10,8,0.162109375,0.9847615085482369,7.959176467564049,True,3,0,False,True,False
120910208004,2024-05-10,8,0.3828125,3.119589249268038,2.441727705590488,False,5,1,True,True,False
120050027102,2024-05-10,8,0.4609375,2.571566165594677,2.93170076697466,False,8,1,True,True,False
120330035092,2024-05-10,8,0.2734375,1.5129698571517245,5.106884623957951,True,8,1,True,True,True
120910233062,2024-05-10,8,0.068359375,0.5606248643281314,14.147857381433663,True,6,1,True,True,True
120330027011,2024-05-10,7,0.623046875,4.707542361142082,1.354624692841406,False,6,1,True,True,False
121130107072,2024-05-10,7,0.455078125,2.6017331258360072,2.51560077780727,False,5,1,True,True,False
121130108092,2024-05-10,7,1.416015625,9.297053451517936,0.600618723353505,False,5,1,True,True,False
121130105041,2024-05-10,7,0.58984375,3.164092567534893,2.0259066740876284,False,5,1,True,True,False
120330026062,2024-05-10,7,0.251953125,2.032272905920594,3.3204432610113552,True,4,0,False,True,False
120330010021,2024-05-10,7,0.234375,1.4630979383825988,4.624177795971164,True,4,0,False,True,False
121130108211,2024-05-10,7,0.232421875,1.4866278030510212,4.552301599035637,True,3,0,False,True,False
121319506061,2024-05-10,7,0.630859375,4.70109127146161,1.3548217333418797,False,5,1,True,True,False
120050026082,2024-05-10,7,0.115234375,0.6740960053381978,10.21333099510933,True,6,1,True,True,True
120050026081,2024-05-10,7,0.728515625,5.271357391718295,1.1897285478789543,False,6,1,True,True,False
120050026093,2024-05-10,7,0.166015625,1.2934341732830623,5.283596580453432,True,6,1,True,True,True
120050014022,2024-05-10,7,0.34765625,2.5273909210698022,2.6320992508686287,False,6,1,True,True,False
120050015011,2024-05-10,7,0.369140625,2.710865439714911,2.4460304365742833,False,6,1,True,True,False
120910205001,2024-05-10,7,0.267578125,1.5976632868752294,4.2139178701211355,True,6,1,True,True,True
120330035062,2024-05-10,7,0.1171875,0.7900664467089236,8.7116881480929,True,6,1,True,True,True
120330010022,2024-05-10,7,0.19140625,1.2237395668185538,5.5637604067185675,True,7,1,True,True,True
120330011012,2024-05-10,6,0.185546875,1.2012493878174912,4.840338054668298,True,5,1,True,True,True
120330026072,2024-05-10,6,0.171875,1.0861834654182256,5.365691142937745,True,4,0,False,True,False
120910218011,2024-05-10,6,0.083984375,0.5109154361786657,11.579246204123661,True,5,1,True,True,True
120050027031,2024-05-10,6,0.2109375,1.2156986426840637,4.761922319184874,True,5,1,True,True,True
121130107052,2024-05-10,6,0.091796875,0.5501921864452823,10.738435169666994,True,5,1,True,True,True
120330036113,2024-05-10,5,0.1171875,0.5435419642746941,8.983322026507476,True,2,0,False,True,False
120330026022,2024-05-10,5,0.1953125,1.2778932867990904,3.759850333070409,True,3,0,False,True,False
121130108212,2024-05-10,5,0.125,0.796273119366856,6.122271217539378,True,3,0,False,True,False
121130107043,2024-05-10,5,0.279296875,1.4450540160645982,3.266800460411973,True,3,0,False,True,False
120330001001,2024-05-10,5,0.13671875,0.856001819204498,5.681391255125553,True,2,0,False,True,False
121130108273,2024-05-10,5,0.138671875,1.0290822929700527,4.72394497331174,True,3,0,False,True,False
121319506111,2024-05-10,5,0.64453125,3.8669923099794627,1.126319475412438,False,5,1,True,True,False
120050027101,2024-05-10,5,0.09765625,0.5473958764887337,8.955755716404083,True,4,0,False,True,False
120050017002,2024-05-10,5,0.0625,0.38565267319755836,12.802971023283083,True,3,0,False,True,False
121130107112,2024-05-10,5,0.115234375,0.688458347350936,7.095223180597199,True,5,1,True,True,True
121130107053,2024-05-10,5,0.333984375,1.5091946971170622,3.0917254307302113,True,5,1,True,True,True
120330035111,2024-05-10,5,0.166015625,1.1111326636513201,4.350501549576381,True,5,1,True,True,True
120330034002,2024-05-10,5,0.12109375,0.7461475585034545,6.538795435832565,True,5,1,True,True,True
120330035102,2024-05-10,5,0.04296875,0.3098345227808698,15.99896359356267,True,5,1,True,True,True
121130108222,2024-05-10,5,0.1171875,0.7674502858762806,6.362382801675247,True,4,0,False,True,False
121130109006,2024-05-10,5,0.04296875,0.38324673218429545,12.934307937207057,True,5,1,True,True,True
120330023003,2024-05-10,4,0.09765625,1.2220392852429514,3.193304664689386,True,2,0,False,True,False
121130108143,2024-05-10,4,0.064453125,0.43088460157308744,9.133644740684579,True,2,0,False,True,False
120330036112,2024-05-10,4,0.2265625,1.0521795011042705,3.586305849942665,True,2,0,False,True,False
120910210011,2024-05-10,4,0.158203125,1.1855172575938473,3.2406081399417146,True,3,0,False,True,False
120330030021,2024-05-10,4,0.130859375,0.8442651268719173,4.58285022305201,True,3,0,False,True,False
121319506073,2024-05-10,4,0.123046875,0.8500581848106639,4.56080912374666,True,2,0,False,True,False
120910233082,2024-05-10,4,0.142578125,0.997640854079255,3.866543615598121,True,2,0,False,True,False
120050009002,2024-05-10,4,0.0546875,0.411357235199621,9.590964160592538,True,4,0,False,True,False
120050015012,2024-05-10,4,0.0703125,0.41843233197060214,9.391452810286392,True,4,0,False,True,False
120330033011,2024-05-10,4,0.203125,1.164439678629315,3.2606884407008327,True,4,0,False,True,False
120330035073,2024-05-10,4,0.140625,0.7660545217754942,5.037989973683699,True,4,0,False,True,False
120330035123,2024-05-10,4,0.109375,0.8484762444392242,4.585425962716724,True,4,0,False,True,False
120330014022,2024-05-10,4,0.09375,0.5551749076482041,7.036070878180361,True,4,0,False,True,False
120330028023,2024-05-10,4,0.04296875,0.4577121004819435,8.645240634524372,True,4,0,False,True,False
120910233061,2024-05-10,4,0.056640625,0.40870522938951087,9.648419181937689,True,3,0,False,True,False
120330032013,2024-05-10,3,0.125,0.6318363879478842,4.55022859531341,True,2,0,False,True,False
120330030012,2024-05-10,3,0.04296875,0.3676089971088597,8.043957773765634,True,2,0,False,True,False
121130108133,2024-05-10,3,0.02734375,0.20567861759981043,14.4529182697246,True,2,0,False,True,False
120330026051,2024-05-10,3,0.095703125,0.7991073136800269,3.634426597380535,True,3,0,False,True,False
120330032033,2024-05-10,3,0.109375,0.6063509282098118,4.767247588016844,True,2,0,False,True,False
121319506042,2024-05-10,3,0.0859375,0.5838980120312209,4.990704609290887,True,3,0,False,True,False
121130107041,2024-05-10,3,0.07421875,0.5293345663852446,5.527281677408244,True,1,0,False,True,False
120050026051,2024-05-10,3,0.08984375,0.6063383209819365,4.799558512625655,True,3,0,False,True,False
120050019003,2024-05-10,3,0.087890625,0.9539750207757994,3.0526054787386263,True,3,0,False,True,False
120050027131,2024-05-10,3,0.115234375,0.6912950096464135,4.172987776196319,True,3,0,False,True,False
120050014031,2024-05-10,3,0.13671875,0.7381545819734875,3.878972399446328,True,2,0,False,True,False
120050008052,2024-05-10,3,0.056640625,0.5584389443349225,5.2706914602910055,True,2,0,False,True,False
120330033121,2024-05-10,3,0.0703125,0.40897167113218214,7.163546296225264,True,3,0,False,True,False
120330012022,2024-05-10,2,0.08984375,0.5342793077307749,3.5752016264918387,True,1,0,False,True,False
120330034003,2024-05-10,2,0.099609375,0.5629109446916275,3.3760058192527547,True,1,0,False,True,False
120330022002,2024-05-10,2,0.072265625,0.5387638454502891,3.578069299339926,True,1,0,False,True,False
120330008021,2024-05-10,2,0.015625,0.16478058708072763,12.042529008758994,True,1,0,False,True,False
120330011014,2024-05-10,2,0.021484375,0.20157730218786685,9.81517067410722,True,1,0,False,True,False
120910217002,2024-05-10,2,0.103515625,0.6153828329312869,3.0817960357561027,True,2,0,False,True,False
120910233032,2024-05-10,2,0.044921875,0.265301943238465,7.369256708544687,True,1,0,False,True,False
120910218012,2024-05-10,2,0.05859375,0.590601848162396,3.287165890253322,True,2,0,False,True,False
120050026061,2024-05-10,2,0.046875,0.29634102637652837,6.590801901044832,True,2,0,False,True,False
120050014032,2024-05-10,2,0.041015625,0.2802664090278288,6.989722320970276,True,2,0,False,True,False
120050019004,2024-05-10,2,0.025390625,0.22845487067563416,8.643323598924704,True,1,0,False,True,False
120910225001,2024-05-10,2,0.060546875,0.3834212219151059,5.058283199121979,True,1,0,False,True,False
120330035052,2024-05-10,2,0.05078125,0.35022969119552366,5.565543981568954,True,2,0,False,True,False
120330004001,2024-05-10,2,0.029296875,0.23641379224652606,8.335821299905392,True,2,0,False,True,False
120910219021,2024-05-10,2,0.07421875,0.601985767267111,3.1990478092906462,True,1,0,False,True,False
120910231003,2024-05-10,2,0.05859375,0.4602436764182369,4.218213849473485,True,2,0,False,True,False
120910224002,2024-05-10,2,0.0625,0.515892250465172,3.7556292001924563,True,1,0,False,True,False
120910219011,2024-05-10,2,0.09765625,0.5820491292368722,3.2683559762286274,True,2,0,False,True,False
121319506092,2024-05-10,2,0.08203125,0.5054588264583163,3.794510352977621,True,2,0,False,True,False
120910226003,2024-05-10,1,0.0234375,0.1753874659415357,5.568029019391448,True,1,0,False,True,False
120910216002,2024-05-10,1,0.03515625,0.2630811989123036,3.6674751141058333,True,1,0,False,True,False
120330028031,2024-05-10,1,0.01171875,0.10772225920023017,9.174345741886263,True,1,0,False,True,False
120330030022,2024-05-10,1,0.03515625,0.2228053984913043,4.33043255025823,True,1,0,False,True,False
121319506082,2024-05-10,1,0.037109375,0.2513950192904993,3.8301897456740486,True,1,0,False,True,False
120910233081,2024-05-10,1,0.033203125,0.20953562893818448,4.613997533017245,True,1,0,False,True,False
120050016003,2024-05-10,1,0.041015625,0.293899725551183,3.26296451349694,True,1,0,False,True,False
120330004002,2024-05-10,1,0.03125,0.23198285920889045,4.175955082645493,True,1,0,False,True,False
120330018002,2024-05-10,1,0.046875,0.3028727426473822,3.1469487536871887,True,1,0,False,True,False
120910210013,2024-05-10,1,0.05078125,0.3086479812358074,3.0754089049906854,True,1,0,False,True,False
120330011041,2024-05-10,1,0.05078125,0.2956954305890317,3.2101231598646476,True,1,0,False,True,False
121130109004,2024-05-10,1,0.02734375,0.29878156843421255,3.2554091442028326,True,1,0,False,True,False
120330010023,2024-05-10,1,0.013671875,0.1320046912156361,7.4719172168569745,True,1,0,False,True,False
120910226002,2024-05-10,1,0.01953125,0.19686728272079862,4.980353954448194,True,1,0,False,True,False
120910233042,2024-05-10,1,0.021484375,0.18112321802472506,5.402485863885342,True,1,0,False,True,False
120910229001,2024-05-10,1,0.0234375,0.20616121406305557,4.736887607294129,True,1,0,False,True,False
120910208001,2024-05-13,867,66.595703125,226.04819685297892,3.5408568084954934,True,797,3,True,True,True
121319503053,2024-05-13,451,43.09765625,155.89971886707394,2.6164405344296555,False,435,2,True,True,False
121130108021,2024-05-13,368,21.01953125,76.84051907170081,4.515592462698337,True,333,2,True,True,True
121130107101,2024-05-13,312,5.873046875,30.85826281003802,9.92042082892037,True,283,2,True,True,True
121130101001,2024-05-13,292,22.0703125,111.20237249814961,2.4273734582820308,False,262,3,True,True,False
121319505012,2024-05-13,274,13.455078125,54.720084121427625,4.761413036150181,True,259,2,True,True,True
120330038001,2024-05-13,172,21.287109375,84.41335249877207,1.7854152946619715,False,136,3,True,True,False
121319505013,2024-05-13,152,15.85546875,68.12351084119011,1.9984955203994235,False,142,2,True,True,False
121130101004,2024-05-13,123,12.224609375,64.1884634903211,1.7257834913232295,False,119,1,True,True,False
121130103021,2024-05-13,109,4.54296875,25.73571287523765,4.058835741461287,True,104,2,True,True,True
121130102004,2024-05-13,104,10.314453125,70.59817626033603,1.3270250286569383,False,87,3,True,True,False
121130104001,2024-05-13,100,9.90234375,55.34798502701685,1.6278398609456315,False,67,2,True,True,False
120330039001,2024-05-13,99,9.318359375,33.52182183274139,2.6753212003950892,False,63,3,True,True,False
121130101002,2024-05-13,95,9.751953125,38.03442405252881,2.2413392340913356,False,52,2,True,True,False
120910201021,2024-05-13,91,14.96484375,70.70081622753538,1.075449482864486,False,76,3,True,True,False
121130109003,2024-05-13,91,1.0078125,7.076872941223625,12.716377451937115,True,90,1,True,True,True
120050002013,2024-05-13,86,32.587890625,137.41519387845497,0.3886914384608991,False,73,2,True,True,False
121130108231,2024-05-13,86,1.05078125,7.040097580867818,12.066483138082937,True,75,2,True,True,True
121130107071,2024-05-13,85,2.603515625,11.853353268265453,6.951322761601738,True,84,1,True,True,True
121319505023,2024-05-13,81,3.873046875,17.55565642460506,4.393282213982213,True,80,1,True,True,True
121130102003,2024-05-13,79,12.33203125,62.835254334293744,1.0609962425761117,False,73,1,True,True,False
121319505022,2024-05-13,77,3.001953125,14.118106654664265,5.2413576894571,True,77,1,True,True,True
120910201022,2024-05-13,76,7.45703125,36.83514484388862,1.8608035624806856,False,71,2,True,True,False
121130103031,2024-05-13,74,6.490234375,34.901537520225176,1.934292023263405,False,50,3,True,True,False
121319504003,2024-05-13,72,9.2421875,42.331604195878015,1.4825285668269326,False,67,2,True,True,False
120330025002,2024-05-13,72,1.279296875,9.38782370663819,7.533237237400712,True,71,1,True,True,True
121130103032,2024-05-13,69,1.19140625,6.670207469480236,10.165889750845166,True,66,2,True,True,True
121319503061,2024-05-13,68,2.716796875,14.833580111273319,4.40104159854071,True,68,1,True,True,True
121319505011,2024-05-13,67,4.216796875,23.967400215414717,2.6195249614357743,False,65,1,True,True,False
121319506052,2024-05-13,66,2.744140625,16.978718256217732,3.7255968572206704,True,65,1,True,True,True
120330036032,2024-05-13,64,3.5546875,16.948550483830033,3.5664001212179515,True,64,1,True,True,True
120330037001,2024-05-13,60,0.486328125,3.325141227339295,17.898088473860565,True,60,1,True,True,True
121130108094,2024-05-13,60,1.748046875,7.6145521982447875,7.6500825798301735,True,59,1,True,True,True
120910212002,2024-05-13,58,1.34765625,5.8520769537157795,9.680724330535087,True,56,2,True,True,True
120330025001,2024-05-13,56,1.73828125,11.857514291832736,4.576146181613679,True,55,1,True,True,True
121319506081,2024-05-13,54,1.44140625,6.745621496117649,7.791512432212419,True,53,1,True,True,True
120330038002,2024-05-13,53,6.328125,32.737193310235114,1.4256529128111994,False,35,3,True,True,False
121319506071,2024-05-13,53,0.76171875,4.097856269189469,12.747709489657726,True,53,1,True,True,True
120330036132,2024-05-13,52,1.86328125,9.96946705501637,5.029026975396096,True,50,2,True,True,True
121130104002,2024-05-13,49,3.611328125,15.867704915626064,2.860443404786443,False,35,2,True,True,False
120050005001,2024-05-13,49,6.83203125,32.275888581615796,1.3064851380735862,False,39,2,True,True,False
121319503062,2024-05-13,48,3.3671875,16.49010666751634,2.7066418307603572,False,48,1,True,True,False
120910201023,2024-05-13,44,8.41796875,38.34932022114185,0.9278399472224216,False,42,1,True,True,False
120050007001,2024-05-13,43,6.94921875,39.802759290506025,0.9057357302009721,False,40,1,True,True,False
120330032031,2024-05-13,43,0.203125,2.008238900969191,21.31064933526878,True,43,1,True,True,True
120910229003,2024-05-13,42,0.263671875,2.2571496741285872,18.49072243785209,True,42,1,True,True,True
121319504002,2024-05-13,40,6.1875,26.67878067963113,1.2673930044267487,False,39,2,True,True,False
121130108081,2024-05-13,40,4.806640625,19.27085026929318,1.8262483950216915,False,38,2,True,True,False
120910233051,2024-05-13,40,0.19921875,1.8953438093330985,20.999240905007323,True,40,1,True,True,True
121130107113,2024-05-13,39,0.85546875,3.9192696430872243,9.732561095223192,True,39,1,True,True,True
120330024001,2024-05-13,37,1.236328125,10.438376085254413,3.4261720005970004,True,37,1,True,True,True
120330039003,2024-05-13,35,6.3203125,25.12463915485053,1.1414964936705623,False,24,2,True,True,False
121130102002,2024-05-13,35,5.32421875,34.781964973978646,0.8531945010065209,False,34,1,True,True,False
121130107092,2024-05-13,35,0.884765625,5.109409831820208,6.676942249286466,True,35,1,True,True,True
120330036144,2024-05-13,35,0.642578125,3.440745776824243,9.985457834874214,True,34,1,True,True,True
120330035072,2024-05-13,34,0.125,1.5438787659125364,21.94148967388485,True,34,1,True,True,True
120330038003,2024-05-13,33,3.66796875,26.015558896018575,1.1274803423304114,False,21,2,True,True,False
121130107051,2024-05-13,33,0.203125,1.5795135370419056,20.763908780054905,True,33,1,True,True,True
121130108201,2024-05-13,32,1.4609375,9.200231719833488,3.319379710205029,True,30,1,True,True,True
121130108083,2024-05-13,31,4.466796875,17.043023464741115,1.5568366246688754,False,27,1,True,True,False
120910202001,2024-05-13,30,13.890625,58.77240381418688,0.27409760286359786,False,22,2,True,True,False
120330036131,2024-05-13,30,1.935546875,10.023150604322845,2.799963228418038,False,28,1,True,True,False
120910208003,2024-05-13,30,1.517578125,9.640285843712489,2.954520471358905,False,30,1,True,True,False
120330039002,2024-05-13,29,4.677734375,24.00088983069414,1.0133901616387098,False,28,1,True,True,False
120330039004,2024-05-13,29,3.39453125,19.51627875325507,1.312005688878026,False,26,1,True,True,False
120330036142,2024-05-13,27,1.052734375,5.338553087151484,4.8603554561344255,True,27,1,True,True,True
121319503052,2024-05-13,26,3.205078125,18.006819038689855,1.2659049788872938,False,24,1,True,True,False
120330036143,2024-05-13,24,2.064453125,13.650435506760115,1.6069485009571192,False,23,1,True,True,False
121130108202,2024-05-13,24,0.1796875,1.3148770525813764,18.11599985963386,True,23,1,True,True,True
121130108272,2024-05-13,23,0.30078125,2.4779574978309786,9.16045524181477,True,22,1,True,True,True
120330011031,2024-05-13,23,0.345703125,1.9413164309504716,11.669553975756761,True,23,1,True,True,True
121130105062,2024-05-13,23,0.4375,2.1949951967816066,10.27906577339307,True,23,1,True,True,True
121319502011,2024-05-13,22,1.380859375,7.117786274665048,2.8968473945883275,False,20,2,True,True,False
120050002041,2024-05-13,22,7.814453125,34.00786639306215,0.41712545888776936,False,21,1,True,True,False
121130108282,2024-05-13,22,0.46875,3.2990243472632352,6.526550802167202,True,21,1,True,True,True
120330036141,2024-05-13,22,0.869140625,5.312583817112478,3.9775107748766114,True,22,1,True,True,True
121319505021,2024-05-13,22,1.775390625,9.788084325293225,2.06624797078402,False,20,1,True,True,False
121130105061,2024-05-13,21,2.34375,11.621518269505675,1.6053195088074796,False,20,1,True,True,False
121130109001,2024-05-13,21,1.111328125,7.50220506356647,2.6510434874123705,False,21,1,True,True,False
121130105051,2024-05-13,20,1.58984375,11.621044005252527,1.5842084619659733,False,20,1,True,True,False
121130108122,2024-05-13,20,0.2421875,1.5362347227190483,12.861193805741998,True,20,1,True,True,True
121130105041,2024-05-13,19,0.58984375,3.164092567534893,5.818463226675803,True,19,1,True,True,True
120330026052,2024-05-13,18,1.076171875,7.9558504481898655,2.1272179806811917,False,18,1,True,True,False
120330023001,2024-05-13,18,1.599609375,8.89434833658072,1.843911437282976,False,17,1,True,True,False
120330033012,2024-05-13,18,0.455078125,2.9724655526338593,5.902481143794483,True,18,1,True,True,True
120330036122,2024-05-13,18,0.48828125,3.296778267076822,5.311767225864189,True,18,1,True,True,True
120330036084,2024-05-13,18,0.5078125,3.601469788567548,4.856957999627524,True,18,1,True,True,True
121319506053,2024-05-13,17,1.599609375,9.622921909181514,1.6003861166436395,False,17,1,True,True,False
120330036031,2024-05-13,17,0.779296875,5.128879238622584,3.1626213779516172,True,17,1,True,True,True
121130107091,2024-05-13,16,0.259765625,1.5903643146699857,9.897250730419108,True,15,1,True,True,True
120330036034,2024-05-13,16,1.140625,10.981203919895702,1.3531644716184392,False,16,1,True,True,False
120330032032,2024-05-13,16,0.15625,1.2539565562689108,12.635007106739279,True,16,1,True,True,True
120330035123,2024-05-13,16,0.109375,0.8484762444392242,18.72842652242132,True,16,1,True,True,True
120330036083,2024-05-13,15,0.4921875,2.7505447779199064,5.274523293153403,True,15,1,True,True,True
120050003023,2024-05-13,14,8.814453125,41.20264875320031,0.1258546970137988,False,11,1,True,True,False
121130102001,2024-05-13,14,6.05859375,46.09609299080168,0.17227937846239336,False,11,1,True,True,False
120330040001,2024-05-13,14,4.2421875,25.181997761346214,0.387491595880372,False,11,1,True,True,False
121130108085,2024-05-13,14,0.494140625,2.2582670138453333,5.980629966339757,True,14,1,True,True,True
120330036033,2024-05-13,14,1.181640625,6.99512094736385,1.8324714428033828,False,14,1,True,True,False
121130108241,2024-05-13,14,0.61328125,4.354503637900114,3.074223806701312,True,14,1,True,True,True
120910203042,2024-05-13,14,2.072265625,11.657903106362172,1.023145780692805,False,11,1,True,True,False
120330030021,2024-05-13,14,0.130859375,0.8442651268719173,16.427470688486785,True,14,1,True,True,True
121130107053,2024-05-13,14,0.333984375,1.5091946971170622,9.055170715286433,True,14,1,True,True,True
121319502021,2024-05-13,13,3.45703125,15.665351516515923,0.6091768026998234,False,12,1,True,True,False
120330026011,2024-05-13,13,1.0234375,5.597685912355705,2.139556003591462,False,13,1,True,True,False
121130101003,2024-05-13,12,5.4296875,43.05486121072455,0.15260326744157285,False,12,1,True,True,False
121130107093,2024-05-13,12,0.353515625,1.65107666460321,7.053872557637356,True,12,1,True,True,True
120910232002,2024-05-13,12,0.96875,5.28919069049979,2.0856215337090873,False,11,1,True,True,False
120330035121,2024-05-13,12,0.806640625,4.063068697963865,2.7549028104322613,False,12,1,True,True,False
120330036121,2024-05-13,12,1.09765625,8.054014956697099,1.3536532783483908,False,12,1,True,True,False
120050002012,2024-05-13,11,8.04296875,38.9559702959335,0.07590701059520717,False,10,1,True,True,False
120050005002,2024-05-13,11,8.80859375,45.03147936099073,0.048663874274100405,False,5,1,True,True,False
120050002042,2024-05-13,11,6.548828125,30.588896444758674,0.14551593526881537,False,6,2,True,True,False
120330026041,2024-05-13,10,1.4921875,7.282121466498447,1.1683151042097237,False,10,1,True,True,False
121130103011,2024-05-13,10,0.33203125,1.887000896285736,5.12345742338007,True,10,1,True,True,True
120910201011,2024-05-13,10,7.80859375,35.84990569214942,0.06112725285299382,False,8,1,True,True,False
121130105033,2024-05-13,10,0.626953125,6.137649372337854,1.5271395132546928,False,10,1,True,True,False
120330036071,2024-05-13,10,0.232421875,1.326636490319102,7.36266354519659,True,10,1,True,True,True
120910201012,2024-05-13,10,5.34765625,32.006301886428645,0.14535711643626947,False,9,1,True,True,False
121319506073,2024-05-13,10,0.123046875,0.8500581848106639,11.619149490572724,True,10,1,True,True,True
120910211024,2024-05-13,10,0.279296875,1.662914558100936,5.845581829592697,True,9,1,True,True,True
121319503051,2024-05-13,9,1.0,5.748819329137132,1.3915900886731742,False,8,1,True,True,False
121130108092,2024-05-13,9,1.416015625,9.297053451517936,0.8157406445546205,False,9,1,True,True,False
121130108252,2024-05-13,9,0.86328125,6.582374271633227,1.2361373592907392,False,8,1,True,True,False
121319501044,2024-05-13,9,2.0859375,13.879987335528877,0.498131758542887,False,6,1,True,True,False
121319506061,2024-05-13,9,0.630859375,4.70109127146161,1.7802548688653648,False,8,1,True,True,False
120910211021,2024-05-13,9,0.158203125,0.9933098586511376,8.901348152334553,True,8,1,True,True,True
121130108222,2024-05-13,9,0.1171875,0.7674502858762806,11.57444679280761,True,9,1,True,True,True
120910215012,2024-05-13,9,0.154296875,1.0950971924044617,8.077550729152943,True,9,1,True,True,True
120330033051,2024-05-13,8,1.47265625,6.335007755576106,1.0303608143580565,False,7,1,True,True,False
121130105032,2024-05-13,8,0.404296875,3.0620812495771133,2.4805687719909457,False,8,1,True,True,False
121130107084,2024-05-13,8,0.208984375,1.4063308576449516,5.539959236937226,True,8,1,True,True,True
121319501041,2024-05-13,8,6.0078125,27.330189781327274,0.07289329184831042,False,6,1,True,True,False
121130108242,2024-05-13,8,0.373046875,2.4301385716148967,3.138484864232113,True,8,1,True,True,True
121130108082,2024-05-13,8,1.833984375,10.62276924176307,0.5804527505651268,False,8,1,True,True,False
121130107081,2024-05-13,8,0.341796875,2.366260538726256,3.236415855171369,True,8,1,True,True,True
121130108271,2024-05-13,8,1.109375,7.9732766727485185,0.8642149624070037,False,7,1,True,True,False
120910232001,2024-05-13,8,0.96484375,5.748711620740289,1.2237796421407636,False,7,1,True,True,False
120910203051,2024-05-13,8,3.583984375,15.96941724137451,0.2765295413259493,False,6,1,True,True,False
120910214001,2024-05-13,8,0.40625,2.425201990901622,3.1311824864438846,True,7,1,True,True,True
121319506091,2024-05-13,8,0.4921875,2.362446222169275,3.1779823936504608,True,7,1,True,True,True
120910233041,2024-05-13,8,0.162109375,0.9847615085482369,7.959176467564049,True,8,1,True,True,True
120050026071,2024-05-13,8,1.5703125,9.99231297013613,0.6434633822235459,False,8,1,True,True,False
120330037002,2024-05-13,8,0.2890625,1.6840559731042033,4.578789317665319,True,8,1,True,True,True
120330035092,2024-05-13,8,0.2734375,1.5129698571517245,5.106884623957951,True,8,1,True,True,True
120330034001,2024-05-13,8,0.19921875,1.1834472247039547,6.591575092798418,True,8,1,True,True,True
120910225003,2024-05-13,8,0.0703125,0.51488366250055,15.400930496588693,True,7,1,True,True,True
121130108221,2024-05-13,7,0.21875,1.4507572757666323,4.674282950893039,True,7,1,True,True,True
121130107044,2024-05-13,7,0.0859375,0.48098632762077687,14.374758913004365,True,7,1,True,True,True
121130108142,2024-05-13,7,0.3671875,2.01897493415243,3.285237665808104,True,7,1,True,True,True
121130107043,2024-05-13,7,0.279296875,1.4450540160645982,4.650831768422672,True,7,1,True,True,True
121130108141,2024-05-13,7,0.3671875,3.7726403960263624,1.7581353650844096,False,7,1,True,True,False
121130108093,2024-05-13,7,0.49609375,2.632772599497602,2.4703638480745,False,7,1,True,True,False
120910223001,2024-05-13,7,0.201171875,2.0001366376392906,3.399181834409313,True,6,1,True,True,True
120910233031,2024-05-13,7,0.146484375,0.9692065791676002,7.071264034222837,True,7,1,True,True,True
120910208004,2024-05-13,7,0.3828125,3.119589249268038,2.121172683728352,False,7,1,True,True,False
121130107041,2024-05-13,7,0.07421875,0.5293345663852446,13.083939137576523,True,7,1,True,True,True
120330035073,2024-05-13,7,0.140625,0.7660545217754942,8.954160317599772,True,7,1,True,True,True
120910208002,2024-05-13,7,0.15234375,1.087301897290385,6.297842638796759,True,5,1,True,True,True
120910233071,2024-05-13,7,0.037109375,0.3547136379133484,19.6296107078379,True,7,1,True,True,True
120910233062,2024-05-13,7,0.068359375,0.5606248643281314,12.36413342691654,True,7,1,True,True,True
120330008023,2024-05-13,7,0.033203125,0.36057018032734184,19.321611312048123,True,7,1,True,True,True
120910215021,2024-05-13,7,0.220703125,1.537566473114764,4.409108154697643,True,6,1,True,True,True
121319502022,2024-05-13,7,0.068359375,0.539274394491168,12.853643146807192,True,7,1,True,True,True
120050003022,2024-05-13,6,7.248046875,35.08913720788649,-0.035567898623608624,False,6,1,True,True,False
120330027011,2024-05-13,6,0.623046875,4.707542361142082,1.1421996261538716,False,6,1,True,True,False
121130107072,2024-05-13,6,0.455078125,2.6017331258360072,2.1312416019680214,False,6,1,True,True,False
120330036092,2024-05-13,6,0.197265625,1.1895469149088156,4.878104681936658,True,6,1,True,True,True
121319504001,2024-05-13,6,6.40625,30.31761095875755,-0.013399802529052856,False,5,1,True,True,False
120330028041,2024-05-13,6,0.169921875,1.1986757181366816,4.863765935012636,True,6,1,True,True,True
121130103012,2024-05-13,6,0.19140625,1.2157175065667987,4.777914045511725,True,6,1,True,True,True
121130108232,2024-05-13,6,0.173828125,1.1582506690176544,5.030147644931942,True,6,1,True,True,True
121130108212,2024-05-13,6,0.125,0.796273119366856,7.378121723701302,True,5,1,True,True,True
121130108261,2024-05-13,6,0.224609375,1.6103687522882395,3.586377726712288,True,6,1,True,True,True
121319506043,2024-05-13,6,0.490234375,2.549682905680734,2.160961119017645,False,6,1,True,True,False
120050004021,2024-05-13,6,1.884765625,13.451092912177986,0.3059405211062263,False,5,1,True,True,False
121130107052,2024-05-13,6,0.091796875,0.5501921864452823,10.738435169666994,True,6,1,True,True,True
121130107112,2024-05-13,6,0.115234375,0.688458347350936,8.547743879703864,True,6,1,True,True,True
120330033013,2024-05-13,6,0.193359375,1.671598495479121,3.4737053429422207,True,6,1,True,True,True
120910212005,2024-05-13,6,0.166015625,1.114649534554508,5.233918100842045,True,6,1,True,True,True
121130109004,2024-05-13,6,0.02734375,0.29878156843421255,19.99004249592824,True,6,1,True,True,True
120910219011,2024-05-13,6,0.09765625,0.5820491292368722,10.140628090516337,True,6,1,True,True,True
120330036111,2024-05-13,6,0.16015625,0.9330496129546562,6.258878058485194,True,6,1,True,True,True
120330036101,2024-05-13,5,0.43359375,3.0333250785713104,1.5054127506013195,False,5,1,True,True,False
121130108091,2024-05-13,5,0.357421875,2.054821925269796,2.2593578878570875,False,5,1,True,True,False
120330027041,2024-05-13,5,0.451171875,2.54923314392085,1.7843907827134522,False,5,1,True,True,False
120330011011,2024-05-13,5,0.4453125,2.885441135761601,1.5785064694441626,False,5,1,True,True,False
121130107122,2024-05-13,5,0.1875,0.9931270663228412,4.845804895660325,True,5,1,True,True,True
121130106021,2024-05-13,5,0.228515625,1.389268114540974,3.4345309771804122,True,4,0,False,True,False
120910233082,2024-05-13,5,0.142578125,0.997640854079255,4.868908340249381,True,5,1,True,True,True
120330036133,2024-05-13,5,0.427734375,3.775325745558688,1.211091686691893,False,5,1,True,True,False
120330035111,2024-05-13,5,0.166015625,1.1111326636513201,4.350501549576381,True,5,1,True,True,True
120330034002,2024-05-13,5,0.12109375,0.7461475585034545,6.538795435832565,True,5,1,True,True,True
120330032034,2024-05-13,5,0.076171875,0.4597908502552804,10.708843210486338,True,5,1,True,True,True
120910216001,2024-05-13,5,0.119140625,0.673415254824635,7.247919229675055,True,5,1,True,True,True
120910224001,2024-05-13,5,0.173828125,1.0005177689664546,4.823674326129646,True,5,1,True,True,True
120330037003,2024-05-13,5,0.150390625,1.0685139028653015,4.5386488299266885,True,5,1,True,True,True
120910210012,2024-05-13,5,0.078125,0.5324591253387958,9.243667289706575,True,5,1,True,True,True
121130108121,2024-05-13,4,0.1171875,0.9579911610131148,4.05307758361128,True,4,0,False,True,False
121130108132,2024-05-13,4,0.16015625,1.0495243424528908,3.658651443020109,True,4,0,False,True,False
120330036112,2024-05-13,4,0.2265625,1.0521795011042705,3.586305849942665,True,4,0,False,True,False
120330033011,2024-05-13,4,0.203125,1.164439678629315,3.2606884407008327,True,4,0,False,True,False
121130107121,2024-05-13,4,0.083984375,0.5185194032775847,7.552302961560719,True,4,0,False,True,False
120910209001,2024-05-13,4,0.171875,1.038283809033812,3.68697360653472,True,4,0,False,True,False
120910210013,2024-05-13,4,0.05078125,0.3086479812358074,12.79521976520816,True,4,0,False,True,False
120910210021,2024-05-13,4,0.0546875,0.34399730918712773,11.469021398227937,True,4,0,False,True,False
120330033102,2024-05-13,4,0.095703125,0.5635895351574083,6.927553887084766,True,4,0,False,True,False
121130107042,2024-05-13,4,0.126953125,0.9244959983836583,4.189360345281578,True,4,0,False,True,False
120910228002,2024-05-13,4,0.025390625,0.2368660428602502,16.779988076826193,True,4,0,False,True,False
120330032013,2024-05-13,3,0.125,0.6318363879478842,4.55022859531341,True,3,0,False,True,False
121130107082,2024-05-13,3,0.103515625,0.5551990032584518,5.217020127919163,True,3,0,False,True,False
120330014024,2024-05-13,3,0.060546875,0.36779090586950774,7.99218544583296,True,3,0,False,True,False
121130105031,2024-05-13,3,0.05859375,0.4769484447845357,6.16713668356503,True,3,0,False,True,False
120330036103,2024-05-13,3,0.173828125,0.8503818606679197,3.3234150511867995,True,3,0,False,True,False
120330035071,2024-05-13,3,0.080078125,0.41901197007548163,6.968588211153012,True,3,0,False,True,False
120330035052,2024-05-13,3,0.05078125,0.35022969119552366,8.420813038245612,True,3,0,False,True,False
120330035122,2024-05-13,3,0.05078125,0.4118586753889625,7.160754225256358,True,3,0,False,True,False
120910210023,2024-05-13,3,0.10546875,0.6857576658856533,4.22092437896662,True,3,0,False,True,False
120910227001,2024-05-13,3,0.072265625,0.4430948175818648,6.60746697733399,True,3,0,False,True,False
120910224002,2024-05-13,3,0.0625,0.515892250465172,5.694018464807917,True,3,0,False,True,False
121130109002,2024-05-13,3,0.046875,0.3724226498710657,7.929498920171435,True,3,0,False,True,False
120330008022,2024-05-13,3,0.078125,0.7824831266194989,3.734106079223906,True,3,0,False,True,False
120910233042,2024-05-13,3,0.021484375,0.18112321802472506,16.444692499850593,True,3,0,False,True,False
120910229001,2024-05-13,3,0.0234375,0.20616121406305557,14.438033427032504,True,3,0,False,True,False
120330029004,2024-05-13,3,0.033203125,0.31416508453751796,9.443432835215976,True,3,0,False,True,False
120330006001,2024-05-13,3,0.0546875,0.411357235199621,7.159987106026509,True,3,0,False,True,False
120330009002,2024-05-13,3,0.05078125,0.3502296911955238,8.420813038245608,True,3,0,False,True,False
121130106013,2024-05-13,3,0.06640625,0.602899367034862,4.865809968300013,True,3,0,False,True,False
120910224003,2024-05-13,3,0.037109375,0.2808113833580887,10.551177055460544,True,3,0,False,True,False
120910210022,2024-05-13,3,0.017578125,0.18154477851124418,16.428023430127354,True,3,0,False,True,False
120330033122,2024-05-13,2,0.068359375,0.4164133076742616,4.638758150618523,True,2,0,False,True,False
120330012022,2024-05-13,2,0.08984375,0.5342793077307749,3.5752016264918387,True,2,0,False,True,False
120330010012,2024-05-13,2,0.07421875,0.5256245702451524,3.6637960989947853,True,2,0,False,True,False
121130106011,2024-05-13,2,0.0703125,0.39928691330789107,4.832834324605108,True,2,0,False,True,False
120910218011,2024-05-13,2,0.083984375,0.5109154361786657,3.7501619432965705,True,2,0,False,True,False
120910216002,2024-05-13,2,0.03515625,0.2630811989123036,7.468582924677062,True,2,0,False,True,False
120910233032,2024-05-13,2,0.044921875,0.265301943238465,7.369256708544687,True,2,0,False,True,False
120050009002,2024-05-13,2,0.0546875,0.411357235199621,4.729010051460479,True,1,0,False,True,False
120330034004,2024-05-13,2,0.103515625,0.5827152716533213,3.254564394063604,True,2,0,False,True,False
120330020002,2024-05-13,2,0.091796875,0.577946880452059,3.3016929228987966,True,2,0,False,True,False
120330018002,2024-05-13,2,0.046875,0.3028727426473822,6.44866547886719,True,2,0,False,True,False
120330028012,2024-05-13,2,0.072265625,0.4892707378755567,3.940015671835066,True,2,0,False,True,False
120330011041,2024-05-13,2,0.05078125,0.2956954305890317,6.591981303590367,True,2,0,False,True,False
120910219024,2024-05-13,2,0.087890625,0.5613879254904733,3.4060393681061605,True,2,0,False,True,False
120910225002,2024-05-13,2,0.076171875,0.47238682131599874,4.072569424440131,True,2,0,False,True,False
120050026042,2024-05-13,2,0.06640625,0.36943440003544586,5.2339298934113305,True,1,0,False,True,False
120330012012,2024-05-13,2,0.0625,0.5902004701048088,3.282782881646867,True,2,0,False,True,False
120330011042,2024-05-13,2,0.021484375,0.16997566232487185,11.639993619901263,True,2,0,False,True,False
120330011044,2024-05-13,2,0.03125,0.2402705585201506,8.193887807668654,True,2,0,False,True,False
120330035112,2024-05-13,2,0.0703125,0.40415830248034795,4.774583345578631,True,2,0,False,True,False
120330005002,2024-05-13,2,0.021484375,0.15804376437533252,12.518783216915118,True,2,0,False,True,False
120330008012,2024-05-13,2,0.03125,0.49951052362226883,3.941358403669537,True,2,0,False,True,False
120910219022,2024-05-13,2,0.05859375,0.37599753168819666,5.163348390302597,True,2,0,False,True,False
120910227002,2024-05-13,2,0.03125,0.20512036464518152,9.598023109044078,True,2,0,False,True,False
120910212003,2024-05-13,2,0.08203125,0.5605328180556575,3.421688593814961,True,2,0,False,True,False
120910233052,2024-05-13,2,0.048828125,0.29931198625751165,6.518856459431325,True,2,0,False,True,False
120910226003,2024-05-13,1,0.0234375,0.1753874659415357,5.568029019391448,True,1,0,False,True,False
120330030022,2024-05-13,1,0.03515625,0.2228053984913043,4.33043255025823,True,1,0,False,True,False
120910233081,2024-05-13,1,0.033203125,0.20953562893818448,4.613997533017245,True,1,0,False,True,False
120050016003,2024-05-13,1,0.041015625,0.293899725551183,3.26296451349694,True,1,0,False,True,False
120330035102,2024-05-13,1,0.04296875,0.3098345227808698,3.0888463990723833,True,1,0,False,True,False
120330004002,2024-05-13,1,0.03125,0.23198285920889045,4.175955082645493,True,1,0,False,True,False
120330033111,2024-05-13,1,0.025390625,0.20112171678081175,4.845868415404177,True,1,0,False,True,False
120330013001,2024-05-13,1,0.044921875,0.2999243116360724,3.18439715603612,True,1,0,False,True,False
121130106012,2024-05-13,1,0.029296875,0.1800225408532614,5.392119900092023,True,1,0,False,True,False
120330009003,2024-05-13,1,0.02734375,0.26400938243127225,3.6841730435591806,True,1,0,False,True,False
120330011043,2024-05-13,1,0.025390625,0.19114405728666492,5.098821218063541,True,1,0,False,True,False
121130106014,2024-05-13,1,0.03125,0.1953470492925833,4.959122768980469,True,1,0,False,True,False
120910218024,2024-05-13,1,0.03515625,0.2630811989123034,3.6674751141058355,True,1,0,False,True,False
120910215022,2024-05-13,1,0.041015625,0.2584716175033432,3.710211528302894,True,1,0,False,True,False
120910228001,2024-05-13,1,0.01953125,0.13851806879105943,7.078273315223146,True,1,0,False,True,False
121319506072,2024-05-13,1,0.01171875,0.10772225920023012,9.174345741886267,True,1,0,False,True,False
120050026044,2024-05-13,1,0.03125,0.23198285920889053,4.175955082645492,True,1,0,False,True,False
120330032042,2024-05-13,1,0.041015625,0.2346612325890982,4.086675776902708,True,1,0,False,True,False
121130101001,2024-05-14,268,22.0703125,111.20237249814961,2.211550724820122,False,226,5,True,True,False
120910208001,2024-05-14,219,66.595703125,226.04819685297892,0.6742115132823789,False,182,3,True,True,False
120910201021,2024-05-14,202,14.96484375,70.70081622753538,2.6454455016200598,False,178,3,True,True,False
121130104001,2024-05-14,84,9.90234375,55.34798502701685,1.338759779851623,False,59,3,True,True,False
121130101004,2024-05-14,77,12.224609375,64.1884634903211,1.0091438103167465,False,65,3,True,True,False
121130108021,2024-05-14,77,21.01953125,76.84051907170081,0.72852798791955,False,66,2,True,True,False
120910201023,2024-05-14,76,8.41796875,38.34932022114185,1.762274555592833,False,71,2,True,True,False
121319505012,2024-05-14,67,13.455078125,54.720084121427625,0.9785241147689053,False,64,1,True,True,False
121130101002,2024-05-14,61,9.751953125,38.03442405252881,1.347412197019785,False,51,2,True,True,False
120330038001,2024-05-14,56,21.287109375,84.41335249877207,0.41122511542833173,False,31,4,True,True,False
120330038002,2024-05-14,53,6.328125,32.737193310235114,1.4256529128111994,False,35,2,True,True,False
120910202001,2024-05-14,46,13.890625,58.77240381418688,0.5463342132732237,False,40,1,True,True,False
121130102004,2024-05-14,42,10.314453125,70.59817626033603,0.44881537390083825,False,35,2,True,True,False
120910201022,2024-05-14,41,7.45703125,36.83514484388862,0.91062404918343,False,40,1,True,True,False
120330039001,2024-05-14,32,9.318359375,33.52182183274139,0.6766231482934026,False,16,2,True,True,False
121130103031,2024-05-14,32,6.490234375,34.901537520225176,0.7309066430158638,False,15,3,True,True,False
120050007001,2024-05-14,31,6.94921875,39.802759290506025,0.6042490942515316,False,22,2,True,True,False
121319503053,2024-05-14,29,43.09765625,155.89971886707394,-0.09042772079672703,False,16,2,True,True,False
121130102003,2024-05-14,29,12.33203125,62.835254334293744,0.2652646022776275,False,20,1,True,True,False
121130104002,2024-05-14,28,3.611328125,15.867704915626064,1.5370005936386384,False,18,2,True,True,False
121319503062,2024-05-14,25,3.3671875,16.49010666751634,1.3118661350210798,False,25,1,True,True,False
120050005002,2024-05-14,22,8.80859375,45.03147936099073,0.29293743925782006,False,18,2,True,True,False
121319505013,2024-05-14,20,15.85546875,68.12351084119011,0.060838485844655794,False,12,2,True,True,False
121130107101,2024-05-14,18,5.873046875,30.85826281003802,0.3929888470926876,False,7,2,True,True,False
120050005001,2024-05-14,18,6.83203125,32.275888581615796,0.34601584157039217,False,15,1,True,True,False
120330039003,2024-05-14,16,6.3203125,25.12463915485053,0.38526672722904565,False,8,1,True,True,False
121130108271,2024-05-14,16,1.109375,7.9732766727485185,1.8675665740904184,False,15,1,True,True,False
121319506052,2024-05-14,16,2.744140625,16.978718256217732,0.7807338089343467,False,13,1,True,True,False
120050002013,2024-05-14,15,32.587890625,137.41519387845497,-0.12799087297840336,False,8,2,True,True,False
121319505023,2024-05-14,15,3.873046875,17.55565642460506,0.6338101439149301,False,14,2,True,True,False
121130103021,2024-05-14,14,4.54296875,25.73571287523765,0.36746723496046435,False,8,1,True,True,False
120050002042,2024-05-14,14,6.548828125,30.588896444758674,0.24359073850396254,False,13,2,True,True,False
120330039004,2024-05-14,13,3.39453125,19.51627875325507,0.49217726757453334,False,11,1,True,True,False
121319504001,2024-05-14,13,6.40625,30.31761095875755,0.2174891025869348,False,11,1,True,True,False
121319506081,2024-05-14,13,1.44140625,6.745621496117649,1.7134957478198847,False,13,1,True,True,False
120050002041,2024-05-14,12,7.814453125,34.00786639306215,0.12307584447149797,False,9,1,True,True,False
120330038003,2024-05-14,12,3.66796875,26.015558896018575,0.3202710840578995,False,9,1,True,True,False
121319504003,2024-05-14,11,9.2421875,42.331604195878015,0.041524826034614694,False,8,1,True,True,False
121319505011,2024-05-14,11,4.216796875,23.967400215414717,0.2830178936402689,False,11,1,True,True,False
121130102002,2024-05-14,10,5.32421875,34.781964973978646,0.13443119885544366,False,7,1,True,True,False
120050003023,2024-05-14,9,8.814453125,41.20264875320031,0.004503275411039882,False,7,1,True,True,False
121130105061,2024-05-14,9,2.34375,11.621518269505675,0.5727521865594525,False,6,1,True,True,False
120910203051,2024-05-14,9,3.583984375,15.96941724137451,0.33914923401010943,False,9,1,True,True,False
121319504002,2024-05-14,8,6.1875,26.67878067963113,0.06793788748313441,False,7,1,True,True,False
121130108252,2024-05-14,8,0.86328125,6.582374271633227,1.0842164932425256,False,8,1,True,True,False
120050005003,2024-05-14,8,4.2421875,28.655384385927967,0.13113809430682002,False,7,1,True,True,False
121130103032,2024-05-14,7,1.19140625,6.670207469480236,0.8708265487359158,False,6,1,True,True,False
121319506071,2024-05-14,7,0.76171875,4.097856269189469,1.5223279783880497,False,5,1,True,True,False
120330036131,2024-05-14,6,1.935546875,10.023150604322845,0.4055065403533953,False,5,1,True,True,False
121319501023,2024-05-14,6,12.2109375,66.86814461817453,-0.09288335328376808,False,5,1,True,True,False
121130108282,2024-05-14,6,0.46875,3.2990243472632352,1.6766320638368575,False,6,1,True,True,False
120910232002,2024-05-14,6,0.96875,5.28919069049979,0.9512324842129266,False,6,1,True,True,False
121130108211,2024-05-14,6,0.232421875,1.4866278030510212,3.8796382747336904,True,5,1,True,True,True
121319503061,2024-05-14,6,2.716796875,14.833580111273319,0.22133585421531585,False,6,1,True,True,False
121319505022,2024-05-14,6,3.001953125,14.118106654664265,0.21235474049981917,False,5,1,True,True,False
121130108251,2024-05-14,6,0.3515625,2.8064500596621507,2.0126627518467144,False,6,1,True,True,False
120050026071,2024-05-14,6,1.5703125,9.99231297013613,0.4433095233544964,False,6,1,True,True,False
121130108281,2024-05-14,6,0.119140625,1.0724557311397067,5.483545105167527,True,6,1,True,True,True
121319506042,2024-05-14,3,0.0859375,0.5838980120312209,4.990704609290887,True,3,0,False,True,False
120330033122,2024-05-14,2,0.068359375,0.4164133076742616,4.638758150618523,True,1,0,False,True,False
120330004002,2024-05-14,1,0.03125,0.23198285920889045,4.175955082645493,True,1,0,False,True,False
120910210013,2024-05-14,1,0.05078125,0.3086479812358074,3.0754089049906854,True,1,0,False,True,False
120330011044,2024-05-14,1,0.03125,0.2402705585201506,4.031913048217909,True,1,0,False,True,False
120330005002,2024-05-14,1,0.021484375,0.15804376437533252,6.191421906884969,True,1,0,False,True,False
120050026041,2024-05-14,1,0.033203125,0.21867572823560855,4.4211439596000375,True,1,0,False,True,False
120910201021,2024-05-17,266,14.96484375,70.70081622753538,3.550668431353003,True,176,5,True,True,True
120910202001,2024-05-17,244,13.890625,58.77240381418688,3.915262267092343,True,142,4,True,True,True
121319501023,2024-05-17,231,12.2109375,66.86814461817453,3.2719475581282076,True,142,4,True,True,True
121319501021,2024-05-17,217,4.578125,23.180010071775058,9.164011333138017,True,137,4,True,True,True
120330038001,2024-05-17,152,21.287109375,84.41335249877207,1.5484859534147921,False,122,3,True,True,False
121319501041,2024-05-17,134,6.0078125,27.330189781327274,4.6831796092190965,True,93,4,True,True,True
121319503053,2024-05-17,98,43.09765625,155.89971886707394,0.3521644820720417,False,84,2,True,True,False
120330039001,2024-05-17,73,9.318359375,33.52182183274139,1.899707030922793,False,52,4,True,True,False
120330039003,2024-05-17,70,6.3203125,25.12463915485053,2.5345513265891455,False,50,4,True,True,False
121130102003,2024-05-17,69,12.33203125,62.835254334293744,0.9018499145164148,False,61,1,True,True,False
121319501043,2024-05-17,60,7.017578125,31.37641060509692,1.6886068499624145,False,59,1,True,True,False
121130101004,2024-05-17,52,12.224609375,64.1884634903211,0.6196657228132231,False,34,2,True,True,False
121319501042,2024-05-17,50,3.833984375,19.130660459385076,2.4131950761977996,False,49,1,True,True,False
121130101001,2024-05-17,47,22.0703125,111.20237249814961,0.22418305419171541,False,30,2,True,True,False
120330039002,2024-05-17,47,4.677734375,24.00088983069414,1.7633623554604676,False,31,3,True,True,False
121319501044,2024-05-17,44,2.0859375,13.879987335528877,3.019747892183716,True,37,2,True,True,True
120910203051,2024-05-17,27,3.583984375,15.96941724137451,1.4663037023249919,False,22,1,True,True,False
121130102004,2024-05-17,22,10.314453125,70.59817626033603,0.1655219368827415,False,20,1,True,True,False
121319502011,2024-05-17,21,1.380859375,7.117786274665048,2.7563542747598513,False,21,1,True,True,False
121319503051,2024-05-17,18,1.0,5.748819329137132,2.9571289384304955,False,18,1,True,True,False
121319504001,2024-05-17,18,6.40625,30.31761095875755,0.38240974909835457,False,13,1,True,True,False
120330040001,2024-05-17,16,4.2421875,25.181997761346214,0.46691341216970367,False,9,1,True,True,False
121130102002,2024-05-17,16,5.32421875,34.781964973978646,0.3069343913717022,False,12,1,True,True,False
120910208001,2024-05-17,15,66.595703125,226.04819685297892,-0.2282508944698979,False,8,1,True,True,False
120910203052,2024-05-17,15,4.34375,21.287405204774263,0.5005894282319601,False,14,1,True,True,False
121130102001,2024-05-17,14,6.05859375,46.09609299080168,0.17227937846239336,False,5,1,True,True,False
121130101003,2024-05-17,14,5.4296875,43.05486121072455,0.19905562946897196,False,7,1,True,True,False
120330040003,2024-05-17,13,2.484375,16.19812961829592,0.6491876067050677,False,7,2,True,True,False
120050002013,2024-05-17,12,32.587890625,137.41519387845497,-0.1498225199406274,False,8,2,True,True,False
121319501024,2024-05-17,12,7.08203125,31.342079361827466,0.15691265066445315,False,12,1,True,True,False
121319501033,2024-05-17,12,3.810546875,18.033813806426075,0.45411653979048033,False,12,1,True,True,False
121319502021,2024-05-17,8,3.45703125,15.665351516515923,0.2900010730822328,False,7,1,True,True,False
120910201023,2024-05-17,7,8.41796875,38.34932022114185,-0.036975068705866615,False,6,1,True,True,False
120330026021,2024-05-17,7,1.03125,5.591001296639227,1.0675636944652185,False,6,1,True,True,False
120050026082,2024-05-17,3,0.115234375,0.6740960053381978,4.2794581219224055,True,2,0,False,True,False
120910233032,2024-05-17,1,0.044921875,0.265301943238465,3.5999665639144376,True,1,0,False,True,False
120330029004,2024-05-17,1,0.033203125,0.31416508453751796,3.077353030567418,True,1,0,False,True,False
120330029001,2024-05-17,1,0.03515625,0.23142199532827923,4.169196400849191,True,1,0,False,True,False
120330028032,2024-05-17,1,0.02734375,0.2149827622453072,4.524345300253168,True,1,0,False,True,False
120330021003,2024-05-17,1,0.037109375,0.27375379211735157,3.5173599516284777,True,1,0,False,True,False
120910208001,2024-05-18,1235,66.595703125,226.04819685297892,5.168828210715287,True,768,5,True,True,True
121319503053,2024-05-18,851,43.09765625,155.89971886707394,5.18219243511817,True,626,6,True,True,True
121130108021,2024-05-18,448,21.01953125,76.84051907170081,5.556709844080822,True,361,3,True,True,True
120910202001,2024-05-18,406,13.890625,58.77240381418688,6.671657947489805,True,381,3,True,True,True
121130101002,2024-05-18,356,9.751953125,38.03442405252881,9.103543842199414,True,292,3,True,True,True
121319504003,2024-05-18,341,9.2421875,42.331604195878015,7.837118833599614,True,304,3,True,True,True
121130108081,2024-05-18,257,4.806640625,19.27085026929318,13.08677903936877,True,244,2,True,True,True
121319505012,2024-05-18,236,13.455078125,54.720084121427625,4.066969659278255,True,202,3,True,True,True
121130105051,2024-05-18,224,1.58984375,11.621044005252527,19.138569318683775,True,188,2,True,True,True
120910201022,2024-05-18,216,7.45703125,36.83514484388862,5.661521615669708,True,207,3,True,True,True
121130104002,2024-05-18,207,3.611328125,15.867704915626064,12.817775031517547,True,180,2,True,True,True
120910201011,2024-05-18,206,7.80859375,35.84990569214942,5.528366181822366,True,203,1,True,True,True
121130107101,2024-05-18,186,5.873046875,30.85826281003802,5.837235693851363,True,172,2,True,True,True
120910201021,2024-05-18,179,14.96484375,70.70081622753538,2.320131011247283,False,151,3,True,True,False
120910201023,2024-05-18,175,8.41796875,38.34932022114185,4.343806625238793,True,151,3,True,True,True
121319503061,2024-05-18,158,2.716796875,14.833580111273319,10.468356388690474,True,89,3,True,True,True
121319505023,2024-05-18,145,3.873046875,17.55565642460506,8.038830887986853,True,91,2,True,True,True
121319504002,2024-05-18,141,6.1875,26.67878067963113,5.053173217280031,True,133,2,True,True,True
121319502021,2024-05-18,140,3.45703125,15.665351516515923,8.716240334986626,True,138,1,True,True,True
121319503052,2024-05-18,139,3.205078125,18.006819038689855,7.541305412312302,True,134,2,True,True,True
121319505022,2024-05-18,136,3.001953125,14.118106654664265,9.42038830901315,True,113,3,True,True,True
121319501022,2024-05-18,133,5.3203125,21.95634651194597,5.815160888927139,True,130,1,True,True,True
120910203051,2024-05-18,122,3.583984375,15.96941724137451,7.415174507320204,True,116,2,True,True,True
121319506052,2024-05-18,122,2.744140625,16.978718256217732,7.023843471301352,True,88,3,True,True,True
121319504001,2024-05-18,120,6.40625,30.31761095875755,3.746790937931318,True,69,3,True,True,True
121319505013,2024-05-18,105,15.85546875,68.12351084119011,1.3085721823382561,False,55,3,True,True,False
120050002013,2024-05-18,105,32.587890625,137.41519387845497,0.5269585358883181,False,50,4,True,True,False
121130101001,2024-05-18,103,22.0703125,111.20237249814961,0.7277694322695017,False,73,4,True,True,False
121319505021,2024-05-18,96,1.775390625,9.788084325293225,9.626460729554175,True,86,2,True,True,True
121130108083,2024-05-18,88,4.466796875,17.043023464741115,4.901313625356138,True,83,2,True,True,True
120330025002,2024-05-18,85,1.279296875,9.38782370663819,8.918009726343769,True,81,2,True,True,True
121319503062,2024-05-18,84,3.3671875,16.49010666751634,4.889769006700096,True,64,2,True,True,True
120910201012,2024-05-18,83,5.34765625,32.006301886428645,2.4261579493170453,False,82,1,True,True,False
120330023001,2024-05-18,75,1.599609375,8.89434833658072,8.252475375078184,True,72,2,True,True,True
121130108231,2024-05-18,74,1.05078125,7.040097580867818,10.361961309776008,True,63,2,True,True,True
121130109003,2024-05-18,67,1.0078125,7.076872941223625,9.325049078610366,True,60,2,True,True,True
120910203061,2024-05-18,67,4.181640625,26.602462528256105,2.361373850570291,False,63,1,True,True,False
120910203052,2024-05-18,66,4.34375,21.287405204774263,2.896372263641224,False,56,2,True,True,False
121319506081,2024-05-18,64,1.44140625,6.745621496117649,9.273955525966695,True,60,1,True,True,True
121319501043,2024-05-18,63,7.017578125,31.37641060509692,1.784220081117436,False,60,1,True,True,False
120910212002,2024-05-18,58,1.34765625,5.8520769537157795,9.680724330535087,True,57,1,True,True,True
120910211022,2024-05-18,58,0.18359375,2.647134915943912,21.841125626717027,True,58,1,True,True,True
120910208003,2024-05-18,55,1.517578125,9.640285843712489,5.547804571571069,True,52,1,True,True,True
120910203042,2024-05-18,54,2.072265625,11.657903106362172,4.454294558912658,True,52,1,True,True,True
121130105061,2024-05-18,53,2.34375,11.621518269505675,4.358832368135552,True,38,2,True,True,True
121130108271,2024-05-18,51,1.109375,7.9732766727485185,6.257229875205358,True,47,1,True,True,True
121130109001,2024-05-18,50,1.111328125,7.50220506356647,6.51657365544722,True,47,1,True,True,True
121319501024,2024-05-18,48,7.08203125,31.342079361827466,1.3055282094600054,False,44,1,True,True,False
121130108201,2024-05-18,48,1.4609375,9.200231719833488,5.058466342719713,True,42,2,True,True,True
120330024001,2024-05-18,48,1.236328125,10.438376085254413,4.479975763764622,True,44,2,True,True,True
120330026041,2024-05-18,43,1.4921875,7.282121466498447,5.699961569023198,True,37,2,True,True,True
120050002042,2024-05-18,43,6.548828125,30.588896444758674,1.1916471697770519,False,27,2,True,True,False
121319501044,2024-05-18,40,2.0859375,13.879987335528877,2.7315631911961926,False,37,1,True,True,False
120910203032,2024-05-18,38,0.87109375,4.343267995825453,8.548610466977072,True,37,1,True,True,True
121319501033,2024-05-18,35,3.810546875,18.033813806426075,1.7294984555006392,False,32,1,True,True,False
121130108282,2024-05-18,35,0.46875,3.2990243472632352,10.467109777060609,True,29,1,True,True,True
121130104001,2024-05-18,33,9.90234375,55.34798502701685,0.4173170213644708,False,15,3,True,True,False
121130107071,2024-05-18,33,2.603515625,11.853353268265453,2.564378508517028,False,29,1,True,True,False
120910206013,2024-05-18,33,1.185546875,6.740271389844577,4.720055215125931,True,31,1,True,True,True
121319503042,2024-05-18,32,0.748046875,3.5347030053952624,8.841465061505302,True,31,1,True,True,True
121130108094,2024-05-18,32,1.748046875,7.6145521982447875,3.972912961575509,True,30,1,True,True,True
121319501032,2024-05-18,30,1.8984375,9.761411982614241,2.8788419697940064,False,30,1,True,True,False
121319503041,2024-05-18,27,0.49609375,2.9062292862717443,9.119688654710561,True,27,1,True,True,True
121130108092,2024-05-18,27,1.416015625,9.297053451517936,2.7518379353646596,False,26,1,True,True,False
121319506053,2024-05-18,27,1.599609375,9.622921909181514,2.6395715214902387,False,21,2,True,True,False
120050005002,2024-05-18,26,8.80859375,45.03147936099073,0.38176419016099084,False,22,1,True,True,False
121130105041,2024-05-18,26,0.58984375,3.164092567534893,8.030787882352238,True,16,2,True,True,True
120910203062,2024-05-18,26,1.427734375,6.371003013420702,3.8568912262696804,True,24,2,True,True,True
120910232001,2024-05-18,26,0.96484375,5.748711620740289,4.354916005819075,True,24,1,True,True,True
121319502011,2024-05-18,25,1.380859375,7.117786274665048,3.318326754073756,True,24,1,True,True,True
121319503032,2024-05-18,24,1.091796875,6.01704778806884,3.8072164177297223,True,23,1,True,True,True
121319501041,2024-05-18,23,6.0078125,27.330189781327274,0.6217369010591183,False,23,1,True,True,False
120910232002,2024-05-18,23,0.96875,5.28919069049979,4.165334791118716,True,19,2,True,True,True
120050003023,2024-05-18,22,8.814453125,41.20264875320031,0.32001697157821307,False,14,2,True,True,False
121130108082,2024-05-18,22,1.833984375,10.62276924176307,1.8983765123804035,False,15,2,True,True,False
121130108272,2024-05-18,21,0.30078125,2.4779574978309786,8.353338896296071,True,20,1,True,True,True
120910205005,2024-05-18,21,0.80078125,4.879703498960677,4.139435675610661,True,21,1,True,True,True
120050005003,2024-05-18,21,4.2421875,28.655384385927967,0.5848050151520353,False,17,1,True,True,False
121319503051,2024-05-18,20,1.0,5.748819329137132,3.305026460598789,True,20,1,True,True,True
121319503043,2024-05-18,20,0.35546875,2.2510292003572623,8.726910893418088,True,20,1,True,True,True
120330025001,2024-05-18,20,1.73828125,11.857514291832736,1.5400967100312395,False,16,1,True,True,False
120050003022,2024-05-18,19,7.248046875,35.08913720788649,0.33491712991901895,False,12,1,True,True,False
121130103032,2024-05-18,19,1.19140625,6.670207469480236,2.6698710394667384,False,13,1,True,True,False
121319505011,2024-05-18,19,4.216796875,23.967400215414717,0.6168046176110553,False,13,2,True,True,False
121130105062,2024-05-18,19,0.4375,2.1949951967816066,8.456738323262442,True,19,1,True,True,True
121319501023,2024-05-18,18,12.2109375,66.86814461817453,0.08657429532487063,False,16,1,True,True,False
121319506101,2024-05-18,18,2.51953125,18.67613590189436,0.8288903460179782,False,7,1,True,True,False
121130103021,2024-05-18,17,4.54296875,25.73571287523765,0.48403676674470086,False,12,1,True,True,False
120910203031,2024-05-18,17,0.568359375,2.765317568764112,5.94204470785021,True,12,1,True,True,True
120330026072,2024-05-18,16,0.171875,1.0861834654182256,14.572238948514574,True,15,1,True,True,True
120910211021,2024-05-18,16,0.158203125,0.9933098586511376,15.948494557893872,True,15,1,True,True,True
120050002012,2024-05-18,15,8.04296875,38.9559702959335,0.178587035495461,False,7,1,True,True,False
121319501042,2024-05-18,15,3.833984375,19.130660459385076,0.5836712040708558,False,13,1,True,True,False
120330026021,2024-05-18,15,1.03125,5.591001296639227,2.4984344053714795,False,13,1,True,True,False
120910203041,2024-05-18,15,0.623046875,3.2224287514953387,4.461527075913938,True,15,1,True,True,True
120910212004,2024-05-18,15,0.083984375,0.7525412548586208,19.82086102083833,True,15,1,True,True,True
120050002041,2024-05-18,14,7.814453125,34.00786639306215,0.18188576735475226,False,12,1,True,True,False
121130108091,2024-05-18,14,0.357421875,2.054821925269796,6.639299472731071,True,12,1,True,True,True
121319503031,2024-05-18,14,0.498046875,2.3773219350617283,5.6794803118027914,True,13,1,True,True,True
121319506062,2024-05-18,14,1.5078125,10.349089672285661,1.2070808057111966,False,9,1,True,True,False
121130108281,2024-05-18,14,0.119140625,1.0724557311397067,12.94306046576739,True,14,1,True,True,True
121130108221,2024-05-18,13,0.21875,1.4507572757666323,8.810054041084115,True,12,1,True,True,True
121130107092,2024-05-18,13,0.884765625,5.109409831820208,2.371161205262721,False,11,1,True,True,False
120910231001,2024-05-18,13,0.15234375,0.9793535823871982,13.118506411834963,True,11,1,True,True,True
120330036141,2024-05-18,13,0.869140625,5.312583817112478,2.283419856064205,False,12,1,True,True,False
121319506071,2024-05-18,13,0.76171875,4.097856269189469,2.986508175510181,False,8,2,True,True,False
121319506043,2024-05-18,13,0.490234375,2.549682905680734,4.906400555585968,True,8,2,True,True,True
120910233041,2024-05-18,13,0.162109375,0.9847615085482369,13.036547949488785,True,13,1,True,True,True
121319506102,2024-05-18,13,2.091796875,11.650544912789353,0.936282655159378,False,12,1,True,True,False
121319501021,2024-05-18,12,4.578125,23.180010071775058,0.3201842871085368,False,11,1,True,True,False
121130108085,2024-05-18,12,0.494140625,2.2582670138453333,5.094995102199206,True,9,1,True,True,True
120910211011,2024-05-18,12,0.19921875,1.2240893316179267,9.64045755909207,True,12,1,True,True,True
120910231004,2024-05-18,12,0.373046875,2.647506690616494,4.391661470095309,True,12,1,True,True,True
120330034002,2024-05-18,12,0.12109375,0.7461475585034545,15.920317790525885,True,12,1,True,True,True
120910212005,2024-05-18,12,0.166015625,1.114649534554508,10.616775953465668,True,11,1,True,True,True
120330038001,2024-05-18,11,21.287109375,84.41335249877207,-0.12186590237782159,False,7,1,True,True,False
120330026011,2024-05-18,11,1.0234375,5.597685912355705,1.7822655033178716,False,8,1,True,True,False
121130108252,2024-05-18,11,0.86328125,6.582374271633227,1.5399790913871667,False,10,1,True,True,False
120330026052,2024-05-18,11,1.076171875,7.9558504481898655,1.2473623265829354,False,11,1,True,True,False
121130107091,2024-05-18,11,0.259765625,1.5903643146699857,6.753317007888655,True,11,1,True,True,True
120330026071,2024-05-18,11,0.8515625,7.389461839795936,1.3733662504819506,False,10,1,True,True,False
120910204004,2024-05-18,11,0.6328125,3.1013439262242404,3.342804844163681,True,11,1,True,True,True
121319506091,2024-05-18,11,0.4921875,2.362446222169275,4.447852569677283,True,6,1,True,True,True
120910205001,2024-05-18,11,0.267578125,1.5976632868752294,6.717574324431576,True,11,1,True,True,True
120910211024,2024-05-18,11,0.279296875,1.662914558100936,6.446935636454554,True,11,1,True,True,True
120050003021,2024-05-18,10,5.4453125,21.350511973861146,0.213329193490825,False,8,1,True,True,False
121130107113,2024-05-18,10,0.85546875,3.9192696430872243,2.333223299940347,False,7,1,True,True,False
121130108132,2024-05-18,10,0.16015625,1.0495243424528908,9.375526942998631,True,10,1,True,True,True
121319501031,2024-05-18,10,2.08203125,20.925857125886946,0.3783820515626499,False,10,1,True,True,False
120910205006,2024-05-18,10,0.283203125,1.4791013475191193,6.569392213250214,True,9,1,True,True,True
121319506041,2024-05-18,10,0.337890625,2.8807155972094614,3.354065699633678,True,7,1,True,True,True
121130107112,2024-05-18,10,0.115234375,0.688458347350936,14.357826676130518,True,10,1,True,True,True
120910209001,2024-05-18,10,0.171875,1.038283809033812,9.465740402083014,True,10,1,True,True,True
121130108022,2024-05-18,9,0.2265625,1.2619051465248214,6.95253325827325,True,7,1,True,True,True
120910207023,2024-05-18,9,0.560546875,6.332923175201471,1.3326315338937478,False,8,1,True,True,False
120050027062,2024-05-18,9,0.58203125,4.200119904983984,2.004221055692004,False,7,1,True,True,False
120050026071,2024-05-18,9,1.5703125,9.99231297013613,0.7435403116580707,False,9,1,True,True,False
120050027061,2024-05-18,9,0.283203125,1.8736694153540716,4.652259786902039,True,8,1,True,True,True
121130108202,2024-05-18,9,0.1796875,1.3148770525813764,6.708089157601387,True,8,1,True,True,True
121130105043,2024-05-18,9,0.384765625,2.6480436865173704,3.253433626818485,True,7,1,True,True,True
120330036143,2024-05-18,8,2.064453125,13.650435506760115,0.4348247257064095,False,8,1,True,True,False
120330036142,2024-05-18,8,1.052734375,5.338553087151484,1.3013386795235342,False,7,1,True,True,False
121130107081,2024-05-18,8,0.341796875,2.366260538726256,3.236415855171369,True,8,1,True,True,True
121130108122,2024-05-18,8,0.2421875,1.5362347227190483,5.049887484816846,True,8,1,True,True,True
120910214001,2024-05-18,8,0.40625,2.425201990901622,3.1311824864438846,True,6,1,True,True,True
121130107041,2024-05-18,8,0.07421875,0.5293345663852446,14.973103502618594,True,7,1,True,True,True
120330036031,2024-05-18,8,0.779296875,5.128879238622584,1.4078520450676857,False,7,1,True,True,False
121130107111,2024-05-18,8,0.10546875,0.9133760170555656,8.643243420655454,True,7,1,True,True,True
120330035121,2024-05-18,8,0.806640625,4.063068697963865,1.7704252400666582,False,8,1,True,True,False
121130108222,2024-05-18,8,0.1171875,0.7674502858762806,10.27143079502452,True,7,1,True,True,True
120910211012,2024-05-18,8,0.099609375,0.6590034608400908,11.988390189830968,True,8,1,True,True,True
121130102003,2024-05-18,7,12.33203125,62.835254334293744,-0.08485731945370555,False,5,1,True,True,False
120330033051,2024-05-18,7,1.47265625,6.335007755576106,0.8725078110811789,False,6,1,True,True,False
121130108121,2024-05-18,7,0.1171875,0.9579911610131148,7.184630485234482,True,7,1,True,True,True
120330026042,2024-05-18,7,0.857421875,5.840105586544332,1.0517923064871582,False,6,1,True,True,False
120910206012,2024-05-18,7,1.662109375,12.468398011231727,0.42811358926716525,False,6,1,True,True,False
121130107043,2024-05-18,7,0.279296875,1.4450540160645982,4.650831768422672,True,6,1,True,True,True
120330034003,2024-05-18,7,0.099609375,0.5629109446916275,12.258405508139756,True,7,1,True,True,True
121130108261,2024-05-18,7,0.224609375,1.6103687522882395,4.207353511655369,True,7,1,True,True,True
120910233082,2024-05-18,7,0.142578125,0.997640854079255,6.873637789551901,True,4,0,False,True,False
121319506061,2024-05-18,7,0.630859375,4.70109127146161,1.3548217333418797,False,5,1,True,True,False
120050027071,2024-05-18,7,0.7265625,5.362353141420958,1.1699038341099661,False,7,1,True,True,False
120910204003,2024-05-18,7,0.357421875,2.3713851042938874,2.8011385046537685,False,7,1,True,True,False
120330035073,2024-05-18,7,0.140625,0.7660545217754942,8.954160317599772,True,6,1,True,True,True
120910231002,2024-05-18,7,0.17578125,1.0891563796690429,6.265600493543126,True,7,1,True,True,True
121130106021,2024-05-18,6,0.228515625,1.389268114540974,4.154334440265296,True,5,1,True,True,True
121130108141,2024-05-18,6,0.3671875,3.7726403960263624,1.4930690202895869,False,6,1,True,True,False
120910209002,2024-05-18,6,0.283203125,1.4016593094315901,4.078592305942243,True,6,1,True,True,True
120330032012,2024-05-18,6,0.2265625,1.4015079591949835,4.119446815925485,True,6,1,True,True,True
120330035092,2024-05-18,6,0.2734375,1.5129698571517245,3.7849812228121116,True,6,1,True,True,True
120910209003,2024-05-18,6,0.1484375,1.3611313571542505,4.299043196120322,True,6,1,True,True,True
121130105032,2024-05-18,5,0.404296875,3.0620812495771133,1.500842972613704,False,5,1,True,True,False
121130108084,2024-05-18,5,0.212890625,0.9608734222625619,4.982039532041408,True,5,1,True,True,True
121130108273,2024-05-18,5,0.138671875,1.0290822929700527,4.72394497331174,True,4,0,False,True,False
120910212001,2024-05-18,5,0.171875,1.04766537583621,4.6084609755728145,True,5,1,True,True,True
121130108262,2024-05-18,5,0.162109375,1.3971910049296623,3.4625835751379963,True,5,1,True,True,True
121130109006,2024-05-18,5,0.04296875,0.38324673218429545,12.934307937207057,True,5,1,True,True,True
121130109002,2024-05-18,5,0.046875,0.3724226498710657,13.299741575102354,True,4,0,False,True,False
120330036121,2024-05-18,5,1.09765625,8.054014956697099,0.48452154248299617,False,5,1,True,True,False
120910209004,2024-05-18,5,0.251953125,1.4661864259920043,3.2383650474649075,True,5,1,True,True,True
120910211013,2024-05-18,5,0.171875,1.7183680192864554,2.8097153495703773,False,5,1,True,True,False
121130107082,2024-05-18,4,0.103515625,0.5551990032584518,7.018176099257404,True,3,0,False,True,False
121130107122,2024-05-18,4,0.1875,0.9931270663228412,3.838884397860777,True,4,0,False,True,False
120910233031,2024-05-18,4,0.146484375,0.9692065791676002,3.9759486860990756,True,3,0,False,True,False
120910204001,2024-05-18,4,0.17578125,0.9734033416614768,3.9287092886619237,True,4,0,False,True,False
121130107052,2024-05-18,4,0.091796875,0.5501921864452823,7.103341743637572,True,4,0,False,True,False
120330032034,2024-05-18,4,0.076171875,0.4597908502552804,8.533941297051587,True,4,0,False,True,False
120330010022,2024-05-18,4,0.19140625,1.2237395668185538,3.1122584030697666,True,3,0,False,True,False
120910220021,2024-05-18,4,0.1171875,0.7091362817856759,5.4754108621021205,True,2,0,False,True,False
120910212003,2024-05-18,4,0.08203125,0.5605328180556575,6.989722320970277,True,4,0,False,True,False
121130106011,2024-05-18,3,0.0703125,0.39928691330789107,7.337299075817471,True,3,0,False,True,False
121130108212,2024-05-18,3,0.125,0.796273119366856,3.610570205215531,True,3,0,False,True,False
120910206011,2024-05-18,3,0.0859375,0.6534849375469819,4.459264984650844,True,3,0,False,True,False
120910231003,2024-05-18,3,0.05859375,0.4602436764182369,6.390975912783771,True,3,0,False,True,False
120910219011,2024-05-18,3,0.09765625,0.5820491292368722,4.986424004800554,True,3,0,False,True,False
120910233052,2024-05-18,3,0.048828125,0.29931198625751165,9.859851962162896,True,3,0,False,True,False
121130109005,2024-05-18,3,0.009765625,0.14639284383475656,20.426096636084743,True,3,0,False,True,False
120330033122,2024-05-18,2,0.068359375,0.4164133076742616,4.638758150618523,True,2,0,False,True,False
121130107044,2024-05-18,2,0.0859375,0.48098632762077687,3.979453032413638,True,2,0,False,True,False
120910218011,2024-05-18,2,0.083984375,0.5109154361786657,3.7501619432965705,True,2,0,False,True,False
120330030022,2024-05-18,2,0.03515625,0.2228053984913043,8.81865414080927,True,2,0,False,True,False
120330035101,2024-05-18,2,0.0546875,0.32648501612390224,5.958351544261213,True,2,0,False,True,False
120910219023,2024-05-18,2,0.048828125,0.3244121489969662,6.014484602480922,True,2,0,False,True,False
120910225002,2024-05-18,2,0.076171875,0.47238682131599874,4.072569424440131,True,2,0,False,True,False
120330033102,2024-05-18,2,0.095703125,0.5635895351574083,3.378871955931789,True,2,0,False,True,False
120330006001,2024-05-18,2,0.0546875,0.411357235199621,4.729010051460479,True,2,0,False,True,False
120330035112,2024-05-18,2,0.0703125,0.40415830248034795,4.774583345578631,True,2,0,False,True,False
121130106013,2024-05-18,2,0.06640625,0.602899367034862,3.207158367920781,True,2,0,False,True,False
120330033133,2024-05-18,2,0.09765625,0.543809112899017,3.4981829191105462,True,2,0,False,True,False
120330033083,2024-05-18,2,0.076171875,0.42896429420698984,4.484821116770356,True,2,0,False,True,False
121130108133,2024-05-18,1,0.02734375,0.20567861759981043,4.72901005146048,True,1,0,False,True,False
120050026061,2024-05-18,1,0.046875,0.29634102637652837,3.216311327709878,True,1,0,False,True,False
120330011041,2024-05-18,1,0.05078125,0.2956954305890317,3.2101231598646476,True,1,0,False,True,False
121130109004,2024-05-18,1,0.02734375,0.29878156843421255,3.2554091442028326,True,1,0,False,True,False
120910226002,2024-05-18,1,0.01953125,0.19686728272079862,4.980353954448194,True,1,0,False,True,False
120330011042,2024-05-18,1,0.021484375,0.16997566232487185,5.7567984240577825,True,1,0,False,True,False
121130106012,2024-05-18,1,0.029296875,0.1800225408532614,5.392119900092023,True,1,0,False,True,False
121130106014,2024-05-18,1,0.03125,0.1953470492925833,4.959122768980469,True,1,0,False,True,False
120910228002,2024-05-18,1,0.025390625,0.2368660428602502,4.114601498936742,True,1,0,False,True,False
120910228001,2024-05-18,1,0.01953125,0.13851806879105943,7.078273315223146,True,1,0,False,True,False
120330028032,2024-05-18,1,0.02734375,0.2149827622453072,4.524345300253168,True,1,0,False,True,False
120330035051,2024-05-18,1,0.033203125,0.26702516748144384,3.620620798102055,True,1,0,False,True,False
120330038001,2024-05-28,51,21.287109375,84.41335249877207,0.3519927801165369,False,39,3,True,True,False
121130108021,2024-05-28,49,21.01953125,76.84051907170081,0.3641369044356805,False,46,1,True,True,False
121130108083,2024-05-28,18,4.466796875,17.043023464741115,0.7940611683717805,False,18,1,True,True,False
121130108094,2024-05-28,13,1.748046875,7.6145521982447875,1.4776907206169867,False,13,1,True,True,False
121130101002,2024-05-28,11,9.751953125,38.03442405252881,0.032813613091034054,False,11,1,True,True,False
120330039002,2024-05-28,8,4.677734375,24.00088983069414,0.13842260217999242,False,8,1,True,True,False
121130108082,2024-05-28,8,1.833984375,10.62276924176307,0.5804527505651268,False,8,1,True,True,False
121130104002,2024-05-28,6,3.611328125,15.867704915626064,0.1505366962456999,False,6,1,True,True,False
120330039001,2024-05-28,5,9.318359375,33.52182183274139,-0.12882233538936652,False,5,1,True,True,False
120050002013,2024-05-31,56,32.587890625,137.41519387845497,0.17037496883865863,False,46,2,True,True,False
121319503053,2024-05-31,44,43.09765625,155.89971886707394,0.005787975479092254,False,24,4,True,True,False
121319503051,2024-05-31,42,1.0,5.748819329137132,7.1318992044500185,True,35,2,True,True,True
121319505013,2024-05-31,34,15.85546875,68.12351084119011,0.26634756526713116,False,17,3,True,True,False
121319501033,2024-05-31,31,3.810546875,18.033813806426075,1.5076929049423506,False,28,1,True,True,False
121319503052,2024-05-31,31,3.205078125,18.006819038689855,1.5435775644370728,False,30,1,True,True,False
121319501024,2024-05-31,30,7.08203125,31.342079361827466,0.7312204300622293,False,27,2,True,True,False
121319503032,2024-05-31,26,1.091796875,6.01704778806884,4.1396053350931155,True,20,2,True,True,True
121319502021,2024-05-31,24,3.45703125,15.665351516515923,1.3113634078585228,False,15,3,True,True,False
121319504002,2024-05-31,23,6.1875,26.67878067963113,0.6301824735504536,False,21,1,True,True,False
120910201021,2024-05-31,20,14.96484375,70.70081622753538,0.07121779519200219,False,18,1,True,True,False
121319501022,2024-05-31,15,5.3203125,21.95634651194597,0.44086057280675056,False,10,2,True,True,False
121319503031,2024-05-31,15,0.498046875,2.3773219350617283,6.100121700439133,True,12,2,True,True,True
121319501043,2024-05-31,12,7.017578125,31.37641060509692,0.15879515148207024,False,8,1,True,True,False
121319501032,2024-05-31,11,1.8984375,9.761411982614241,0.9324022504336996,False,10,1,True,True,False
121319504003,2024-05-31,9,9.2421875,42.331604195878015,-0.0057211982536580245,False,5,1,True,True,False
121130101001,2024-05-31,9,22.0703125,111.20237249814961,-0.11753627378963959,False,9,1,True,True,False
121319505012,2024-05-31,8,13.455078125,54.720084121427625,-0.0996906019532939,False,8,1,True,True,False
120910203052,2024-05-31,7,4.34375,21.287405204774263,0.12478035601089915,False,7,1,True,True,False
121319502022,2024-05-31,2,0.068359375,0.539274394491168,3.5819253514207703,True,2,0,False,True,False
120910208001,2024-06-01,1606,66.595703125,226.04819685297892,6.810071118931438,True,383,13,True,True,True
121130108021,2024-06-01,454,21.01953125,76.84051907170081,5.634793647684508,True,146,8,True,True,True
121130103021,2024-06-01,309,4.54296875,25.73571287523765,11.830137860410389,True,214,6,True,True,True
121130103031,2024-06-01,256,6.490234375,34.901537520225176,7.1489620043360835,True,71,8,True,True,True
121130102003,2024-06-01,225,12.33203125,62.835254334293744,3.3845326322476854,True,109,8,True,True,True
121130102004,2024-06-01,173,10.314453125,70.59817626033603,2.3043873863693722,False,86,9,True,True,False
120910201011,2024-06-01,167,7.80859375,35.84990569214942,4.440497211262134,True,79,5,True,True,True
121130108271,2024-06-01,148,1.109375,7.9732766727485185,18.42286816686676,True,82,4,True,True,True
120330039003,2024-06-01,145,6.3203125,25.12463915485053,5.519668825700395,True,69,4,True,True,True
121319503053,2024-06-01,138,43.09765625,155.89971886707394,0.6087396721408931,False,68,8,True,True,False
120330039001,2024-06-01,127,9.318359375,33.52182183274139,3.5105979982883313,True,100,3,True,True,True
121130108252,2024-06-01,123,0.86328125,6.582374271633227,18.555116088787106,True,72,5,True,True,True
120330025001,2024-06-01,116,1.73828125,11.857514291832736,9.636228634251077,True,65,3,True,True,True
121130107101,2024-06-01,112,5.873046875,30.85826281003802,3.4391745827790894,True,78,3,True,True,True
120910208003,2024-06-01,103,1.517578125,9.640285843712489,10.526910043978422,True,42,5,True,True,True
120330040001,2024-06-01,96,4.2421875,25.181997761346214,3.64378606374297,True,80,3,True,True,True
120910232001,2024-06-01,92,0.96484375,5.748711620740289,15.835749339306217,True,53,4,True,True,True
121130103032,2024-06-01,91,1.19140625,6.670207469480236,13.464137983851675,True,53,3,True,True,True
120910232002,2024-06-01,84,0.96875,5.28919069049979,15.698290127663018,True,33,5,True,True,True
121319505023,2024-06-01,82,3.873046875,17.55565642460506,4.450243912013536,True,51,3,True,True,True
120330039004,2024-06-01,80,3.39453125,19.51627875325507,3.925208781782909,True,51,3,True,True,True
120330036133,2024-06-01,79,0.427734375,3.775325745558688,20.81204932248106,True,77,1,True,True,True
121130104001,2024-06-01,78,9.90234375,55.34798502701685,1.2303547494413698,False,28,6,True,True,False
120330038003,2024-06-01,77,3.66796875,26.015558896018575,2.8187759310918645,False,68,2,True,True,False
120330038002,2024-06-01,73,6.328125,32.737193310235114,2.0365788346050846,False,33,3,True,True,False
121130101001,2024-06-01,66,22.0703125,111.20237249814961,0.39504271818239295,False,16,6,True,True,False
121130101004,2024-06-01,65,12.224609375,64.1884634903211,0.8221943283150552,False,28,6,True,True,False
120330023001,2024-06-01,65,1.599609375,8.89434833658072,7.128165912307095,True,54,2,True,True,True
121130102002,2024-06-01,61,5.32421875,34.781964973978646,1.6007083352436413,False,42,3,True,True,False
120330040003,2024-06-01,58,2.484375,16.19812961829592,3.4272861316836636,True,48,2,True,True,True
120330038001,2024-06-01,56,21.287109375,84.41335249877207,0.41122511542833173,False,15,5,True,True,False
120050002013,2024-06-01,55,32.587890625,137.41519387845497,0.16309775318458394,False,10,7,True,True,False
120330040002,2024-06-01,55,0.96875,6.790332139705296,7.957084997957844,True,51,1,True,True,True
121130105061,2024-06-01,51,2.34375,11.621518269505675,4.1867378144275476,True,25,2,True,True,True
120330040004,2024-06-01,50,0.423828125,3.0975747399883815,16.004834761528933,True,49,1,True,True,True
120330036143,2024-06-01,49,2.064453125,13.650435506760115,3.438391899786353,True,23,3,True,True,True
120330036121,2024-06-01,47,1.09765625,8.054014956697099,5.699311957675364,True,36,2,True,True,True
120330036131,2024-06-01,45,1.935546875,10.023150604322845,4.2964986584584395,True,35,2,True,True,True
121130102001,2024-06-01,44,6.05859375,46.09609299080168,0.8230937545524971,False,26,2,True,True,False
121130108272,2024-06-01,43,0.30078125,2.4779574978309786,17.231618697001764,True,18,4,True,True,True
120910202001,2024-06-01,42,13.890625,58.77240381418688,0.4782750606708172,False,37,1,True,True,False
121130107071,2024-06-01,42,2.603515625,11.853353268265453,3.32365732155092,True,22,3,True,True,True
121130108282,2024-06-01,42,0.46875,3.2990243472632352,12.588949225080134,True,17,3,True,True,True
121130101002,2024-06-01,40,9.751953125,38.03442405252881,0.7952807917697096,False,20,3,True,True,False
121130108251,2024-06-01,40,0.3515625,2.8064500596621507,14.127611985646025,True,25,2,True,True,True
121130109001,2024-06-01,39,1.111328125,7.50220506356647,5.050338074468484,True,29,2,True,True,True
121319506081,2024-06-01,39,1.44140625,6.745621496117649,5.567847791581004,True,26,3,True,True,True
120910201023,2024-06-01,37,8.41796875,38.34932022114185,0.745307376641394,False,16,4,True,True,False
120330036032,2024-06-01,37,3.5546875,16.948550483830033,1.9733435335316079,False,21,2,True,True,False
121130107081,2024-06-01,36,0.341796875,2.366260538726256,15.069432355996858,True,34,1,True,True,True
120910201012,2024-06-01,34,5.34765625,32.006301886428645,0.8952094450546068,False,14,2,True,True,False
120050005001,2024-06-01,33,6.83203125,32.275888581615796,0.8107590495558087,False,10,3,True,True,False
121130107072,2024-06-01,32,0.455078125,2.6017331258360072,12.124580173788488,True,28,1,True,True,True
120330036123,2024-06-01,32,0.322265625,1.988138097730084,15.933367209836884,True,28,1,True,True,True
121130108083,2024-06-01,31,4.466796875,17.043023464741115,1.5568366246688754,False,10,3,True,True,False
121130108241,2024-06-01,31,0.61328125,4.354503637900114,6.978227893880801,True,19,2,True,True,True
120330036132,2024-06-01,30,1.86328125,9.96946705501637,2.822289154949597,False,22,2,True,True,False
120050002042,2024-06-01,29,6.548828125,30.588896444758674,0.7339647546796985,False,6,3,True,True,False
121130108231,2024-06-01,28,1.05078125,7.040097580867818,3.8279609679327806,True,20,2,True,True,True
121319506062,2024-06-01,28,1.5078125,10.349089672285661,2.559856793099855,False,22,2,True,True,False
120330026041,2024-06-01,25,1.4921875,7.282121466498447,3.2281544063976666,True,24,1,True,True,True
121130108081,2024-06-01,25,4.806640625,19.27085026929318,1.0478707007119854,False,7,3,True,True,False
121130108211,2024-06-01,25,0.232421875,1.4866278030510212,16.66024143647068,True,15,1,True,True,True
120050005002,2024-06-01,24,8.80859375,45.03147936099073,0.3373508147094055,False,9,2,True,True,False
120910212002,2024-06-01,24,1.34765625,5.8520769537157795,3.8708212364871386,True,16,2,True,True,True
121130108242,2024-06-01,23,0.373046875,2.4301385716148967,9.310972382107305,True,10,3,True,True,True
121130104002,2024-06-01,22,3.611328125,15.867704915626064,1.1588740761678369,False,7,2,True,True,False
120910208004,2024-06-01,22,0.3828125,3.119589249268038,6.929498011660391,True,15,2,True,True,True
120050003023,2024-06-01,21,8.814453125,41.20264875320031,0.2957466872576613,False,10,2,True,True,False
121130108261,2024-06-01,21,0.224609375,1.6103687522882395,12.901014500858508,True,15,1,True,True,True
120330035121,2024-06-01,21,0.806640625,4.063068697963865,4.969977343754868,True,18,1,True,True,True
120330036142,2024-06-01,20,1.052734375,5.338553087151484,3.549138748961992,True,12,2,True,True,True
121130108201,2024-06-01,20,1.4609375,9.200231719833488,2.015064735819016,False,9,2,True,True,False
120330026042,2024-06-01,20,0.857421875,5.840105586544332,3.277779458149646,True,14,1,True,True,True
120050007001,2024-06-01,20,6.94921875,39.802759290506025,0.32788634463121114,False,6,2,True,True,False
120330036144,2024-06-01,20,0.642578125,3.440745776824243,5.625937843297046,True,16,1,True,True,True
120330037003,2024-06-01,20,0.150390625,1.0685139028653015,18.576837719913385,True,19,1,True,True,True
120050002041,2024-06-01,19,7.814453125,34.00786639306215,0.32891057456288797,False,5,1,True,True,False
121130101003,2024-06-01,19,5.4296875,43.05486121072455,0.31518653453746975,False,15,1,True,True,False
121130105041,2024-06-01,19,0.58984375,3.164092567534893,5.818463226675803,True,10,2,True,True,True
120330036034,2024-06-01,19,1.140625,10.981203919895702,1.6263585605256319,False,15,1,True,True,False
121319505011,2024-06-01,19,4.216796875,23.967400215414717,0.6168046176110553,False,5,2,True,True,False
120330010011,2024-06-01,18,0.24609375,1.524100060084863,11.648779968561545,True,16,1,True,True,True
121319506052,2024-06-01,18,2.744140625,16.978718256217732,0.8985283308657996,False,7,2,True,True,False
120330037002,2024-06-01,18,0.2890625,1.6840559731042033,10.516834228112744,True,18,1,True,True,True
121130103011,2024-06-01,17,0.33203125,1.887000896285736,8.833047606287984,True,15,1,True,True,True
121130108273,2024-06-01,17,0.138671875,1.0290822929700527,16.3848199897952,True,8,2,True,True,True
120910231004,2024-06-01,17,0.373046875,2.647506690616494,6.2802308239411,True,8,2,True,True,True
121319506091,2024-06-01,17,0.4921875,2.362446222169275,6.98759292173093,True,8,1,True,True,True
120050003022,2024-06-01,16,7.248046875,35.08913720788649,0.24942058487072027,False,5,1,True,True,False
120330033051,2024-06-01,16,1.47265625,6.335007755576106,2.2931848405730775,False,12,1,True,True,False
120330026021,2024-06-01,16,1.03125,5.591001296639227,2.6772932442347623,False,12,1,True,True,False
120910214001,2024-06-01,16,0.40625,2.425201990901622,6.429876793150199,True,12,1,True,True,True
120910203052,2024-06-01,16,4.34375,21.287405204774263,0.5475655622595927,False,6,2,True,True,False
121319506053,2024-06-01,16,1.599609375,9.622921909181514,1.4964675761589796,False,9,1,True,True,False
121319506101,2024-06-01,16,2.51953125,18.67613590189436,0.7218018127953678,False,12,1,True,True,False
120330003001,2024-06-01,16,0.34765625,2.6246301342260177,5.963637903066197,True,14,1,True,True,True
120330008022,2024-06-01,16,0.078125,0.7824831266194989,20.347882859514222,True,16,1,True,True,True
121130108281,2024-06-01,16,0.119140625,1.0724557311397067,14.807939305917357,True,7,1,True,True,True
121319505013,2024-06-01,15,15.85546875,68.12351084119011,-0.012557613949085408,False,7,1,True,True,False
121130107084,2024-06-01,15,0.208984375,1.4063308576449516,10.517450815072852,True,14,1,True,True,True
120330011031,2024-06-01,15,0.345703125,1.9413164309504716,7.5486389757826515,True,10,1,True,True,True
120330036122,2024-06-01,15,0.48828125,3.296778267076822,4.401787919715695,True,11,2,True,True,True
120330008011,2024-06-01,15,0.333984375,2.755492175085413,5.322466801977179,True,14,1,True,True,True
120910203061,2024-06-01,14,4.181640625,26.602462528256105,0.3690770869264948,False,8,1,True,True,False
121130107083,2024-06-01,14,0.10546875,0.8872930838421157,15.659460783616773,True,13,1,True,True,True
120910215021,2024-06-01,14,0.220703125,1.537566473114764,8.96175685145257,True,11,2,True,True,True
120910220012,2024-06-01,14,0.0546875,0.6598178453490756,21.135094478419653,True,11,1,True,True,True
121319505012,2024-06-01,13,13.455078125,54.720084121427625,-0.008316473417514314,False,5,1,True,True,False
120330026022,2024-06-01,13,0.1953125,1.2778932867990904,10.020153977077074,True,11,1,True,True,True
120330011011,2024-06-01,13,0.4453125,2.885441135761601,4.351046134471303,True,11,1,True,True,True
121130107043,2024-06-01,13,0.279296875,1.4450540160645982,8.802925692454771,True,10,1,True,True,True
120910203051,2024-06-01,13,3.583984375,15.96941724137451,0.5896280047467499,False,7,1,True,True,False
120330016001,2024-06-01,13,0.1640625,1.1210656361113154,11.449764479914418,True,13,1,True,True,True
120910231002,2024-06-01,13,0.17578125,1.0891563796690429,11.774451299543266,True,5,1,True,True,True
120910221002,2024-06-01,13,0.064453125,0.6238461707545908,20.735154724687085,True,12,1,True,True,True
121130108142,2024-06-01,12,0.3671875,2.01897493415243,5.761741913295956,True,7,2,True,True,True
121130108022,2024-06-01,12,0.2265625,1.2619051465248214,9.329891024236677,True,9,1,True,True,True
120910233031,2024-06-01,12,0.146484375,0.9692065791676002,12.230122947762439,True,10,1,True,True,True
121319506102,2024-06-01,12,2.091796875,11.650544912789353,0.8504497600042121,False,8,1,True,True,False
120330019001,2024-06-01,12,0.111328125,0.9201530299799122,12.920320302873469,True,10,1,True,True,True
120330010022,2024-06-01,12,0.19140625,1.2237395668185538,9.649597079466568,True,11,1,True,True,True
121130109003,2024-06-01,11,1.0078125,7.076872941223625,1.411949540847953,False,9,1,True,True,False
120910203062,2024-06-01,11,1.427734375,6.371003013420702,1.5024738812453464,False,8,1,True,True,False
120330036033,2024-06-01,11,1.181640625,6.99512094736385,1.4036010883700452,False,10,1,True,True,False
121319506051,2024-06-01,11,0.3359375,2.5297520240780145,4.2154576411048,True,6,1,True,True,True
120050026071,2024-06-01,11,1.5703125,9.99231297013613,0.9436941705271202,False,5,1,True,True,False
120330037001,2024-06-01,10,0.486328125,3.325141227339295,2.8611331743682453,False,8,1,True,True,False
120330010013,2024-06-01,10,0.09375,0.605745485294765,16.353815654407175,True,10,1,True,True,True
121319506043,2024-06-01,10,0.490234375,2.549682905680734,3.729783654199544,True,6,1,True,True,True
120910229003,2024-06-01,10,0.263671875,2.2571496741285872,4.313550065641475,True,7,1,True,True,True
120330035062,2024-06-01,10,0.1171875,0.7900664467089236,12.508837125241223,True,9,1,True,True,True
120330036111,2024-06-01,10,0.16015625,0.9330496129546562,10.5458955380095,True,6,1,True,True,True
120910215012,2024-06-01,10,0.154296875,1.0950971924044617,8.99071168594833,True,9,1,True,True,True
120910231001,2024-06-01,9,0.15234375,0.9793535823871982,9.034179696809423,True,6,1,True,True,True
120330020001,2024-06-01,9,0.126953125,1.0210581661298015,8.690050351031637,True,8,1,True,True,True
120330036141,2024-06-01,9,0.869140625,5.312583817112478,1.5304905588142466,False,5,1,True,True,False
120910215011,2024-06-01,9,0.189453125,1.315735749077001,6.696289039178778,True,7,1,True,True,True
120330034001,2024-06-01,9,0.19921875,1.1834472247039547,7.436564188319897,True,5,1,True,True,True
120910224001,2024-06-01,9,0.173828125,1.0005177689664546,8.821604322047701,True,8,1,True,True,True
121130108212,2024-06-01,8,0.125,0.796273119366856,9.889822736025149,True,6,1,True,True,True
120330033012,2024-06-01,8,0.455078125,2.9724655526338593,2.538270584267849,False,7,1,True,True,False
120910233051,2024-06-01,8,0.19921875,1.8953438093330985,4.115760534625539,True,8,1,True,True,True
121319506111,2024-06-01,8,0.64453125,3.8669923099794627,1.9021162082525744,False,7,1,True,True,False
120330020002,2024-06-01,8,0.091796875,0.577946880452059,13.683269851399414,True,8,1,True,True,True
120330030011,2024-06-01,8,0.046875,0.4075486356386915,19.514542080446983,True,8,1,True,True,True
120330011012,2024-06-01,7,0.185546875,1.2012493878174912,5.6728046599723525,True,7,1,True,True,True
121130108122,2024-06-01,7,0.2421875,1.5362347227190483,4.398945291406417,True,4,0,False,True,False
120330010021,2024-06-01,7,0.234375,1.4630979383825988,4.624177795971164,True,6,1,True,True,True
121319506061,2024-06-01,7,0.630859375,4.70109127146161,1.3548217333418797,False,6,1,True,True,False
120910231003,2024-06-01,7,0.05859375,0.4602436764182369,15.082024166024915,True,4,0,False,True,False
121130108221,2024-06-01,6,0.21875,1.4507572757666323,3.984987769194526,True,4,0,False,True,False
121130103012,2024-06-01,6,0.19140625,1.2157175065667987,4.777914045511725,True,6,1,True,True,True
120330032012,2024-06-01,6,0.2265625,1.4015079591949835,4.119446815925485,True,4,0,False,True,False
120050026092,2024-06-01,6,0.216796875,1.2843598898149844,4.502790199897231,True,5,1,True,True,True
121130108262,2024-06-01,6,0.162109375,1.3971910049296623,4.178305331484647,True,2,0,False,True,False
120910229002,2024-06-01,6,0.146484375,1.531159513481229,3.8229299909396803,True,6,1,True,True,True
120330017001,2024-06-01,6,0.2421875,1.5640085672509736,3.681445626682462,True,3,0,False,True,False
120910209001,2024-06-01,6,0.171875,1.038283809033812,5.613229205050818,True,2,0,False,True,False
121130108202,2024-06-01,6,0.1796875,1.3148770525813764,4.426507017194893,True,5,1,True,True,True
120910227001,2024-06-01,6,0.072265625,0.4430948175818648,13.378026868718251,True,3,0,False,True,False
120910227003,2024-06-01,6,0.05859375,0.40117778535193405,14.809908392080805,True,3,0,False,True,False
120910225003,2024-06-01,6,0.0703125,0.51488366250055,11.51655787872987,True,3,0,False,True,False
120330021001,2024-06-01,6,0.103515625,0.7474858995391054,7.888422214567166,True,5,1,True,True,True
120330021002,2024-06-01,6,0.083984375,0.7069527118143639,8.368332882996938,True,6,1,True,True,True
120910220013,2024-06-01,6,0.0546875,0.6538591594459695,9.09265002120274,True,4,0,False,True,False
120330012022,2024-06-01,5,0.08984375,0.5342793077307749,9.190242217791903,True,4,0,False,True,False
121130105033,2024-06-01,5,0.626953125,6.137649372337854,0.712495388659566,False,5,1,True,True,False
121130108144,2024-06-01,5,0.169921875,1.2777003535622702,3.780290199915485,True,3,0,False,True,False
120050027101,2024-06-01,5,0.09765625,0.5473958764887337,8.955755716404083,True,5,1,True,True,True
120330033013,2024-06-01,5,0.193359375,1.671598495479121,2.875475563061152,False,5,1,True,True,False
120910225001,2024-06-01,5,0.060546875,0.3834212219151059,12.88257624428951,True,4,0,False,True,False
121130108222,2024-06-01,5,0.1171875,0.7674502858762806,6.362382801675247,True,4,0,False,True,False
120910219021,2024-06-01,5,0.07421875,0.601985767267111,8.182554335731247,True,4,0,False,True,False
120910219024,2024-06-01,5,0.087890625,0.5613879254904733,8.74993770254034,True,3,0,False,True,False
120330009003,2024-06-01,5,0.02734375,0.26400938243127225,18.83514973675035,True,5,1,True,True,True
120330015001,2024-06-01,5,0.056640625,0.4497388280480258,10.991622396614861,True,5,1,True,True,True
120330010014,2024-06-01,5,0.064453125,0.5645652725042588,8.74220770453565,True,3,0,False,True,False
120330032013,2024-06-01,4,0.125,0.6318363879478842,6.1329168023789435,True,1,0,False,True,False
120330013002,2024-06-01,4,0.0859375,0.6884833298628382,5.685050501919592,True,4,0,False,True,False
121130108232,2024-06-01,4,0.173828125,1.1582506690176544,3.303405711170524,True,3,0,False,True,False
121130107082,2024-06-01,4,0.103515625,0.5551990032584518,7.018176099257404,True,4,0,False,True,False
121130108132,2024-06-01,4,0.16015625,1.0495243424528908,3.658651443020109,True,2,0,False,True,False
121130108143,2024-06-01,4,0.064453125,0.43088460157308744,9.133644740684579,True,3,0,False,True,False
120330033101,2024-06-01,4,0.072265625,0.4688457990821988,8.377454554757316,True,2,0,False,True,False
120910211011,2024-06-01,4,0.19921875,1.2240893316179267,3.1049868272084025,True,3,0,False,True,False
120330030021,2024-06-01,4,0.130859375,0.8442651268719173,4.58285022305201,True,2,0,False,True,False
121319506073,2024-06-01,4,0.123046875,0.8500581848106639,4.56080912374666,True,2,0,False,True,False
120910217002,2024-06-01,4,0.103515625,0.6153828329312869,6.33180544936501,True,3,0,False,True,False
120910233041,2024-06-01,4,0.162109375,0.9847615085482369,3.89727928202426,True,4,0,False,True,False
120330003002,2024-06-01,4,0.044921875,0.3647018375108046,10.844689327573864,True,3,0,False,True,False
120330034004,2024-06-01,4,0.103515625,0.5827152716533213,6.686772364734182,True,2,0,False,True,False
120330018002,2024-06-01,4,0.046875,0.3028727426473822,13.052098929227192,True,4,0,False,True,False
120910211021,2024-06-01,4,0.158203125,0.9933098586511376,3.867672148363611,True,3,0,False,True,False
120910216001,2024-06-01,4,0.119140625,0.673415254824635,5.762951384299454,True,2,0,False,True,False
120910219023,2024-06-01,4,0.048828125,0.3244121489969662,12.179481832651557,True,3,0,False,True,False
120910224002,2024-06-01,4,0.0625,0.515892250465172,7.632407729423378,True,2,0,False,True,False
120910220021,2024-06-01,4,0.1171875,0.7091362817856759,5.4754108621021205,True,3,0,False,True,False
120910219011,2024-06-01,4,0.09765625,0.5820491292368722,6.704492033372482,True,3,0,False,True,False
120910221001,2024-06-01,4,0.095703125,0.8762026087024991,4.455929297884165,True,4,0,False,True,False
120330031003,2024-06-01,4,0.078125,0.4658073814722679,8.419520935035871,True,3,0,False,True,False
120330011044,2024-06-01,4,0.03125,0.2402705585201506,16.517837326570145,True,3,0,False,True,False
120910226001,2024-06-01,4,0.05078125,0.36660949192495246,10.772276323954081,True,3,0,False,True,False
120330033133,2024-06-01,4,0.09765625,0.543809112899017,7.175944016820197,True,3,0,False,True,False
120330031001,2024-06-01,4,0.126953125,0.995830885440525,3.8892616523805477,True,2,0,False,True,False
120330011013,2024-06-01,4,0.044921875,0.4149052585016122,9.532484932303243,True,4,0,False,True,False
120330010012,2024-06-01,3,0.07421875,0.5256245702451524,5.566294681839948,True,3,0,False,True,False
120330012013,2024-06-01,3,0.072265625,0.485254531783515,6.0333993466054645,True,3,0,False,True,False
120330001001,2024-06-01,3,0.13671875,0.856001819204498,3.344947622495607,True,3,0,False,True,False
120910216002,2024-06-01,3,0.03515625,0.2630811989123036,11.26969073524829,True,2,0,False,True,False
120330032033,2024-06-01,3,0.109375,0.6063509282098118,4.767247588016844,True,3,0,False,True,False
120330011014,2024-06-01,3,0.021484375,0.20157730218786685,14.776046671286784,True,3,0,False,True,False
121319506042,2024-06-01,3,0.0859375,0.5838980120312209,4.990704609290887,True,2,0,False,True,False
120050026061,2024-06-01,3,0.046875,0.29634102637652837,9.965292474379787,True,3,0,False,True,False
120330035123,2024-06-01,3,0.109375,0.8484762444392242,3.406842582741341,True,1,0,False,True,False
120330014022,2024-06-01,3,0.09375,0.5551749076482041,5.234836733366189,True,2,0,False,True,False
120330004001,2024-06-01,3,0.029296875,0.23641379224652606,12.565692960511496,True,3,0,False,True,False
120910225002,2024-06-01,3,0.076171875,0.47238682131599874,6.189478607499367,True,3,0,False,True,False
120330006001,2024-06-01,3,0.0546875,0.411357235199621,7.159987106026509,True,2,0,False,True,False
120330008023,2024-06-01,3,0.033203125,0.36057018032734184,8.228070530698375,True,3,0,False,True,False
120330013001,2024-06-01,3,0.044921875,0.2999243116360724,9.852746210802964,True,3,0,False,True,False
120910224003,2024-06-01,3,0.037109375,0.2808113833580887,10.551177055460544,True,2,0,False,True,False
120910210012,2024-06-01,3,0.078125,0.5324591253387958,5.487510422778189,True,3,0,False,True,False
120330033083,2024-06-01,3,0.076171875,0.42896429420698984,6.8160174739139325,True,3,0,False,True,False
120910220022,2024-06-01,3,0.072265625,0.5314496142765346,5.5089594504373505,True,3,0,False,True,False
120330036113,2024-06-01,2,0.1171875,0.5435419642746941,3.463968973421283,True,2,0,False,True,False
121130107044,2024-06-01,2,0.0859375,0.48098632762077687,3.979453032413638,True,2,0,False,True,False
120910226003,2024-06-01,2,0.0234375,0.1753874659415357,11.269690735248291,True,2,0,False,True,False
120910233032,2024-06-01,2,0.044921875,0.265301943238465,7.369256708544687,True,2,0,False,True,False
120050026051,2024-06-01,2,0.08984375,0.6063383209819365,3.1503142451999264,True,2,0,False,True,False
121130107052,2024-06-01,2,0.091796875,0.5501921864452823,3.46824831760815,True,2,0,False,True,False
120330035071,2024-06-01,2,0.080078125,0.41901197007548163,4.582021546196262,True,2,0,False,True,False
120330004002,2024-06-01,2,0.03125,0.23198285920889045,8.486618393763422,True,2,0,False,True,False
120330035122,2024-06-01,2,0.05078125,0.4118586753889625,4.732736898546918,True,2,0,False,True,False
120330011041,2024-06-01,2,0.05078125,0.2956954305890317,6.591981303590367,True,1,0,False,True,False
120910233062,2024-06-01,2,0.068359375,0.5606248643281314,3.445513654330927,True,1,0,False,True,False
120330022003,2024-06-01,2,0.037109375,0.43858632952273713,4.475494316332174,True,2,0,False,True,False
120330006002,2024-06-01,2,0.029296875,0.3768251004261187,5.229755456235541,True,2,0,False,True,False
120910226002,2024-06-01,2,0.01953125,0.19686728272079862,10.059918147032805,True,2,0,False,True,False
121319506092,2024-06-01,2,0.08203125,0.5054588264583163,3.794510352977621,True,1,0,False,True,False
120330011043,2024-06-01,2,0.025390625,0.19114405728666492,10.330477457840159,True,1,0,False,True,False
120910219022,2024-06-01,2,0.05859375,0.37599753168819666,5.163348390302597,True,2,0,False,True,False
120910218024,2024-06-01,2,0.03515625,0.2630811989123034,7.468582924677066,True,2,0,False,True,False
120910228002,2024-06-01,2,0.025390625,0.2368660428602502,8.336397024899892,True,2,0,False,True,False
120910215022,2024-06-01,2,0.041015625,0.2584716175033432,7.579108274720576,True,2,0,False,True,False
120910233052,2024-06-01,2,0.048828125,0.29931198625751165,6.518856459431325,True,2,0,False,True,False
120330036082,2024-06-01,2,0.091796875,0.5357759463861992,3.5615692303299573,True,1,0,False,True,False
120330033112,2024-06-01,2,0.013671875,0.14607920053104298,13.59761086985063,True,2,0,False,True,False
120330004003,2024-06-01,2,0.037109375,0.2737537921173516,7.170277386179755,True,2,0,False,True,False
120330022004,2024-06-01,2,0.0390625,0.4131373685868856,4.746453962049674,True,2,0,False,True,False
120910218022,2024-06-01,2,0.041015625,0.2802664090278288,6.989722320970276,True,2,0,False,True,False
120910215013,2024-06-01,2,0.03515625,0.25553438691550245,7.689155943813209,True,2,0,False,True,False
120330030022,2024-06-01,1,0.03515625,0.2228053984913043,4.33043255025823,True,1,0,False,True,False
120910233081,2024-06-01,1,0.033203125,0.20953562893818448,4.613997533017245,True,1,0,False,True,False
120330035102,2024-06-01,1,0.04296875,0.3098345227808698,3.0888463990723833,True,1,0,False,True,False
120910210013,2024-06-01,1,0.05078125,0.3086479812358074,3.0754089049906854,True,1,0,False,True,False
121130109004,2024-06-01,1,0.02734375,0.29878156843421255,3.2554091442028326,True,1,0,False,True,False
120910233042,2024-06-01,1,0.021484375,0.18112321802472506,5.402485863885342,True,1,0,False,True,False
120330033111,2024-06-01,1,0.025390625,0.20112171678081175,4.845868415404177,True,1,0,False,True,False
120330029004,2024-06-01,1,0.033203125,0.31416508453751796,3.077353030567418,True,1,0,False,True,False
120330011042,2024-06-01,1,0.021484375,0.16997566232487185,5.7567984240577825,True,1,0,False,True,False
120330005002,2024-06-01,1,0.021484375,0.15804376437533252,6.191421906884969,True,1,0,False,True,False
121130106014,2024-06-01,1,0.03125,0.1953470492925833,4.959122768980469,True,1,0,False,True,False
120910227002,2024-06-01,1,0.03125,0.20512036464518152,4.722836767942324,True,1,0,False,True,False
120910228001,2024-06-01,1,0.01953125,0.13851806879105943,7.078273315223146,True,1,0,False,True,False
120050026041,2024-06-01,1,0.033203125,0.21867572823560855,4.4211439596000375,True,1,0,False,True,False
120330035051,2024-06-01,1,0.033203125,0.26702516748144384,3.620620798102055,True,1,0,False,True,False
120330033113,2024-06-01,1,0.0234375,0.1753874659415358,5.568029019391445,True,1,0,False,True,False
120330009001,2024-06-01,1,0.021484375,0.15804376437533255,6.191421906884968,True,1,0,False,True,False
120330010015,2024-06-01,1,0.017578125,0.14565995891162747,6.744625512327925,True,1,0,False,True,False
120330012011,2024-06-01,1,0.029296875,0.2600637693700206,3.7325580850859565,True,1,0,False,True,False
120910233072,2024-06-01,1,0.0078125,0.088128508729472,11.258416990190053,True,1,0,False,True,False
121130101001,2024-06-02,388,22.0703125,111.20237249814961,3.2906643921296643,True,310,2,True,True,True
121130101002,2024-06-02,98,9.751953125,38.03442405252881,2.3202151491270606,False,93,2,True,True,False
121130101004,2024-06-02,46,12.224609375,64.1884634903211,0.5261909818123774,False,34,2,True,True,False
120910201021,2024-06-02,31,14.96484375,70.70081622753538,0.22680298623985182,False,29,1,True,True,False
121130104001,2024-06-02,23,9.90234375,55.34798502701685,0.2366419706807155,False,16,2,True,True,False
120330026052,2024-06-02,13,1.076171875,7.9558504481898655,1.4987496563252944,False,12,1,True,True,False
120330039001,2024-06-02,6,9.318359375,33.52182183274139,-0.09899102117889358,False,5,1,True,True,False
120330027011,2024-06-02,6,0.623046875,4.707542361142082,1.1421996261538716,False,6,1,True,True,False
120330026011,2024-06-02,6,1.0234375,5.597685912355705,0.8890392526338953,False,6,1,True,True,False
121319501041,2024-06-02,5,6.0078125,27.330189781327274,-0.03687542999385115,False,5,1,True,True,False
120330033132,2024-06-02,2,0.048828125,0.40004720092105994,4.8773541484796405,True,2,0,False,True,False
120330033111,2024-06-02,1,0.025390625,0.20112171678081175,4.845868415404177,True,1,0,False,True,False
120330038001,2024-06-03,251,21.287109375,84.41335249877207,2.7212861925883294,False,177,3,True,True,False
120910201021,2024-06-03,211,14.96484375,70.70081622753538,2.7727424761137547,False,123,5,True,True,False
120910202001,2024-06-03,150,13.890625,58.77240381418688,2.3158721809357914,False,57,4,True,True,False
120330039002,2024-06-03,124,4.677734375,24.00088983069414,4.971576740142432,True,111,2,True,True,True
120330039001,2024-06-03,115,9.318359375,33.52182183274139,3.1526222277626563,True,89,3,True,True,True
120910203051,2024-06-03,70,3.583984375,15.96941724137451,4.158950487743877,True,33,4,True,True,True
120910201022,2024-06-03,69,7.45703125,36.83514484388862,1.6707676598212344,False,32,3,True,True,False
120910203052,2024-06-03,63,4.34375,21.287405204774263,2.7554438615583257,False,40,2,True,True,False
120330038002,2024-06-03,59,6.328125,32.737193310235114,1.608930689349365,False,36,3,True,True,False
121319504003,2024-06-03,49,9.2421875,42.331604195878015,0.9391992875117964,False,40,2,True,True,False
120330040003,2024-06-03,47,2.484375,16.19812961829592,2.7481953811333404,False,46,1,True,True,False
121319504002,2024-06-03,42,6.1875,26.67878067963113,1.3423589492357246,False,40,1,True,True,False
121130101001,2024-06-03,34,22.0703125,111.20237249814961,0.10727907356651503,False,21,3,True,True,False
120910201023,2024-06-03,27,8.41796875,38.34932022114185,0.4845465615256405,False,18,2,True,True,False
121130108021,2024-06-03,26,21.01953125,76.84051907170081,0.06481565728821619,False,16,2,True,True,False
120330039003,2024-06-03,24,6.3203125,25.12463915485053,0.703679260467579,False,15,2,True,True,False
121130101002,2024-06-03,24,9.751953125,38.03442405252881,0.3746092449125093,False,23,2,True,True,False
120330040001,2024-06-03,21,4.2421875,25.181997761346214,0.6654679528930328,False,19,1,True,True,False
120910203041,2024-06-03,18,0.623046875,3.2224287514953387,5.39250188757048,True,14,2,True,True,True
121130101004,2024-06-03,16,12.224609375,64.1884634903211,0.05881727680814928,False,9,2,True,True,False
120330038003,2024-06-03,13,3.66796875,26.015558896018575,0.35870962016611435,False,9,2,True,True,False
120050003011,2024-06-03,12,1.71484375,6.352706742019331,1.619019524696439,False,11,1,True,True,False
121130108081,2024-06-03,12,4.806640625,19.27085026929318,0.37327669897690713,False,10,1,True,True,False
121130108083,2024-06-03,11,4.466796875,17.043023464741115,0.38333592267334476,False,10,1,True,True,False
121319505012,2024-06-03,10,13.455078125,54.720084121427625,-0.06314095053898207,False,10,1,True,True,False
121319501043,2024-06-03,10,7.017578125,31.37641060509692,0.09505299737872255,False,8,1,True,True,False
120910203042,2024-06-03,10,2.072265625,11.657903106362172,0.6800309028708196,False,7,1,True,True,False
120910204004,2024-06-03,10,0.6328125,3.1013439262242404,3.020363985043145,True,5,1,True,True,True
120910201012,2024-06-03,9,5.34765625,32.006301886428645,0.11411326941050542,False,5,1,True,True,False
120910203032,2024-06-03,9,0.87109375,4.343267995825453,1.871610560944691,False,5,1,True,True,False
120330040002,2024-06-03,8,0.96875,6.790332139705296,1.0354795399308936,False,8,1,True,True,False
121130104001,2024-06-03,8,9.90234375,55.34798502701685,-0.03437060534491752,False,6,1,True,True,False
120910207012,2024-06-03,8,0.380859375,2.54921515179993,2.9888181935606086,False,8,1,True,True,False
120910203031,2024-06-03,8,0.568359375,2.765317568764112,2.6874456333495838,False,6,1,True,True,False
120050003023,2024-06-03,7,8.814453125,41.20264875320031,-0.04403729323006369,False,5,1,True,True,False
120050003021,2024-06-03,7,5.4453125,21.350511973861146,0.07281734048829189,False,6,1,True,True,False
120330036131,2024-06-03,6,1.935546875,10.023150604322845,0.4055065403533953,False,5,1,True,True,False
121130102003,2024-06-03,5,12.33203125,62.835254334293744,-0.11668658506564492,False,5,1,True,True,False
120910207023,2024-06-03,5,0.560546875,6.332923175201471,0.7010116816802797,False,5,1,True,True,False
120330028031,2024-06-03,1,0.01171875,0.10772225920023017,9.174345741886263,True,1,0,False,True,False
120910206021,2024-06-03,1,0.02734375,0.23247661540965528,4.183888552773568,True,1,0,False,True,False
120910208001,2024-06-04,36,66.595703125,226.04819685297892,-0.1353503524953988,False,33,1,True,True,False
120910201011,2024-06-04,12,7.80859375,35.84990569214942,0.11691540518941598,False,12,1,True,True,False
121130101002,2024-06-06,54,9.751953125,38.03442405252881,1.1633683952697598,False,54,1,True,True,False
120330038001,2024-06-06,46,21.287109375,84.41335249877207,0.2927604448047421,False,36,2,True,True,False
121130101001,2024-06-06,22,22.0703125,111.20237249814961,-0.0006322931644391848,False,20,1,True,True,False
121130104001,2024-06-06,21,9.90234375,55.34798502701685,0.2005069605439644,False,9,3,True,True,False
121130104002,2024-06-06,19,3.611328125,15.867704915626064,0.9698108174324362,False,19,1,True,True,False
121130103032,2024-06-06,17,1.19140625,6.670207469480236,2.3700302910116013,False,17,1,True,True,False
120910201021,2024-06-06,14,14.96484375,70.70081622753538,-0.013646854470461243,False,13,1,True,True,False
120330039001,2024-06-06,14,9.318359375,33.52182183274139,0.13965949250488988,False,14,1,True,True,False
121130109003,2024-06-06,14,1.0078125,7.076872941223625,1.8358655875137966,False,14,1,True,True,False
121130107083,2024-06-06,13,0.10546875,0.8872930838421157,14.532437460421413,True,12,1,True,True,True
121130102003,2024-06-06,11,12.33203125,62.835254334293744,-0.021198788229826807,False,8,2,True,True,False
120910203051,2024-06-06,11,3.583984375,15.96941724137451,0.4643886193784297,False,10,1,True,True,False
120330036143,2024-06-06,9,2.064453125,13.650435506760115,0.5080824616595788,False,9,1,True,True,False
121130107101,2024-06-06,9,5.873046875,30.85826281003802,0.10133276601632998,False,5,1,True,True,False
120330023001,2024-06-06,9,1.599609375,8.89434833658072,0.8320329207889955,False,9,1,True,True,False
120910203042,2024-06-06,9,2.072265625,11.657903106362172,0.5942521834153233,False,9,1,True,True,False
121130102001,2024-06-06,8,6.05859375,46.09609299080168,0.0421165032443726,False,8,1,True,True,False
121130103031,2024-06-06,8,6.490234375,34.901537520225176,0.04325785430298314,False,5,1,True,True,False
121130105061,2024-06-06,8,2.34375,11.621518269505675,0.4867049097054503,False,7,1,True,True,False
120910203041,2024-06-06,8,0.623046875,3.2224287514953387,2.289252515382006,False,8,1,True,True,False
120330039002,2024-06-06,7,4.677734375,24.00088983069414,0.09675748030100587,False,7,1,True,True,False
121130102002,2024-06-06,7,5.32421875,34.781964973978646,0.0481796025973144,False,7,1,True,True,False
120330036033,2024-06-06,7,1.181640625,6.99512094736385,0.8317739491255947,False,6,1,True,True,False
120910203031,2024-06-06,7,0.568359375,2.765317568764112,2.3258235139606254,False,7,1,True,True,False
120330033133,2024-06-06,7,0.09765625,0.543809112899017,12.692585663384673,True,7,1,True,True,True
121130102004,2024-06-06,6,10.314453125,70.59817626033603,-0.06111281273173591,False,5,1,True,True,False
120330036142,2024-06-06,6,1.052734375,5.338553087151484,0.9267053346171247,False,6,1,True,True,False
120330033131,2024-06-06,6,0.12109375,0.6263805691565072,9.385518228824719,True,6,1,True,True,True
121130101004,2024-06-06,5,12.224609375,64.1884634903211,-0.11255308169340103,False,5,1,True,True,False
121130103021,2024-06-06,5,4.54296875,25.73571287523765,0.01775863960775478,False,5,1,True,True,False
121319506062,2024-06-06,5,1.5078125,10.349089672285661,0.33743909953277357,False,5,1,True,True,False
120330036082,2024-06-06,5,0.091796875,0.5357759463861992,9.160924744953105,True,5,1,True,True,True
120330034004,2024-06-06,3,0.103515625,0.5827152716533213,4.970668379398893,True,3,0,False,True,False
121130107082,2024-06-06,2,0.103515625,0.5551990032584518,3.4158641565809216,True,2,0,False,True,False
120330011043,2024-06-06,1,0.025390625,0.19114405728666492,5.098821218063541,True,1,0,False,True,False
121130101001,2024-06-10,167,22.0703125,111.20237249814961,1.3032967215012576,False,115,3,True,True,False
121130101004,2024-06-10,51,12.224609375,64.1884634903211,0.6040865993130821,False,46,1,True,True,False
121319503053,2024-06-10,42,43.09765625,155.89971886707394,-0.007040784024350317,False,40,2,True,True,False
120910208001,2024-06-10,29,66.595703125,226.04819685297892,-0.16631719982023185,False,24,1,True,True,False
121130108081,2024-06-10,28,4.806640625,19.27085026929318,1.2035462395739267,False,26,1,True,True,False
120330036032,2024-06-10,22,3.5546875,16.948550483830033,1.0883120959280836,False,20,2,True,True,False
120910201021,2024-06-10,21,14.96484375,70.70081622753538,0.08536190346907943,False,13,2,True,True,False
120910201023,2024-06-10,20,8.41796875,38.34932022114185,0.302013990944613,False,14,2,True,True,False
121130101002,2024-06-10,18,9.751953125,38.03442405252881,0.2168574148410592,False,11,1,True,True,False
120910201011,2024-06-10,16,7.80859375,35.84990569214942,0.2284917098622603,False,13,1,True,True,False
121130105062,2024-06-10,15,0.4375,2.1949951967816066,6.634410873131816,True,15,1,True,True,True
121130104002,2024-06-10,14,3.611328125,15.867704915626064,0.6547053862067684,False,14,1,True,True,False
121130101003,2024-06-10,13,5.4296875,43.05486121072455,0.1758294484552724,False,9,1,True,True,False
121130108021,2024-06-10,11,21.01953125,76.84051907170081,-0.13039385172099963,False,11,1,True,True,False
120910201022,2024-06-10,11,7.45703125,36.83514484388862,0.09618446635721102,False,9,1,True,True,False
120910202001,2024-06-10,9,13.890625,58.77240381418688,-0.08321294829903601,False,9,1,True,True,False
121130105051,2024-06-10,9,1.58984375,11.621044005252527,0.6376497883194253,False,9,1,True,True,False
121319502021,2024-06-10,8,3.45703125,15.665351516515923,0.2900010730822328,False,8,1,True,True,False
121319501022,2024-06-10,8,5.3203125,21.95634651194597,0.12204614727418518,False,8,1,True,True,False
121130104001,2024-06-10,8,9.90234375,55.34798502701685,-0.03437060534491752,False,8,1,True,True,False
121130105043,2024-06-10,7,0.384765625,2.6480436865173704,2.4981590782213123,False,7,1,True,True,False
121130105033,2024-06-10,6,0.626953125,6.137649372337854,0.8754242135785913,False,6,1,True,True,False
121130108083,2024-06-10,6,4.466796875,17.043023464741115,0.08996074717446206,False,6,1,True,True,False
121319502011,2024-06-10,5,1.380859375,7.117786274665048,0.5084643575042314,False,5,1,True,True,False
121130103021,2024-06-10,5,4.54296875,25.73571287523765,0.01775863960775478,False,5,1,True,True,False
121130105061,2024-06-10,5,2.34375,11.621518269505675,0.22856307914344348,False,5,1,True,True,False
120330032033,2024-06-10,5,0.109375,0.6063509282098118,8.065667540806876,True,5,1,True,True,True
121130106013,2024-06-10,2,0.06640625,0.602899367034862,3.207158367920781,True,2,0,False,True,False
121130106014,2024-06-10,2,0.03125,0.1953470492925833,10.078217240186115,True,2,0,False,True,False
120330028032,2024-06-10,1,0.02734375,0.2149827622453072,4.524345300253168,True,1,0,False,True,False
120330014023,2024-06-10,1,0.025390625,0.2011217167808118,4.845868415404176,True,1,0,False,True,False
120050002013,2024-06-13,879,32.587890625,137.41519387845497,6.159523452142122,True,621,4,True,True,True
121319505012,2024-06-13,346,13.455078125,54.720084121427625,6.077200487065407,True,322,3,True,True,True
120050002012,2024-06-13,335,8.04296875,38.9559702959335,8.392989027515767,True,286,3,True,True,True
120050005003,2024-06-13,307,4.2421875,28.655384385927967,10.56547727374677,True,265,2,True,True,True
120050005002,2024-06-13,260,8.80859375,45.03147936099073,5.578129117996482,True,219,2,True,True,True
120050002041,2024-06-13,234,7.814453125,34.00786639306215,6.650977284512723,True,144,5,True,True,True
120050004021,2024-06-13,208,1.884765625,13.451092912177986,15.323307609331357,True,173,3,True,True,True
120050003021,2024-06-13,120,5.4453125,21.350511973861146,5.365430470250372,True,103,2,True,True,True
120050003023,2024-06-13,118,8.814453125,41.20264875320031,2.6499642663511844,False,72,2,True,True,False
120050002011,2024-06-13,115,4.42578125,27.59687365966789,4.006766132773993,True,64,3,True,True,True
120050003022,2024-06-13,53,7.248046875,35.08913720788649,1.3038779737997372,False,44,2,True,True,False
120050016001,2024-06-13,41,0.228515625,2.1096477998200824,19.326204297455302,True,41,1,True,True,True
120050008041,2024-06-13,33,0.275390625,2.153670657988865,15.194806714578544,True,31,1,True,True,True
121319503062,2024-06-13,31,3.3671875,16.49010666751634,1.6757206643443696,False,15,3,True,True,False
121319504003,2024-06-13,29,9.2421875,42.331604195878015,0.4667390446290692,False,21,2,True,True,False
121319504001,2024-06-13,26,6.40625,30.31761095875755,0.6462827835166262,False,24,1,True,True,False
120050004022,2024-06-13,23,1.224609375,6.711436907675172,3.24451990304755,True,20,1,True,True,True
120050012001,2024-06-13,23,0.458984375,3.541517434310392,6.364790246864678,True,23,1,True,True,True
120050012002,2024-06-13,20,0.482421875,4.444447666738546,4.391451894251354,True,20,1,True,True,True
121319504002,2024-06-13,18,6.1875,26.67878067963113,0.4427676115280139,False,17,1,True,True,False
120050002031,2024-06-13,16,1.123046875,5.232976883043129,2.842923532341044,False,11,2,True,True,False
120050008032,2024-06-13,14,0.26953125,1.8604992109888199,7.379991708087055,True,14,1,True,True,True
120050005001,2024-06-13,12,6.83203125,32.275888581615796,0.16011855837622554,False,10,1,True,True,False
120050013025,2024-06-13,8,0.166015625,1.2393488852000374,6.321048470330898,True,8,1,True,True,True
120050015011,2024-06-13,6,0.369140625,2.710865439714911,2.0771445504105035,False,6,1,True,True,False
120050014021,2024-06-13,6,0.392578125,2.3880376196670783,2.348129622757678,False,6,1,True,True,False
120050014031,2024-06-13,5,0.13671875,0.7381545819734875,6.588431974502972,True,5,1,True,True,True
120050014022,2024-06-13,5,0.34765625,2.5273909210698022,1.8407693527801157,False,5,1,True,True,False
120050013023,2024-06-13,5,0.158203125,1.2164765350079914,3.980181068571284,True,5,1,True,True,True
120050014043,2024-06-13,3,0.052734375,0.3946217983684554,7.468582924677061,True,3,0,False,True,False
120050008033,2024-06-13,2,0.052734375,0.4545404162125146,4.284031860633446,True,2,0,False,True,False
120050014044,2024-06-13,2,0.041015625,0.31323909662368193,6.253958704757336,True,2,0,False,True,False
120050014032,2024-06-13,1,0.041015625,0.2802664090278288,3.4216885938149604,True,1,0,False,True,False
120050016003,2024-06-13,1,0.041015625,0.293899725551183,3.26296451349694,True,1,0,False,True,False
120050014041,2024-06-13,1,0.015625,0.13901385984484715,7.081128465166403,True,1,0,False,True,False
120910208001,2024-06-15,10,66.595703125,226.04819685297892,-0.2503700711304929,False,6,1,True,True,False
120910201021,2024-06-16,390,14.96484375,70.70081622753538,5.304537857710581,True,163,8,True,True,True
121319503053,2024-06-16,289,43.09765625,155.89971886707394,1.5773110146508071,False,103,5,True,True,False
120910202001,2024-06-16,285,13.890625,58.77240381418688,4.612868581267009,True,215,3,True,True,True
121319501041,2024-06-16,225,6.0078125,27.330189781327274,8.01283083843133,True,202,2,True,True,True
121319501044,2024-06-16,215,2.0859375,13.879987335528877,15.339643859400338,True,208,2,True,True,True
120050003023,2024-06-16,177,8.814453125,41.20264875320031,4.08191104126374,True,170,2,True,True,True
121130101001,2024-06-16,162,22.0703125,111.20237249814961,1.2583336520300266,False,97,6,True,True,False
121319501043,2024-06-16,133,7.017578125,31.37641060509692,4.015195474734605,True,64,3,True,True,True
120050002013,2024-06-16,126,32.587890625,137.41519387845497,0.6797800646238864,False,41,7,True,True,False
120330038001,2024-06-16,124,21.287109375,84.41335249877207,1.2167848756687412,False,60,5,True,True,False
121319501042,2024-06-16,89,3.833984375,19.130660459385076,4.451807390853537,True,88,1,True,True,True
121319501024,2024-06-16,79,7.08203125,31.342079361827466,2.294613829533953,False,78,1,True,True,False
120910203052,2024-06-16,78,4.34375,21.287405204774263,3.460085871972815,True,52,2,True,True,True
120050003022,2024-06-16,76,7.248046875,35.08913720788649,1.9593514858366936,False,73,1,True,True,False
120050002041,2024-06-16,75,7.814453125,34.00786639306215,1.9755884152940077,False,50,3,True,True,False
120330036131,2024-06-16,74,1.935546875,10.023150604322845,7.189800489869882,True,70,2,True,True,True
121319504001,2024-06-16,72,6.40625,30.31761095875755,2.163552731421688,False,33,4,True,True,False
121319501033,2024-06-16,66,3.810546875,18.033813806426075,3.448491472327375,True,63,1,True,True,True
120910203051,2024-06-16,61,3.583984375,15.96941724137451,3.5953732535864362,True,28,3,True,True,True
121130101004,2024-06-16,55,12.224609375,64.1884634903211,0.6664030933136459,False,33,4,True,True,False
121319504003,2024-06-16,54,9.2421875,42.331604195878015,1.057314348232478,False,33,3,True,True,False
120910201022,2024-06-16,50,7.45703125,36.83514484388862,1.1549559240312957,False,29,4,True,True,False
120050003012,2024-06-16,47,2.990234375,14.025902175731852,3.1377493635416456,True,44,1,True,True,True
120050002011,2024-06-16,45,4.42578125,27.59687365966789,1.4702469290678444,False,37,2,True,True,False
121319503052,2024-06-16,41,3.205078125,18.006819038689855,2.098922735536631,False,20,3,True,True,False
120050005002,2024-06-16,39,8.80859375,45.03147936099073,0.6704511305962959,False,38,1,True,True,False
120330038003,2024-06-16,34,3.66796875,26.015558896018575,1.165918878438626,False,31,1,True,True,False
121319505012,2024-06-16,33,13.455078125,54.720084121427625,0.35718004072560405,False,14,3,True,True,False
120050002012,2024-06-16,33,8.04296875,38.9559702959335,0.6406471475466032,False,28,1,True,True,False
121319503032,2024-06-16,32,1.091796875,6.01704778806884,5.136772087183294,True,31,1,True,True,True
121319501023,2024-06-16,26,12.2109375,66.86814461817453,0.20621272773062976,False,14,3,True,True,False
121319503062,2024-06-16,24,3.3671875,16.49010666751634,1.2512237134671982,False,17,2,True,True,False
120050002042,2024-06-16,24,6.548828125,30.588896444758674,0.5705067492877864,False,18,1,True,True,False
121319505013,2024-06-16,21,15.85546875,68.12351084119011,0.07551770580340403,False,10,1,True,True,False
121319501032,2024-06-16,19,1.8984375,9.761411982614241,1.7519558164801445,False,19,1,True,True,False
121319504002,2024-06-16,18,6.1875,26.67878067963113,0.4427676115280139,False,12,2,True,True,False
120330039001,2024-06-16,18,9.318359375,33.52182183274139,0.2589847493467816,False,11,2,True,True,False
120330038002,2024-06-16,18,6.328125,32.737193310235114,0.35653254967190023,False,9,2,True,True,False
121319503031,2024-06-16,17,0.498046875,2.3773219350617283,6.941404477711816,True,16,1,True,True,True
121130102003,2024-06-16,15,12.33203125,62.835254334293744,0.04245974299405193,False,10,1,True,True,False
121319501021,2024-06-16,15,4.578125,23.180010071775058,0.4496061463187243,False,9,2,True,True,False
120050004012,2024-06-16,15,0.85546875,4.905227988521408,2.883562452774721,False,15,1,True,True,False
120050005001,2024-06-16,15,6.83203125,32.275888581615796,0.25306719997330884,False,10,1,True,True,False
121319502021,2024-06-16,13,3.45703125,15.665351516515923,0.6091768026998234,False,13,1,True,True,False
120910204004,2024-06-16,13,0.6328125,3.1013439262242404,3.9876865624047526,True,8,2,True,True,True
121130109003,2024-06-16,12,1.0078125,7.076872941223625,1.5532548897365674,False,11,1,True,True,False
120050005003,2024-06-16,12,4.2421875,28.655384385927967,0.2707279161053478,False,12,1,True,True,False
121319503041,2024-06-16,11,0.49609375,2.9062292862717443,3.61427307185213,True,11,1,True,True,True
120330036132,2024-06-16,11,1.86328125,9.96946705501637,0.9164701282003481,False,9,1,True,True,False
120910203061,2024-06-16,10,4.181640625,26.602462528256105,0.21871506702884982,False,5,1,True,True,False
121130104001,2024-06-16,9,9.90234375,55.34798502701685,-0.016303100276541985,False,9,1,True,True,False
120910201023,2024-06-16,9,8.41796875,38.34932022114185,0.015177094317284093,False,8,1,True,True,False
121319501031,2024-06-16,9,2.08203125,20.925857125886946,0.3305942838270612,False,7,1,True,True,False
120050002031,2024-06-16,9,1.123046875,5.232976883043129,1.5052528037194999,False,5,1,True,True,False
121319503042,2024-06-16,8,0.748046875,3.5347030053952624,2.051644258069445,False,8,1,True,True,False
120330023001,2024-06-16,8,1.599609375,8.89434833658072,0.7196019745118866,False,7,1,True,True,False
120330025002,2024-06-16,8,1.279296875,9.38782370663819,0.7158957533733561,False,6,1,True,True,False
120050003021,2024-06-16,7,5.4453125,21.350511973861146,0.07281734048829189,False,7,1,True,True,False
120050027102,2024-06-16,7,0.4609375,2.571566165594677,2.5428326859666224,False,7,1,True,True,False
120330036034,2024-06-16,6,1.140625,10.981203919895702,0.44251750859446326,False,5,1,True,True,False
120050027112,2024-06-16,6,0.126953125,0.764613721177252,7.681063931153958,True,6,1,True,True,True
121319502011,2024-06-16,5,1.380859375,7.117786274665048,0.5084643575042314,False,5,1,True,True,False
120910203062,2024-06-16,5,1.427734375,6.371003013420702,0.5607069432356129,False,5,1,True,True,False
120050027031,2024-06-16,4,0.2109375,1.2156986426840637,3.116777766268102,True,4,0,False,True,False
121130109006,2024-06-16,3,0.04296875,0.38324673218429545,7.71573767412588,True,2,0,False,True,False
120330036111,2024-06-16,3,0.16015625,0.9330496129546562,3.043614948841964,True,2,0,False,True,False
120050026061,2024-06-16,2,0.046875,0.29634102637652837,6.590801901044832,True,1,0,False,True,False
120050026042,2024-06-16,2,0.06640625,0.36943440003544586,5.2339298934113305,True,1,0,False,True,False
120050027111,2024-06-16,2,0.0546875,0.3324249690957012,5.851884427610393,True,2,0,False,True,False
120050015024,2024-06-16,2,0.076171875,0.5490238569043222,3.5040883939862444,True,2,0,False,True,False
120330030022,2024-06-16,1,0.03515625,0.2228053984913043,4.33043255025823,True,1,0,False,True,False
120330004001,2024-06-16,1,0.029296875,0.23641379224652606,4.105949639299286,True,1,0,False,True,False
121130109004,2024-06-16,1,0.02734375,0.29878156843421255,3.2554091442028326,True,1,0,False,True,False
120330021003,2024-06-16,1,0.037109375,0.27375379211735157,3.5173599516284777,True,1,0,False,True,False
121130109005,2024-06-16,1,0.009765625,0.14639284383475656,6.764226645653144,True,1,0,False,True,False
120330009001,2024-06-16,1,0.021484375,0.15804376437533255,6.191421906884968,True,1,0,False,True,False
120910208001,2024-06-17,31,66.595703125,226.04819685297892,-0.15746952915599385,False,29,1,True,True,False
121319503053,2024-06-17,16,43.09765625,155.89971886707394,-0.17381465756910375,False,15,1,True,True,False
121130101001,2024-06-17,14,22.0703125,111.20237249814961,-0.07257320431840866,False,14,1,True,True,False
121130103021,2024-06-17,12,4.54296875,25.73571287523765,0.2897542137709733,False,11,2,True,True,False
120050002013,2024-06-17,5,32.587890625,137.41519387845497,-0.20076302951915018,False,12,0,True,True,False
120330038003,2024-06-17,5,3.66796875,26.015558896018575,0.05120133130039556,False,5,1,True,True,False
121130103031,2024-06-17,5,6.490234375,34.901537520225176,-0.04269824428612695,False,5,1,True,True,False
121130104001,2024-06-17,5,9.90234375,55.34798502701685,-0.08857312055004411,False,5,1,True,True,False
120910201011,2024-06-17,5,7.80859375,35.84990569214942,-0.0783431279880616,False,5,1,True,True,False
120050026044,2024-06-17,2,0.03125,0.23198285920889053,8.48661839376342,True,1,0,False,True,False
121319506082,2024-06-17,1,0.037109375,0.2513950192904993,3.8301897456740486,True,1,0,False,True,False
121130107113,2024-06-20,20,0.85546875,3.9192696430872243,4.88471909141719,True,20,1,True,True,True
120910208001,2024-06-20,8,66.595703125,226.04819685297892,-0.25921774179473095,False,8,1,True,True,False
120330036083,2024-06-20,7,0.4921875,2.7505447779199064,2.36600856391857,False,6,1,True,True,False
120330037001,2024-06-20,5,0.486328125,3.325141227339295,1.3574376444190135,False,5,1,True,True,False
121130108083,2024-06-20,5,4.466796875,17.043023464741115,0.031285712074685536,False,5,1,True,True,False
120910233061,2024-06-20,5,0.056640625,0.40870522938951087,12.095170356356757,True,5,1,True,True,True
120330036112,2024-06-20,4,0.2265625,1.0521795011042705,3.586305849942665,True,4,0,False,True,False
120910233071,2024-06-20,2,0.037109375,0.3547136379133484,5.5337331728968,True,2,0,False,True,False
120910233052,2024-06-20,2,0.048828125,0.29931198625751165,6.518856459431325,True,2,0,False,True,False
121319503053,2024-06-24,671,43.09765625,155.89971886707394,4.027604079808339,True,366,4,True,True,True
120910208001,2024-06-24,266,66.595703125,226.04819685297892,0.8821317738919721,False,81,5,True,True,False
121130108021,2024-06-24,120,21.01953125,76.84051907170081,1.2881285804126354,False,88,3,True,True,False
120330036032,2024-06-24,83,3.5546875,16.948550483830033,4.687439942182415,True,81,1,True,True,True
121319503052,2024-06-24,63,3.205078125,18.006819038689855,3.320682111955659,True,28,3,True,True,True
121319504002,2024-06-24,41,6.1875,26.67878067963113,1.3048759768312368,False,31,2,True,True,False
121319505013,2024-06-24,36,15.85546875,68.12351084119011,0.29570600518462764,False,35,1,True,True,False
121130108081,2024-06-24,32,4.806640625,19.27085026929318,1.4111136247231815,False,32,1,True,True,False
120050002013,2024-06-24,28,32.587890625,137.41519387845497,-0.033387069475432476,False,21,2,True,True,False
121130107101,2024-06-24,26,5.873046875,30.85826281003802,0.6522386969383388,False,21,2,True,True,False
121319505012,2024-06-24,25,13.455078125,54.720084121427625,0.21098143506835673,False,20,1,True,True,False
121130101001,2024-06-24,25,22.0703125,111.20237249814961,0.02634554851829937,False,24,1,True,True,False
121130108083,2024-06-24,22,4.466796875,17.043023464741115,1.0287613087708867,False,19,1,True,True,False
120330032032,2024-06-24,21,0.15625,1.2539565562689108,16.622386075335502,True,20,1,True,True,True
120330038001,2024-06-24,19,21.287109375,84.41335249877207,-0.027094165878949895,False,17,1,True,True,False
120910212002,2024-06-24,18,1.34765625,5.8520769537157795,2.8455442198904417,False,17,1,True,True,False
120330036031,2024-06-24,15,0.779296875,5.128879238622584,2.7726726373107438,False,14,1,True,True,False
120330032012,2024-06-24,12,0.2265625,1.4015079591949835,8.400549866846694,True,12,1,True,True,True
120330033051,2024-06-24,11,1.47265625,6.335007755576106,1.5039198241886893,False,8,1,True,True,False
121130108094,2024-06-24,11,1.748046875,7.6145521982447875,1.2150357478845106,False,11,1,True,True,False
121319503061,2024-06-24,10,2.716796875,14.833580111273319,0.49099428933308314,False,9,1,True,True,False
120330039002,2024-06-24,9,4.677734375,24.00088983069414,0.18008772405897894,False,8,1,True,True,False
120910203062,2024-06-24,9,1.427734375,6.371003013420702,1.1885515685754353,False,7,1,True,True,False
121130108201,2024-06-24,8,1.4609375,9.200231719833488,0.7107497614330032,False,7,1,True,True,False
120330032034,2024-06-24,5,0.076171875,0.4597908502552804,10.708843210486338,True,5,1,True,True,True
120330033011,2024-06-24,4,0.203125,1.164439678629315,3.2606884407008327,True,4,0,False,True,False
120330032033,2024-06-24,3,0.109375,0.6063509282098118,4.767247588016844,True,3,0,False,True,False
120330034002,2024-06-24,3,0.12109375,0.7461475585034545,3.8583604773487594,True,3,0,False,True,False
120330028012,2024-06-24,2,0.072265625,0.4892707378755567,3.940015671835066,True,2,0,False,True,False
120330029004,2024-06-24,2,0.033203125,0.31416508453751796,6.260392932891697,True,2,0,False,True,False
120330029001,2024-06-24,2,0.03515625,0.23142199532827923,8.49030684059572,True,2,0,False,True,False
121319506082,2024-06-24,1,0.037109375,0.2513950192904993,3.8301897456740486,True,1,0,False,True,False
120910233081,2024-06-24,1,0.033203125,0.20953562893818448,4.613997533017245,True,1,0,False,True,False
120330033111,2024-06-24,1,0.025390625,0.20112171678081175,4.845868415404177,True,1,0,False,True,False
120330005002,2024-06-24,1,0.021484375,0.15804376437533252,6.191421906884969,True,1,0,False,True,False
120330032042,2024-06-24,1,0.041015625,0.2346612325890982,4.086675776902708,True,1,0,False,True,False
120330035051,2024-06-24,1,0.033203125,0.26702516748144384,3.620620798102055,True,1,0,False,True,False
120910218022,2024-06-24,1,0.041015625,0.2802664090278288,3.4216885938149604,True,1,0,False,True,False
120330029002,2024-06-24,1,0.01953125,0.15199062374520972,6.450850229048431,True,1,0,False,True,False
120330029003,2024-06-24,1,0.01953125,0.15199062374520975,6.45085022904843,True,1,0,False,True,False
120910208001,2024-06-25,466,66.595703125,226.04819685297892,1.7668988403157728,False,213,5,True,True,False
120910201023,2024-06-25,146,8.41796875,38.34932022114185,3.5876002614031077,True,117,2,True,True,True
120910201022,2024-06-25,53,7.45703125,36.83514484388862,1.2363998823139175,False,50,1,True,True,False
120910203042,2024-06-25,20,2.072265625,11.657903106362172,1.537818097425783,False,20,1,True,True,False
121319503053,2024-06-25,14,43.09765625,155.89971886707394,-0.1866434170725463,False,14,1,True,True,False
120910203062,2024-06-25,11,1.427734375,6.371003013420702,1.5024738812453464,False,9,1,True,True,False
120910201012,2024-06-25,10,5.34765625,32.006301886428645,0.14535711643626947,False,9,1,True,True,False
120910201011,2024-06-25,5,7.80859375,35.84990569214942,-0.0783431279880616,False,5,1,True,True,False
121319503053,2024-06-26,758,43.09765625,155.89971886707394,4.5856551182080905,True,421,4,True,True,True
120910208001,2024-06-26,494,66.595703125,226.04819685297892,1.890766229615105,False,277,7,True,True,False
121130101001,2024-06-26,401,22.0703125,111.20237249814961,3.4075683727548647,True,239,5,True,True,True
121319501043,2024-06-26,251,7.017578125,31.37641060509692,7.775982566832117,True,142,3,True,True,True
121319501033,2024-06-26,231,3.810546875,18.033813806426075,12.597970432856776,True,130,4,True,True,True
120910201021,2024-06-26,215,14.96484375,70.70081622753538,2.8293189092220636,False,162,5,True,True,False
121319501024,2024-06-26,128,7.08203125,31.342079361827466,3.858007229005677,True,52,5,True,True,True
120910208003,2024-06-26,120,1.517578125,9.640285843712489,12.290343232122694,True,91,3,True,True,True
120050003021,2024-06-26,110,5.4453125,21.350511973861146,4.897057626908595,True,94,2,True,True,True
121319501023,2024-06-26,105,12.2109375,66.86814461817453,1.3876422477375012,False,47,4,True,True,False
121319504003,2024-06-26,92,9.2421875,42.331604195878015,1.9549888097096597,False,76,2,True,True,False
121319501042,2024-06-26,72,3.833984375,19.130660459385076,3.563181510106164,True,52,3,True,True,True
121319501021,2024-06-26,70,4.578125,23.180010071775058,2.8223402318388287,False,59,2,True,True,False
121319501022,2024-06-26,64,5.3203125,21.95634651194597,2.672561551534708,False,40,3,True,True,False
121319504002,2024-06-26,60,6.1875,26.67878067963113,2.017052452516508,False,46,2,True,True,False
120910208004,2024-06-26,60,0.3828125,3.119589249268038,19.110588842421553,True,45,2,True,True,True
120910203061,2024-06-26,53,4.181640625,26.602462528256105,1.8351067809285335,False,51,1,True,True,False
120910202001,2024-06-26,52,13.890625,58.77240381418688,0.6484229421768334,False,28,3,True,True,False
120050003023,2024-06-26,51,8.814453125,41.20264875320031,1.0238552168742148,False,39,2,True,True,False
121130101004,2024-06-26,48,12.224609375,64.1884634903211,0.5573492288126592,False,43,1,True,True,False
121319501041,2024-06-26,42,6.0078125,27.330189781327274,1.3169388060594749,False,24,3,True,True,False
120910223001,2024-06-26,42,0.201171875,2.0001366376392906,20.89798633674051,True,23,3,True,True,True
120910232002,2024-06-26,41,0.96875,5.28919069049979,7.568501939607199,True,22,3,True,True,True
121130108021,2024-06-26,40,21.01953125,76.84051907170081,0.24701119903015095,False,35,1,True,True,False
120910232001,2024-06-26,39,0.96484375,5.748711620740289,6.616292268475633,True,24,2,True,True,True
121319503032,2024-06-26,30,1.091796875,6.01704778806884,4.804383169819901,True,27,1,True,True,True
121319501044,2024-06-26,24,2.0859375,13.879987335528877,1.5788243872460994,False,21,1,True,True,False
120910203052,2024-06-26,23,4.34375,21.287405204774263,0.876398500453021,False,15,2,True,True,False
121319505012,2024-06-26,22,13.455078125,54.720084121427625,0.15615695794688897,False,15,2,True,True,False
121130102001,2024-06-26,22,6.05859375,46.09609299080168,0.3458298787530877,False,21,1,True,True,False
121319501032,2024-06-26,21,1.8984375,9.761411982614241,1.9568442079917558,False,9,2,True,True,False
121130101002,2024-06-26,20,9.751953125,38.03442405252881,0.2694413581982092,False,17,1,True,True,False
120910221001,2024-06-26,18,0.095703125,0.8762026087024991,20.433968921312722,True,13,1,True,True,True
120050003011,2024-06-26,17,1.71484375,6.352706742019331,2.4060856058249773,False,11,2,True,True,False
120910203051,2024-06-26,17,3.583984375,15.96941724137451,0.8401067754833905,False,7,3,True,True,False
120910215012,2024-06-26,16,0.154296875,1.0950971924044617,14.46967742672065,True,11,2,True,True,True
120910201022,2024-06-26,15,7.45703125,36.83514484388862,0.2047764107340402,False,12,2,True,True,False
121130104001,2024-06-26,13,9.90234375,55.34798502701685,0.05596691999696015,False,13,1,True,True,False
121319503052,2024-06-26,12,3.205078125,18.006819038689855,0.4884217393479122,False,7,2,True,True,False
121319503061,2024-06-26,12,2.716796875,14.833580111273319,0.6258235068919669,False,9,1,True,True,False
120910229003,2024-06-26,12,0.263671875,2.2571496741285872,5.199623338904638,True,9,1,True,True,True
120050003022,2024-06-26,11,7.248046875,35.08913720788649,0.10692634312355583,False,7,1,True,True,False
121319504001,2024-06-26,11,6.40625,30.31761095875755,0.1515208439823669,False,9,1,True,True,False
121319503031,2024-06-26,11,0.498046875,2.3773219350617283,4.417556145893767,True,8,1,True,True,True
120910219021,2024-06-26,11,0.07421875,0.601985767267111,18.14956738861245,True,9,2,True,True,True
120910201023,2024-06-26,10,8.41796875,38.34932022114185,0.04125317582885945,False,5,1,True,True,False
120910203062,2024-06-26,10,1.427734375,6.371003013420702,1.3455127249103909,False,10,1,True,True,False
120910231004,2024-06-26,10,0.373046875,2.647506690616494,3.6362337285569932,True,9,1,True,True,True
121319503042,2024-06-26,9,0.748046875,3.5347030053952624,2.3345534582126057,False,9,1,True,True,False
120910229002,2024-06-26,9,0.146484375,1.531159513481229,5.782229445755612,True,5,1,True,True,True
120910224002,2024-06-26,9,0.0625,0.515892250465172,17.324354052500684,True,5,1,True,True,True
120910223002,2024-06-26,9,0.080078125,0.5796901744772964,15.387395315166497,True,7,1,True,True,True
120910220022,2024-06-26,9,0.072265625,0.5314496142765346,16.79883498862517,True,8,1,True,True,True
121319502021,2024-06-26,8,3.45703125,15.665351516515923,0.2900010730822328,False,8,1,True,True,False
121130104002,2024-06-26,8,3.611328125,15.867704915626064,0.27657886873596704,False,8,1,True,True,False
121319501031,2024-06-26,8,2.08203125,20.925857125886946,0.28280651609147245,False,7,1,True,True,False
121130108271,2024-06-26,7,1.109375,7.9732766727485185,0.7387960109465768,False,5,1,True,True,False
120910219024,2024-06-26,7,0.087890625,0.5613879254904733,12.312536592163127,True,7,1,True,True,True
121130105061,2024-06-26,6,2.34375,11.621518269505675,0.31461035599744575,False,5,1,True,True,False
120910203042,2024-06-26,6,2.072265625,11.657903106362172,0.3369160250488342,False,5,1,True,True,False
120910216001,2024-06-26,6,0.119140625,0.673415254824635,8.732887075050657,True,5,1,True,True,True
120910224001,2024-06-26,6,0.173828125,1.0005177689664546,5.8231568251091606,True,3,0,False,True,False
120910219011,2024-06-26,6,0.09765625,0.5820491292368722,10.140628090516337,True,5,1,True,True,True
120910231002,2024-06-26,6,0.17578125,1.0891563796690429,5.347458692543103,True,6,1,True,True,True
121319503041,2024-06-26,5,0.49609375,2.9062292862717443,1.5497422282802178,False,5,1,True,True,False
120910218011,2024-06-26,5,0.083984375,0.5109154361786657,9.621975138916888,True,3,0,False,True,False
120910220021,2024-06-26,5,0.1171875,0.7091362817856759,6.885577039866852,True,5,1,True,True,True
120910226001,2024-06-26,5,0.05078125,0.36660949192495246,13.499974384223362,True,3,0,False,True,False
120330038001,2024-06-26,4,21.287109375,84.41335249877207,-0.20479117181433434,False,7,0,True,True,False
120910231001,2024-06-26,4,0.15234375,0.9793535823871982,3.9287713030274976,True,2,0,False,True,False
120910219023,2024-06-26,4,0.048828125,0.3244121489969662,12.179481832651557,True,4,0,False,True,False
120910225002,2024-06-26,4,0.076171875,0.47238682131599874,8.306387790558603,True,4,0,False,True,False
120910220011,2024-06-26,4,0.046875,0.33943374049712116,11.646234679588453,True,3,0,False,True,False
120910227001,2024-06-26,3,0.072265625,0.4430948175818648,6.60746697733399,True,3,0,False,True,False
120910227003,2024-06-26,3,0.05859375,0.40117778535193405,7.331927034343752,True,2,0,False,True,False
120910225003,2024-06-26,3,0.0703125,0.51488366250055,5.689998951941636,True,2,0,False,True,False
120910220013,2024-06-26,3,0.0546875,0.6538591594459695,4.504505989478886,True,2,0,False,True,False
120910226003,2024-06-26,2,0.0234375,0.1753874659415357,11.269690735248291,True,2,0,False,True,False
120910218012,2024-06-26,2,0.05859375,0.590601848162396,3.287165890253322,True,2,0,False,True,False
120910224004,2024-06-26,2,0.046875,0.6393413318031758,3.0549018229299754,True,2,0,False,True,False
120910226002,2024-06-26,2,0.01953125,0.19686728272079862,10.059918147032805,True,2,0,False,True,False
120910224003,2024-06-26,2,0.037109375,0.2808113833580887,6.990067858100096,True,2,0,False,True,False
120910228002,2024-06-26,2,0.025390625,0.2368660428602502,8.336397024899892,True,1,0,False,True,False
120910216002,2024-06-26,1,0.03515625,0.2630811989123036,3.6674751141058333,True,1,0,False,True,False
120910229001,2024-06-26,1,0.0234375,0.20616121406305557,4.736887607294129,True,1,0,False,True,False
120910227002,2024-06-26,1,0.03125,0.20512036464518152,4.722836767942324,True,1,0,False,True,False
120910228001,2024-06-26,1,0.01953125,0.13851806879105943,7.078273315223146,True,1,0,False,True,False
120910218022,2024-06-26,1,0.041015625,0.2802664090278288,3.4216885938149604,True,1,0,False,True,False
120910215013,2024-06-26,1,0.03515625,0.25553438691550245,3.7757883064052935,True,1,0,False,True,False
121319503053,2024-06-27,544,43.09765625,155.89971886707394,3.212977851339735,True,163,9,True,True,True
121319505012,2024-06-27,234,13.455078125,54.720084121427625,4.030420007863944,True,70,7,True,True,True
120910208001,2024-06-27,225,66.595703125,226.04819685297892,0.700754525275093,False,28,15,True,True,False
121130108021,2024-06-27,121,21.01953125,76.84051907170081,1.3011425476799163,False,34,6,True,True,False
121319505013,2024-06-27,95,15.85546875,68.12351084119011,1.1617799827507738,False,37,7,True,True,False
120050002013,2024-06-27,93,32.587890625,137.41519387845497,0.4396319480394219,False,23,9,True,True,False
121130107101,2024-06-27,79,5.873046875,30.85826281003802,2.3697689521657783,False,29,4,True,True,False
121319503062,2024-06-27,70,3.3671875,16.49010666751634,4.040775104945753,True,40,3,True,True,True
120330038001,2024-06-27,53,21.287109375,84.41335249877207,0.37568571424125485,False,42,2,True,True,False
120050002042,2024-06-27,46,6.548828125,30.588896444758674,1.2897219730121992,False,23,3,True,True,False
121130107092,2024-06-27,45,0.884765625,5.109409831820208,8.634115451115441,True,27,2,True,True,True
120050003023,2024-06-27,39,8.814453125,41.20264875320031,0.7326118050275935,False,27,2,True,True,False
121130108094,2024-06-27,39,1.748046875,7.6145521982447875,4.892205366139175,True,16,4,True,True,True
120050002041,2024-06-27,38,7.814453125,34.00786639306215,0.8876048419538036,False,22,2,True,True,False
121130108083,2024-06-27,36,4.466796875,17.043023464741115,1.850211800167758,False,23,2,True,True,False
121319505022,2024-06-27,36,3.001953125,14.118106654664265,2.3372855640028956,False,15,2,True,True,False
121319504003,2024-06-27,35,9.2421875,42.331604195878015,0.6084771174938873,False,9,4,True,True,False
121319501022,2024-06-27,35,5.3203125,21.95634651194597,1.351758931471223,False,20,2,True,True,False
121319505023,2024-06-27,31,3.873046875,17.55565642460506,1.5451973124160898,False,10,3,True,True,False
121319506101,2024-06-27,31,2.51953125,18.67613590189436,1.5249658119649454,False,10,3,True,True,False
121319506052,2024-06-27,25,2.744140625,16.978718256217732,1.310809157625885,False,17,2,True,True,False
121130108082,2024-06-27,24,1.833984375,10.62276924176307,2.0866513354968714,False,20,1,True,True,False
121319501024,2024-06-27,22,7.08203125,31.342079361827466,0.4759725281076621,False,18,1,True,True,False
121319504002,2024-06-27,21,6.1875,26.67878067963113,0.5552165287414778,False,8,3,True,True,False
121319505011,2024-06-27,21,4.216796875,23.967400215414717,0.700251298603752,False,8,2,True,True,False
121130101001,2024-06-27,17,22.0703125,111.20237249814961,-0.04559536263567011,False,9,2,True,True,False
121319503052,2024-06-27,17,3.205078125,18.006819038689855,0.7660943248976914,False,7,2,True,True,False
121319506102,2024-06-27,17,2.091796875,11.650544912789353,1.2796142357800415,False,5,1,True,True,False
121319502021,2024-06-27,16,3.45703125,15.665351516515923,0.8006822404703778,False,7,1,True,True,False
121319503061,2024-06-27,16,2.716796875,14.833580111273319,0.8954819420097342,False,5,1,True,True,False
120050005002,2024-06-27,15,8.80859375,45.03147936099073,0.1374906251772712,False,10,2,True,True,False
120330039001,2024-06-27,15,9.318359375,33.52182183274139,0.16949080671536282,False,15,1,True,True,False
121319504001,2024-06-27,14,6.40625,30.31761095875755,0.2504732318892188,False,5,1,True,True,False
121130101002,2024-06-27,13,9.751953125,38.03442405252881,0.08539755644818409,False,7,2,True,True,False
120050002031,2024-06-27,13,1.123046875,5.232976883043129,2.269636077217525,False,10,2,True,True,False
121319506081,2024-06-27,12,1.44140625,6.745621496117649,1.565251438444457,False,8,1,True,True,False
120050007001,2024-06-27,12,6.94921875,39.802759290506025,0.12689525399825083,False,9,1,True,True,False
120050002011,2024-06-27,11,4.42578125,27.59687365966789,0.23822331583914338,False,6,1,True,True,False
120330036032,2024-06-27,11,3.5546875,16.948550483830033,0.43928904168549926,False,10,1,True,True,False
120050005001,2024-06-27,11,6.83203125,32.275888581615796,0.12913567784386443,False,11,1,True,True,False
120050002012,2024-06-27,10,8.04296875,38.9559702959335,0.050237004370143716,False,6,1,True,True,False
121130104002,2024-06-27,10,3.611328125,15.867704915626064,0.40262104122623416,False,5,1,True,True,False
121130108242,2024-06-27,10,0.373046875,2.4301385716148967,3.9614831999488054,True,10,1,True,True,True
121319503051,2024-06-27,9,1.0,5.748819329137132,1.3915900886731742,False,5,1,True,True,False
121130101004,2024-06-27,9,12.224609375,64.1884634903211,-0.05023658769283728,False,5,1,True,True,False
121319506043,2024-06-27,9,0.490234375,2.549682905680734,3.3375780204040693,True,8,1,True,True,True
121130108093,2024-06-27,8,0.49609375,2.632772599497602,2.850191562853522,False,5,1,True,True,False
120050005003,2024-06-27,8,4.2421875,28.655384385927967,0.13113809430682002,False,6,1,True,True,False
120330026041,2024-06-27,7,1.4921875,7.282121466498447,0.7563472437721352,False,7,1,True,True,False
121130107093,2024-06-27,7,0.353515625,1.65107666460321,4.025545583370773,True,4,0,False,True,False
121319501033,2024-06-27,7,3.810546875,18.033813806426075,0.17685960159261968,False,7,1,True,True,False
121130108081,2024-06-27,7,4.806640625,19.27085026929318,0.1138174675403385,False,6,1,True,True,False
120050008062,2024-06-27,7,0.49609375,3.0224185788136158,2.1518879931425534,False,7,1,True,True,False
120050003022,2024-06-27,6,7.248046875,35.08913720788649,-0.035567898623608624,False,6,1,True,True,False
120330033051,2024-06-27,6,1.47265625,6.335007755576106,0.7146548078043014,False,6,1,True,True,False
121130107091,2024-06-27,6,0.259765625,1.5903643146699857,3.609383285358203,True,3,0,False,True,False
121319503043,2024-06-27,5,0.35546875,2.2510292003572623,2.063292315027661,False,5,1,True,True,False
120330038002,2024-06-27,5,6.328125,32.737193310235114,-0.04056929949412519,False,5,1,True,True,False
121130107122,2024-06-27,5,0.1875,0.9931270663228412,4.845804895660325,True,3,0,False,True,False
120050004021,2024-06-27,5,1.884765625,13.451092912177986,0.23159711967936922,False,5,1,True,True,False
121130107044,2024-06-27,4,0.0859375,0.48098632762077687,8.13757538464993,True,2,0,False,True,False
120050027032,2024-06-27,4,0.14453125,0.7754863223832661,4.97167859537634,True,4,0,False,True,False
121319506092,2024-06-27,4,0.08203125,0.5054588264583163,7.751311372783206,True,4,0,False,True,False
121319502012,2024-06-27,2,0.078125,0.42170792426218234,4.557360413282489,True,2,0,False,True,False
120330036113,2024-06-27,2,0.1171875,0.5435419642746941,3.463968973421283,True,2,0,False,True,False
121319506042,2024-06-27,2,0.0859375,0.5838980120312209,3.2780767540918694,True,2,0,False,True,False
121130107041,2024-06-27,2,0.07421875,0.5293345663852446,3.638117312366174,True,2,0,False,True,False
120050027101,2024-06-27,2,0.09765625,0.5473958764887337,3.475261381584692,True,1,0,False,True,False
120050008051,2024-06-27,2,0.05078125,0.6076480717164053,3.2078086654568,True,2,0,False,True,False
120050026044,2024-06-27,2,0.03125,0.23198285920889053,8.48661839376342,True,2,0,False,True,False
121130108133,2024-06-27,1,0.02734375,0.20567861759981043,4.72901005146048,True,1,0,False,True,False
120910233081,2024-06-27,1,0.033203125,0.20953562893818448,4.613997533017245,True,1,0,False,True,False
120330018002,2024-06-27,1,0.046875,0.3028727426473822,3.1469487536871887,True,1,0,False,True,False
120910227002,2024-06-27,1,0.03125,0.20512036464518152,4.722836767942324,True,1,0,False,True,False
120910215022,2024-06-27,1,0.041015625,0.2584716175033432,3.710211528302894,True,1,0,False,True,False
120330032042,2024-06-27,1,0.041015625,0.2346612325890982,4.086675776902708,True,1,0,False,True,False
120330038001,2024-06-28,548,21.287109375,84.41335249877207,6.239686910108942,True,440,2,True,True,True
120330039001,2024-06-28,138,9.318359375,33.52182183274139,3.838742454603534,True,85,3,True,True,True
121319505012,2024-06-28,50,13.455078125,54.720084121427625,0.6678520777472547,False,25,4,True,True,False
121319505013,2024-06-28,45,15.85546875,68.12351084119011,0.4278189848133618,False,32,2,True,True,False
120330040001,2024-06-28,41,4.2421875,25.181997761346214,1.4596861157863494,False,36,2,True,True,False
120330039002,2024-06-28,38,4.677734375,24.00088983069414,1.3883762585495887,False,20,4,True,True,False
120330039003,2024-06-28,37,6.3203125,25.12463915485053,1.2210996269801957,False,26,2,True,True,False
121319504003,2024-06-28,24,9.2421875,42.331604195878015,0.34862398390838734,False,9,3,True,True,False
120330040003,2024-06-28,21,2.484375,16.19812961829592,1.1430717889234847,False,14,2,True,True,False
121130104001,2024-06-28,21,9.90234375,55.34798502701685,0.2005069605439644,False,18,1,True,True,False
120050002013,2024-06-28,20,32.587890625,137.41519387845497,-0.09160479470802994,False,12,1,True,True,False
121130102004,2024-06-28,17,10.314453125,70.59817626033603,0.0946985776282173,False,16,1,True,True,False
121130101001,2024-06-28,12,22.0703125,111.20237249814961,-0.09055843210690102,False,12,1,True,True,False
120050002041,2024-06-28,11,7.814453125,34.00786639306215,0.09367088302987082,False,8,1,True,True,False
121130102001,2024-06-28,8,6.05859375,46.09609299080168,0.0421165032443726,False,5,1,True,True,False
120330038002,2024-06-28,8,6.328125,32.737193310235114,0.0510695887749576,False,7,1,True,True,False
121319504001,2024-06-28,7,6.40625,30.31761095875755,0.019584326773231096,False,7,1,True,True,False
120050003023,2024-06-28,5,8.814453125,41.20264875320031,-0.09257786187116726,False,5,1,True,True,False
120910201021,2024-06-29,254,14.96484375,70.70081622753538,3.380939132028076,True,176,4,True,True,True
121130101001,2024-06-29,62,22.0703125,111.20237249814961,0.3590722626054082,False,37,3,True,True,False
120910201023,2024-06-29,49,8.41796875,38.34932022114185,1.0582203547802984,False,48,1,True,True,False
120330039001,2024-06-29,41,9.318359375,33.52182183274139,0.9451049761876591,False,26,3,True,True,False
120330038002,2024-06-29,37,6.328125,32.737193310235114,0.9369121753760912,False,28,2,True,True,False
120330039003,2024-06-29,35,6.3203125,25.12463915485053,1.1414964936705623,False,23,3,True,True,False
120330038001,2024-06-29,28,21.287109375,84.41335249877207,0.07952403768228078,False,25,1,True,True,False
121130101004,2024-06-29,27,12.224609375,64.1884634903211,0.2301876353096996,False,15,2,True,True,False
120910201022,2024-06-29,26,7.45703125,36.83514484388862,0.5034042577703205,False,23,2,True,True,False
120330039002,2024-06-29,13,4.677734375,24.00088983069414,0.34674821157492514,False,10,1,True,True,False
121319501024,2024-06-29,12,7.08203125,31.342079361827466,0.15691265066445315,False,12,1,True,True,False
121130102004,2024-06-29,10,10.314453125,70.59817626033603,-0.004454125328116561,False,6,2,True,True,False
121130103011,2024-06-29,10,0.33203125,1.887000896285736,5.12345742338007,True,10,1,True,True,True
121130102003,2024-06-29,9,12.33203125,62.835254334293744,-0.053028053841766176,False,7,1,True,True,False
120330038003,2024-06-29,8,3.66796875,26.015558896018575,0.1665169396250401,False,8,1,True,True,False
121130104001,2024-06-29,5,9.90234375,55.34798502701685,-0.08857312055004411,False,5,1,True,True,False
120910204001,2024-06-29,5,0.17578125,0.9734033416614768,4.956032657300792,True,5,1,True,True,True
120330011041,2024-06-29,1,0.05078125,0.2956954305890317,3.2101231598646476,True,1,0,False,True,False
120910208001,2024-06-30,152,66.595703125,226.04819685297892,0.37781454603040565,False,122,3,True,True,False
121319503053,2024-06-30,152,43.09765625,155.89971886707394,0.6985409886649911,False,100,3,True,True,False
121130108021,2024-06-30,86,21.01953125,76.84051907170081,0.8456536933250794,False,77,2,True,True,False
120910202001,2024-06-30,72,13.890625,58.77240381418688,0.9887187051888656,False,72,1,True,True,False
121319501023,2024-06-30,42,12.2109375,66.86814461817453,0.44548959254214804,False,42,1,True,True,False
121130108081,2024-06-30,27,4.806640625,19.27085026929318,1.151654393286613,False,27,1,True,True,False
121319501041,2024-06-30,23,6.0078125,27.330189781327274,0.6217369010591183,False,23,1,True,True,False
121319501043,2024-06-30,21,7.017578125,31.37641060509692,0.4456348449471348,False,14,2,True,True,False
121319506081,2024-06-30,21,1.44140625,6.745621496117649,2.899450222823306,False,20,1,True,True,False
120050004021,2024-06-30,21,1.884765625,13.451092912177986,1.4210915425090824,False,18,1,True,True,False
120330026021,2024-06-30,17,1.03125,5.591001296639227,2.856152083098045,False,11,2,True,True,False
120330025002,2024-06-30,14,1.279296875,9.38782370663819,1.3550215175009208,False,9,2,True,True,False
121130109003,2024-06-30,13,1.0078125,7.076872941223625,1.6945602386251821,False,12,1,True,True,False
121319501044,2024-06-30,13,2.0859375,13.879987335528877,0.7863164595304103,False,13,1,True,True,False
120330036032,2024-06-30,12,3.5546875,16.948550483830033,0.49829113752573423,False,6,2,True,True,False
120330024001,2024-06-30,12,1.236328125,10.438376085254413,1.0311634479433165,False,9,1,True,True,False
121130107101,2024-06-30,12,5.873046875,30.85826281003802,0.19855145970844917,False,8,1,True,True,False
120330025001,2024-06-30,12,1.73828125,11.857514291832736,0.8654190496795864,False,11,1,True,True,False
120050002013,2024-06-30,11,32.587890625,137.41519387845497,-0.15709973559470208,False,6,1,True,True,False
121130108271,2024-06-30,11,1.109375,7.9732766727485185,1.2404718167882842,False,9,1,True,True,False
120910215011,2024-06-30,11,0.189453125,1.315735749077001,8.216351104379191,True,11,1,True,True,True
121130108083,2024-06-30,10,4.466796875,17.043023464741115,0.3246608875735682,False,9,1,True,True,False
120050002042,2024-06-30,10,6.548828125,30.588896444758674,0.11282433419043299,False,6,1,True,True,False
120050002041,2024-06-30,8,7.814453125,34.00786639306215,0.005455998704989411,False,6,1,True,True,False
120050005002,2024-06-30,8,8.80859375,45.03147936099073,-0.01795618890327769,False,6,1,True,True,False
121130101002,2024-06-30,8,9.751953125,38.03442405252881,-0.046062301944691,False,6,1,True,True,False
120330033051,2024-06-30,8,1.47265625,6.335007755576106,1.0303608143580565,False,6,1,True,True,False
120050003023,2024-06-30,7,8.814453125,41.20264875320031,-0.04403729323006369,False,6,1,True,True,False
121130108221,2024-06-30,7,0.21875,1.4507572757666323,4.674282950893039,True,5,1,True,True,True
121130108231,2024-06-30,7,1.05078125,7.040097580867818,0.8450477683956551,False,7,1,True,True,False
120330026071,2024-06-30,7,0.8515625,7.389461839795936,0.8320548415160085,False,6,1,True,True,False
120330036121,2024-06-30,7,1.09765625,8.054014956697099,0.7328448955873946,False,7,1,True,True,False
120910215021,2024-06-30,7,0.220703125,1.537566473114764,4.409108154697643,True,7,1,True,True,True
121319505023,2024-06-30,6,3.873046875,17.55565642460506,0.1211548616330277,False,6,1,True,True,False
121319501024,2024-06-30,5,7.08203125,31.342079361827466,-0.06642926354579312,False,5,1,True,True,False
120330010012,2024-06-30,5,0.07421875,0.5256245702451524,9.371291847530273,True,5,1,True,True,True
121130109001,2024-06-30,5,1.111328125,7.50220506356647,0.518337187806936,False,5,1,True,True,False
120330026052,2024-06-30,5,1.076171875,7.9558504481898655,0.49320033735585855,False,5,1,True,True,False
121319501033,2024-06-30,5,3.810546875,18.033813806426075,0.06595682631347544,False,5,1,True,True,False
120330036034,2024-06-30,5,1.140625,10.981203919895702,0.3514528122920657,False,5,1,True,True,False
120330036031,2024-06-30,5,0.779296875,5.128879238622584,0.8229289341063751,False,5,1,True,True,False
120330008011,2024-06-30,5,0.333984375,2.755492175085413,1.6933510707049515,False,5,1,True,True,False
120330033131,2024-06-30,4,0.12109375,0.6263805691565072,6.192571163603286,True,4,0,False,True,False
121319506082,2024-06-30,4,0.037109375,0.2513950192904993,15.76360039345364,True,4,0,False,True,False
120330033133,2024-06-30,4,0.09765625,0.543809112899017,7.175944016820197,True,4,0,False,True,False
120330032034,2024-06-30,3,0.076171875,0.4597908502552804,6.359039383616838,True,3,0,False,True,False
121130109002,2024-06-30,3,0.046875,0.3724226498710657,7.929498920171435,True,3,0,False,True,False
120330009002,2024-06-30,3,0.05078125,0.3502296911955238,8.420813038245608,True,3,0,False,True,False
120910215022,2024-06-30,3,0.041015625,0.2584716175033432,11.448005021138258,True,3,0,False,True,False
120330033102,2024-06-30,2,0.095703125,0.5635895351574083,3.378871955931789,True,2,0,False,True,False
120050027111,2024-06-30,2,0.0546875,0.3324249690957012,5.851884427610393,True,2,0,False,True,False
120330009001,2024-06-30,2,0.021484375,0.15804376437533255,12.518783216915114,True,2,0,False,True,False
120050026041,2024-06-30,1,0.033203125,0.21867572823560855,4.4211439596000375,True,1,0,False,True,False
120330029001,2024-06-30,1,0.03515625,0.23142199532827923,4.169196400849191,True,1,0,False,True,False
120330021003,2024-06-30,1,0.037109375,0.27375379211735157,3.5173599516284777,True,1,0,False,True,False
120330033113,2024-06-30,1,0.0234375,0.1753874659415358,5.568029019391445,True,1,0,False,True,False
120910215013,2024-06-30,1,0.03515625,0.25553438691550245,3.7757883064052935,True,1,0,False,True,False
120050005001,2024-07-01,284,6.83203125,32.275888581615796,8.587462063178446,True,187,3,True,True,True
120050007001,2024-07-01,256,6.94921875,39.802759290506025,6.2571235183035405,True,205,3,True,True,True
120050002041,2024-07-01,145,7.814453125,34.00786639306215,4.033935716207908,True,140,1,True,True,True
121319501022,2024-07-01,120,5.3203125,21.95634651194597,5.223076955795231,True,117,1,True,True,True
120910202001,2024-07-01,111,13.890625,58.77240381418688,1.6522954430623285,False,166,1,True,True,False
121319501024,2024-07-01,74,7.08203125,31.342079361827466,2.1350838908123486,False,74,1,True,True,False
120050002013,2024-07-01,72,32.587890625,137.41519387845497,0.28681041930385354,False,64,2,True,True,False
121319501041,2024-07-01,71,6.0078125,27.330189781327274,2.3780364505337035,False,90,1,True,True,False
120050002042,2024-07-01,70,6.548828125,30.588896444758674,2.0743203988933767,False,64,2,True,True,False
120050005002,2024-07-01,61,8.80859375,45.03147936099073,1.1589982605637352,False,56,2,True,True,False
121319501023,2024-07-01,58,12.2109375,66.86814461817453,0.6847664573536664,False,87,1,True,True,False
120050006001,2024-07-01,47,2.99609375,16.79273863361856,2.6204127397008072,False,45,1,True,True,False
121319501043,2024-07-01,39,7.017578125,31.37641060509692,1.0193142318772639,False,30,2,True,True,False
120050008061,2024-07-01,39,0.115234375,1.7540566188309248,22.168478034030976,True,39,1,True,True,True
120050008062,2024-07-01,32,0.49609375,3.0224185788136158,10.42340940822504,True,32,1,True,True,True
121319501042,2024-07-01,29,3.833984375,19.130660459385076,1.3154807529216332,False,27,1,True,True,False
120050005003,2024-07-01,29,4.2421875,28.655384385927967,0.8639846587490908,False,21,2,True,True,False
121319501021,2024-07-01,26,4.578125,23.180010071775058,0.9241529634227452,False,26,1,True,True,False
121319503053,2024-07-01,24,43.09765625,155.89971886707394,-0.12249961955533346,False,46,2,True,True,False
121319502021,2024-07-01,20,3.45703125,15.665351516515923,1.0560228241644503,False,16,1,True,True,False
120050003021,2024-07-01,15,5.4453125,21.350511973861146,0.44751561516171345,False,13,1,True,True,False
120050002031,2024-07-01,14,1.123046875,5.232976883043129,2.4607318955920316,False,14,1,True,True,False
121319501044,2024-07-01,11,2.0859375,13.879987335528877,0.6422241090366486,False,24,0,True,True,False
120050026071,2024-07-01,11,1.5703125,9.99231297013613,0.9436941705271202,False,11,1,True,True,False
120050003012,2024-07-01,10,2.990234375,14.025902175731852,0.49977288713224893,False,5,2,True,True,False
120910203052,2024-07-01,9,4.34375,21.287405204774263,0.2187326240661644,False,7,1,True,True,False
120050003023,2024-07-01,8,8.814453125,41.20264875320031,-0.019767008909511902,False,6,1,True,True,False
120050003011,2024-07-01,8,1.71484375,6.352706742019331,0.9893666597936082,False,7,1,True,True,False
120050009004,2024-07-01,8,0.279296875,2.8727277404913,2.6875860932368023,False,8,1,True,True,False
121319501033,2024-07-01,7,3.810546875,18.033813806426075,0.17685960159261968,False,6,1,True,True,False
120050003022,2024-07-01,6,7.248046875,35.08913720788649,-0.035567898623608624,False,5,1,True,True,False
120050027112,2024-07-01,4,0.126953125,0.764613721177252,5.065364075649584,True,4,0,False,True,False
120050027032,2024-07-01,3,0.14453125,0.7754863223832661,3.6821652008309065,True,3,0,False,True,False
120050009003,2024-07-01,3,0.056640625,0.5442411940036233,5.408189250335219,True,3,0,False,True,False
120050027101,2024-07-01,2,0.09765625,0.5473958764887337,3.475261381584692,True,2,0,False,True,False
120050016003,2024-07-01,1,0.041015625,0.293899725551183,3.26296451349694,True,1,0,False,True,False
120050026041,2024-07-01,1,0.033203125,0.21867572823560855,4.4211439596000375,True,1,0,False,True,False
120050014044,2024-07-01,1,0.041015625,0.31323909662368193,3.0615091964465124,True,1,0,False,True,False
120050008031,2024-07-01,1,0.03515625,0.3108198473313885,3.104189640024201,True,1,0,False,True,False
120050019002,2024-07-01,1,0.015625,0.1524426041296069,6.457348361505837,True,1,0,False,True,False
121130101002,2024-07-02,39,9.751953125,38.03442405252881,0.7689888200911346,False,29,2,True,True,False
121130108081,2024-07-02,27,4.806640625,19.27085026929318,1.151654393286613,False,16,2,True,True,False
120330038001,2024-07-02,20,21.287109375,84.41335249877207,-0.01524769881659093,False,17,1,True,True,False
121130104002,2024-07-02,17,3.611328125,15.867704915626064,0.8437686449421692,False,17,1,True,True,False
120910208001,2024-07-02,12,66.595703125,226.04819685297892,-0.24152240046625492,False,10,1,True,True,False
121130108082,2024-07-02,6,1.833984375,10.62276924176307,0.39217792744865865,False,6,1,True,True,False
121130104001,2024-07-02,5,9.90234375,55.34798502701685,-0.08857312055004411,False,5,1,True,True,False
121130105051,2024-07-02,5,1.58984375,11.621044005252527,0.2934466342661351,False,5,1,True,True,False
120910208001,2024-07-03,7,66.595703125,226.04819685297892,-0.26364157712684994,False,5,1,True,True,False
121130108021,2024-07-03,6,21.01953125,76.84051907170081,-0.1954636880574049,False,6,1,True,True,False
121130108133,2024-07-03,1,0.02734375,0.20567861759981043,4.72901005146048,True,1,0,False,True,False
120330013001,2024-07-03,1,0.044921875,0.2999243116360724,3.18439715603612,True,1,0,False,True,False
120330029001,2024-07-03,1,0.03515625,0.23142199532827923,4.169196400849191,True,1,0,False,True,False
120330033113,2024-07-03,1,0.0234375,0.1753874659415358,5.568029019391445,True,1,0,False,True,False
121319503053,2024-07-04,74,43.09765625,155.89971886707394,0.1982193680307308,False,50,4,True,True,False
120910201023,2024-07-04,25,8.41796875,38.34932022114185,0.4323943985024898,False,20,1,True,True,False
121319501043,2024-07-04,11,7.017578125,31.37641060509692,0.12692407443039638,False,8,1,True,True,False
121130101001,2024-07-04,10,22.0703125,111.20237249814961,-0.1085436598953934,False,8,1,True,True,False
120910201021,2024-07-04,10,14.96484375,70.70081622753538,-0.0702232875787702,False,10,1,True,True,False
120910208001,2024-07-04,9,66.595703125,226.04819685297892,-0.2547939064626119,False,9,1,True,True,False
121319504002,2024-07-04,9,6.1875,26.67878067963113,0.10542085988762236,False,7,1,True,True,False
120910201011,2024-07-04,9,7.80859375,35.84990569214942,0.033233176684782734,False,8,1,True,True,False
120910202001,2024-07-04,7,13.890625,58.77240381418688,-0.11724252460023925,False,7,1,True,True,False
121130101002,2024-07-04,6,9.751953125,38.03442405252881,-0.09864624530184103,False,6,1,True,True,False
120330038001,2024-07-05,1094,21.287109375,84.41335249877207,12.707857926156935,True,623,5,True,True,True
120330038002,2024-07-05,192,6.328125,32.737193310235114,5.671588069278702,True,143,2,True,True,True
120330039001,2024-07-05,112,9.318359375,33.52182183274139,3.0631282851312376,True,79,4,True,True,True
120910201021,2024-07-05,69,14.96484375,70.70081622753538,0.7642791007687869,False,31,3,True,True,False
120330039002,2024-07-05,66,4.677734375,24.00088983069414,2.554999671161212,False,27,4,True,True,False
121130102003,2024-07-05,42,12.33203125,62.835254334293744,0.4721548287552334,False,32,3,True,True,False
120910203042,2024-07-05,38,2.072265625,11.657903106362172,3.081835047624717,True,35,1,True,True,True
120330040001,2024-07-05,28,4.2421875,25.181997761346214,0.9434443099056936,False,19,2,True,True,False
120330039003,2024-07-05,26,6.3203125,25.12463915485053,0.7832823937772123,False,15,3,True,True,False
121319503053,2024-07-05,23,43.09765625,155.89971886707394,-0.12891399930705474,False,19,2,True,True,False
120910202001,2024-07-05,23,13.890625,58.77240381418688,0.15499408580938656,False,10,2,True,True,False
121319501042,2024-07-05,21,3.833984375,19.130660459385076,0.8973038678640461,False,20,1,True,True,False
121130108021,2024-07-05,16,21.01953125,76.84051907170081,-0.06532401538459436,False,13,2,True,True,False
121130102001,2024-07-05,15,6.05859375,46.09609299080168,0.19397319099873014,False,10,2,True,True,False
120050003023,2024-07-05,14,8.814453125,41.20264875320031,0.1258546970137988,False,14,1,True,True,False
120910205001,2024-07-05,13,0.267578125,1.5976632868752294,7.9694025515867954,True,12,1,True,True,True
120330040003,2024-07-05,12,2.484375,16.19812961829592,0.5874520839277656,False,9,1,True,True,False
120910208001,2024-07-05,11,66.595703125,226.04819685297892,-0.24594623579837394,False,8,1,True,True,False
120910203051,2024-07-05,11,3.583984375,15.96941724137451,0.4643886193784297,False,8,1,True,True,False
120910201012,2024-07-05,11,5.34765625,32.006301886428645,0.17660096346203352,False,8,1,True,True,False
120050002012,2024-07-05,10,8.04296875,38.9559702959335,0.050237004370143716,False,9,1,True,True,False
120330040002,2024-07-05,10,0.96875,6.790332139705296,1.3300159424001257,False,9,1,True,True,False
121130108085,2024-07-05,10,0.494140625,2.2582670138453333,4.209360238058655,True,10,1,True,True,True
120910201022,2024-07-05,10,7.45703125,36.83514484388862,0.06903648026300371,False,5,1,True,True,False
121130108081,2024-07-05,9,4.806640625,19.27085026929318,0.21760116011496594,False,9,1,True,True,False
121319503062,2024-07-05,9,3.3671875,16.49010666751634,0.3415873901589738,False,9,1,True,True,False
121319501031,2024-07-05,7,2.08203125,20.925857125886946,0.2350187483558837,False,6,1,True,True,False
121130102002,2024-07-05,6,5.32421875,34.781964973978646,0.019429070511271306,False,5,2,True,True,False
120910201011,2024-07-05,6,7.80859375,35.84990569214942,-0.050449051819850516,False,6,1,True,True,False
120910203061,2024-07-05,6,4.181640625,26.602462528256105,0.06835304713120484,False,5,1,True,True,False
120910207022,2024-07-05,6,0.23828125,1.7633636729978683,3.2674591397273076,True,4,0,False,True,False
120050003022,2024-07-05,5,7.248046875,35.08913720788649,-0.06406674697304152,False,5,1,True,True,False
121130108083,2024-07-05,5,4.466796875,17.043023464741115,0.031285712074685536,False,5,1,True,True,False
120910203032,2024-07-05,5,0.87109375,4.343267995825453,0.9506450566643625,False,5,1,True,True,False
120910216002,2024-07-05,1,0.03515625,0.2630811989123036,3.6674751141058333,True,1,0,False,True,False
121130101001,2024-07-06,122,22.0703125,111.20237249814961,0.8986290962601793,False,55,4,True,True,False
121130101002,2024-07-06,60,9.751953125,38.03442405252881,1.32112022534121,False,23,3,True,True,False
121130101004,2024-07-06,56,12.224609375,64.1884634903211,0.6819822168137868,False,39,3,True,True,False
121130104001,2024-07-06,29,9.90234375,55.34798502701685,0.3450470010909687,False,25,2,True,True,False
121130108081,2024-07-06,26,4.806640625,19.27085026929318,1.0997625469992993,False,21,2,True,True,False
120910208001,2024-07-06,23,66.595703125,226.04819685297892,-0.19286021181294588,False,20,2,True,True,False
121130102003,2024-07-06,22,12.33203125,62.835254334293744,0.15386217263583973,False,24,0,True,True,False
121130102002,2024-07-06,17,5.32421875,34.781964973978646,0.3356849234577453,False,14,1,True,True,False
121130101003,2024-07-06,16,5.4296875,43.05486121072455,0.24550799149637106,False,16,1,True,True,False
121130108021,2024-07-06,14,21.01953125,76.84051907170081,-0.09135194991915647,False,10,2,True,True,False
121130108083,2024-07-06,14,4.466796875,17.043023464741115,0.5593610279726744,False,10,1,True,True,False
121319501023,2024-07-06,11,12.2109375,66.86814461817453,-0.01810933303016862,False,10,1,True,True,False
120910201021,2024-07-06,10,14.96484375,70.70081622753538,-0.0702232875787702,False,8,1,True,True,False
121319501041,2024-07-06,10,6.0078125,27.330189781327274,0.1460724397430848,False,10,1,True,True,False
120330039003,2024-07-06,9,6.3203125,25.12463915485053,0.10665576064532903,False,17,1,True,True,False
120330040001,2024-07-06,9,4.2421875,25.181997761346214,0.18893705515704287,False,9,1,True,True,False
121130102001,2024-07-06,8,6.05859375,46.09609299080168,0.0421165032443726,False,7,1,True,True,False
120910202001,2024-07-06,7,13.890625,58.77240381418688,-0.11724252460023925,False,12,0,True,True,False
121319505012,2024-07-06,6,13.455078125,54.720084121427625,-0.13624025336760576,False,6,1,True,True,False
121319501024,2024-07-06,6,7.08203125,31.342079361827466,-0.03452327580147222,False,6,1,True,True,False
121130103021,2024-07-06,5,4.54296875,25.73571287523765,0.01775863960775478,False,5,1,True,True,False
121130108141,2024-07-06,5,0.3671875,3.7726403960263624,1.2280026754947642,False,5,1,True,True,False
120330039002,2024-07-06,1,4.677734375,24.00088983069414,-0.1532332509729134,False,8,0,True,True,False
121319501041,2024-07-07,181,6.0078125,27.330189781327274,6.402889584746294,True,160,3,True,True,True
121319501023,2024-07-07,138,12.2109375,66.86814461817453,1.8811507814112578,False,94,3,True,True,False
121319501042,2024-07-07,130,3.833984375,19.130660459385076,6.594963926773671,True,114,3,True,True,True
121319501024,2024-07-07,127,7.08203125,31.342079361827466,3.826101241261356,True,56,5,True,True,True
121319501043,2024-07-07,86,7.017578125,31.37641060509692,2.5172548533059342,False,70,2,True,True,False
121319504001,2024-07-07,75,6.40625,30.31761095875755,2.26250511932854,False,37,3,True,True,False
120050003012,2024-07-07,72,2.990234375,14.025902175731852,4.920165901656103,True,59,2,True,True,True
121319503053,2024-07-07,71,43.09765625,155.89971886707394,0.17897622877556696,False,28,5,True,True,False
121130101001,2024-07-07,54,22.0703125,111.20237249814961,0.2871313514514387,False,48,2,True,True,False
121319501033,2024-07-07,41,3.810546875,18.033813806426075,2.062206781338072,False,25,3,True,True,False
120050003022,2024-07-07,40,7.248046875,35.08913720788649,0.9333929452571096,False,29,2,True,True,False
121319501022,2024-07-07,40,5.3203125,21.95634651194597,1.5794835211373413,False,34,2,True,True,False
120050003021,2024-07-07,31,5.4453125,21.350511973861146,1.1969121645085568,False,19,2,True,True,False
121130101004,2024-07-07,28,12.224609375,64.1884634903211,0.24576675880984053,False,27,1,True,True,False
120910202001,2024-07-07,28,13.890625,58.77240381418688,0.24006802656239465,False,10,3,True,True,False
120050002012,2024-07-07,25,8.04296875,38.9559702959335,0.4352870977460956,False,24,1,True,True,False
120050003023,2024-07-07,25,8.814453125,41.20264875320031,0.3928278245398685,False,18,2,True,True,False
121319502021,2024-07-07,24,3.45703125,15.665351516515923,1.3113634078585228,False,21,1,True,True,False
121319503032,2024-07-07,23,1.091796875,6.01704778806884,3.641021959048026,True,14,2,True,True,True
121319504003,2024-07-07,19,9.2421875,42.331604195878015,0.23050892318770558,False,13,1,True,True,False
120910203052,2024-07-07,18,4.34375,21.287405204774263,0.641517830314858,False,9,2,True,True,False
120050005002,2024-07-07,16,8.80859375,45.03147936099073,0.15969731290306388,False,13,1,True,True,False
120910201021,2024-07-07,11,14.96484375,70.70081622753538,-0.05607917930169296,False,7,1,True,True,False
120910203051,2024-07-07,11,3.583984375,15.96941724137451,0.4643886193784297,False,11,1,True,True,False
120050003011,2024-07-07,10,1.71484375,6.352706742019331,1.3041930922450236,False,7,1,True,True,False
121319501021,2024-07-07,10,4.578125,23.180010071775058,0.23390304763507846,False,6,1,True,True,False
121319501032,2024-07-07,10,1.8984375,9.761411982614241,0.829958054677894,False,8,1,True,True,False
121130101003,2024-07-07,8,5.4296875,43.05486121072455,0.05969854338677463,False,8,1,True,True,False
121130102002,2024-07-07,5,5.32421875,34.781964973978646,-0.009321461574771784,False,5,1,True,True,False
120050005002,2024-07-08,121,8.80859375,45.03147936099073,2.491399524111297,False,105,3,True,True,False
120050003023,2024-07-08,61,8.814453125,41.20264875320031,1.2665580600797328,False,56,2,True,True,False
120050003022,2024-07-08,28,7.248046875,35.08913720788649,0.591406765063915,False,21,2,True,True,False
120050004012,2024-07-08,25,0.85546875,4.905227988521408,4.922203678707691,True,24,1,True,True,True
120330026021,2024-07-08,21,1.03125,5.591001296639227,3.571587438551176,True,21,1,True,True,True
120330033051,2024-07-08,10,1.47265625,6.335007755576106,1.3460668209118116,False,10,1,True,True,False
120050005001,2024-07-08,9,6.83203125,32.275888581615796,0.06716991677914223,False,9,1,True,True,False
120050003021,2024-07-08,7,5.4453125,21.350511973861146,0.07281734048829189,False,6,1,True,True,False
120330027011,2024-07-08,7,0.623046875,4.707542361142082,1.354624692841406,False,7,1,True,True,False
120330033131,2024-07-08,3,0.12109375,0.6263805691565072,4.59609763099257,True,3,0,False,True,False
120330033121,2024-07-08,2,0.0703125,0.40897167113218214,4.718389160447041,True,2,0,False,True,False
120330033071,2024-07-08,2,0.078125,0.478244915925523,4.018599959982206,True,2,0,False,True,False
120330028031,2024-07-08,1,0.01171875,0.10772225920023017,9.174345741886263,True,1,0,False,True,False
120330029003,2024-07-08,1,0.01953125,0.15199062374520975,6.45085022904843,True,1,0,False,True,False
120910201021,2024-07-09,41,14.96484375,70.70081622753538,0.36824406901062423,False,24,3,True,True,False
120910202001,2024-07-09,28,13.890625,58.77240381418688,0.24006802656239465,False,22,2,True,True,False
121319502021,2024-07-09,25,3.45703125,15.665351516515923,1.375198553782041,False,18,1,True,True,False
121319501022,2024-07-09,16,5.3203125,21.95634651194597,0.4864054907399742,False,7,2,True,True,False
120330038001,2024-07-09,13,21.287109375,84.41335249877207,-0.09817296825310368,False,9,1,True,True,False
121319503053,2024-07-09,9,43.09765625,155.89971886707394,-0.21871531583115275,False,9,1,True,True,False
120050003023,2024-07-09,9,8.814453125,41.20264875320031,0.004503275411039882,False,6,1,True,True,False
121319501024,2024-07-09,8,7.08203125,31.342079361827466,0.029288699687169573,False,6,1,True,True,False
121130101001,2024-07-09,6,22.0703125,111.20237249814961,-0.14451411547237814,False,5,1,True,True,False
120910208001,2024-07-10,43,66.595703125,226.04819685297892,-0.1043835051705658,False,25,2,True,True,False
121130108081,2024-07-10,22,4.806640625,19.27085026929318,0.8921951618500443,False,20,1,True,True,False
120050002013,2024-07-10,20,32.587890625,137.41519387845497,-0.09160479470802994,False,20,1,True,True,False
120050002012,2024-07-10,19,8.04296875,38.9559702959335,0.2812670603957148,False,14,2,True,True,False
120050002011,2024-07-10,19,4.42578125,27.59687365966789,0.5281112248341319,False,17,2,True,True,False
120910201021,2024-07-10,18,14.96484375,70.70081622753538,0.042929578637847715,False,16,2,True,True,False
121130101002,2024-07-10,13,9.751953125,38.03442405252881,0.08539755644818409,False,10,2,True,True,False
120330038002,2024-07-10,12,6.328125,32.737193310235114,0.17325477313373464,False,11,1,True,True,False
121130103021,2024-07-10,11,4.54296875,25.73571287523765,0.2508977031762278,False,11,1,True,True,False
121319503053,2024-07-10,10,43.09765625,155.89971886707394,-0.21230093607943146,False,10,1,True,True,False
121130104002,2024-07-10,9,3.611328125,15.867704915626064,0.3395999549811006,False,9,1,True,True,False
121130108083,2024-07-10,9,4.466796875,17.043023464741115,0.2659858524737917,False,6,1,True,True,False
120330039004,2024-07-10,8,3.39453125,19.51627875325507,0.23598088591719188,False,5,1,True,True,False
121130103031,2024-07-10,8,6.490234375,34.901537520225176,0.04325785430298314,False,8,1,True,True,False
120330038003,2024-07-10,7,3.66796875,26.015558896018575,0.12807840351682526,False,6,1,True,True,False
120330036131,2024-07-10,6,1.935546875,10.023150604322845,0.4055065403533953,False,6,1,True,True,False
121130108085,2024-07-10,6,0.494140625,2.2582670138453333,2.4380905097775525,False,6,1,True,True,False
120330039001,2024-07-10,5,9.318359375,33.52182183274139,-0.12882233538936652,False,5,1,True,True,False
121130108093,2024-07-10,5,0.49609375,2.632772599497602,1.7107084185164554,False,5,1,True,True,False
121130107082,2024-07-10,2,0.103515625,0.5551990032584518,3.4158641565809216,True,2,0,False,True,False
121130104001,2024-07-12,80,9.90234375,55.34798502701685,1.2664897595781208,False,61,2,True,True,False
121130103031,2024-07-12,54,6.490234375,34.901537520225176,1.361251366002671,False,37,2,True,True,False
120330038002,2024-07-12,35,6.328125,32.737193310235114,0.8758195831967026,False,31,1,True,True,False
121130103021,2024-07-12,32,4.54296875,25.73571287523765,1.0668844256658834,False,16,3,True,True,False
120330039001,2024-07-12,31,9.318359375,33.52182183274139,0.6467918340829297,False,29,1,True,True,False
120330038001,2024-07-12,24,21.287109375,84.41335249877207,0.03213816943284492,False,24,1,True,True,False
121130105061,2024-07-12,22,2.34375,11.621518269505675,1.6913667856614818,False,17,2,True,True,False
121130102004,2024-07-12,18,10.314453125,70.59817626033603,0.10886324947912214,False,18,1,True,True,False
121130103032,2024-07-12,16,1.19140625,6.670207469480236,2.220109916784033,False,13,1,True,True,False
120330039004,2024-07-12,15,3.39453125,19.51627875325507,0.5946558202374699,False,12,1,True,True,False
120330036033,2024-07-12,15,1.181640625,6.99512094736385,1.9754282276144954,False,15,1,True,True,False
120330039002,2024-07-12,13,4.677734375,24.00088983069414,0.34674821157492514,False,10,1,True,True,False
121130105041,2024-07-12,12,0.58984375,3.164092567534893,3.606138570999368,True,11,2,True,True,True
120330039003,2024-07-12,9,6.3203125,25.12463915485053,0.10665576064532903,False,8,1,True,True,False
120330036121,2024-07-12,9,1.09765625,8.054014956697099,0.9811682486917931,False,8,1,True,True,False
120330036032,2024-07-12,8,3.5546875,16.948550483830033,0.2622827541647944,False,7,1,True,True,False
121130107072,2024-07-12,8,0.455078125,2.6017331258360072,2.8999599536465186,False,8,1,True,True,False
120330036034,2024-07-12,8,1.140625,10.981203919895702,0.6246469011992585,False,8,1,True,True,False
121130104002,2024-07-12,7,3.611328125,15.867704915626064,0.21355778249083346,False,5,1,True,True,False
120330033012,2024-07-12,7,0.455078125,2.9724655526338593,2.2018495283151855,False,6,1,True,True,False
121130105033,2024-07-12,6,0.626953125,6.137649372337854,0.8754242135785913,False,6,1,True,True,False
121130103011,2024-07-12,5,0.33203125,1.887000896285736,2.4737501498744177,False,5,1,True,True,False
120910208001,2024-07-13,162,66.595703125,226.04819685297892,0.4220528993515957,False,101,5,True,True,False
121130101001,2024-07-13,107,22.0703125,111.20237249814961,0.7637398878464865,False,61,3,True,True,False
120330026052,2024-07-13,105,1.076171875,7.9558504481898655,13.062566824473807,True,104,2,True,True,True
120330038001,2024-07-13,84,21.287109375,84.41335249877207,0.7429261931743827,False,70,3,True,True,False
120330033051,2024-07-13,60,1.47265625,6.335007755576106,9.238716984755692,True,57,2,True,True,True
120050003023,2024-07-13,59,8.814453125,41.20264875320031,1.2180174914386293,False,58,1,True,True,False
121130101002,2024-07-13,52,9.751953125,38.03442405252881,1.1107844519126098,False,26,3,True,True,False
120330039001,2024-07-13,50,9.318359375,33.52182183274139,1.2135868040819155,False,48,1,True,True,False
121319503053,2024-07-13,49,43.09765625,155.89971886707394,0.03785987423769868,False,14,4,True,True,False
120330027011,2024-07-13,42,0.623046875,4.707542361142082,8.789502026905112,True,41,1,True,True,True
121130108081,2024-07-13,34,4.806640625,19.27085026929318,1.514897317297809,False,16,2,True,True,False
120050005002,2024-07-13,30,8.80859375,45.03147936099073,0.47059094106416166,False,27,1,True,True,False
120050003012,2024-07-13,28,2.990234375,14.025902175731852,1.783112794574658,False,17,2,True,True,False
121319505012,2024-07-13,27,13.455078125,54.720084121427625,0.24753108648266856,False,23,2,True,True,False
121130108021,2024-07-13,18,21.01953125,76.84051907170081,-0.03929608085003225,False,17,1,True,True,False
120910209004,2024-07-13,18,0.251953125,1.4661864259920043,12.104904642662943,True,18,1,True,True,True
120330026041,2024-07-13,16,1.4921875,7.282121466498447,1.992250825084901,False,16,1,True,True,False
121319505013,2024-07-13,14,15.85546875,68.12351084119011,-0.02723683390783365,False,12,1,True,True,False
120330026011,2024-07-13,13,1.0234375,5.597685912355705,2.139556003591462,False,10,2,True,True,False
120330027041,2024-07-13,13,0.451171875,2.54923314392085,4.9225894284817215,True,13,1,True,True,True
120330026051,2024-07-13,12,0.095703125,0.7991073136800269,14.896994022215441,True,12,1,True,True,True
120910201023,2024-07-13,11,8.41796875,38.34932022114185,0.06732925734043481,False,11,1,True,True,False
121130109003,2024-07-13,10,1.0078125,7.076872941223625,1.2706441919593385,False,8,1,True,True,False
120330026071,2024-07-13,10,0.8515625,7.389461839795936,1.238038398240465,False,8,1,True,True,False
120330039002,2024-07-13,9,4.677734375,24.00088983069414,0.18008772405897894,False,7,1,True,True,False
120330024001,2024-07-13,9,1.236328125,10.438376085254413,0.7437624216248745,False,9,1,True,True,False
120050003021,2024-07-13,8,5.4453125,21.350511973861146,0.1196546248224696,False,8,1,True,True,False
120050003011,2024-07-13,8,1.71484375,6.352706742019331,0.9893666597936082,False,7,1,True,True,False
120330026042,2024-07-13,8,0.857421875,5.840105586544332,1.2230220873842725,False,7,1,True,True,False
120330036032,2024-07-13,7,3.5546875,16.948550483830033,0.20328065832455947,False,5,1,True,True,False
120330030021,2024-07-13,7,0.130859375,0.8442651268719173,8.136236362682443,True,6,1,True,True,True
120330033132,2024-07-13,7,0.048828125,0.40004720092105994,17.375879293732773,True,7,1,True,True,True
120330033122,2024-07-13,6,0.068359375,0.4164133076742616,14.244599093456477,True,6,1,True,True,True
120330030012,2024-07-13,6,0.04296875,0.3676089971088597,16.204802648603156,True,6,1,True,True,True
120330033071,2024-07-13,6,0.078125,0.478244915925523,12.38251532384761,True,6,1,True,True,True
120330023001,2024-07-13,5,1.599609375,8.89434833658072,0.38230913568055985,False,5,1,True,True,False
120330025002,2024-07-13,5,1.279296875,9.38782370663819,0.3963328713095738,False,5,1,True,True,False
120910209001,2024-07-13,5,0.171875,1.038283809033812,4.6501014057927685,True,5,1,True,True,True
120330022002,2024-07-13,4,0.072265625,0.5387638454502891,7.290270882444368,True,4,0,False,True,False
120330028021,2024-07-13,3,0.099609375,0.7374785437523648,3.9328474700328524,True,3,0,False,True,False
120330020002,2024-07-13,3,0.091796875,0.577946880452059,5.0319557443155665,True,3,0,False,True,False
120330028012,2024-07-13,3,0.072265625,0.4892707378755567,5.983873852158829,True,2,0,False,True,False
120330030022,2024-07-13,2,0.03515625,0.2228053984913043,8.81865414080927,True,2,0,False,True,False
120330029001,2024-07-13,2,0.03515625,0.23142199532827923,8.49030684059572,True,2,0,False,True,False
120330018002,2024-07-13,1,0.046875,0.3028727426473822,3.1469487536871887,True,1,0,False,True,False
120910210013,2024-07-13,1,0.05078125,0.3086479812358074,3.0754089049906854,True,1,0,False,True,False
120330029004,2024-07-13,1,0.033203125,0.31416508453751796,3.077353030567418,True,1,0,False,True,False
121130109005,2024-07-13,1,0.009765625,0.14639284383475656,6.764226645653144,True,1,0,False,True,False
120330029002,2024-07-13,1,0.01953125,0.15199062374520972,6.450850229048431,True,1,0,False,True,False
120330029003,2024-07-13,1,0.01953125,0.15199062374520975,6.45085022904843,True,1,0,False,True,False
121130102003,2024-07-14,293,12.33203125,62.835254334293744,4.466727663053624,True,242,3,True,True,True
121130102004,2024-07-14,282,10.314453125,70.59817626033603,3.8483366181179997,True,176,2,True,True,True
121130104001,2024-07-14,271,9.90234375,55.34798502701685,4.717383227637848,True,146,4,True,True,True
120910208001,2024-07-14,67,66.595703125,226.04819685297892,0.0017885428002903006,False,66,1,True,True,False
120330038001,2024-07-14,36,21.287109375,84.41335249877207,0.17429577418115247,False,22,2,True,True,False
121130101002,2024-07-14,22,9.751953125,38.03442405252881,0.32202530155535924,False,22,1,True,True,False
121130101001,2024-07-14,16,22.0703125,111.20237249814961,-0.05458797652991629,False,16,1,True,True,False
121130108081,2024-07-14,13,4.806640625,19.27085026929318,0.4251685452642208,False,12,1,True,True,False
121130108083,2024-07-14,11,4.466796875,17.043023464741115,0.38333592267334476,False,11,1,True,True,False
121319501022,2024-07-14,10,5.3203125,21.95634651194597,0.21313598314063242,False,10,1,True,True,False
121319502021,2024-07-14,9,3.45703125,15.665351516515923,0.3538362190057509,False,5,1,True,True,False
121130105061,2024-07-14,9,2.34375,11.621518269505675,0.5727521865594525,False,8,1,True,True,False
121130105051,2024-07-14,8,1.58984375,11.621044005252527,0.5515989998061027,False,6,1,True,True,False
120330040001,2024-07-14,7,4.2421875,25.181997761346214,0.10951523886771122,False,7,1,True,True,False
121319501024,2024-07-14,6,7.08203125,31.342079361827466,-0.03452327580147222,False,6,1,True,True,False
120330039003,2024-07-14,6,6.3203125,25.12463915485053,-0.012748939319120963,False,6,1,True,True,False
121130108021,2024-07-14,5,21.01953125,76.84051907170081,-0.20847765532468596,False,5,1,True,True,False
121319503053,2024-07-15,689,43.09765625,155.89971886707394,4.143062915339321,True,381,4,True,True,True
121319501031,2024-07-15,453,2.08203125,20.925857125886946,21.548363158428465,True,341,3,True,True,True
121319501032,2024-07-15,102,1.8984375,9.761411982614241,10.254824064212011,True,49,3,True,True,True
121319501043,2024-07-15,95,7.017578125,31.37641060509692,2.804094546770999,False,56,3,True,True,False
121319501033,2024-07-15,65,3.810546875,18.033813806426075,3.393040084687803,True,39,3,True,True,True
120050005001,2024-07-15,53,6.83203125,32.275888581615796,1.4304166602030306,False,40,2,True,True,False
120050003022,2024-07-15,26,7.248046875,35.08913720788649,0.5344090683650492,False,23,2,True,True,False
121319501022,2024-07-15,20,5.3203125,21.95634651194597,0.6685851624728687,False,18,1,True,True,False
121319503052,2024-07-15,19,3.205078125,18.006819038689855,0.877163359117603,False,16,1,True,True,False
120050007001,2024-07-15,17,6.94921875,39.802759290506025,0.25251468564385104,False,10,2,True,True,False
120910208001,2024-07-15,16,66.595703125,226.04819685297892,-0.2238270591377789,False,14,1,True,True,False
121319501042,2024-07-15,14,3.833984375,19.130660459385076,0.5313990934386574,False,11,1,True,True,False
120050026043,2024-07-15,14,0.060546875,0.6812028139460266,20.462999916651047,True,14,1,True,True,True
121319501024,2024-07-15,13,7.08203125,31.342079361827466,0.18881863840877405,False,6,2,True,True,False
120330040001,2024-07-15,13,4.2421875,25.181997761346214,0.3477806877357062,False,13,1,True,True,False
120050002012,2024-07-15,11,8.04296875,38.9559702959335,0.07590701059520717,False,9,1,True,True,False
120910202001,2024-07-15,11,13.890625,58.77240381418688,-0.04918337199783279,False,11,1,True,True,False
120910203052,2024-07-15,11,4.34375,21.287405204774263,0.31268489212142964,False,11,1,True,True,False
120050003021,2024-07-15,10,5.4453125,21.350511973861146,0.213329193490825,False,7,1,True,True,False
121319503032,2024-07-15,10,1.091796875,6.01704778806884,1.4804939961859718,False,8,1,True,True,False
120050026071,2024-07-15,8,1.5703125,9.99231297013613,0.6434633822235459,False,7,1,True,True,False
120050002011,2024-07-15,6,4.42578125,27.59687365966789,0.05704337271727557,False,5,1,True,True,False
120330039003,2024-07-15,6,6.3203125,25.12463915485053,-0.012748939319120963,False,6,1,True,True,False
120330038001,2024-07-15,6,21.287109375,84.41335249877207,-0.18109823768961641,False,6,1,True,True,False
120330039002,2024-07-15,6,4.677734375,24.00088983069414,0.055092358422019316,False,6,1,True,True,False
120050026045,2024-07-15,6,0.044921875,0.3538073510175432,16.831414349852565,True,6,1,True,True,True
120050005002,2024-07-15,5,8.80859375,45.03147936099073,-0.08457625208065578,False,5,1,True,True,False
120050026051,2024-07-15,4,0.08984375,0.6063383209819365,6.448802780051383,True,4,0,False,True,False
120050026041,2024-07-15,3,0.033203125,0.21867572823560855,13.567106413398902,True,2,0,False,True,False
120050026042,2024-07-15,2,0.06640625,0.36943440003544586,5.2339298934113305,True,2,0,False,True,False
120050026061,2024-07-15,1,0.046875,0.29634102637652837,3.216311327709878,True,1,0,False,True,False
120050026044,2024-07-15,1,0.03125,0.23198285920889053,4.175955082645492,True,1,0,False,True,False
120910208001,2024-07-16,985,66.595703125,226.04819685297892,4.062869377685536,True,487,6,True,True,True
121319503053,2024-07-16,493,43.09765625,155.89971886707394,2.8858444840019497,False,196,5,True,True,False
120910206012,2024-07-16,204,1.662109375,12.468398011231727,16.22805836345061,True,196,2,True,True,True
120910201011,2024-07-16,100,7.80859375,35.84990569214942,2.5715941079919915,False,94,2,True,True,False
120330027011,2024-07-16,92,0.623046875,4.707542361142082,19.410755361281833,True,78,2,True,True,True
121130107071,2024-07-16,90,2.603515625,11.853353268265453,7.373144324398345,True,86,2,True,True,True
120910201012,2024-07-16,84,5.34765625,32.006301886428645,2.4574017963428094,False,70,2,True,True,False
121130101004,2024-07-16,81,12.224609375,64.1884634903211,1.0714603043173103,False,81,1,True,True,False
120050003023,2024-07-16,73,8.814453125,41.20264875320031,1.5578014719263542,False,43,3,True,True,False
120330036084,2024-07-16,64,0.5078125,3.601469788567548,17.629521064302317,True,64,1,True,True,True
120050002013,2024-07-16,57,32.587890625,137.41519387845497,0.17765218449273332,False,25,2,True,True,False
120330038001,2024-07-16,53,21.287109375,84.41335249877207,0.37568571424125485,False,35,3,True,True,False
120910201022,2024-07-16,50,7.45703125,36.83514484388862,1.1549559240312957,False,46,2,True,True,False
120910201023,2024-07-16,41,8.41796875,38.34932022114185,0.8496117026876955,False,40,1,True,True,False
120330033051,2024-07-16,41,1.47265625,6.335007755576106,6.239509922495017,True,34,2,True,True,True
121319505013,2024-07-16,39,15.85546875,68.12351084119011,0.33974366506087234,False,34,1,True,True,False
121130101001,2024-07-16,33,22.0703125,111.20237249814961,0.09828645967226884,False,32,2,True,True,False
120910201021,2024-07-16,31,14.96484375,70.70081622753538,0.22680298623985182,False,23,2,True,True,False
120330036101,2024-07-16,31,0.43359375,3.0333250785713104,10.076864647951519,True,31,1,True,True,True
121130105042,2024-07-16,31,0.119140625,1.427800863914882,21.628267747596038,True,31,1,True,True,True
120330036032,2024-07-16,30,3.5546875,16.948550483830033,1.5603288626499632,False,27,1,True,True,False
121130102003,2024-07-16,27,12.33203125,62.835254334293744,0.23343533666568814,False,27,1,True,True,False
121319505012,2024-07-16,26,13.455078125,54.720084121427625,0.22925626077551264,False,9,2,True,True,False
121319503062,2024-07-16,25,3.3671875,16.49010666751634,1.3118661350210798,False,20,2,True,True,False
121319503051,2024-07-16,24,1.0,5.748819329137132,4.000821504935376,True,21,1,True,True,True
120330037001,2024-07-16,24,0.486328125,3.325141227339295,7.071480658226094,True,24,1,True,True,True
120330026011,2024-07-16,22,1.0234375,5.597685912355705,3.7473632548226194,True,18,1,True,True,True
120330026041,2024-07-16,21,1.4921875,7.282121466498447,2.6788639258142153,False,13,2,True,True,False
120050002041,2024-07-16,20,7.814453125,34.00786639306215,0.3583155360045151,False,14,2,True,True,False
121130108021,2024-07-16,20,21.01953125,76.84051907170081,-0.013268146315470138,False,11,2,True,True,False
120050002012,2024-07-16,19,8.04296875,38.9559702959335,0.2812670603957148,False,17,1,True,True,False
121319504002,2024-07-16,19,6.1875,26.67878067963113,0.48025058393250186,False,16,1,True,True,False
120050005002,2024-07-16,19,8.80859375,45.03147936099073,0.22631737608044197,False,14,1,True,True,False
120050002031,2024-07-16,19,1.123046875,5.232976883043129,3.416210987464563,True,9,3,True,True,True
120330024001,2024-07-16,18,1.236328125,10.438376085254413,1.6059655005802007,False,15,1,True,True,False
120330039001,2024-07-16,17,9.318359375,33.52182183274139,0.22915343513630868,False,9,2,True,True,False
120330036083,2024-07-16,17,0.4921875,2.7505447779199064,6.001651975462111,True,17,1,True,True,True
120050002011,2024-07-16,16,4.42578125,27.59687365966789,0.41940325896101116,False,10,2,True,True,False
121319503061,2024-07-16,14,2.716796875,14.833580111273319,0.7606527244508505,False,8,1,True,True,False
120050003021,2024-07-16,13,5.4453125,21.350511973861146,0.35384104649335807,False,13,1,True,True,False
120330039002,2024-07-16,12,4.677734375,24.00088983069414,0.30508308969593856,False,6,2,True,True,False
120910203062,2024-07-16,12,1.427734375,6.371003013420702,1.659435037580302,False,11,1,True,True,False
120050005001,2024-07-16,12,6.83203125,32.275888581615796,0.16011855837622554,False,8,1,True,True,False
120330008011,2024-07-16,12,0.333984375,2.755492175085413,4.233732082595511,True,12,1,True,True,True
121130106013,2024-07-16,12,0.06640625,0.602899367034862,19.793674371713102,True,12,1,True,True,True
120330026052,2024-07-16,10,1.076171875,7.9558504481898655,1.121668661711756,False,6,1,True,True,False
120330027041,2024-07-16,10,0.451171875,2.54923314392085,3.7457649363186207,True,7,1,True,True,True
120910206013,2024-07-16,10,1.185546875,6.740271389844577,1.3077297062964777,False,8,1,True,True,False
121319503032,2024-07-16,10,1.091796875,6.01704778806884,1.4804939961859718,False,10,1,True,True,False
120050004012,2024-07-16,10,0.85546875,4.905227988521408,1.8642418398082357,False,10,1,True,True,False
121130107101,2024-07-16,9,5.873046875,30.85826281003802,0.10133276601632998,False,8,1,True,True,False
121319503052,2024-07-16,9,3.205078125,18.006819038689855,0.3218181880180448,False,7,1,True,True,False
120330011011,2024-07-16,8,0.4453125,2.885441135761601,2.6182088438293403,False,6,1,True,True,False
121130108093,2024-07-16,8,0.49609375,2.632772599497602,2.850191562853522,False,8,1,True,True,False
121130101002,2024-07-16,7,9.751953125,38.03442405252881,-0.07235427362326602,False,7,1,True,True,False
121130108081,2024-07-16,7,4.806640625,19.27085026929318,0.1138174675403385,False,7,1,True,True,False
120050004021,2024-07-16,7,1.884765625,13.451092912177986,0.38028392253308335,False,5,1,True,True,False
121319502011,2024-07-16,6,1.380859375,7.117786274665048,0.6489574773327076,False,5,1,True,True,False
121319503041,2024-07-16,6,0.49609375,2.9062292862717443,1.8938307022088698,False,6,1,True,True,False
121319503043,2024-07-16,6,0.35546875,2.2510292003572623,2.507533553587023,False,5,1,True,True,False
121130105051,2024-07-16,6,1.58984375,11.621044005252527,0.37949742277945764,False,6,1,True,True,False
121130108092,2024-07-16,6,1.416015625,9.297053451517936,0.49305776275294727,False,6,1,True,True,False
120330026072,2024-07-16,6,0.171875,1.0861834654182256,5.365691142937745,True,5,1,True,True,True
120330003001,2024-07-16,6,0.34765625,2.6246301342260177,2.153577251244519,False,6,1,True,True,False
121319503042,2024-07-16,5,0.748046875,3.5347030053952624,1.2029166576399626,False,5,1,True,True,False
121130108094,2024-07-16,5,1.748046875,7.6145521982447875,0.4270708296870826,False,5,1,True,True,False
121319505021,2024-07-16,5,1.775390625,9.788084325293225,0.32944233701249803,False,5,1,True,True,False
120330028041,2024-07-16,4,0.169921875,1.1986757181366816,3.195257955966425,True,3,0,False,True,False
120330033121,2024-07-16,4,0.0703125,0.40897167113218214,9.608703432003487,True,4,0,False,True,False
120330028012,2024-07-16,4,0.072265625,0.4892707378755567,8.027732032482591,True,2,0,False,True,False
121319502012,2024-07-16,3,0.078125,0.42170792426218234,6.9286698966164675,True,3,0,False,True,False
120330001001,2024-07-16,3,0.13671875,0.856001819204498,3.344947622495607,True,3,0,False,True,False
120330036103,2024-07-16,3,0.173828125,0.8503818606679197,3.3234150511867995,True,3,0,False,True,False
120330036113,2024-07-16,2,0.1171875,0.5435419642746941,3.463968973421283,True,2,0,False,True,False
120330032033,2024-07-16,2,0.109375,0.6063509282098118,3.1180376116218276,True,2,0,False,True,False
120330035071,2024-07-16,2,0.080078125,0.41901197007548163,4.582021546196262,True,2,0,False,True,False
120330035052,2024-07-16,2,0.05078125,0.35022969119552366,5.565543981568954,True,2,0,False,True,False
120330035101,2024-07-16,2,0.0546875,0.32648501612390224,5.958351544261213,True,2,0,False,True,False
120330006001,2024-07-16,2,0.0546875,0.411357235199621,4.729010051460479,True,2,0,False,True,False
120330033133,2024-07-16,2,0.09765625,0.543809112899017,3.4981829191105462,True,2,0,False,True,False
120050014032,2024-07-16,1,0.041015625,0.2802664090278288,3.4216885938149604,True,1,0,False,True,False
120330004002,2024-07-16,1,0.03125,0.23198285920889045,4.175955082645493,True,1,0,False,True,False
120330011041,2024-07-16,1,0.05078125,0.2956954305890317,3.2101231598646476,True,1,0,False,True,False
120330010023,2024-07-16,1,0.013671875,0.1320046912156361,7.4719172168569745,True,1,0,False,True,False
120330013001,2024-07-16,1,0.044921875,0.2999243116360724,3.18439715603612,True,1,0,False,True,False
120330028032,2024-07-16,1,0.02734375,0.2149827622453072,4.524345300253168,True,1,0,False,True,False
120330009001,2024-07-16,1,0.021484375,0.15804376437533255,6.191421906884968,True,1,0,False,True,False
120330014023,2024-07-16,1,0.025390625,0.2011217167808118,4.845868415404176,True,1,0,False,True,False
120330029003,2024-07-16,1,0.01953125,0.15199062374520975,6.45085022904843,True,1,0,False,True,False
121130101001,2024-07-17,444,22.0703125,111.20237249814961,3.7942507702074506,True,305,3,True,True,True
120910208001,2024-07-17,388,66.595703125,226.04819685297892,1.4218396844104906,False,250,6,True,True,False
121130101002,2024-07-17,345,9.751953125,38.03442405252881,8.81433215373509,True,285,4,True,True,True
121319501033,2024-07-17,210,3.810546875,18.033813806426075,11.433491292425762,True,180,2,True,True,True
121319501024,2024-07-17,204,7.08203125,31.342079361827466,6.282862297574065,True,166,3,True,True,True
121319501022,2024-07-17,168,5.3203125,21.95634651194597,7.409233016589965,True,133,4,True,True,True
121319503053,2024-07-17,156,43.09765625,155.89971886707394,0.7241985076718762,False,108,3,True,True,False
120330039001,2024-07-17,142,9.318359375,33.52182183274139,3.9580677114454255,True,71,5,True,True,True
120910207023,2024-07-17,139,0.560546875,6.332923175201471,21.86027673083146,True,139,1,True,True,True
121319501043,2024-07-17,133,7.017578125,31.37641060509692,4.015195474734605,True,125,2,True,True,True
120330038002,2024-07-17,119,6.328125,32.737193310235114,3.4417084547310206,True,96,3,True,True,True
121319501042,2024-07-17,118,3.833984375,19.130660459385076,5.96769859918729,True,108,2,True,True,True
120910203052,2024-07-17,112,4.34375,21.287405204774263,5.057274428912324,True,105,2,True,True,True
121319501021,2024-07-17,107,4.578125,23.180010071775058,4.418543162097808,True,76,3,True,True,True
120330039003,2024-07-17,98,6.3203125,25.12463915485053,3.648995192924012,True,69,4,True,True,True
120330036032,2024-07-17,97,3.5546875,16.948550483830033,5.513469283945705,True,90,2,True,True,True
120910201011,2024-07-17,95,7.80859375,35.84990569214942,2.4321237271509357,False,74,2,True,True,False
121319503032,2024-07-17,93,1.091796875,6.01704778806884,15.27463406676678,True,91,1,True,True,True
121319501031,2024-07-17,82,2.08203125,20.925857125886946,3.8191013285250395,True,77,2,True,True,True
121130102003,2024-07-17,79,12.33203125,62.835254334293744,1.0609962425761117,False,72,2,True,True,False
121130108081,2024-07-17,79,4.806640625,19.27085026929318,3.8500304002269266,True,73,2,True,True,True
120910202001,2024-07-17,76,13.890625,58.77240381418688,1.056777857791272,False,47,3,True,True,False
121319501023,2024-07-17,74,12.2109375,66.86814461817453,0.9240433221651846,False,35,3,True,True,False
120910201021,2024-07-17,72,14.96484375,70.70081622753538,0.8067114256000186,False,48,3,True,True,False
120330040003,2024-07-17,70,2.484375,16.19812961829592,4.168112405011289,True,70,1,True,True,True
121319501032,2024-07-17,70,1.8984375,9.761411982614241,6.976609800026231,True,65,2,True,True,True
121130101004,2024-07-17,53,12.224609375,64.1884634903211,0.635244846313364,False,49,2,True,True,False
120330039004,2024-07-17,53,3.39453125,19.51627875325507,2.541748320833265,False,31,3,True,True,False
120330040001,2024-07-17,52,4.2421875,25.181997761346214,1.8965061053776735,False,52,1,True,True,False
121130104001,2024-07-17,52,9.90234375,55.34798502701685,0.760599617663606,False,45,1,True,True,False
120910203061,2024-07-17,52,4.181640625,26.602462528256105,1.7975162759541223,False,43,2,True,True,False
121130108021,2024-07-17,47,21.01953125,76.84051907170081,0.33810896990111833,False,26,3,True,True,False
120910201023,2024-07-17,41,8.41796875,38.34932022114185,0.8496117026876955,False,27,3,True,True,False
120330026041,2024-07-17,39,1.4921875,7.282121466498447,5.150671088439746,True,20,3,True,True,True
121319502011,2024-07-17,38,1.380859375,7.117786274665048,5.144737311843947,True,28,2,True,True,True
120910203062,2024-07-17,38,1.427734375,6.371003013420702,5.740425102289148,True,37,1,True,True,True
121319504002,2024-07-17,37,6.1875,26.67878067963113,1.154944087213285,False,27,2,True,True,False
120330023001,2024-07-17,35,1.599609375,8.89434833658072,3.7552375239938276,True,31,1,True,True,True
121319502021,2024-07-17,33,3.45703125,15.665351516515923,1.885879721170186,False,20,3,True,True,False
120330038001,2024-07-17,31,21.287109375,84.41335249877207,0.11506343886935766,False,19,2,True,True,False
120330038003,2024-07-17,29,3.66796875,26.015558896018575,0.9737261978975519,False,23,2,True,True,False
120050007001,2024-07-17,29,6.94921875,39.802759290506025,0.5540013215932915,False,27,1,True,True,False
121319504003,2024-07-17,28,9.2421875,42.331604195878015,0.4431160324849328,False,25,2,True,True,False
121130102004,2024-07-17,26,10.314453125,70.59817626033603,0.22218062428636084,False,17,2,True,True,False
120910201022,2024-07-17,23,7.45703125,36.83514484388862,0.42196029948769864,False,13,2,True,True,False
121319501041,2024-07-17,21,6.0078125,27.330189781327274,0.5485577531643439,False,17,1,True,True,False
121319504001,2024-07-17,21,6.40625,30.31761095875755,0.4813621370052064,False,15,2,True,True,False
120910207012,2024-07-17,18,0.380859375,2.54921515179993,6.911594187159767,True,17,1,True,True,True
120330039002,2024-07-17,17,4.677734375,24.00088983069414,0.5134086990908713,False,13,1,True,True,False
120330026042,2024-07-17,17,0.857421875,5.840105586544332,2.764090115458303,False,9,2,True,True,False
121130108083,2024-07-17,17,4.466796875,17.043023464741115,0.735386133272004,False,10,1,True,True,False
120910207022,2024-07-17,17,0.23828125,1.7633636729978683,9.505537063437204,True,17,1,True,True,True
121130103021,2024-07-17,16,4.54296875,25.73571287523765,0.4451802561499553,False,16,1,True,True,False
120330036132,2024-07-17,16,1.86328125,9.96946705501637,1.418001451029098,False,11,1,True,True,False
120910203051,2024-07-17,16,3.583984375,15.96941724137451,0.7774870827992303,False,12,1,True,True,False
120050027102,2024-07-17,16,0.4609375,2.571566165594677,6.042645415038963,True,16,1,True,True,True
121319503031,2024-07-17,15,0.498046875,2.3773219350617283,6.100121700439133,True,14,1,True,True,True
120910206013,2024-07-17,15,1.185546875,6.740271389844577,2.049539599520272,False,13,1,True,True,False
120050005002,2024-07-17,14,8.80859375,45.03147936099073,0.1152839374514785,False,13,1,True,True,False
120330036131,2024-07-17,14,1.935546875,10.023150604322845,1.2036587697082761,False,11,2,True,True,False
120050005001,2024-07-17,13,6.83203125,32.275888581615796,0.19110143890858663,False,13,1,True,True,False
120330036144,2024-07-17,13,0.642578125,3.440745776824243,3.5914951805610342,True,9,1,True,True,True
121319505012,2024-07-17,12,13.455078125,54.720084121427625,-0.026591299124670235,False,12,1,True,True,False
121319503042,2024-07-17,12,0.748046875,3.5347030053952624,3.1832810586420877,True,12,1,True,True,True
120330033051,2024-07-17,12,1.47265625,6.335007755576106,1.661772827465567,False,12,1,True,True,False
120330040004,2024-07-17,11,0.423828125,3.0975747399883815,3.414339527781554,True,11,1,True,True,True
121130108094,2024-07-17,11,1.748046875,7.6145521982447875,1.2150357478845106,False,11,1,True,True,False
120050002042,2024-07-17,11,6.548828125,30.588896444758674,0.14551593526881537,False,11,1,True,True,False
120050026092,2024-07-17,11,0.216796875,1.2843598898149844,8.395780038376433,True,11,1,True,True,True
120330003001,2024-07-17,11,0.34765625,2.6246301342260177,4.0586075771553585,True,5,1,True,True,True
121319503051,2024-07-17,10,1.0,5.748819329137132,1.565538849757321,False,6,1,True,True,False
120050002041,2024-07-17,10,7.814453125,34.00786639306215,0.0642659215882437,False,10,1,True,True,False
121130107113,2024-07-17,10,0.85546875,3.9192696430872243,2.333223299940347,False,6,1,True,True,False
120330036033,2024-07-17,10,1.181640625,6.99512094736385,1.2606443035589325,False,10,1,True,True,False
120050003023,2024-07-17,9,8.814453125,41.20264875320031,0.004503275411039882,False,9,1,True,True,False
120330026011,2024-07-17,9,1.0234375,5.597685912355705,1.4249750030442812,False,9,1,True,True,False
120050026091,2024-07-17,9,0.18359375,1.131943402272887,7.788734164885883,True,9,1,True,True,True
120330022003,2024-07-17,9,0.037109375,0.43858632952273713,20.435864097162533,True,7,1,True,True,True
120330036034,2024-07-17,8,1.140625,10.981203919895702,0.6246469011992585,False,7,1,True,True,False
120050026082,2024-07-17,8,0.115234375,0.6740960053381978,11.696799213406061,True,8,1,True,True,True
120910204003,2024-07-17,8,0.357421875,2.3713851042938874,3.2228329810967935,True,5,1,True,True,True
121130102001,2024-07-17,7,6.05859375,46.09609299080168,0.020422690708035807,False,7,1,True,True,False
120330026021,2024-07-17,7,1.03125,5.591001296639227,1.0675636944652185,False,6,1,True,True,False
120330025002,2024-07-17,7,1.279296875,9.38782370663819,0.6093747926854287,False,7,1,True,True,False
120050026071,2024-07-17,7,1.5703125,9.99231297013613,0.5433864527890212,False,7,1,True,True,False
121130101003,2024-07-17,6,5.4296875,43.05486121072455,0.013246181359375527,False,6,1,True,True,False
120910206012,2024-07-17,6,1.662109375,12.468398011231727,0.34791082391598027,False,5,1,True,True,False
120050026081,2024-07-17,6,0.728515625,5.271357391718295,1.000024089294705,False,6,1,True,True,False
120910204001,2024-07-17,6,0.17578125,0.9734033416614768,5.983356025939661,True,5,1,True,True,True
120910205001,2024-07-17,6,0.267578125,1.5976632868752294,3.588003756543526,True,5,1,True,True,True
120330008011,2024-07-17,6,0.333984375,2.755492175085413,2.056262643832174,False,6,1,True,True,False
120330040002,2024-07-17,5,0.96875,6.790332139705296,0.5936749362270457,False,5,1,True,True,False
120050027103,2024-07-17,5,0.1875,1.0412246289751046,4.621961357883963,True,5,1,True,True,True
120330021001,2024-07-17,5,0.103515625,0.7474858995391054,6.55060433650874,True,5,1,True,True,True
120330028041,2024-07-17,4,0.169921875,1.1986757181366816,3.195257955966425,True,2,0,False,True,False
120330001001,2024-07-17,4,0.13671875,0.856001819204498,4.51316943881058,True,4,0,False,True,False
120910211011,2024-07-17,4,0.19921875,1.2240893316179267,3.1049868272084025,True,4,0,False,True,False
120330012022,2024-07-17,3,0.08984375,0.5342793077307749,5.44688182359186,True,2,0,False,True,False
120050026062,2024-07-17,3,0.02734375,0.26400938243127225,11.259661390154765,True,3,0,False,True,False
120330022002,2024-07-17,2,0.072265625,0.5387638454502891,3.578069299339926,True,1,0,False,True,False
120050026051,2024-07-17,2,0.08984375,0.6063383209819365,3.1503142451999264,True,2,0,False,True,False
120050019004,2024-07-17,2,0.025390625,0.22845487067563416,8.643323598924704,True,2,0,False,True,False
120330012012,2024-07-17,2,0.0625,0.5902004701048088,3.282782881646867,True,2,0,False,True,False
120050027132,2024-07-17,2,0.076171875,0.6130180973040757,3.1382892829112063,True,2,0,False,True,False
120330028031,2024-07-17,1,0.01171875,0.10772225920023017,9.174345741886263,True,1,0,False,True,False
120050026061,2024-07-17,1,0.046875,0.29634102637652837,3.216311327709878,True,1,0,False,True,False
120330035102,2024-07-17,1,0.04296875,0.3098345227808698,3.0888463990723833,True,1,0,False,True,False
120330004001,2024-07-17,1,0.029296875,0.23641379224652606,4.105949639299286,True,1,0,False,True,False
120330011041,2024-07-17,1,0.05078125,0.2956954305890317,3.2101231598646476,True,1,0,False,True,False
120330028032,2024-07-17,1,0.02734375,0.2149827622453072,4.524345300253168,True,1,0,False,True,False
120330009001,2024-07-17,1,0.021484375,0.15804376437533255,6.191421906884968,True,1,0,False,True,False
120910218022,2024-07-17,1,0.041015625,0.2802664090278288,3.4216885938149604,True,1,0,False,True,False
120910206021,2024-07-17,1,0.02734375,0.23247661540965528,4.183888552773568,True,1,0,False,True,False
120330022001,2024-07-17,1,0.01171875,0.10772225920023014,9.174345741886265,True,1,0,False,True,False
120910208001,2024-07-18,442,66.595703125,226.04819685297892,1.6607267923449167,False,337,7,True,True,False
121319501023,2024-07-18,117,12.2109375,66.86814461817453,1.56709989634614,False,78,2,True,True,False
121319501024,2024-07-18,104,7.08203125,31.342079361827466,3.0922635231419755,True,61,2,True,True,True
121319503053,2024-07-18,90,43.09765625,155.89971886707394,0.3008494440582714,False,35,5,True,True,False
121319504001,2024-07-18,68,6.40625,30.31761095875755,2.0316162142125522,False,50,3,True,True,False
120050005002,2024-07-18,60,8.80859375,45.03147936099073,1.1367915728379425,False,29,3,True,True,False
120050002013,2024-07-18,50,32.587890625,137.41519387845497,0.12671167491421054,False,36,2,True,True,False
120050007001,2024-07-18,45,6.94921875,39.802759290506025,0.9559835028592122,False,41,2,True,True,False
120910214001,2024-07-18,43,0.40625,2.425201990901622,17.56297007828401,True,39,2,True,True,True
120050005001,2024-07-18,43,6.83203125,32.275888581615796,1.1205878548794197,False,21,3,True,True,False
120910212002,2024-07-18,38,1.34765625,5.8520769537157795,6.263134275212765,True,28,3,True,True,True
120050003023,2024-07-18,27,8.814453125,41.20264875320031,0.44136839318097204,False,23,2,True,True,False
120910215021,2024-07-18,27,0.220703125,1.537566473114764,17.41667585971172,True,27,1,True,True,True
120910201023,2024-07-18,26,8.41796875,38.34932022114185,0.45847048001406515,False,24,1,True,True,False
120050002012,2024-07-18,23,8.04296875,38.9559702959335,0.38394708529596866,False,10,3,True,True,False
120910201011,2024-07-18,23,7.80859375,35.84990569214942,0.4237502430397379,False,18,2,True,True,False
121319504002,2024-07-18,21,6.1875,26.67878067963113,0.5552165287414778,False,6,3,True,True,False
120910215011,2024-07-18,21,0.189453125,1.315735749077001,15.816661430381263,True,21,1,True,True,True
121319501022,2024-07-18,20,5.3203125,21.95634651194597,0.6685851624728687,False,8,3,True,True,False
121130108021,2024-07-18,20,21.01953125,76.84051907170081,-0.013268146315470138,False,7,2,True,True,False
121130108083,2024-07-18,20,4.466796875,17.043023464741115,0.9114112385713335,False,8,2,True,True,False
121319501021,2024-07-18,19,4.578125,23.180010071775058,0.622168625265641,False,10,2,True,True,False
120910201022,2024-07-18,19,7.45703125,36.83514484388862,0.3133683551108694,False,17,1,True,True,False
121319502021,2024-07-18,16,3.45703125,15.665351516515923,0.8006822404703778,False,8,1,True,True,False
121319503032,2024-07-18,16,1.091796875,6.01704778806884,2.4776607482761506,False,15,1,True,True,False
120050005003,2024-07-18,16,4.2421875,28.655384385927967,0.4103177379038756,False,15,1,True,True,False
121319503042,2024-07-18,15,0.748046875,3.5347030053952624,4.03200865907157,True,10,1,True,True,True
120330036132,2024-07-18,12,1.86328125,9.96946705501637,1.0167763927660982,False,12,1,True,True,False
120330025001,2024-07-18,11,1.73828125,11.857514291832736,0.7810843421356297,False,10,1,True,True,False
120910211024,2024-07-18,11,0.279296875,1.662914558100936,6.446935636454554,True,5,1,True,True,True
121319505012,2024-07-18,9,13.455078125,54.720084121427625,-0.081415776246138,False,8,1,True,True,False
121319503051,2024-07-18,9,1.0,5.748819329137132,1.3915900886731742,False,6,1,True,True,False
120910202001,2024-07-18,9,13.890625,58.77240381418688,-0.08321294829903601,False,6,1,True,True,False
120910220021,2024-07-18,9,0.1171875,0.7091362817856759,12.526241750925777,True,5,1,True,True,True
120330036131,2024-07-18,8,1.935546875,10.023150604322845,0.6050445976921155,False,8,1,True,True,False
121319501033,2024-07-18,8,3.810546875,18.033813806426075,0.23231098923219182,False,8,1,True,True,False
121319501043,2024-07-18,8,7.017578125,31.37641060509692,0.03131084327537488,False,8,1,True,True,False
120050003022,2024-07-18,7,7.248046875,35.08913720788649,-0.007069050274175736,False,6,1,True,True,False
120910223001,2024-07-18,7,0.201171875,2.0001366376392906,3.399181834409313,True,5,1,True,True,True
121319503031,2024-07-18,7,0.498046875,2.3773219350617283,2.7349905913484003,False,5,1,True,True,False
120050002041,2024-07-18,6,7.814453125,34.00786639306215,-0.053353924178264865,False,5,1,True,True,False
121130101001,2024-07-18,6,22.0703125,111.20237249814961,-0.14451411547237814,False,5,1,True,True,False
121319505023,2024-07-18,6,3.873046875,17.55565642460506,0.1211548616330277,False,5,1,True,True,False
120050006001,2024-07-18,6,2.99609375,16.79273863361856,0.17888126026009063,False,6,1,True,True,False
120910218011,2024-07-18,5,0.083984375,0.5109154361786657,9.621975138916888,True,5,1,True,True,True
120050002042,2024-07-18,5,6.548828125,30.588896444758674,-0.05063367120147898,False,5,1,True,True,False
120910216001,2024-07-18,5,0.119140625,0.673415254824635,7.247919229675055,True,5,1,True,True,True
120910212005,2024-07-18,5,0.166015625,1.114649534554508,4.336775125404775,True,3,0,False,True,False
120910224001,2024-07-18,5,0.173828125,1.0005177689664546,4.823674326129646,True,3,0,False,True,False
120910225002,2024-07-18,5,0.076171875,0.47238682131599874,10.423296973617838,True,4,0,False,True,False
120910217001,2024-07-18,5,0.119140625,0.7658723865472225,6.372940793706308,True,4,0,False,True,False
120050023001,2024-07-18,5,0.140625,1.2911523395758426,3.7635953954096206,True,5,1,True,True,True
120910211011,2024-07-18,4,0.19921875,1.2240893316179267,3.1049868272084025,True,4,0,False,True,False
120910212003,2024-07-18,4,0.08203125,0.5605328180556575,6.989722320970277,True,3,0,False,True,False
120910233032,2024-07-18,3,0.044921875,0.265301943238465,11.138546853174937,True,3,0,False,True,False
120910225001,2024-07-18,3,0.060546875,0.3834212219151059,7.666380880844489,True,3,0,False,True,False
120910223002,2024-07-18,3,0.080078125,0.5796901744772964,5.0370387554573925,True,3,0,False,True,False
120910215022,2024-07-18,3,0.041015625,0.2584716175033432,11.448005021138258,True,3,0,False,True,False
120910211012,2024-07-18,3,0.099609375,0.6590034608400908,4.4011766209886245,True,2,0,False,True,False
120910215013,2024-07-18,3,0.03515625,0.25553438691550245,11.602523581221124,True,3,0,False,True,False
120910218023,2024-07-18,2,0.04296875,0.3222192113399755,6.07360201107042,True,2,0,False,True,False
120910218024,2024-07-18,2,0.03515625,0.2630811989123034,7.468582924677066,True,2,0,False,True,False
120910221002,2024-07-18,2,0.064453125,0.6238461707545908,3.102602798152635,True,2,0,False,True,False
120910224003,2024-07-18,1,0.037109375,0.2808113833580887,3.428958660739649,True,1,0,False,True,False
120910227002,2024-07-18,1,0.03125,0.20512036464518152,4.722836767942324,True,1,0,False,True,False
121319503053,2024-07-19,83,43.09765625,155.89971886707394,0.2559487857962224,False,61,2,True,True,False
121130108021,2024-07-19,27,21.01953125,76.84051907170081,0.07782962455549725,False,26,1,True,True,False
120330038001,2024-07-19,17,21.287109375,84.41335249877207,-0.05078710000366782,False,12,1,True,True,False
120050003012,2024-07-19,17,2.990234375,14.025902175731852,0.9988495178042969,False,12,2,True,True,False
120050003011,2024-07-19,16,1.71484375,6.352706742019331,2.2486723895992697,False,11,1,True,True,False
121319501022,2024-07-19,12,5.3203125,21.95634651194597,0.3042258190070797,False,8,1,True,True,False
120330036031,2024-07-19,12,0.779296875,5.128879238622584,2.187749526349433,False,12,1,True,True,False
121130101001,2024-07-19,11,22.0703125,111.20237249814961,-0.09955104600114721,False,9,1,True,True,False
120330024001,2024-07-19,11,1.236328125,10.438376085254413,0.9353631058371692,False,11,1,True,True,False
121130107101,2024-07-19,11,5.873046875,30.85826281003802,0.1661452284777428,False,10,1,True,True,False
120050002013,2024-07-19,8,32.587890625,137.41519387845497,-0.17893138255692612,False,8,1,True,True,False
121319504003,2024-07-19,5,9.2421875,42.331604195878015,-0.10021324683020347,False,5,1,True,True,False
121319501024,2024-07-19,5,7.08203125,31.342079361827466,-0.06642926354579312,False,5,1,True,True,False
120330023001,2024-07-19,5,1.599609375,8.89434833658072,0.38230913568055985,False,5,1,True,True,False
120330025002,2024-07-19,5,1.279296875,9.38782370663819,0.3963328713095738,False,5,1,True,True,False
120330036034,2024-07-19,5,1.140625,10.981203919895702,0.3514528122920657,False,5,1,True,True,False
121319503053,2024-07-20,310,43.09765625,155.89971886707394,1.7120129894369542,False,169,6,True,True,False
121130108021,2024-07-20,214,21.01953125,76.84051907170081,2.5114415035370548,False,134,5,True,True,False
120910208001,2024-07-20,184,66.595703125,226.04819685297892,0.5193772766582138,False,45,7,True,True,False
120910201011,2024-07-20,156,7.80859375,35.84990569214942,4.133662373411812,True,131,2,True,True,True
120050002042,2024-07-20,120,6.548828125,30.588896444758674,3.7089004528124963,True,78,5,True,True,True
120050003021,2024-07-20,98,5.4453125,21.350511973861146,4.335010214898462,True,94,1,True,True,True
121130102001,2024-07-20,78,6.05859375,46.09609299080168,1.560683380787948,False,68,2,True,True,False
121130108081,2024-07-20,76,4.806640625,19.27085026929318,3.6943548613649853,True,37,3,True,True,True
121130101004,2024-07-20,68,12.224609375,64.1884634903211,0.868931698815478,False,33,4,True,True,False
120050002013,2024-07-20,66,32.587890625,137.41519387845497,0.24314712537940544,False,48,3,True,True,False
121130102003,2024-07-20,66,12.33203125,62.835254334293744,0.8541060160985058,False,60,2,True,True,False
121130108083,2024-07-20,59,4.466796875,17.043023464741115,3.1997376074626183,True,27,3,True,True,True
121319505023,2024-07-20,57,3.873046875,17.55565642460506,3.026201461230474,True,50,2,True,True,True
120050003022,2024-07-20,55,7.248046875,35.08913720788649,1.360875670498603,False,50,2,True,True,False
120050003011,2024-07-20,54,1.71484375,6.352706742019331,8.230374606176163,True,52,2,True,True,True
120910201012,2024-07-20,54,5.34765625,32.006301886428645,1.5200863855698878,False,52,1,True,True,False
120050002041,2024-07-20,46,7.814453125,34.00786639306215,1.1228445334868207,False,22,3,True,True,False
121130102002,2024-07-20,44,5.32421875,34.781964973978646,1.1119492897809087,False,43,1,True,True,False
121130101002,2024-07-20,40,9.751953125,38.03442405252881,0.7952807917697096,False,24,3,True,True,False
121130101003,2024-07-20,40,5.4296875,43.05486121072455,0.8029363358251603,False,38,2,True,True,False
120910203051,2024-07-20,34,3.583984375,15.96941724137451,1.9046415511141126,False,22,2,True,True,False
120910203052,2024-07-20,33,4.34375,21.287405204774263,1.3461598407293474,False,18,2,True,True,False
120910201023,2024-07-20,32,8.41796875,38.34932022114185,0.6149269690835173,False,32,1,True,True,False
121130102004,2024-07-20,30,10.314453125,70.59817626033603,0.2788393116899802,False,27,1,True,True,False
120910202001,2024-07-20,29,13.890625,58.77240381418688,0.25708281471299627,False,13,2,True,True,False
120330039003,2024-07-20,28,6.3203125,25.12463915485053,0.8628855270868456,False,25,1,True,True,False
120910201022,2024-07-20,27,7.45703125,36.83514484388862,0.5305522438645278,False,25,1,True,True,False
121130101001,2024-07-20,26,22.0703125,111.20237249814961,0.03533816241254555,False,10,3,True,True,False
121130104001,2024-07-20,26,9.90234375,55.34798502701685,0.29084448588584205,False,23,1,True,True,False
121130107101,2024-07-20,26,5.873046875,30.85826281003802,0.6522386969383388,False,15,2,True,True,False
120330038001,2024-07-20,25,21.287109375,84.41335249877207,0.043984636495203885,False,19,2,True,True,False
120910203032,2024-07-20,25,0.87109375,4.343267995825453,5.555472578066005,True,25,1,True,True,True
120910212002,2024-07-20,24,1.34765625,5.8520769537157795,3.8708212364871386,True,22,1,True,True,True
121130103031,2024-07-20,23,6.490234375,34.901537520225176,0.47303834724853355,False,21,1,True,True,False
121130104002,2024-07-20,22,3.611328125,15.867704915626064,1.1588740761678369,False,16,1,True,True,False
121130108094,2024-07-20,21,1.748046875,7.6145521982447875,2.5283106115468907,False,13,1,True,True,False
120050007001,2024-07-20,21,6.94921875,39.802759290506025,0.3530102309603312,False,9,2,True,True,False
120050005001,2024-07-20,20,6.83203125,32.275888581615796,0.40798160263511435,False,16,2,True,True,False
120330038002,2024-07-20,19,6.328125,32.737193310235114,0.38707884576159446,False,15,2,True,True,False
120050003023,2024-07-20,18,8.814453125,41.20264875320031,0.22293583429600594,False,9,2,True,True,False
120330036032,2024-07-20,16,3.5546875,16.948550483830033,0.734299520886674,False,13,1,True,True,False
120050027102,2024-07-20,16,0.4609375,2.571566165594677,6.042645415038963,True,13,1,True,True,True
120050026092,2024-07-20,16,0.216796875,1.2843598898149844,12.288769876855634,True,15,1,True,True,True
120910203042,2024-07-20,15,2.072265625,11.657903106362172,1.1089245001483012,False,7,1,True,True,False
120050005002,2024-07-20,14,8.80859375,45.03147936099073,0.1152839374514785,False,9,1,True,True,False
120050026091,2024-07-20,14,0.18359375,1.131943402272887,12.205916145857941,True,13,1,True,True,True
120330040003,2024-07-20,13,2.484375,16.19812961829592,0.6491876067050677,False,12,1,True,True,False
120050026071,2024-07-20,13,1.5703125,9.99231297013613,1.1438480293961697,False,9,1,True,True,False
121130109003,2024-07-20,12,1.0078125,7.076872941223625,1.5532548897365674,False,12,1,True,True,False
121130108085,2024-07-20,12,0.494140625,2.2582670138453333,5.094995102199206,True,8,1,True,True,True
121319505013,2024-07-20,11,15.85546875,68.12351084119011,-0.07127449378407837,False,7,1,True,True,False
120910206012,2024-07-20,11,1.662109375,12.468398011231727,0.7489246506719053,False,10,1,True,True,False
121319501043,2024-07-20,11,7.017578125,31.37641060509692,0.12692407443039638,False,10,1,True,True,False
120330039001,2024-07-20,10,9.318359375,33.52182183274139,0.020334235662998152,False,8,2,True,True,False
120330023001,2024-07-20,10,1.599609375,8.89434833658072,0.9444638670661044,False,10,1,True,True,False
120050002011,2024-07-20,9,4.42578125,27.59687365966789,0.16575133859039626,False,5,1,True,True,False
120330040001,2024-07-20,9,4.2421875,25.181997761346214,0.18893705515704287,False,9,1,True,True,False
121130105051,2024-07-20,9,1.58984375,11.621044005252527,0.6376497883194253,False,7,1,True,True,False
120330025002,2024-07-20,9,1.279296875,9.38782370663819,0.8224167140612836,False,9,1,True,True,False
120910203061,2024-07-20,9,4.181640625,26.602462528256105,0.18112456205443858,False,5,1,True,True,False
120910203041,2024-07-20,9,0.623046875,3.2224287514953387,2.5995774526008533,False,9,1,True,True,False
121319506071,2024-07-20,9,0.76171875,4.097856269189469,2.0103880440954267,False,5,1,True,True,False
120050002012,2024-07-20,8,8.04296875,38.9559702959335,-0.0011030080799831954,False,5,1,True,True,False
120330036131,2024-07-20,8,1.935546875,10.023150604322845,0.6050445976921155,False,5,1,True,True,False
121130107043,2024-07-20,8,0.279296875,1.4450540160645982,5.342847422428022,True,4,0,False,True,False
121319503052,2024-07-20,8,3.205078125,18.006819038689855,0.26628367090808897,False,6,1,True,True,False
120910214001,2024-07-20,8,0.40625,2.425201990901622,3.1311824864438846,True,8,1,True,True,True
120330039004,2024-07-20,7,3.39453125,19.51627875325507,0.18474160958572358,False,6,1,True,True,False
120330036034,2024-07-20,7,1.140625,10.981203919895702,0.5335822048968608,False,7,1,True,True,False
121319503062,2024-07-20,7,3.3671875,16.49010666751634,0.2203025470512106,False,6,1,True,True,False
120050027062,2024-07-20,7,0.58203125,4.200119904983984,1.5280441737828134,False,7,1,True,True,False
120050003012,2024-07-20,6,2.990234375,14.025902175731852,0.2145862410339358,False,5,1,True,True,False
120330036132,2024-07-20,6,1.86328125,9.96946705501637,0.41493880537159844,False,5,1,True,True,False
121130108091,2024-07-20,6,0.357421875,2.054821925269796,2.746018063954197,False,5,1,True,True,False
120910232002,2024-07-20,6,0.96875,5.28919069049979,0.9512324842129266,False,5,1,True,True,False
120330014021,2024-07-20,6,0.337890625,1.7928674306879266,3.1581305332918217,True,6,1,True,True,True
121319503061,2024-07-20,6,2.716796875,14.833580111273319,0.22133585421531585,False,5,1,True,True,False
120050027103,2024-07-20,6,0.1875,1.0412246289751046,5.582368912768942,True,3,0,False,True,False
120050027131,2024-07-20,6,0.115234375,0.6912950096464135,8.512669038374751,True,6,1,True,True,True
120050027031,2024-07-20,6,0.2109375,1.2156986426840637,4.761922319184874,True,3,0,False,True,False
121130105061,2024-07-20,5,2.34375,11.621518269505675,0.22856307914344348,False,5,1,True,True,False
121130109001,2024-07-20,5,1.111328125,7.50220506356647,0.518337187806936,False,5,1,True,True,False
121130107082,2024-07-20,5,0.103515625,0.5551990032584518,8.819332070595644,True,4,0,False,True,False
120910205006,2024-07-20,5,0.283203125,1.4791013475191193,3.188961245225983,True,4,0,False,True,False
120910212001,2024-07-20,5,0.171875,1.04766537583621,4.6084609755728145,True,5,1,True,True,True
120910209002,2024-07-20,5,0.283203125,1.4016593094315901,3.3651521758969984,True,3,0,False,True,False
120910215011,2024-07-20,5,0.189453125,1.315735749077001,3.6561649087779493,True,5,1,True,True,True
120330032012,2024-07-20,5,0.2265625,1.4015079591949835,3.4059296407719506,True,4,0,False,True,False
120050027032,2024-07-20,5,0.14453125,0.7754863223832661,6.261191989921774,True,3,0,False,True,False
120050027112,2024-07-20,5,0.126953125,0.764613721177252,6.373214003401771,True,4,0,False,True,False
120330035121,2024-07-20,5,0.806640625,4.063068697963865,1.032067062292456,False,5,1,True,True,False
120330035091,2024-07-20,5,0.140625,1.002809165839631,4.84576244965945,True,4,0,False,True,False
120910233082,2024-07-20,4,0.142578125,0.997640854079255,3.866543615598121,True,4,0,False,True,False
120050027101,2024-07-20,4,0.09765625,0.5473958764887337,7.128924271464286,True,4,0,False,True,False
120050027132,2024-07-20,4,0.076171875,0.6130180973040757,6.400835704942755,True,3,0,False,True,False
120330033131,2024-07-20,3,0.12109375,0.6263805691565072,4.59609763099257,True,3,0,False,True,False
120330014024,2024-07-20,3,0.060546875,0.36779090586950774,7.99218544583296,True,3,0,False,True,False
120050026042,2024-07-20,3,0.06640625,0.36943440003544586,7.940770403943251,True,1,0,False,True,False
120050027111,2024-07-20,3,0.0546875,0.3324249690957012,8.86008204501654,True,2,0,False,True,False
121130107044,2024-07-20,2,0.0859375,0.48098632762077687,3.979453032413638,True,2,0,False,True,False
121319506082,2024-07-20,2,0.037109375,0.2513950192904993,7.807993294933913,True,2,0,False,True,False
120050017002,2024-07-20,2,0.0625,0.38565267319755836,5.023950654706019,True,2,0,False,True,False
120050015012,2024-07-20,2,0.0703125,0.41843233197060214,4.611707443619759,True,1,0,False,True,False
121130107052,2024-07-20,2,0.091796875,0.5501921864452823,3.46824831760815,True,2,0,False,True,False
120050009003,2024-07-20,2,0.056640625,0.5442411940036233,3.570768615848403,True,2,0,False,True,False
120050016002,2024-07-20,2,0.052734375,0.3689944337294098,5.277222220723157,True,2,0,False,True,False
120330014023,2024-07-20,2,0.025390625,0.2011217167808118,9.817981899746737,True,2,0,False,True,False
120050015024,2024-07-20,2,0.076171875,0.5490238569043222,3.5040883939862444,True,1,0,False,True,False
120050010001,2024-07-20,2,0.046875,0.3394337404971211,5.754068517583229,True,2,0,False,True,False
120330030022,2024-07-20,1,0.03515625,0.2228053984913043,4.33043255025823,True,1,0,False,True,False
120910233081,2024-07-20,1,0.033203125,0.20953562893818448,4.613997533017245,True,1,0,False,True,False
120330033111,2024-07-20,1,0.025390625,0.20112171678081175,4.845868415404177,True,1,0,False,True,False
120910215022,2024-07-20,1,0.041015625,0.2584716175033432,3.710211528302894,True,1,0,False,True,False
120050026041,2024-07-20,1,0.033203125,0.21867572823560855,4.4211439596000375,True,1,0,False,True,False
120910215013,2024-07-20,1,0.03515625,0.25553438691550245,3.7757883064052935,True,1,0,False,True,False
120910233072,2024-07-20,1,0.0078125,0.088128508729472,11.258416990190053,True,1,0,False,True,False
121319503053,2024-07-21,363,43.09765625,155.89971886707394,2.0519751162781823,False,209,4,True,True,False
121319501043,2024-07-21,121,7.017578125,31.37641060509692,3.6327425501145183,True,116,2,True,True,True
120910208001,2024-07-21,66,66.595703125,226.04819685297892,-0.0026352925318287035,False,37,3,True,True,False
121319503052,2024-07-21,55,3.205078125,18.006819038689855,2.8764059750760125,False,47,2,True,True,False
120330039003,2024-07-21,46,6.3203125,25.12463915485053,1.5793137268735455,False,40,2,True,True,False
120330039001,2024-07-21,43,9.318359375,33.52182183274139,1.004767604608605,False,38,1,True,True,False
120050002013,2024-07-21,32,32.587890625,137.41519387845497,-0.004278206859133749,False,25,2,True,True,False
121319502021,2024-07-21,31,3.45703125,15.665351516515923,1.7582094293231498,False,31,1,True,True,False
120910203061,2024-07-21,29,4.181640625,26.602462528256105,0.9329346615426636,False,27,1,True,True,False
121319504003,2024-07-21,28,9.2421875,42.331604195878015,0.4431160324849328,False,24,2,True,True,False
120050002012,2024-07-21,25,8.04296875,38.9559702959335,0.4352870977460956,False,20,1,True,True,False
120330039002,2024-07-21,25,4.677734375,24.00088983069414,0.8467296741227637,False,23,1,True,True,False
121130102003,2024-07-21,21,12.33203125,62.835254334293744,0.13794753982987004,False,11,2,True,True,False
121319503051,2024-07-21,20,1.0,5.748819329137132,3.305026460598789,True,20,1,True,True,True
121319503031,2024-07-21,20,0.498046875,2.3773219350617283,8.203328643620841,True,20,1,True,True,True
120050003022,2024-07-21,17,7.248046875,35.08913720788649,0.27791943322015317,False,10,2,True,True,False
121319501033,2024-07-21,16,3.810546875,18.033813806426075,0.6759220903487688,False,15,1,True,True,False
121130107101,2024-07-21,16,5.873046875,30.85826281003802,0.3281763846312748,False,12,1,True,True,False
121130108021,2024-07-21,15,21.01953125,76.84051907170081,-0.07833798265187542,False,10,1,True,True,False
121319501031,2024-07-21,15,2.08203125,20.925857125886946,0.6173208902405937,False,14,1,True,True,False
121319501042,2024-07-21,14,3.833984375,19.130660459385076,0.5313990934386574,False,13,1,True,True,False
121319504001,2024-07-21,14,6.40625,30.31761095875755,0.2504732318892188,False,13,1,True,True,False
121319501024,2024-07-21,13,7.08203125,31.342079361827466,0.18881863840877405,False,8,2,True,True,False
121130107093,2024-07-21,13,0.353515625,1.65107666460321,7.659537952490672,True,12,1,True,True,True
121319504002,2024-07-21,12,6.1875,26.67878067963113,0.2178697771010862,False,6,2,True,True,False
121319501022,2024-07-21,11,5.3203125,21.95634651194597,0.25868090107385605,False,10,1,True,True,False
120910203052,2024-07-21,11,4.34375,21.287405204774263,0.31268489212142964,False,11,1,True,True,False
120050003023,2024-07-21,10,8.814453125,41.20264875320031,0.028773559731591666,False,9,1,True,True,False
121319503041,2024-07-21,10,0.49609375,2.9062292862717443,3.270184597923478,True,10,1,True,True,True
120330026071,2024-07-21,9,0.8515625,7.389461839795936,1.1027105459989794,False,8,1,True,True,False
121319501032,2024-07-21,9,1.8984375,9.761411982614241,0.7275138589220883,False,8,1,True,True,False
121319502011,2024-07-21,8,1.380859375,7.117786274665048,0.92994371698966,False,5,1,True,True,False
121130101001,2024-07-21,8,22.0703125,111.20237249814961,-0.12652888768388576,False,7,1,True,True,False
120330011031,2024-07-21,8,0.345703125,1.9413164309504716,3.942838350805306,True,8,1,True,True,True
121319501023,2024-07-21,7,12.2109375,66.86814461817453,-0.07792854923304819,False,6,1,True,True,False
121319506061,2024-07-21,7,0.630859375,4.70109127146161,1.3548217333418797,False,7,1,True,True,False
121319503043,2024-07-21,6,0.35546875,2.2510292003572623,2.507533553587023,False,6,1,True,True,False
121130107113,2024-07-21,6,0.85546875,3.9192696430872243,1.3126249833496102,False,5,1,True,True,False
120910203062,2024-07-21,6,1.427734375,6.371003013420702,0.7176680995705684,False,6,1,True,True,False
120330011011,2024-07-21,6,0.4453125,2.885441135761601,1.9250739275725552,False,6,1,True,True,False
121130108142,2024-07-21,6,0.3671875,2.01897493415243,2.7899368163105334,False,5,1,True,True,False
121319503061,2024-07-21,6,2.716796875,14.833580111273319,0.22133585421531585,False,5,1,True,True,False
121319505013,2024-07-21,5,15.85546875,68.12351084119011,-0.15934981353656782,False,5,1,True,True,False
121130109001,2024-07-21,5,1.111328125,7.50220506356647,0.518337187806936,False,5,1,True,True,False
121130108273,2024-07-21,4,0.138671875,1.0290822929700527,3.7522053886047853,True,4,0,False,True,False
120330001001,2024-07-21,3,0.13671875,0.856001819204498,3.344947622495607,True,3,0,False,True,False
120910212003,2024-07-21,3,0.08203125,0.5605328180556575,5.205705457392619,True,3,0,False,True,False
121130108133,2024-07-21,1,0.02734375,0.20567861759981043,4.72901005146048,True,1,0,False,True,False
120330011014,2024-07-21,1,0.021484375,0.20157730218786685,4.854294676927658,True,1,0,False,True,False
120330011041,2024-07-21,1,0.05078125,0.2956954305890317,3.2101231598646476,True,1,0,False,True,False
120330033111,2024-07-21,1,0.025390625,0.20112171678081175,4.845868415404177,True,1,0,False,True,False
120330013001,2024-07-21,1,0.044921875,0.2999243116360724,3.18439715603612,True,1,0,False,True,False
120330011043,2024-07-21,1,0.025390625,0.19114405728666492,5.098821218063541,True,1,0,False,True,False
120330005001,2024-07-21,1,0.005859375,0.07639661003892982,13.012889243297714,True,1,0,False,True,False
120330039003,2024-07-22,177,6.3203125,25.12463915485053,6.793318958654528,True,120,4,True,True,True
120050002013,2024-07-22,105,32.587890625,137.41519387845497,0.5269585358883181,False,61,3,True,True,False
121130102003,2024-07-22,54,12.33203125,62.835254334293744,0.6631304224268696,False,39,3,True,True,False
121130102004,2024-07-22,53,10.314453125,70.59817626033603,0.6046267642607915,False,26,3,True,True,False
121319501033,2024-07-22,50,3.810546875,18.033813806426075,2.561269270094221,False,41,2,True,True,False
120330039001,2024-07-22,47,9.318359375,33.52182183274139,1.1240928614504966,False,28,3,True,True,False
120050002012,2024-07-22,43,8.04296875,38.9559702959335,0.8973472097972378,False,27,2,True,True,False
121130103031,2024-07-22,39,6.490234375,34.901537520225176,0.9314708730571207,False,16,3,True,True,False
121130104001,2024-07-22,36,9.90234375,55.34798502701685,0.4715195365695974,False,27,2,True,True,False
121319501024,2024-07-22,27,7.08203125,31.342079361827466,0.6355024668292666,False,18,3,True,True,False
120330039002,2024-07-22,26,4.677734375,24.00088983069414,0.8883947960017502,False,14,3,True,True,False
120330040001,2024-07-22,25,4.2421875,25.181997761346214,0.8243115854716961,False,10,3,True,True,False
121319501032,2024-07-22,22,1.8984375,9.761411982614241,2.0592884037475616,False,20,1,True,True,False
120050002041,2024-07-22,18,7.814453125,34.00786639306215,0.2995056131212608,False,13,2,True,True,False
121130102002,2024-07-22,18,5.32421875,34.781964973978646,0.3644354555437884,False,11,2,True,True,False
121319503053,2024-07-22,16,43.09765625,155.89971886707394,-0.17381465756910375,False,14,1,True,True,False
120050002011,2024-07-22,16,4.42578125,27.59687365966789,0.41940325896101116,False,15,1,True,True,False
120050003012,2024-07-22,16,2.990234375,14.025902175731852,0.9275528562797186,False,16,1,True,True,False
121319501022,2024-07-22,13,5.3203125,21.95634651194597,0.3497707369403033,False,13,1,True,True,False
121130103021,2024-07-22,12,4.54296875,25.73571287523765,0.2897542137709733,False,11,1,True,True,False
121319501031,2024-07-22,12,2.08203125,20.925857125886946,0.4739575870338274,False,11,2,True,True,False
121130101004,2024-07-22,10,12.224609375,64.1884634903211,-0.034657464192696344,False,10,1,True,True,False
121130101001,2024-07-22,8,22.0703125,111.20237249814961,-0.12652888768388576,False,8,1,True,True,False
121130104002,2024-07-22,8,3.611328125,15.867704915626064,0.27657886873596704,False,5,1,True,True,False
121130103032,2024-07-22,8,1.19140625,6.670207469480236,1.0207469229634845,False,8,1,True,True,False
121319501023,2024-07-22,7,12.2109375,66.86814461817453,-0.07792854923304819,False,6,1,True,True,False
121319501043,2024-07-22,7,7.017578125,31.37641060509692,-0.0005602337762989542,False,7,1,True,True,False
121130105061,2024-07-22,6,2.34375,11.621518269505675,0.31461035599744575,False,6,1,True,True,False
121130103011,2024-07-22,6,0.33203125,1.887000896285736,3.003691604575548,True,6,1,True,True,True
120050004022,2024-07-22,5,1.224609375,6.711436907675172,0.5625308971738195,False,5,1,True,True,False
121130103012,2024-07-22,5,0.19140625,1.2157175065667987,3.955354532632773,True,3,0,False,True,False
121130105031,2024-07-22,2,0.05859375,0.4769484447845357,4.0704740129240635,True,2,0,False,True,False
120330035071,2024-07-22,2,0.080078125,0.41901197007548163,4.582021546196262,True,2,0,False,True,False
121130106013,2024-07-22,2,0.06640625,0.602899367034862,3.207158367920781,True,2,0,False,True,False
120330036082,2024-07-22,2,0.091796875,0.5357759463861992,3.5615692303299573,True,2,0,False,True,False
121130101001,2024-07-23,79,22.0703125,111.20237249814961,0.5119466988075934,False,58,3,True,True,False
121319501041,2024-07-23,37,6.0078125,27.330189781327274,1.133990936322539,False,37,1,True,True,False
121319501023,2024-07-23,34,12.2109375,66.86814461817453,0.32585116013638893,False,30,1,True,True,False
121319501024,2024-07-23,22,7.08203125,31.342079361827466,0.4759725281076621,False,19,2,True,True,False
120910201023,2024-07-23,15,8.41796875,38.34932022114185,0.17163358338673623,False,14,1,True,True,False
121130101004,2024-07-23,13,12.224609375,64.1884634903211,0.012079906307726469,False,13,1,True,True,False
121130101002,2024-07-23,13,9.751953125,38.03442405252881,0.08539755644818409,False,11,1,True,True,False
120330038001,2024-07-23,12,21.287109375,84.41335249877207,-0.11001943531546264,False,6,2,True,True,False
121319501033,2024-07-23,8,3.810546875,18.033813806426075,0.23231098923219182,False,8,1,True,True,False
121319501044,2024-07-23,8,2.0859375,13.879987335528877,0.42608558329600615,False,8,1,True,True,False
120910201021,2024-07-23,7,14.96484375,70.70081622753538,-0.11265561241000191,False,5,1,True,True,False
121319501022,2024-07-23,6,5.3203125,21.95634651194597,0.030956311407737934,False,5,1,True,True,False
120330038001,2024-07-24,120,21.287109375,84.41335249877207,1.1693990074193055,False,42,5,True,True,False
120330038002,2024-07-24,98,6.328125,32.737193310235114,2.800236236847441,False,82,4,True,True,False
120330039001,2024-07-24,92,9.318359375,33.52182183274139,2.466502000921779,False,69,3,True,True,False
121319503053,2024-07-24,85,43.09765625,155.89971886707394,0.26877754529966497,False,38,6,True,True,False
121319501043,2024-07-24,80,7.017578125,31.37641060509692,2.326028390995891,False,63,2,True,True,False
121130108021,2024-07-24,78,21.01953125,76.84051907170081,0.7415419551868311,False,70,2,True,True,False
121319501033,2024-07-24,77,3.810546875,18.033813806426075,4.058456736362668,True,35,5,True,True,True
121319501024,2024-07-24,73,7.08203125,31.342079361827466,2.103177903068028,False,52,3,True,True,False
120330039003,2024-07-24,56,6.3203125,25.12463915485053,1.9773293934217122,False,51,2,True,True,False
121319501023,2024-07-24,45,12.2109375,66.86814461817453,0.49035400469430773,False,28,4,True,True,False
120910208001,2024-07-24,39,66.595703125,226.04819685297892,-0.12207884649904181,False,16,4,True,True,False
121130102003,2024-07-24,36,12.33203125,62.835254334293744,0.3766670319194153,False,34,1,True,True,False
121130102001,2024-07-24,33,6.05859375,46.09609299080168,0.5844618166527924,False,33,1,True,True,False
121319501022,2024-07-24,32,5.3203125,21.95634651194597,1.2151241776715522,False,19,2,True,True,False
121130108094,2024-07-24,31,1.748046875,7.6145521982447875,3.841585475209271,True,31,1,True,True,True
121130108083,2024-07-24,29,4.466796875,17.043023464741115,1.4394865544693223,False,28,1,True,True,False
121130102004,2024-07-24,21,10.314453125,70.59817626033603,0.15135726503183666,False,19,1,True,True,False
121319502021,2024-07-24,20,3.45703125,15.665351516515923,1.0560228241644503,False,9,3,True,True,False
120910202001,2024-07-24,19,13.890625,58.77240381418688,0.08693493320698012,False,15,2,True,True,False
120330039004,2024-07-24,16,3.39453125,19.51627875325507,0.6458950965689382,False,15,1,True,True,False
121319501042,2024-07-24,16,3.833984375,19.130660459385076,0.6359433147030542,False,8,2,True,True,False
121319501031,2024-07-24,16,2.08203125,20.925857125886946,0.6651086579761823,False,10,1,True,True,False
121130107071,2024-07-24,15,2.603515625,11.853353268265453,1.0458208824492434,False,10,1,True,True,False
121130103031,2024-07-24,13,6.490234375,34.901537520225176,0.1865180186181666,False,8,2,True,True,False
121319501041,2024-07-24,13,6.0078125,27.330189781327274,0.25584116158524633,False,9,1,True,True,False
120330036084,2024-07-24,13,0.5078125,3.601469788567548,3.468635927380264,True,10,1,True,True,True
121319504002,2024-07-24,12,6.1875,26.67878067963113,0.2178697771010862,False,6,1,True,True,False
121130107101,2024-07-24,12,5.873046875,30.85826281003802,0.19855145970844917,False,12,1,True,True,False
120910203052,2024-07-24,12,4.34375,21.287405204774263,0.35966102614906226,False,10,1,True,True,False
121319501032,2024-07-24,12,1.8984375,9.761411982614241,1.0348464461895053,False,10,1,True,True,False
120050007001,2024-07-24,12,6.94921875,39.802759290506025,0.12689525399825083,False,10,1,True,True,False
121319504001,2024-07-24,10,6.40625,30.31761095875755,0.11853671468008295,False,8,1,True,True,False
121130108081,2024-07-24,10,4.806640625,19.27085026929318,0.2694930064022797,False,10,1,True,True,False
121319504003,2024-07-24,9,9.2421875,42.331604195878015,-0.0057211982536580245,False,9,1,True,True,False
121130101003,2024-07-24,9,5.4296875,43.05486121072455,0.08292472440047419,False,9,1,True,True,False
120330038003,2024-07-24,9,3.66796875,26.015558896018575,0.20495547573325495,False,6,1,True,True,False
121319503032,2024-07-24,9,1.091796875,6.01704778806884,1.3142995375042754,False,7,1,True,True,False
121130104002,2024-07-24,8,3.611328125,15.867704915626064,0.27657886873596704,False,5,1,True,True,False
120910201022,2024-07-24,8,7.45703125,36.83514484388862,0.014740508074589119,False,8,1,True,True,False
121130101002,2024-07-24,7,9.751953125,38.03442405252881,-0.07235427362326602,False,5,1,True,True,False
121130101001,2024-07-24,7,22.0703125,111.20237249814961,-0.13552150157813195,False,5,1,True,True,False
121319501021,2024-07-24,7,4.578125,23.180010071775058,0.10448118842489096,False,5,1,True,True,False
121319503052,2024-07-24,7,3.205078125,18.006819038689855,0.21074915379813314,False,7,1,True,True,False
121130108092,2024-07-24,6,1.416015625,9.297053451517936,0.49305776275294727,False,6,1,True,True,False
121130107113,2024-07-24,6,0.85546875,3.9192696430872243,1.3126249833496102,False,6,1,True,True,False
121130108093,2024-07-24,6,0.49609375,2.632772599497602,2.0905361332954775,False,6,1,True,True,False
121130101004,2024-07-24,5,12.224609375,64.1884634903211,-0.11255308169340103,False,5,1,True,True,False
121130105061,2024-07-24,5,2.34375,11.621518269505675,0.22856307914344348,False,5,1,True,True,False
121130106011,2024-07-24,3,0.0703125,0.39928691330789107,7.337299075817471,True,3,0,False,True,False
120330027032,2024-07-24,3,0.064453125,0.8723554353738061,3.365081199662741,True,3,0,False,True,False
120050026042,2024-07-24,2,0.06640625,0.36943440003544586,5.2339298934113305,True,1,0,False,True,False
120330033102,2024-07-24,2,0.095703125,0.5635895351574083,3.378871955931789,True,1,0,False,True,False
121130106013,2024-07-24,2,0.06640625,0.602899367034862,3.207158367920781,True,2,0,False,True,False
121130106012,2024-07-24,2,0.029296875,0.1800225408532614,10.946979837410165,True,2,0,False,True,False
120330029001,2024-07-24,2,0.03515625,0.23142199532827923,8.49030684059572,True,2,0,False,True,False
120330033113,2024-07-24,2,0.0234375,0.1753874659415358,11.269690735248284,True,2,0,False,True,False
120330028031,2024-07-24,1,0.01171875,0.10772225920023017,9.174345741886263,True,1,0,False,True,False
120910233081,2024-07-24,1,0.033203125,0.20953562893818448,4.613997533017245,True,1,0,False,True,False
120330035102,2024-07-24,1,0.04296875,0.3098345227808698,3.0888463990723833,True,1,0,False,True,False
120330033112,2024-07-24,1,0.013671875,0.14607920053104298,6.752009330653459,True,1,0,False,True,False
120910208001,2024-07-25,277,66.595703125,226.04819685297892,0.9307939625452811,False,113,8,True,True,False
121130101002,2024-07-25,157,9.751953125,38.03442405252881,3.8714414781629864,True,142,2,True,True,True
121130108021,2024-07-25,156,21.01953125,76.84051907170081,1.7566314020347533,False,67,5,True,True,False
121130108081,2024-07-25,116,4.806640625,19.27085026929318,5.770028712857534,True,100,2,True,True,True
120910203051,2024-07-25,116,3.583984375,15.96941724137451,7.039456351215243,True,76,3,True,True,True
120910203042,2024-07-25,112,2.072265625,11.657903106362172,9.429460287331446,True,110,2,True,True,True
121130102004,2024-07-25,104,10.314453125,70.59817626033603,1.3270250286569383,False,87,2,True,True,False
121130103031,2024-07-25,81,6.490234375,34.901537520225176,2.1348562533046618,False,78,2,True,True,False
121130101001,2024-07-25,78,22.0703125,111.20237249814961,0.5029540849133471,False,59,2,True,True,False
120050002013,2024-07-25,77,32.587890625,137.41519387845497,0.32319649757422697,False,61,2,True,True,False
120910202001,2024-07-25,71,13.890625,58.77240381418688,0.971703917038264,False,41,3,True,True,False
121319503053,2024-07-25,65,43.09765625,155.89971886707394,0.14048995026523925,False,26,4,True,True,False
120910201023,2024-07-25,58,8.41796875,38.34932022114185,1.2929050883844766,False,49,2,True,True,False
120910201011,2024-07-25,58,7.80859375,35.84990569214942,1.4000429089271258,False,48,2,True,True,False
120910201022,2024-07-25,56,7.45703125,36.83514484388862,1.3178438405965396,False,49,2,True,True,False
121130102003,2024-07-25,47,12.33203125,62.835254334293744,0.5517279927850818,False,35,2,True,True,False
121319505012,2024-07-25,44,13.455078125,54.720084121427625,0.5582031235043192,False,20,3,True,True,False
121130104001,2024-07-25,41,9.90234375,55.34798502701685,0.5618570619114751,False,27,2,True,True,False
120050005002,2024-07-25,39,8.80859375,45.03147936099073,0.6704511305962959,False,26,2,True,True,False
121319505013,2024-07-25,38,15.85546875,68.12351084119011,0.3250644451021241,False,12,4,True,True,False
120910203052,2024-07-25,38,4.34375,21.287405204774263,1.5810405108675103,False,34,1,True,True,False
121130108083,2024-07-25,33,4.466796875,17.043023464741115,1.6741866948684285,False,20,3,True,True,False
120330038003,2024-07-25,26,3.66796875,26.015558896018575,0.8584105895729074,False,25,1,True,True,False
121130103021,2024-07-25,25,4.54296875,25.73571287523765,0.7948888515026649,False,22,1,True,True,False
121319503062,2024-07-25,25,3.3671875,16.49010666751634,1.3118661350210798,False,19,2,True,True,False
120050002041,2024-07-25,23,7.814453125,34.00786639306215,0.4465304203293965,False,13,2,True,True,False
120330038002,2024-07-25,22,6.328125,32.737193310235114,0.47871773403067724,False,22,1,True,True,False
120910212002,2024-07-25,21,1.34765625,5.8520769537157795,3.35818272818879,True,18,1,True,True,True
120910201021,2024-07-25,20,14.96484375,70.70081622753538,0.07121779519200219,False,13,2,True,True,False
120050002011,2024-07-25,17,4.42578125,27.59687365966789,0.45563924758538477,False,16,1,True,True,False
120330039004,2024-07-25,17,3.39453125,19.51627875325507,0.6971343729004065,False,17,1,True,True,False
120330036034,2024-07-25,16,1.140625,10.981203919895702,1.3531644716184392,False,15,1,True,True,False
120910203032,2024-07-25,16,0.87109375,4.343267995825453,3.483300193435266,True,14,1,True,True,True
120050003012,2024-07-25,15,2.990234375,14.025902175731852,0.8562561947551404,False,11,1,True,True,False
120330036033,2024-07-25,15,1.181640625,6.99512094736385,1.9754282276144954,False,14,1,True,True,False
120330027042,2024-07-25,15,0.41796875,3.308222185165137,4.407814963393127,True,15,1,True,True,True
120910201012,2024-07-25,15,5.34765625,32.006301886428645,0.3015763515650897,False,12,1,True,True,False
121319501043,2024-07-25,14,7.017578125,31.37641060509692,0.2225373055854179,False,11,1,True,True,False
121130105061,2024-07-25,13,2.34375,11.621518269505675,0.9169412939754615,False,11,1,True,True,False
121130104002,2024-07-25,13,3.611328125,15.867704915626064,0.5916842999616349,False,13,1,True,True,False
120050003023,2024-07-25,12,8.814453125,41.20264875320031,0.07731412837269525,False,6,1,True,True,False
120050005001,2024-07-25,11,6.83203125,32.275888581615796,0.12913567784386443,False,8,1,True,True,False
121130108201,2024-07-25,10,1.4609375,9.200231719833488,0.9281355904973387,False,9,1,True,True,False
120910205002,2024-07-25,10,0.28125,2.2336599541126776,4.351042772694905,True,10,1,True,True,True
121130108085,2024-07-25,9,0.494140625,2.2582670138453333,3.7665428059883794,True,7,1,True,True,True
120330036121,2024-07-25,9,1.09765625,8.054014956697099,0.9811682486917931,False,9,1,True,True,False
120050004022,2024-07-25,8,1.224609375,6.711436907675172,1.0095290648194413,False,7,1,True,True,False
120330039001,2024-07-25,8,9.318359375,33.52182183274139,-0.039328392757947715,False,7,1,True,True,False
120910203031,2024-07-25,8,0.568359375,2.765317568764112,2.6874456333495838,False,8,1,True,True,False
121319501041,2024-07-25,7,6.0078125,27.330189781327274,0.036303717900923224,False,5,1,True,True,False
121319501042,2024-07-25,7,3.833984375,19.130660459385076,0.16549431901326872,False,6,1,True,True,False
120330028041,2024-07-25,7,0.169921875,1.1986757181366816,5.698019924535742,True,7,1,True,True,True
121319505023,2024-07-25,7,3.873046875,17.55565642460506,0.1781165596643502,False,6,0,True,True,False
121319505022,2024-07-25,7,3.001953125,14.118106654664265,0.28318576794992173,False,5,1,True,True,False
120910205001,2024-07-25,7,0.267578125,1.5976632868752294,4.2139178701211355,True,7,1,True,True,True
120910205006,2024-07-25,6,0.283203125,1.4791013475191193,3.865047438830829,True,6,1,True,True,True
121130108251,2024-07-25,6,0.3515625,2.8064500596621507,2.0126627518467144,False,5,1,True,True,False
121130108221,2024-07-25,5,0.21875,1.4507572757666323,3.2956925874960135,True,3,0,False,True,False
121319504001,2024-07-25,5,6.40625,30.31761095875755,-0.04638393183133681,False,5,1,True,True,False
120910203041,2024-07-25,5,0.623046875,3.2224287514953387,1.3582777037254632,False,5,1,True,True,False
120330033081,2024-07-25,5,0.15234375,1.5261049941053428,3.176489342951052,True,5,1,True,True,True
120910216002,2024-07-25,3,0.03515625,0.2630811989123036,11.26969073524829,True,3,0,False,True,False
120330028022,2024-07-25,3,0.072265625,0.844373772833176,3.467344047383665,True,3,0,False,True,False
121130108222,2024-07-25,3,0.1171875,0.7674502858762806,3.756350806109066,True,2,0,False,True,False
120330033121,2024-07-25,2,0.0703125,0.40897167113218214,4.718389160447041,True,2,0,False,True,False
120910233071,2024-07-25,2,0.037109375,0.3547136379133484,5.5337331728968,True,2,0,False,True,False
120330033083,2024-07-25,2,0.076171875,0.42896429420698984,4.484821116770356,True,2,0,False,True,False
120330038001,2024-07-26,128,21.287109375,84.41335249877207,1.264170743918177,False,95,4,True,True,False
121319503053,2024-07-26,77,43.09765625,155.89971886707394,0.21746250728589467,False,39,4,True,True,False
120050003022,2024-07-26,34,7.248046875,35.08913720788649,0.7623998551605122,False,17,3,True,True,False
120910202001,2024-07-26,27,13.890625,58.77240381418688,0.22305323841179303,False,24,1,True,True,False
120050003023,2024-07-26,26,8.814453125,41.20264875320031,0.41709810886042026,False,24,1,True,True,False
120910201022,2024-07-26,26,7.45703125,36.83514484388862,0.5034042577703205,False,21,2,True,True,False
121130101004,2024-07-26,21,12.224609375,64.1884634903211,0.13671289430885397,False,20,1,True,True,False
120330039004,2024-07-26,20,3.39453125,19.51627875325507,0.8508522018948114,False,19,1,True,True,False
120910201021,2024-07-26,13,14.96484375,70.70081622753538,-0.02779096274753848,False,13,1,True,True,False
120910201011,2024-07-26,13,7.80859375,35.84990569214942,0.14480948135762706,False,13,1,True,True,False
120330039003,2024-07-26,12,6.3203125,25.12463915485053,0.22606046060977902,False,12,1,True,True,False
121130103031,2024-07-26,9,6.490234375,34.901537520225176,0.07190988716601983,False,9,1,True,True,False
120050004022,2024-07-26,8,1.224609375,6.711436907675172,1.0095290648194413,False,8,1,True,True,False
120330039001,2024-07-26,8,9.318359375,33.52182183274139,-0.039328392757947715,False,7,1,True,True,False
120910201023,2024-07-26,8,8.41796875,38.34932022114185,-0.010898987194291263,False,6,1,True,True,False
120910208001,2024-07-27,113,66.595703125,226.04819685297892,0.20528496807776447,False,61,6,True,True,False
121319503053,2024-07-27,65,43.09765625,155.89971886707394,0.14048995026523925,False,24,4,True,True,False
121319505013,2024-07-27,59,15.85546875,68.12351084119011,0.6333280642358372,False,25,4,True,True,False
120910201021,2024-07-27,54,14.96484375,70.70081622753538,0.5521174766126283,False,29,4,True,True,False
120050002013,2024-07-27,50,32.587890625,137.41519387845497,0.12671167491421054,False,19,4,True,True,False
120910202001,2024-07-27,32,13.890625,58.77240381418688,0.3081271791648011,False,19,3,True,True,False
121319501022,2024-07-27,31,5.3203125,21.95634651194597,1.1695792597383285,False,23,2,True,True,False
121130101001,2024-07-27,31,22.0703125,111.20237249814961,0.08030123188377647,False,16,3,True,True,False
121319505012,2024-07-27,28,13.455078125,54.720084121427625,0.26580591218982447,False,12,2,True,True,False
121319504003,2024-07-27,25,9.2421875,42.331604195878015,0.3722469960525237,False,13,2,True,True,False
121319501043,2024-07-27,24,7.017578125,31.37641060509692,0.5412480761021563,False,7,3,True,True,False
120910203051,2024-07-27,18,3.583984375,15.96941724137451,0.9027264681675506,False,12,2,True,True,False
121130103031,2024-07-27,17,6.490234375,34.901537520225176,0.3011261500703134,False,16,1,True,True,False
121319501033,2024-07-27,15,3.810546875,18.033813806426075,0.6204707027091967,False,8,2,True,True,False
120910201022,2024-07-27,15,7.45703125,36.83514484388862,0.2047764107340402,False,10,2,True,True,False
121130101002,2024-07-27,14,9.751953125,38.03442405252881,0.11168952812675911,False,11,1,True,True,False
120330038001,2024-07-27,14,21.287109375,84.41335249877207,-0.08632650119074471,False,10,2,True,True,False
120330038002,2024-07-27,13,6.328125,32.737193310235114,0.20380106922342892,False,10,1,True,True,False
121130103021,2024-07-27,12,4.54296875,25.73571287523765,0.2897542137709733,False,8,1,True,True,False
120910201023,2024-07-27,12,8.41796875,38.34932022114185,0.09340533885201016,False,10,1,True,True,False
121319501023,2024-07-27,12,12.2109375,66.86814461817453,-0.003154528979448727,False,10,1,True,True,False
120910203052,2024-07-27,12,4.34375,21.287405204774263,0.35966102614906226,False,6,1,True,True,False
121130108021,2024-07-27,10,21.01953125,76.84051907170081,-0.1434078189882807,False,6,1,True,True,False
120330036084,2024-07-27,9,0.5078125,3.601469788567548,2.357978269582456,False,8,1,True,True,False
120330036142,2024-07-27,8,1.052734375,5.338553087151484,1.3013386795235342,False,8,1,True,True,False
120050002041,2024-07-27,7,7.814453125,34.00786639306215,-0.023948962736637727,False,6,1,True,True,False
121319501024,2024-07-27,7,7.08203125,31.342079361827466,-0.0026172880571513233,False,5,1,True,True,False
120050005002,2024-07-27,7,8.80859375,45.03147936099073,-0.040162876629070386,False,5,1,True,True,False
121319501021,2024-07-27,7,4.578125,23.180010071775058,0.10448118842489096,False,7,1,True,True,False
120330037001,2024-07-27,7,0.486328125,3.325141227339295,1.9589158563987064,False,6,1,True,True,False
121130104001,2024-07-27,6,9.90234375,55.34798502701685,-0.07050561548166859,False,6,1,True,True,False
121319501042,2024-07-27,6,3.833984375,19.130660459385076,0.11322220838107035,False,6,1,True,True,False
120330025002,2024-07-27,6,1.279296875,9.38782370663819,0.5028538319975012,False,6,1,True,True,False
120330036143,2024-07-27,5,2.064453125,13.650435506760115,0.21505151784690144,False,5,1,True,True,False
121319501041,2024-07-27,5,6.0078125,27.330189781327274,-0.03687542999385115,False,5,1,True,True,False
120330026052,2024-07-27,5,1.076171875,7.9558504481898655,0.49320033735585855,False,5,1,True,True,False
121319501031,2024-07-27,5,2.08203125,20.925857125886946,0.1394432128847062,False,5,1,True,True,False
120050005001,2024-07-27,5,6.83203125,32.275888581615796,-0.056761605350302176,False,5,1,True,True,False
120330034004,2024-07-27,2,0.103515625,0.5827152716533213,3.254564394063604,True,2,0,False,True,False
120910218022,2024-07-27,2,0.041015625,0.2802664090278288,6.989722320970276,True,2,0,False,True,False
120330038001,2024-07-28,76,21.287109375,84.41335249877207,0.648154456675511,False,28,5,True,True,False
121130103031,2024-07-28,33,6.490234375,34.901537520225176,0.7595586758789005,False,32,1,True,True,False
120050002013,2024-07-28,32,32.587890625,137.41519387845497,-0.004278206859133749,False,15,3,True,True,False
121319503053,2024-07-28,28,43.09765625,155.89971886707394,-0.09684210054844831,False,17,2,True,True,False
121319501041,2024-07-28,26,6.0078125,27.330189781327274,0.7315056229012799,False,25,1,True,True,False
120050005002,2024-07-28,25,8.80859375,45.03147936099073,0.3595575024351982,False,21,1,True,True,False
121130104001,2024-07-28,20,9.90234375,55.34798502701685,0.18243945547558887,False,19,1,True,True,False
120910208001,2024-07-28,15,66.595703125,226.04819685297892,-0.2282508944698979,False,9,2,True,True,False
120910202001,2024-07-28,12,13.890625,58.77240381418688,-0.032168583847231175,False,9,1,True,True,False
120910201021,2024-07-28,9,14.96484375,70.70081622753538,-0.08436739585584743,False,9,1,True,True,False
120330036032,2024-07-28,9,3.5546875,16.948550483830033,0.3212848500050294,False,6,1,True,True,False
120330033051,2024-07-28,8,1.47265625,6.335007755576106,1.0303608143580565,False,8,1,True,True,False
121319506052,2024-07-28,8,2.744140625,16.978718256217732,0.30955572120853503,False,8,1,True,True,False
120330040001,2024-07-28,7,4.2421875,25.181997761346214,0.10951523886771122,False,7,1,True,True,False
120330027011,2024-07-28,7,0.623046875,4.707542361142082,1.354624692841406,False,7,1,True,True,False
120330033013,2024-07-28,7,0.193359375,1.671598495479121,4.071935122823289,True,7,1,True,True,True
120330038002,2024-07-28,5,6.328125,32.737193310235114,-0.04056929949412519,False,5,1,True,True,False
120330033082,2024-07-28,5,0.357421875,1.960266664272672,2.368340088424939,False,5,1,True,True,False
120330033011,2024-07-28,5,0.203125,1.164439678629315,4.119470581461546,True,5,1,True,True,True
120330008021,2024-07-28,1,0.015625,0.16478058708072763,5.97385297284895,True,1,0,False,True,False
120330013001,2024-07-28,1,0.044921875,0.2999243116360724,3.18439715603612,True,1,0,False,True,False
120330009003,2024-07-28,1,0.02734375,0.26400938243127225,3.6841730435591806,True,1,0,False,True,False
120910215022,2024-07-28,1,0.041015625,0.2584716175033432,3.710211528302894,True,1,0,False,True,False
120910218022,2024-07-28,1,0.041015625,0.2802664090278288,3.4216885938149604,True,1,0,False,True,False
121319501043,2024-07-29,332,7.017578125,31.37641060509692,10.357539808017698,True,254,3,True,True,True
120910208001,2024-07-29,273,66.595703125,226.04819685297892,0.9130986212168052,False,99,8,True,True,False
121319503053,2024-07-29,225,43.09765625,155.89971886707394,1.166790710540645,False,128,5,True,True,False
121130108081,2024-07-29,136,4.806640625,19.27085026929318,6.8078656386038086,True,111,2,True,True,True
120910201023,2024-07-29,111,8.41796875,38.34932022114185,2.6749374084979705,False,95,3,True,True,False
121319501021,2024-07-29,91,4.578125,23.180010071775058,3.728293246310141,True,89,1,True,True,True
121319501042,2024-07-29,73,3.833984375,19.130660459385076,3.6154536207383625,True,41,3,True,True,True
121130101002,2024-07-29,70,9.751953125,38.03442405252881,1.5840399421269602,False,55,2,True,True,False
120330023001,2024-07-29,64,1.599609375,8.89434833658072,7.015734966029986,True,48,2,True,True,True
121130108021,2024-07-29,62,21.01953125,76.84051907170081,0.5333184789103341,False,27,4,True,True,False
120910201011,2024-07-29,62,7.80859375,35.84990569214942,1.5116192135999702,False,25,4,True,True,False
120330017002,2024-07-29,51,0.22265625,2.481484147908452,20.462489672883173,True,42,2,True,True,True
121130105032,2024-07-29,49,0.404296875,3.0620812495771133,15.870154696813247,True,36,2,True,True,True
120330003001,2024-07-29,48,0.34765625,2.6246301342260177,18.155831988895567,True,43,2,True,True,True
120330011011,2024-07-29,47,0.4453125,2.885441135761601,16.13433971083665,True,43,1,True,True,True
121130108083,2024-07-29,47,4.466796875,17.043023464741115,2.4956371862653,False,33,2,True,True,False
121130107101,2024-07-29,43,5.873046875,30.85826281003802,1.2031446278603477,False,16,4,True,True,False
121130101001,2024-07-29,41,22.0703125,111.20237249814961,0.17022737082623832,False,32,2,True,True,False
121319501023,2024-07-29,39,12.2109375,66.86814461817453,0.4006251803899884,False,37,1,True,True,False
121130109001,2024-07-29,37,1.111328125,7.50220506356647,4.783749787017805,True,21,2,True,True,True
121130105061,2024-07-29,36,2.34375,11.621518269505675,2.8960286616175135,False,35,1,True,True,False
120050002013,2024-07-29,34,32.587890625,137.41519387845497,0.010276224449015617,False,28,2,True,True,False
120910202001,2024-07-29,34,13.890625,58.77240381418688,0.3421567554660043,False,13,3,True,True,False
121319501041,2024-07-29,32,6.0078125,27.330189781327274,0.951043066585603,False,20,3,True,True,False
121319501033,2024-07-29,32,3.810546875,18.033813806426075,1.5631442925819228,False,22,2,True,True,False
121130108092,2024-07-29,28,1.416015625,9.297053451517936,2.8593988959652172,False,19,2,True,True,False
120330033051,2024-07-29,25,1.47265625,6.335007755576106,3.7138618700649757,True,25,1,True,True,True
120910201021,2024-07-29,24,14.96484375,70.70081622753538,0.12779422830031115,False,10,2,True,True,False
121319501031,2024-07-29,23,2.08203125,20.925857125886946,0.9996230321253036,False,17,2,True,True,False
120330014021,2024-07-29,23,0.337890625,1.7928674306879266,12.640147836421182,True,23,1,True,True,True
120910201012,2024-07-29,22,5.34765625,32.006301886428645,0.5202832807454381,False,18,1,True,True,False
120330017001,2024-07-29,21,0.2421875,1.5640085672509736,13.272185929573,True,15,2,True,True,True
121130105043,2024-07-29,21,0.384765625,2.6480436865173704,7.785080918401521,True,20,1,True,True,True
121130105033,2024-07-29,20,0.626953125,6.137649372337854,3.156427762444946,True,19,1,True,True,True
120330010021,2024-07-29,20,0.234375,1.4630979383825988,13.5094339766825,True,11,2,True,True,True
120910201022,2024-07-29,19,7.45703125,36.83514484388862,0.3133683551108694,False,8,2,True,True,False
120910203052,2024-07-29,18,4.34375,21.287405204774263,0.641517830314858,False,12,2,True,True,False
121130106021,2024-07-29,17,0.228515625,1.389268114540974,12.072172534199018,True,17,1,True,True,True
120330020001,2024-07-29,16,0.126953125,1.0210581661298015,15.545683293602048,True,16,1,True,True,True
121319501044,2024-07-29,16,2.0859375,13.879987335528877,1.0024549852710527,False,14,1,True,True,False
121130108085,2024-07-29,15,0.494140625,2.2582670138453333,6.423447398410032,True,12,2,True,True,True
120330019001,2024-07-29,15,0.111328125,0.9201530299799122,16.180647555249625,True,13,1,True,True,True
120330008011,2024-07-29,15,0.333984375,2.755492175085413,5.322466801977179,True,8,1,True,True,True
120330010011,2024-07-29,14,0.24609375,1.524100060084863,9.024280367283872,True,13,1,True,True,True
121130108094,2024-07-29,14,1.748046875,7.6145521982447875,1.6090182069832246,False,10,1,True,True,False
121319501032,2024-07-29,13,1.8984375,9.761411982614241,1.1372906419453108,False,10,1,True,True,False
120050002042,2024-07-29,13,6.548828125,30.588896444758674,0.21089913742558017,False,12,1,True,True,False
120330018001,2024-07-29,13,0.068359375,0.6804617717751363,19.004213258395,True,7,2,True,True,True
120330021002,2024-07-29,13,0.083984375,0.7069527118143639,18.269985260897574,True,13,1,True,True,True
120050002041,2024-07-29,12,7.814453125,34.00786639306215,0.12307584447149797,False,10,1,True,True,False
120330011031,2024-07-29,12,0.345703125,1.9413164309504716,6.003295850792361,True,9,1,True,True,True
120330010022,2024-07-29,12,0.19140625,1.2237395668185538,9.649597079466568,True,9,1,True,True,True
120330032011,2024-07-29,12,0.08203125,0.6629039587396656,17.978424465376293,True,12,1,True,True,True
120050003012,2024-07-29,11,2.990234375,14.025902175731852,0.5710695486568272,False,8,1,True,True,False
121130104002,2024-07-29,11,3.611328125,15.867704915626064,0.46564212747136774,False,6,1,True,True,False
120330021001,2024-07-29,11,0.103515625,0.7474858995391054,14.577511604859298,True,10,2,True,True,True
120330001001,2024-07-29,10,0.13671875,0.856001819204498,11.52250033670042,True,6,1,True,True,True
121319502021,2024-07-29,9,3.45703125,15.665351516515923,0.3538362190057509,False,9,1,True,True,False
120330014012,2024-07-29,8,0.234375,1.7870347368433919,4.345536681462139,True,4,0,False,True,False
120330011012,2024-07-29,8,0.185546875,1.2012493878174912,6.505271265276407,True,4,0,False,True,False
121130109003,2024-07-29,8,1.0078125,7.076872941223625,0.9880334941821094,False,6,1,True,True,False
120330022002,2024-07-29,8,0.072265625,0.5387638454502891,14.71467404865325,True,8,1,True,True,True
121130105031,2024-07-29,8,0.05859375,0.4769484447845357,16.65045003676986,True,7,1,True,True,True
120330022004,2024-07-29,8,0.0390625,0.4131373685868856,19.269468475412822,True,8,1,True,True,True
120910208003,2024-07-29,7,1.517578125,9.640285843712489,0.5686990991637143,False,7,1,True,True,False
121319503032,2024-07-29,7,1.091796875,6.01704778806884,0.9819106201408825,False,6,1,True,True,False
120330020002,2024-07-29,7,0.091796875,0.577946880452059,11.953007029982643,True,6,1,True,True,True
120330031001,2024-07-29,7,0.126953125,0.995830885440525,6.901821358914345,True,6,1,True,True,True
120330011013,2024-07-29,7,0.044921875,0.4149052585016122,16.763051280954,True,4,0,False,True,False
121319505012,2024-07-29,6,13.455078125,54.720084121427625,-0.13624025336760576,False,5,1,True,True,False
120910203042,2024-07-29,6,2.072265625,11.657903106362172,0.3369160250488342,False,5,1,True,True,False
120330031002,2024-07-29,6,0.0625,0.3906940985851665,15.197311711391766,True,5,1,True,True,True
121319503041,2024-07-29,5,0.49609375,2.9062292862717443,1.5497422282802178,False,5,1,True,True,False
120910212002,2024-07-29,5,1.34765625,5.8520769537157795,0.6241106839309319,False,5,1,True,True,False
120330035121,2024-07-29,5,0.806640625,4.063068697963865,1.032067062292456,False,5,1,True,True,False
120330033071,2024-07-29,5,0.078125,0.478244915925523,10.29153648288126,True,4,0,False,True,False
120330010014,2024-07-29,5,0.064453125,0.5645652725042588,8.74220770453565,True,4,0,False,True,False
120330013003,2024-07-29,5,0.052734375,0.47558013162338064,10.402591058866642,True,3,0,False,True,False
120330033083,2024-07-29,5,0.076171875,0.42896429420698984,11.478410188201085,True,5,1,True,True,True
120330010013,2024-07-29,4,0.09375,0.605745485294765,6.448665478867183,True,3,0,False,True,False
120330028041,2024-07-29,4,0.169921875,1.1986757181366816,3.195257955966425,True,4,0,False,True,False
121130108132,2024-07-29,4,0.16015625,1.0495243424528908,3.658651443020109,True,4,0,False,True,False
120330003002,2024-07-29,4,0.044921875,0.3647018375108046,10.844689327573864,True,4,0,False,True,False
120330016001,2024-07-29,4,0.1640625,1.1210656361113154,3.4216885938149595,True,3,0,False,True,False
120330008022,2024-07-29,4,0.078125,0.7824831266194989,5.012088908477007,True,2,0,False,True,False
120910219011,2024-07-29,4,0.09765625,0.5820491292368722,6.704492033372482,True,4,0,False,True,False
120910219024,2024-07-29,4,0.087890625,0.5613879254904733,6.968638257728947,True,3,0,False,True,False
120330021003,2024-07-29,4,0.037109375,0.27375379211735157,14.476112255282315,True,4,0,False,True,False
120330004003,2024-07-29,4,0.037109375,0.2737537921173516,14.476112255282311,True,4,0,False,True,False
120330012013,2024-07-29,3,0.072265625,0.485254531783515,6.0333993466054645,True,2,0,False,True,False
121130106011,2024-07-29,3,0.0703125,0.39928691330789107,7.337299075817471,True,2,0,False,True,False
120330030012,2024-07-29,3,0.04296875,0.3676089971088597,8.043957773765634,True,3,0,False,True,False
121130108143,2024-07-29,3,0.064453125,0.43088460157308744,6.8128377395776285,True,3,0,False,True,False
120330033131,2024-07-29,3,0.12109375,0.6263805691565072,4.59609763099257,True,3,0,False,True,False
120910217002,2024-07-29,3,0.103515625,0.6153828329312869,4.7068007425605565,True,2,0,False,True,False
120910218012,2024-07-29,3,0.05859375,0.590601848162396,4.9803539544481925,True,2,0,False,True,False
120330004001,2024-07-29,3,0.029296875,0.23641379224652606,12.565692960511496,True,2,0,False,True,False
120330018002,2024-07-29,3,0.046875,0.3028727426473822,9.750382204047192,True,2,0,False,True,False
120330033102,2024-07-29,3,0.095703125,0.5635895351574083,5.153212921508278,True,3,0,False,True,False
120330033133,2024-07-29,3,0.09765625,0.543809112899017,5.337063467965372,True,3,0,False,True,False
120330012014,2024-07-29,3,0.0703125,0.5408349528127344,5.416971452683481,True,1,0,False,True,False
120330035061,2024-07-29,3,0.041015625,0.3430571428754785,8.62533964516238,True,1,0,False,True,False
120330033101,2024-07-29,2,0.072265625,0.4688457990821988,4.111659694453243,True,2,0,False,True,False
120330008021,2024-07-29,2,0.015625,0.16478058708072763,12.042529008758994,True,2,0,False,True,False
120330035071,2024-07-29,2,0.080078125,0.41901197007548163,4.582021546196262,True,2,0,False,True,False
120330014022,2024-07-29,2,0.09375,0.5551749076482041,3.433602588552016,True,1,0,False,True,False
120330033121,2024-07-29,2,0.0703125,0.40897167113218214,4.718389160447041,True,2,0,False,True,False
120330033132,2024-07-29,2,0.048828125,0.40004720092105994,4.8773541484796405,True,2,0,False,True,False
120910224002,2024-07-29,2,0.0625,0.515892250465172,3.7556292001924563,True,2,0,False,True,False
120330010023,2024-07-29,2,0.013671875,0.1320046912156361,15.04740556345256,True,1,0,False,True,False
120330031003,2024-07-29,2,0.078125,0.4658073814722679,4.125900697248654,True,2,0,False,True,False
120330033111,2024-07-29,2,0.025390625,0.20112171678081175,9.81798189974674,True,1,0,False,True,False
120330006001,2024-07-29,2,0.0546875,0.411357235199621,4.729010051460479,True,1,0,False,True,False
120330013001,2024-07-29,2,0.044921875,0.2999243116360724,6.518571683419542,True,2,0,False,True,False
120330009003,2024-07-29,2,0.02734375,0.26400938243127225,7.471917216856973,True,2,0,False,True,False
120910227002,2024-07-29,2,0.03125,0.20512036464518152,9.598023109044078,True,2,0,False,True,False
120330028032,2024-07-29,2,0.02734375,0.2149827622453072,9.175881030633937,True,2,0,False,True,False
120330028031,2024-07-29,1,0.01171875,0.10772225920023017,9.174345741886263,True,1,0,False,True,False
120330004002,2024-07-29,1,0.03125,0.23198285920889045,4.175955082645493,True,1,0,False,True,False
120910210013,2024-07-29,1,0.05078125,0.3086479812358074,3.0754089049906854,True,1,0,False,True,False
120330011044,2024-07-29,1,0.03125,0.2402705585201506,4.031913048217909,True,1,0,False,True,False
121130106014,2024-07-29,1,0.03125,0.1953470492925833,4.959122768980469,True,1,0,False,True,False
120910224003,2024-07-29,1,0.037109375,0.2808113833580887,3.428958660739649,True,1,0,False,True,False
120910228001,2024-07-29,1,0.01953125,0.13851806879105943,7.078273315223146,True,1,0,False,True,False
120330035051,2024-07-29,1,0.033203125,0.26702516748144384,3.620620798102055,True,1,0,False,True,False
120330033112,2024-07-29,1,0.013671875,0.14607920053104298,6.752009330653459,True,1,0,False,True,False
120050014041,2024-07-29,1,0.015625,0.13901385984484715,7.081128465166403,True,1,0,False,True,False
120330029002,2024-07-29,1,0.01953125,0.15199062374520972,6.450850229048431,True,1,0,False,True,False
120330022001,2024-07-29,1,0.01171875,0.10772225920023014,9.174345741886265,True,1,0,False,True,False
120330001002,2024-07-29,1,0.01171875,0.12457118226963564,7.933466087372077,True,1,0,False,True,False
121130101004,2024-07-30,629,12.224609375,64.1884634903211,9.608819982394545,True,547,3,True,True,True
120910208001,2024-07-30,480,66.595703125,226.04819685297892,1.828832534965439,False,217,5,True,True,False
121130108021,2024-07-30,375,21.01953125,76.84051907170081,4.606690233569305,True,267,3,True,True,True
121130102003,2024-07-30,251,12.33203125,62.835254334293744,3.7983130852028975,True,199,3,True,True,True
120050002013,2024-07-30,240,32.587890625,137.41519387845497,1.5093826491884001,False,173,3,True,True,False
120050005002,2024-07-30,233,8.80859375,45.03147936099073,4.978548549400079,True,97,5,True,True,True
121130104001,2024-07-30,210,9.90234375,55.34798502701685,3.61526541846694,True,128,4,True,True,True
121130101001,2024-07-30,208,22.0703125,111.20237249814961,1.6719938911653511,False,112,3,True,True,False
120050005003,2024-07-30,175,4.2421875,28.655384385927967,5.959013154395355,True,166,2,True,True,True
120330038001,2024-07-30,166,21.287109375,84.41335249877207,1.7143364922878177,False,109,2,True,True,False
121319503053,2024-07-30,160,43.09765625,155.89971886707394,0.7498560266787614,False,86,3,True,True,False
120050002042,2024-07-30,160,6.548828125,30.588896444758674,5.016564495947792,True,108,3,True,True,True
121130102004,2024-07-30,140,10.314453125,70.59817626033603,1.8369532152895125,False,132,2,True,True,False
120050002041,2024-07-30,103,7.814453125,34.00786639306215,2.7989273356595676,False,75,3,True,True,False
120050003023,2024-07-30,103,8.814453125,41.20264875320031,2.285910001542908,False,71,4,True,True,False
121319505023,2024-07-30,102,3.873046875,17.55565642460506,5.589477872639986,True,73,2,True,True,True
121319506102,2024-07-30,74,2.091796875,11.650544912789353,6.172089259624498,True,64,2,True,True,True
120330026011,2024-07-30,70,1.0234375,5.597685912355705,12.322335261388792,True,63,2,True,True,True
120330026042,2024-07-30,68,0.857421875,5.840105586544332,11.496808941211139,True,56,2,True,True,True
120050007001,2024-07-30,67,6.94921875,39.802759290506025,1.508709002099853,False,51,3,True,True,False
121130101003,2024-07-30,61,5.4296875,43.05486121072455,1.290686137112851,False,50,2,True,True,False
120050003022,2024-07-30,56,7.248046875,35.08913720788649,1.3893745188480358,False,45,2,True,True,False
120050004012,2024-07-30,52,0.85546875,4.905227988521408,10.42653498872671,True,25,2,True,True,True
121130102002,2024-07-30,50,5.32421875,34.781964973978646,1.2844524822971672,False,40,3,True,True,False
120050006001,2024-07-30,47,2.99609375,16.79273863361856,2.6204127397008072,False,45,2,True,True,False
121130105061,2024-07-30,45,2.34375,11.621518269505675,3.6704541533035338,True,39,2,True,True,True
120330026041,2024-07-30,41,1.4921875,7.282121466498447,5.425316328731473,True,34,2,True,True,True
120050004023,2024-07-30,39,0.662109375,4.521430795890327,8.479150153054768,True,37,1,True,True,True
121130101002,2024-07-30,38,9.751953125,38.03442405252881,0.7426968484125596,False,30,2,True,True,False
121319506101,2024-07-30,32,2.51953125,18.67613590189436,1.5785100785762507,False,20,2,True,True,False
120050005001,2024-07-30,29,6.83203125,32.275888581615796,0.6868275274263642,False,10,3,True,True,False
120050003012,2024-07-30,26,2.990234375,14.025902175731852,1.6405194715255014,False,19,2,True,True,False
120050026071,2024-07-30,26,1.5703125,9.99231297013613,2.444848112044992,False,18,2,True,True,False
121319505013,2024-07-30,24,15.85546875,68.12351084119011,0.11955536567964875,False,17,2,True,True,False
121130108271,2024-07-30,23,1.109375,7.9732766727485185,2.745499234313406,False,21,2,True,True,False
120910232001,2024-07-30,23,0.96484375,5.748711620740289,3.8330599452060232,True,20,1,True,True,True
121319505011,2024-07-30,23,4.216796875,23.967400215414717,0.7836979795964486,False,19,2,True,True,False
120330026062,2024-07-30,22,0.251953125,2.032272905920594,10.70134173990201,True,22,1,True,True,True
120910210011,2024-07-30,22,0.158203125,1.1855172575938473,18.423854005576104,True,12,2,True,True,True
121319505022,2024-07-30,22,3.001953125,14.118106654664265,1.3456511797014599,False,22,1,True,True,False
121130104002,2024-07-30,20,3.611328125,15.867704915626064,1.03283190367757,False,15,1,True,True,False
120910212002,2024-07-30,19,1.34765625,5.8520769537157795,3.016423722656558,True,18,1,True,True,True
121130103031,2024-07-30,18,6.490234375,34.901537520225176,0.3297781829333501,False,11,1,True,True,False
120050003021,2024-07-30,17,5.4453125,21.350511973861146,0.5411901838300689,False,13,1,True,True,False
120910201021,2024-07-30,17,14.96484375,70.70081622753538,0.028785470360770473,False,11,1,True,True,False
121130108252,2024-07-30,17,0.86328125,6.582374271633227,2.4515042876764492,False,10,1,True,True,False
120910232002,2024-07-30,17,0.96875,5.28919069049979,3.030945741622555,True,14,1,True,True,True
121319503061,2024-07-30,17,2.716796875,14.833580111273319,0.962896550789176,False,15,1,True,True,False
121319505021,2024-07-30,17,1.775390625,9.788084325293225,1.5554227843806312,False,17,1,True,True,False
120910201011,2024-07-30,16,7.80859375,35.84990569214942,0.2284917098622603,False,13,1,True,True,False
120050008032,2024-07-30,16,0.26953125,1.8604992109888199,8.454972008098599,True,16,1,True,True,True
120910214001,2024-07-30,15,0.40625,2.425201990901622,6.017540004811909,True,15,1,True,True,True
120050002012,2024-07-30,13,8.04296875,38.9559702959335,0.12724702304533408,False,10,2,True,True,False
120910201023,2024-07-30,13,8.41796875,38.34932022114185,0.11948142036358551,False,5,1,True,True,False
120330036032,2024-07-30,13,3.5546875,16.948550483830033,0.5572932333659691,False,12,1,True,True,False
120050008051,2024-07-30,13,0.05078125,0.6076480717164053,21.310392236451484,True,13,1,True,True,True
121130102001,2024-07-30,12,6.05859375,46.09609299080168,0.12889175338971975,False,7,1,True,True,False
121130103021,2024-07-30,12,4.54296875,25.73571287523765,0.2897542137709733,False,7,1,True,True,False
120330026061,2024-07-30,12,0.302734375,2.4694121613161246,4.736862403222999,True,11,1,True,True,True
120910218012,2024-07-30,12,0.05859375,0.590601848162396,20.219046532202025,True,8,1,True,True,True
121319505012,2024-07-30,11,13.455078125,54.720084121427625,-0.04486612483182616,False,11,1,True,True,False
120050004022,2024-07-30,11,1.224609375,6.711436907675172,1.456527232465063,False,6,2,True,True,False
120910208003,2024-07-30,11,1.517578125,9.640285843712489,0.9836245551976605,False,6,1,True,True,False
120050004021,2024-07-30,11,1.884765625,13.451092912177986,0.6776575282405117,False,8,1,True,True,False
120050008052,2024-07-30,11,0.056640625,0.5584389443349225,19.596339915070008,True,11,1,True,True,True
120050002011,2024-07-30,10,4.42578125,27.59687365966789,0.2019873272147698,False,6,1,True,True,False
121130105051,2024-07-30,10,1.58984375,11.621044005252527,0.7237005768327478,False,8,1,True,True,False
120330026071,2024-07-30,9,0.8515625,7.389461839795936,1.1027105459989794,False,9,1,True,True,False
120910218021,2024-07-30,9,0.083984375,0.6929737838601234,12.866310144280574,True,7,1,True,True,True
121319506111,2024-07-30,9,0.64453125,3.8669923099794627,2.1607151191992866,False,6,1,True,True,False
120050008041,2024-07-30,9,0.275390625,2.153670657988865,4.051041575292293,True,9,1,True,True,True
120910209001,2024-07-30,9,0.171875,1.038283809033812,8.502612602824966,True,9,1,True,True,True
120910217001,2024-07-30,9,0.119140625,0.7658723865472225,11.595743012798152,True,9,1,True,True,True
120330039001,2024-07-30,8,9.318359375,33.52182183274139,-0.039328392757947715,False,6,1,True,True,False
120330027041,2024-07-30,8,0.451171875,2.54923314392085,2.9612152748765532,False,8,1,True,True,False
120910208004,2024-07-30,8,0.3828125,3.119589249268038,2.441727705590488,False,6,1,True,True,False
120050008062,2024-07-30,8,0.49609375,3.0224185788136158,2.4827488497458527,False,8,1,True,True,False
120330026052,2024-07-30,7,1.076171875,7.9558504481898655,0.7445876670982174,False,5,1,True,True,False
121319506081,2024-07-30,7,1.44140625,6.745621496117649,0.8240298915673187,False,6,1,True,True,False
120910217002,2024-07-30,7,0.103515625,0.6153828329312869,11.206819569778371,True,6,1,True,True,True
120050026092,2024-07-30,7,0.216796875,1.2843598898149844,5.281388167593072,True,4,0,False,True,False
120330026021,2024-07-30,6,1.03125,5.591001296639227,0.8887048556019358,False,6,1,True,True,False
120910203061,2024-07-30,6,4.181640625,26.602462528256105,0.06835304713120484,False,6,1,True,True,False
120050008033,2024-07-30,6,0.052734375,0.4545404162125146,13.084129403840365,True,6,1,True,True,True
120910210012,2024-07-30,6,0.078125,0.5324591253387958,11.121745723170768,True,5,1,True,True,True
120050011001,2024-07-30,6,0.166015625,1.4651120004708438,3.9819374717599265,True,6,1,True,True,True
120330039002,2024-07-30,5,4.677734375,24.00088983069414,0.013427236543032774,False,5,1,True,True,False
120050026091,2024-07-30,5,0.18359375,1.131943402272887,4.254988580108239,True,4,0,False,True,False
120910216001,2024-07-30,5,0.119140625,0.673415254824635,7.247919229675055,True,4,0,False,True,False
120050008031,2024-07-30,5,0.03515625,0.3108198473313885,15.973380698262185,True,5,1,True,True,True
120050010001,2024-07-30,5,0.046875,0.3394337404971211,14.592317760591069,True,5,1,True,True,True
120050009001,2024-07-30,4,0.048828125,0.3747909968776048,10.542334015270733,True,4,0,False,True,False
120910218024,2024-07-30,4,0.03515625,0.2630811989123034,15.070798545819526,True,3,0,False,True,False
120050011002,2024-07-30,4,0.060546875,0.4359640707538392,9.03618758809222,True,4,0,False,True,False
120050020001,2024-07-30,4,0.107421875,0.7752176600794268,5.021271218977618,True,4,0,False,True,False
120910218022,2024-07-30,4,0.041015625,0.2802664090278288,14.125789775280905,True,4,0,False,True,False
121130106011,2024-07-30,3,0.0703125,0.39928691330789107,7.337299075817471,True,2,0,False,True,False
120050026051,2024-07-30,3,0.08984375,0.6063383209819365,4.799558512625655,True,3,0,False,True,False
120050027131,2024-07-30,3,0.115234375,0.6912950096464135,4.172987776196319,True,2,0,False,True,False
120050026045,2024-07-30,3,0.044921875,0.3538073510175432,8.352223650812375,True,3,0,False,True,False
120050013024,2024-07-30,3,0.09375,0.7395719923700732,3.9296377228759987,True,2,0,False,True,False
120050027111,2024-07-30,3,0.0546875,0.3324249690957012,8.86008204501654,True,3,0,False,True,False
120050018001,2024-07-30,3,0.076171875,0.4966212590114852,5.887440523226537,True,3,0,False,True,False
120910218011,2024-07-30,2,0.083984375,0.5109154361786657,3.7501619432965705,True,2,0,False,True,False
120910218023,2024-07-30,2,0.04296875,0.3222192113399755,6.07360201107042,True,1,0,False,True,False
120050027101,2024-07-30,2,0.09765625,0.5473958764887337,3.475261381584692,True,1,0,False,True,False
120050011003,2024-07-30,2,0.056640625,0.40870522938951087,4.754916833099554,True,2,0,False,True,False
121130107121,2024-07-30,2,0.083984375,0.5185194032775847,3.695166685930706,True,2,0,False,True,False
120910219024,2024-07-30,2,0.087890625,0.5613879254904733,3.4060393681061605,True,2,0,False,True,False
120050026044,2024-07-30,2,0.03125,0.23198285920889053,8.48661839376342,True,2,0,False,True,False
120050027132,2024-07-30,2,0.076171875,0.6130180973040757,3.1382892829112063,True,1,0,False,True,False
120050015024,2024-07-30,2,0.076171875,0.5490238569043222,3.5040883939862444,True,2,0,False,True,False
120050026061,2024-07-30,1,0.046875,0.29634102637652837,3.216311327709878,True,1,0,False,True,False
120050014032,2024-07-30,1,0.041015625,0.2802664090278288,3.4216885938149604,True,1,0,False,True,False
120050014044,2024-07-30,1,0.041015625,0.31323909662368193,3.0615091964465124,True,1,0,False,True,False
120050019002,2024-07-30,1,0.015625,0.1524426041296069,6.457348361505837,True,1,0,False,True,False
120050026062,2024-07-30,1,0.02734375,0.26400938243127225,3.6841730435591806,True,1,0,False,True,False
120910208001,2024-07-31,538,66.595703125,226.04819685297892,2.085414984228341,False,193,5,True,True,False
120050002013,2024-07-31,431,32.587890625,137.41519387845497,2.8993308391166646,False,221,5,True,True,False
121319503053,2024-07-31,193,43.09765625,155.89971886707394,0.9615305584855638,False,77,4,True,True,False
121319505013,2024-07-31,162,15.85546875,68.12351084119011,2.145287719986906,False,120,3,True,True,False
120050003023,2024-07-31,117,8.814453125,41.20264875320031,2.625693982030633,False,95,2,True,True,False
120050003022,2024-07-31,85,7.248046875,35.08913720788649,2.21584112098159,False,62,2,True,True,False
120050003012,2024-07-31,81,2.990234375,14.025902175731852,5.561835855377307,True,76,2,True,True,True
120050002012,2024-07-31,74,8.04296875,38.9559702959335,1.693117402774205,False,46,2,True,True,False
121319505022,2024-07-31,71,3.001953125,14.118106654664265,4.816371524756485,True,69,1,True,True,True
120050003021,2024-07-31,68,5.4453125,21.350511973861146,2.9298916848731316,False,44,2,True,True,False
121319501024,2024-07-31,67,7.08203125,31.342079361827466,1.9117419766021024,False,53,2,True,True,False
120050005001,2024-07-31,67,6.83203125,32.275888581615796,1.864176987656086,False,64,1,True,True,False
121130108021,2024-07-31,62,21.01953125,76.84051907170081,0.5333184789103341,False,49,3,True,True,False
120330036122,2024-07-31,58,0.48828125,3.296778267076822,17.444824641177437,True,55,1,True,True,True
120050005002,2024-07-31,56,8.80859375,45.03147936099073,1.0479648219347717,False,41,3,True,True,False
120330036032,2024-07-31,35,3.5546875,16.948550483830033,1.855339341851138,False,24,2,True,True,False
120330033013,2024-07-31,35,0.193359375,1.671598495479121,20.82236895949321,True,28,2,True,True,True
120330033081,2024-07-31,32,0.15234375,1.5261049941053428,20.86858792351324,True,32,1,True,True,True
121319501022,2024-07-31,29,5.3203125,21.95634651194597,1.0784894238718814,False,13,2,True,True,False
120910212002,2024-07-31,27,1.34765625,5.8520769537157795,4.383459744785487,True,25,1,True,True,True
120050002041,2024-07-31,26,7.814453125,34.00786639306215,0.5347453046542779,False,16,2,True,True,False
120330033082,2024-07-31,25,0.357421875,1.960266664272672,12.571033611972004,True,20,2,True,True,True
120330032012,2024-07-31,25,0.2265625,1.4015079591949835,17.676273143842646,True,18,2,True,True,True
120910201023,2024-07-31,22,8.41796875,38.34932022114185,0.35416615396776374,False,19,1,True,True,False
120050002011,2024-07-31,20,4.42578125,27.59687365966789,0.5643472134585055,False,13,2,True,True,False
121130107092,2024-07-31,19,0.884765625,5.109409831820208,3.545465126360106,True,19,1,True,True,True
121319503061,2024-07-31,19,2.716796875,14.833580111273319,1.0977257683480597,False,17,1,True,True,False
120330036123,2024-07-31,19,0.322265625,1.988138097730084,9.39458601810655,True,13,2,True,True,True
121319503051,2024-07-31,18,1.0,5.748819329137132,2.9571289384304955,False,18,1,True,True,False
121319502021,2024-07-31,17,3.45703125,15.665351516515923,0.864517386393896,False,16,1,True,True,False
120050003011,2024-07-31,16,1.71484375,6.352706742019331,2.2486723895992697,False,12,2,True,True,False
120330036121,2024-07-31,16,1.09765625,8.054014956697099,1.8502999845571877,False,13,1,True,True,False
121319504001,2024-07-31,15,6.40625,30.31761095875755,0.2834573611915027,False,9,2,True,True,False
121319501033,2024-07-31,15,3.810546875,18.033813806426075,0.6204707027091967,False,7,2,True,True,False
121130107101,2024-07-31,15,5.873046875,30.85826281003802,0.2957701534005684,False,15,1,True,True,False
120330037002,2024-07-31,15,0.2890625,1.6840559731042033,8.735420754978517,True,15,1,True,True,True
121130103031,2024-07-31,14,6.490234375,34.901537520225176,0.2151700514812033,False,14,1,True,True,False
121319503052,2024-07-31,14,3.205078125,18.006819038689855,0.5994907735678239,False,13,1,True,True,False
120330033012,2024-07-31,13,0.455078125,2.9724655526338593,4.2203758640311655,True,12,1,True,True,True
120330033011,2024-07-31,13,0.203125,1.164439678629315,10.989727707547251,True,13,1,True,True,True
120910208003,2024-07-31,12,1.517578125,9.640285843712489,1.087355919206147,False,11,1,True,True,False
120050002042,2024-07-31,11,6.548828125,30.588896444758674,0.14551593526881537,False,10,1,True,True,False
120910201011,2024-07-31,10,7.80859375,35.84990569214942,0.06112725285299382,False,10,1,True,True,False
120330032031,2024-07-31,10,0.203125,2.008238900969191,4.878341414097672,True,10,1,True,True,True
120330036111,2024-07-31,10,0.16015625,0.9330496129546562,10.5458955380095,True,10,1,True,True,True
120910203062,2024-07-31,9,1.427734375,6.371003013420702,1.1885515685754353,False,9,1,True,True,False
120330014021,2024-07-31,9,0.337890625,1.7928674306879266,4.831427704432297,True,5,1,True,True,True
121319505023,2024-07-31,9,3.873046875,17.55565642460506,0.29203995572699515,False,7,1,True,True,False
121319503032,2024-07-31,9,1.091796875,6.01704778806884,1.3142995375042754,False,8,1,True,True,False
120330032041,2024-07-31,9,0.07421875,0.6428588415937548,13.884511921577515,True,7,1,True,True,True
121319505012,2024-07-31,8,13.455078125,54.720084121427625,-0.0996906019532939,False,5,1,True,True,False
121319502011,2024-07-31,8,1.380859375,7.117786274665048,0.92994371698966,False,8,1,True,True,False
121130101001,2024-07-31,8,22.0703125,111.20237249814961,-0.12652888768388576,False,8,1,True,True,False
121130103021,2024-07-31,8,4.54296875,25.73571287523765,0.1343281713919913,False,8,1,True,True,False
120330036142,2024-07-31,8,1.052734375,5.338553087151484,1.3013386795235342,False,8,1,True,True,False
120330036034,2024-07-31,8,1.140625,10.981203919895702,0.6246469011992585,False,8,1,True,True,False
120330036083,2024-07-31,8,0.4921875,2.7505447779199064,2.7295729050729243,False,7,1,True,True,False
121319505011,2024-07-31,8,4.216796875,23.967400215414717,0.15784787215122398,False,7,1,True,True,False
120050006001,2024-07-31,8,2.99609375,16.79273863361856,0.29798035681817436,False,6,1,True,True,False
120330034001,2024-07-31,8,0.19921875,1.1834472247039547,6.591575092798418,True,8,1,True,True,True
120330036132,2024-07-31,7,1.86328125,9.96946705501637,0.5152450699373484,False,7,1,True,True,False
120330036033,2024-07-31,7,1.181640625,6.99512094736385,0.8317739491255947,False,7,1,True,True,False
120330036112,2024-07-31,7,0.2265625,1.0521795011042705,6.437530376605157,True,4,0,False,True,False
120330032033,2024-07-31,7,0.109375,0.6063509282098118,11.364087493596909,True,7,1,True,True,True
120050002031,2024-07-31,7,1.123046875,5.232976883043129,1.1230611669704873,False,6,1,True,True,False
120050004012,2024-07-31,7,0.85546875,4.905227988521408,1.2526494720283445,False,5,1,True,True,False
120330032032,2024-07-31,7,0.15625,1.2539565562689108,5.457724963266079,True,6,1,True,True,True
120330033102,2024-07-31,7,0.095703125,0.5635895351574083,12.25057678381423,True,6,1,True,True,True
121319504002,2024-07-31,6,6.1875,26.67878067963113,-0.007028057325841491,False,6,1,True,True,False
121130108085,2024-07-31,6,0.494140625,2.2582670138453333,2.4380905097775525,False,6,1,True,True,False
120910232001,2024-07-31,6,0.96484375,5.748711620740289,0.8758756017320624,False,6,1,True,True,False
120910212001,2024-07-31,6,0.171875,1.04766537583621,5.562964219704401,True,5,1,True,True,True
121319505021,2024-07-31,6,1.775390625,9.788084325293225,0.4316073742931758,False,6,1,True,True,False
120330036031,2024-07-31,6,0.779296875,5.128879238622584,1.017903304426812,False,6,1,True,True,False
121319501023,2024-07-31,5,12.2109375,66.86814461817453,-0.10783815733448798,False,5,1,True,True,False
121130108094,2024-07-31,5,1.748046875,7.6145521982447875,0.4270708296870826,False,5,1,True,True,False
120330034004,2024-07-31,5,0.103515625,0.5827152716533213,8.40287635006947,True,5,1,True,True,True
120330014022,2024-07-31,5,0.09375,0.5551749076482041,8.837305022994533,True,4,0,False,True,False
120330011012,2024-07-31,4,0.185546875,1.2012493878174912,3.1754048440601905,True,2,0,False,True,False
120330014024,2024-07-31,4,0.060546875,0.36779090586950774,10.711121624083109,True,3,0,False,True,False
120330034002,2024-07-31,4,0.12109375,0.7461475585034545,5.198577956590662,True,4,0,False,True,False
120910227003,2024-07-31,4,0.05859375,0.40117778535193405,9.82458748692277,True,4,0,False,True,False
120330032013,2024-07-31,3,0.125,0.6318363879478842,4.55022859531341,True,3,0,False,True,False
120330036113,2024-07-31,3,0.1171875,0.5435419642746941,5.303753324450014,True,2,0,False,True,False
120910217002,2024-07-31,3,0.103515625,0.6153828329312869,4.7068007425605565,True,2,0,False,True,False
120330032034,2024-07-31,3,0.076171875,0.4597908502552804,6.359039383616838,True,3,0,False,True,False
120330035123,2024-07-31,3,0.109375,0.8484762444392242,3.406842582741341,True,3,0,False,True,False
120330035101,2024-07-31,3,0.0546875,0.32648501612390224,9.021279245728826,True,3,0,False,True,False
120910216001,2024-07-31,3,0.119140625,0.673415254824635,4.277983538923852,True,3,0,False,True,False
120910219011,2024-07-31,3,0.09765625,0.5820491292368722,4.986424004800554,True,3,0,False,True,False
120910212003,2024-07-31,3,0.08203125,0.5605328180556575,5.205705457392619,True,2,0,False,True,False
120330012014,2024-07-31,3,0.0703125,0.5408349528127344,5.416971452683481,True,3,0,False,True,False
120330034003,2024-07-31,2,0.099609375,0.5629109446916275,3.3760058192527547,True,2,0,False,True,False
120910225001,2024-07-31,2,0.060546875,0.3834212219151059,5.058283199121979,True,1,0,False,True,False
120330011041,2024-07-31,2,0.05078125,0.2956954305890317,6.591981303590367,True,1,0,False,True,False
120910227001,2024-07-31,2,0.072265625,0.4430948175818648,4.350613680205902,True,2,0,False,True,False
120330012012,2024-07-31,2,0.0625,0.5902004701048088,3.282782881646867,True,1,0,False,True,False
120330032042,2024-07-31,2,0.041015625,0.2346612325890982,8.348138094161744,True,2,0,False,True,False
120910210013,2024-07-31,1,0.05078125,0.3086479812358074,3.0754089049906854,True,1,0,False,True,False
120330011042,2024-07-31,1,0.021484375,0.16997566232487185,5.7567984240577825,True,1,0,False,True,False
120330011043,2024-07-31,1,0.025390625,0.19114405728666492,5.098821218063541,True,1,0,False,True,False
120910218024,2024-07-31,1,0.03515625,0.2630811989123034,3.6674751141058355,True,1,0,False,True,False
120910215022,2024-07-31,1,0.041015625,0.2584716175033432,3.710211528302894,True,1,0,False,True,False
120330035051,2024-07-31,1,0.033203125,0.26702516748144384,3.620620798102055,True,1,0,False,True,False
120330012011,2024-07-31,1,0.029296875,0.2600637693700206,3.7325580850859565,True,1,0,False,True,False
120910215013,2024-07-31,1,0.03515625,0.25553438691550245,3.7757883064052935,True,1,0,False,True,False
120330014023,2024-07-31,1,0.025390625,0.2011217167808118,4.845868415404176,True,1,0,False,True,False
120050002013,2024-08-01,48,32.587890625,137.41519387845497,0.11215724360606118,False,43,2,True,True,False
120050002042,2024-08-01,38,6.548828125,30.588896444758674,1.02818916438514,False,38,1,True,True,False
121130108021,2024-08-01,30,21.01953125,76.84051907170081,0.11687152635734041,False,22,2,True,True,False
120910208001,2024-08-01,17,66.595703125,226.04819685297892,-0.2194032238056599,False,14,1,True,True,False
120050002041,2024-08-01,15,7.814453125,34.00786639306215,0.2112907287963794,False,15,1,True,True,False
121319503053,2024-08-01,14,43.09765625,155.89971886707394,-0.1866434170725463,False,13,1,True,True,False
120050005001,2024-08-01,12,6.83203125,32.275888581615796,0.16011855837622554,False,10,1,True,True,False
120050002012,2024-08-01,6,8.04296875,38.9559702959335,-0.05244302053011011,False,6,1,True,True,False
120050002013,2024-08-02,533,32.587890625,137.41519387845497,3.6416068358322824,True,340,8,True,True,True
121319501023,2024-08-02,364,12.2109375,66.86814461817453,5.260936496873954,True,301,3,True,True,True
120050002041,2024-08-02,353,7.814453125,34.00786639306215,10.150167696066353,True,134,7,True,True,True
120050003022,2024-08-02,336,7.248046875,35.08913720788649,9.369052056689245,True,173,5,True,True,True
120050002011,2024-08-02,333,4.42578125,27.59687365966789,11.90621165288743,True,155,4,True,True,True
121130108021,2024-08-02,325,21.01953125,76.84051907170081,3.9559918702052514,True,256,4,True,True,True
121319506101,2024-08-02,320,2.51953125,18.67613590189436,16.999258862632143,True,157,5,True,True,True
121319501043,2024-08-02,275,7.017578125,31.37641060509692,8.54088841607229,True,240,2,True,True,True
120910201011,2024-08-02,260,7.80859375,35.84990569214942,7.034646294905764,True,205,3,True,True,True
120050002012,2024-08-02,232,8.04296875,38.9559702959335,5.748978386334231,True,82,5,True,True,True
121319501024,2024-08-02,211,7.08203125,31.342079361827466,6.506204211784311,True,188,2,True,True,True
120910202001,2024-08-02,185,13.890625,58.77240381418688,2.911389766206848,False,115,2,True,True,False
121130107101,2024-08-02,179,5.873046875,30.85826281003802,5.610392075236418,True,132,3,True,True,True
120050003021,2024-08-02,177,5.4453125,21.350511973861146,8.035155677298501,True,102,6,True,True,True
120330025002,2024-08-02,167,1.279296875,9.38782370663819,17.65272850275382,True,150,3,True,True,True
120910208001,2024-08-02,163,66.595703125,226.04819685297892,0.42647673468371466,False,81,5,True,True,False
121319501042,2024-08-02,149,3.833984375,19.130660459385076,7.58813402878544,True,107,2,True,True,True
120910203052,2024-08-02,146,4.34375,21.287405204774263,6.654462985851834,True,106,2,True,True,True
120330026071,2024-08-02,145,0.8515625,7.389461839795936,19.50729845084101,True,143,1,True,True,True
120910201012,2024-08-02,142,5.34765625,32.006301886428645,4.269544923837125,True,118,2,True,True,True
121319506102,2024-08-02,133,2.091796875,11.650544912789353,11.236230073779286,True,109,2,True,True,True
121130101002,2024-08-02,124,9.751953125,38.03442405252881,3.003806412770011,True,68,4,True,True,True
120910203051,2024-08-02,124,3.583984375,15.96941724137451,7.540413892688524,True,108,2,True,True,True
120050003012,2024-08-02,123,2.990234375,14.025902175731852,8.556295639409594,True,113,2,True,True,True
120910201021,2024-08-02,122,14.96484375,70.70081622753538,1.5139168394538807,False,75,3,True,True,False
121319506062,2024-08-02,122,1.5078125,10.349089672285661,11.642781279852274,True,63,5,True,True,True
121130101001,2024-08-02,121,22.0703125,111.20237249814961,0.8896364823659331,False,108,2,True,True,False
120910201022,2024-08-02,113,7.45703125,36.83514484388862,2.8652790479663555,False,57,3,True,True,False
121130108083,2024-08-02,111,4.466796875,17.043023464741115,6.250839432650999,True,54,3,True,True,True
120050002042,2024-08-02,85,6.548828125,30.588896444758674,2.564694415069112,False,50,5,True,True,False
120910206012,2024-08-02,81,1.662109375,12.468398011231727,6.363118225254856,True,72,2,True,True,True
121130107092,2024-08-02,80,0.884765625,5.109409831820208,15.484221657516853,True,65,2,True,True,True
121319506053,2024-08-02,80,1.599609375,9.622921909181514,8.147254167177215,True,73,2,True,True,True
121130108094,2024-08-02,76,1.748046875,7.6145521982447875,9.751322361689981,True,70,2,True,True,True
120910201023,2024-08-02,74,8.41796875,38.34932022114185,1.7101223925696822,False,49,3,True,True,False
121319501041,2024-08-02,68,6.0078125,27.330189781327274,2.2682677286915416,False,61,2,True,True,False
120330012021,2024-08-02,64,0.189453125,2.862341714703521,22.293126829411225,True,63,1,True,True,True
120330026021,2024-08-02,62,1.03125,5.591001296639227,10.904799831945764,True,57,2,True,True,True
120330023001,2024-08-02,60,1.599609375,8.89434833658072,6.56601118092155,True,43,3,True,True,True
120910203042,2024-08-02,56,2.072265625,11.657903106362172,4.625851997823651,True,47,2,True,True,True
120330008011,2024-08-02,55,0.333984375,2.755492175085413,19.83892972706609,True,52,1,True,True,True
121130108081,2024-08-02,53,4.806640625,19.27085026929318,2.5008423967567697,False,34,2,True,True,False
120910203041,2024-08-02,50,0.623046875,3.2224287514953387,15.3228998785736,True,47,2,True,True,True
120050004022,2024-08-02,48,1.224609375,6.711436907675172,6.969504633427731,True,38,3,True,True,True
120050002031,2024-08-02,48,1.123046875,5.232976883043129,8.957989720325246,True,22,3,True,True,True
121319505013,2024-08-02,47,15.85546875,68.12351084119011,0.45717742473085826,False,14,6,True,True,False
120330024001,2024-08-02,43,1.236328125,10.438376085254413,4.000974053233885,True,31,2,True,True,True
121319506061,2024-08-02,43,0.630859375,4.70109127146161,9.012618172764611,True,41,1,True,True,True
121319501033,2024-08-02,40,3.810546875,18.033813806426075,2.0067553936985,False,30,2,True,True,False
121319506111,2024-08-02,39,0.64453125,3.8669923099794627,9.918682447600652,True,16,4,True,True,True
120910206013,2024-08-02,38,1.185546875,6.740271389844577,5.461865108349725,True,35,1,True,True,True
120330026062,2024-08-02,36,0.251953125,2.032272905920594,17.590180320199952,True,33,2,True,True,True
120050004021,2024-08-02,34,1.884765625,13.451092912177986,2.3875557610582243,False,27,2,True,True,False
120050003023,2024-08-02,32,8.814453125,41.20264875320031,0.5627198147837309,False,24,2,True,True,False
120050027071,2024-08-02,27,0.7265625,5.362353141420958,4.899609706241365,True,17,2,True,True,True
121319503053,2024-08-02,25,43.09765625,155.89971886707394,-0.11608523980361217,False,15,2,True,True,False
121319501021,2024-08-02,24,4.578125,23.180010071775058,0.8378717239492869,False,19,2,True,True,False
121130107091,2024-08-02,23,0.259765625,1.5903643146699857,14.29875794196174,True,21,1,True,True,True
120050003011,2024-08-02,22,1.71484375,6.352706742019331,3.1931516869535157,True,11,2,True,True,True
120910205005,2024-08-02,22,0.80078125,4.879703498960677,4.344366159647855,True,19,2,True,True,True
120910203031,2024-08-02,21,0.568359375,2.765317568764112,7.388533185406044,True,21,1,True,True,True
120910203061,2024-08-02,19,4.181640625,26.602462528256105,0.557029611798551,False,14,2,True,True,False
121319504001,2024-08-02,17,6.40625,30.31761095875755,0.3494256197960706,False,17,1,True,True,False
121130108082,2024-08-02,17,1.833984375,10.62276924176307,1.4276894545892331,False,15,1,True,True,False
120330026041,2024-08-02,16,1.4921875,7.282121466498447,1.992250825084901,False,15,1,True,True,False
121319506052,2024-08-02,16,2.744140625,16.978718256217732,0.7807338089343467,False,16,1,True,True,False
121130101003,2024-08-02,14,5.4296875,43.05486121072455,0.19905562946897196,False,14,1,True,True,False
121130108085,2024-08-02,13,0.494140625,2.2582670138453333,5.537812534269482,True,13,1,True,True,True
120910203032,2024-08-02,12,0.87109375,4.343267995825453,2.5623346891549375,False,9,2,True,True,False
120330012012,2024-08-02,12,0.0625,0.5902004701048088,20.226178399824246,True,11,1,True,True,True
121319505012,2024-08-02,11,13.455078125,54.720084121427625,-0.04486612483182616,False,10,1,True,True,False
120050027061,2024-08-02,11,0.283203125,1.8736694153540716,5.719683945940283,True,11,1,True,True,True
120330008012,2024-08-02,11,0.03125,0.49951052362226883,21.95899682044456,True,6,2,True,True,True
121130104002,2024-08-02,10,3.611328125,15.867704915626064,0.40262104122623416,False,7,1,True,True,False
120330013002,2024-08-02,9,0.0859375,0.6884833298628382,12.947390464451605,True,9,1,True,True,True
121319505011,2024-08-02,9,4.216796875,23.967400215414717,0.19957121264757227,False,8,1,True,True,False
120050004011,2024-08-02,8,0.390625,2.501613960435344,3.0417862709223833,True,5,1,True,True,True
120330006002,2024-08-02,8,0.029296875,0.3768251004261187,21.152261661939786,True,7,1,True,True,True
120330028011,2024-08-02,8,0.04296875,0.42212464075053346,18.849956818091634,True,8,1,True,True,True
120330012022,2024-08-02,7,0.08984375,0.5342793077307749,12.933602611991947,True,6,1,True,True,True
120330028021,2024-08-02,7,0.099609375,0.7374785437523648,9.356734081903076,True,6,1,True,True,True
120050005003,2024-08-02,7,4.2421875,28.655384385927967,0.09624063885718809,False,6,1,True,True,False
120330006001,2024-08-02,7,0.0546875,0.411357235199621,16.883895324290627,True,7,1,True,True,True
121130108084,2024-08-02,6,0.212890625,0.9608734222625619,6.022759336368296,True,6,1,True,True,True
120330026061,2024-08-02,6,0.302734375,2.4694121613161246,2.30713435134438,False,6,1,True,True,False
121319506041,2024-08-02,6,0.337890625,2.8807155972094614,1.9655218239818135,False,6,1,True,True,False
120330015001,2024-08-02,6,0.056640625,0.4497388280480258,13.215135105847105,True,6,1,True,True,True
120330036032,2024-08-02,5,3.5546875,16.948550483830033,0.08527646664408957,False,5,1,True,True,False
121130105051,2024-08-02,5,1.58984375,11.621044005252527,0.2934466342661351,False,5,1,True,True,False
120330014012,2024-08-02,5,0.234375,1.7870347368433919,2.6667780439556386,False,5,1,True,True,False
120330012013,2024-08-02,5,0.072265625,0.485254531783515,10.154947666101124,True,2,0,False,True,False
121130107122,2024-08-02,5,0.1875,0.9931270663228412,4.845804895660325,True,4,0,False,True,False
120330001001,2024-08-02,5,0.13671875,0.856001819204498,5.681391255125553,True,5,1,True,True,True
120330010021,2024-08-02,5,0.234375,1.4630979383825988,3.2572153066309584,True,4,0,False,True,False
120910207012,2024-08-02,5,0.380859375,2.54921515179993,1.8119853954808611,False,5,1,True,True,False
120330014021,2024-08-02,5,0.337890625,1.7928674306879266,2.60036480957833,False,5,1,True,True,False
120330029004,2024-08-02,5,0.033203125,0.31416508453751796,15.809512639864534,True,5,1,True,True,True
120330021002,2024-08-02,5,0.083984375,0.7069527118143639,6.953811114725419,True,5,1,True,True,True
120330012014,2024-08-02,5,0.0703125,0.5408349528127344,9.114957297715405,True,4,0,False,True,False
120910204001,2024-08-02,4,0.17578125,0.9734033416614768,3.9287092886619237,True,3,0,False,True,False
120330014022,2024-08-02,4,0.09375,0.5551749076482041,7.036070878180361,True,4,0,False,True,False
120330008022,2024-08-02,4,0.078125,0.7824831266194989,5.012088908477007,True,3,0,False,True,False
120330012011,2024-08-02,4,0.029296875,0.2600637693700206,15.268190315854627,True,3,0,False,True,False
120330027032,2024-08-02,3,0.064453125,0.8723554353738061,3.365081199662741,True,3,0,False,True,False
121130107121,2024-08-02,3,0.083984375,0.5185194032775847,5.623734823745712,True,3,0,False,True,False
120330004002,2024-08-02,3,0.03125,0.23198285920889045,12.797281704881351,True,3,0,False,True,False
120330013003,2024-08-02,3,0.052734375,0.47558013162338064,6.197200911105314,True,3,0,False,True,False
120330021003,2024-08-02,3,0.037109375,0.27375379211735157,10.823194820731036,True,3,0,False,True,False
120330008021,2024-08-02,2,0.015625,0.16478058708072763,12.042529008758994,True,1,0,False,True,False
120330003002,2024-08-02,2,0.044921875,0.3647018375108046,5.360757539210587,True,2,0,False,True,False
120330028023,2024-08-02,2,0.04296875,0.4577121004819435,4.275681695850651,True,1,0,False,True,False
120330008023,2024-08-02,2,0.033203125,0.36057018032734184,5.454685335360937,True,2,0,False,True,False
120330013001,2024-08-02,2,0.044921875,0.2999243116360724,6.518571683419542,True,2,0,False,True,False
120330028032,2024-08-02,2,0.02734375,0.2149827622453072,9.175881030633937,True,2,0,False,True,False
120910207011,2024-08-02,2,0.08203125,0.5674723154191078,3.379845497103203,True,2,0,False,True,False
120330001002,2024-08-02,2,0.01171875,0.12457118226963564,15.961004895147774,True,2,0,False,True,False
120050014032,2024-08-02,1,0.041015625,0.2802664090278288,3.4216885938149604,True,1,0,False,True,False
120330004001,2024-08-02,1,0.029296875,0.23641379224652606,4.105949639299286,True,1,0,False,True,False
120330005002,2024-08-02,1,0.021484375,0.15804376437533252,6.191421906884969,True,1,0,False,True,False
120330033113,2024-08-02,1,0.0234375,0.1753874659415358,5.568029019391445,True,1,0,False,True,False
120330009001,2024-08-02,1,0.021484375,0.15804376437533255,6.191421906884968,True,1,0,False,True,False
120330004003,2024-08-02,1,0.037109375,0.2737537921173516,3.517359951628477,True,1,0,False,True,False
120910206021,2024-08-02,1,0.02734375,0.23247661540965528,4.183888552773568,True,1,0,False,True,False
120330014023,2024-08-02,1,0.025390625,0.2011217167808118,4.845868415404176,True,1,0,False,True,False
120050014041,2024-08-02,1,0.015625,0.13901385984484715,7.081128465166403,True,1,0,False,True,False
120330029003,2024-08-02,1,0.01953125,0.15199062374520975,6.45085022904843,True,1,0,False,True,False
120910201021,2024-08-03,1168,14.96484375,70.70081622753538,16.308654097276673,True,504,6,True,True,True
121319503053,2024-08-03,679,43.09765625,155.89971886707394,4.0789191178221085,True,483,6,True,True,True
121130101004,2024-08-03,540,12.224609375,64.1884634903211,8.222277990882,True,280,4,True,True,True
121130101003,2024-08-03,532,5.4296875,43.05486121072455,12.23021739456534,True,347,3,True,True,True
121130102004,2024-08-03,460,10.314453125,70.59817626033603,6.36964820757906,True,367,3,True,True,True
121130101001,2024-08-03,444,22.0703125,111.20237249814961,3.7942507702074506,True,222,5,True,True,True
121130103031,2024-08-03,408,6.490234375,34.901537520225176,11.504070999517662,True,363,3,True,True,True
121319505012,2024-08-03,314,13.455078125,54.720084121427625,5.492406064436418,True,241,3,True,True,True
121130103021,2024-08-03,312,4.54296875,25.73571287523765,11.946707392194625,True,277,2,True,True,True
121319505013,2024-08-03,290,15.85546875,68.12351084119011,4.024227874706681,True,239,3,True,True,True
121319506052,2024-08-03,268,2.744140625,16.978718256217732,15.622843572297416,True,234,4,True,True,True
120330036143,2024-08-03,249,2.064453125,13.650435506760115,18.089939090420224,True,226,2,True,True,True
120330024001,2024-08-03,217,1.236328125,10.438376085254413,20.670233579703524,True,194,2,True,True,True
121130102003,2024-08-03,201,12.33203125,62.835254334293744,3.002581444904413,True,166,3,True,True,True
121130102001,2024-08-03,185,6.05859375,46.09609299080168,3.8819213221759847,True,148,3,True,True,True
121319505011,2024-08-03,182,4.216796875,23.967400215414717,7.4177091185158295,True,127,3,True,True,True
121130102002,2024-08-03,178,5.32421875,34.781964973978646,4.964520589310683,True,156,3,True,True,True
120050002013,2024-08-03,176,32.587890625,137.41519387845497,1.0436408473276206,False,135,4,True,True,False
120910201023,2024-08-03,161,8.41796875,38.34932022114185,3.978741484076738,True,130,3,True,True,True
121319506101,2024-08-03,155,2.51953125,18.67613590189436,8.164454871766788,True,75,3,True,True,True
121319504003,2024-08-03,142,9.2421875,42.331604195878015,3.136139416916478,True,117,2,True,True,True
121130104001,2024-08-03,132,9.90234375,55.34798502701685,2.2060000231336487,False,105,3,True,True,False
121319505023,2024-08-03,125,3.873046875,17.55565642460506,6.899596927360403,True,69,4,True,True,True
121319501022,2024-08-03,123,5.3203125,21.95634651194597,5.359711709594902,True,105,2,True,True,True
120330039004,2024-08-03,122,3.39453125,19.51627875325507,6.077258387704577,True,109,2,True,True,True
121130107071,2024-08-03,118,2.603515625,11.853353268265453,9.735345076059343,True,117,2,True,True,True
120330026052,2024-08-03,118,1.076171875,7.9558504481898655,14.69658446779914,True,117,1,True,True,True
120330023001,2024-08-03,117,1.599609375,8.89434833658072,12.974575118716759,True,110,2,True,True,True
120330039003,2024-08-03,113,6.3203125,25.12463915485053,4.246018692746262,True,94,2,True,True,True
120910201022,2024-08-03,111,7.45703125,36.83514484388862,2.810983075777941,False,92,3,True,True,False
121319504002,2024-08-03,109,6.1875,26.67878067963113,3.8537181003364176,True,60,5,True,True,True
121319505022,2024-08-03,98,3.001953125,14.118106654664265,6.728809265909254,True,78,4,True,True,True
121130107101,2024-08-03,89,5.873046875,30.85826281003802,2.693831264472842,False,81,2,True,True,False
121319506062,2024-08-03,86,1.5078125,10.349089672285661,8.164214455138582,True,52,3,True,True,True
121130109003,2024-08-03,76,1.0078125,7.076872941223625,10.596797218607897,True,70,2,True,True,True
120330023002,2024-08-03,75,0.19921875,3.3338915771130297,22.436476867905057,True,62,2,True,True,True
121319505021,2024-08-03,73,1.775390625,9.788084325293225,7.2766648720985865,True,58,2,True,True,True
121319506102,2024-08-03,73,2.091796875,11.650544912789353,6.086256364469332,True,53,2,True,True,True
120330038002,2024-08-03,69,6.328125,32.737193310235114,1.9143936502463075,False,65,1,True,True,False
120330027042,2024-08-03,66,0.41796875,3.308222185165137,19.823950018860756,True,65,1,True,True,True
120330036142,2024-08-03,65,1.052734375,5.338553087151484,11.978389009356208,True,65,1,True,True,True
120330036141,2024-08-03,63,0.869140625,5.312583817112478,11.695036071688685,True,62,2,True,True,True
121319503062,2024-08-03,62,3.3671875,16.49010666751634,3.5556357325147,True,32,3,True,True,True
121319506053,2024-08-03,61,1.599609375,9.622921909181514,6.172801897968675,True,43,3,True,True,True
120910208001,2024-08-03,58,66.595703125,226.04819685297892,-0.03802597518878074,False,24,4,True,True,False
120330036101,2024-08-03,53,0.43359375,3.0333250785713104,17.329631638017073,True,53,1,True,True,True
121319504001,2024-08-03,53,6.40625,30.31761095875755,1.536854274678293,False,30,3,True,True,False
120330026021,2024-08-03,52,1.03125,5.591001296639227,9.116211443312938,True,48,2,True,True,True
120330026041,2024-08-03,51,1.4921875,7.282121466498447,6.798542530190101,True,49,1,True,True,True
121130108021,2024-08-03,49,21.01953125,76.84051907170081,0.3641369044356805,False,25,3,True,True,False
120330039001,2024-08-03,47,9.318359375,33.52182183274139,1.1240928614504966,False,28,2,True,True,False
121319503061,2024-08-03,46,2.716796875,14.833580111273319,2.917920205392989,False,33,3,True,True,False
121319502021,2024-08-03,45,3.45703125,15.665351516515923,2.6519014722524035,False,24,2,True,True,False
121319506051,2024-08-03,45,0.3359375,2.5297520240780145,17.65551013494223,True,42,1,True,True,True
120330036132,2024-08-03,40,1.86328125,9.96946705501637,3.8253518006070966,True,38,1,True,True,True
121319506111,2024-08-03,39,0.64453125,3.8669923099794627,9.918682447600652,True,32,2,True,True,True
120050002042,2024-08-03,39,6.548828125,30.588896444758674,1.0608807654635224,False,15,3,True,True,False
120330025002,2024-08-03,38,1.279296875,9.38782370663819,3.9115245740111795,True,27,2,True,True,True
121130101002,2024-08-03,37,9.751953125,38.03442405252881,0.7164048767339846,False,36,1,True,True,False
120910212002,2024-08-03,36,1.34765625,5.8520769537157795,5.921375269680532,True,22,2,True,True,True
121319506041,2024-08-03,35,0.337890625,2.8807155972094614,12.032464922457828,True,33,1,True,True,True
120330036084,2024-08-03,34,0.5078125,3.601469788567548,9.299588630818757,True,34,1,True,True,True
121319506061,2024-08-03,33,0.630859375,4.70109127146161,6.885452495147185,True,30,1,True,True,True
121319506071,2024-08-03,32,0.76171875,4.097856269189469,7.623078799730265,True,17,3,True,True,True
120050002041,2024-08-03,29,7.814453125,34.00786639306215,0.6229601889791594,False,27,1,True,True,False
120330026071,2024-08-03,29,0.8515625,7.389461839795936,3.8092675908286897,True,29,1,True,True,True
120330037001,2024-08-03,28,0.486328125,3.325141227339295,8.27443708218548,True,28,1,True,True,True
120330023003,2024-08-03,27,0.09765625,1.2220392852429514,22.014303529245048,True,27,1,True,True,True
121319506081,2024-08-03,26,1.44140625,6.745621496117649,3.6406717697004445,True,22,2,True,True,True
120330036144,2024-08-03,25,0.642578125,3.440745776824243,7.079111173822769,True,23,1,True,True,True
120330027041,2024-08-03,24,0.451171875,2.54923314392085,9.237612566413093,True,24,1,True,True,True
120330003001,2024-08-03,24,0.34765625,2.6246301342260177,9.01168642452354,True,22,1,True,True,True
120330028041,2024-08-03,22,0.169921875,1.1986757181366816,18.211829767382323,True,22,1,True,True,True
120910203061,2024-08-03,22,4.181640625,26.602462528256105,0.6698011267217848,False,22,1,True,True,False
120330011031,2024-08-03,22,0.345703125,1.9413164309504716,11.154439600759996,True,22,1,True,True,True
120330027031,2024-08-03,22,0.09375,1.0121570231591202,21.64313391970224,True,20,1,True,True,True
120050003012,2024-08-03,21,2.990234375,14.025902175731852,1.28403616390261,False,21,1,True,True,False
120330026042,2024-08-03,21,0.857421875,5.840105586544332,3.4490092390467604,True,21,1,True,True,True
120330014012,2024-08-03,20,0.234375,1.7870347368433919,11.06057123148814,True,19,1,True,True,True
120330040003,2024-08-03,19,2.484375,16.19812961829592,1.0196007433688805,False,16,1,True,True,False
121130103032,2024-08-03,19,1.19140625,6.670207469480236,2.6698710394667384,False,19,1,True,True,False
121130107113,2024-08-03,19,0.85546875,3.9192696430872243,4.629569512269506,True,19,1,True,True,True
120330027032,2024-08-03,19,0.064453125,0.8723554353738061,21.706229029095326,True,14,2,True,True,True
120910201012,2024-08-03,19,5.34765625,32.006301886428645,0.42655173966814597,False,19,1,True,True,False
121130109001,2024-08-03,18,1.111328125,7.50220506356647,2.2511610562363513,False,14,1,True,True,False
120050027062,2024-08-03,18,0.58203125,4.200119904983984,4.147017024283363,True,17,1,True,True,True
120330028022,2024-08-03,18,0.072265625,0.844373772833176,21.231988666400706,True,17,1,True,True,True
120050005001,2024-08-03,17,6.83203125,32.275888581615796,0.315032961038031,False,11,2,True,True,False
120910208002,2024-08-03,17,0.15234375,1.087301897290385,15.494920308688203,True,16,2,True,True,True
120330014013,2024-08-03,17,0.0625,0.8011733078903279,21.14086906439794,True,17,1,True,True,True
120330026011,2024-08-03,16,1.0234375,5.597685912355705,2.675491754001848,False,15,1,True,True,False
121319501024,2024-08-03,15,7.08203125,31.342079361827466,0.25263061389741587,False,12,1,True,True,False
120330036131,2024-08-03,15,1.935546875,10.023150604322845,1.3034277983776361,False,15,1,True,True,False
120330017001,2024-08-03,15,0.2421875,1.5640085672509736,9.435889808416785,True,12,1,True,True,True
120330040002,2024-08-03,14,0.96875,6.790332139705296,1.9190887473385896,False,7,2,True,True,False
120330040004,2024-08-03,14,0.423828125,3.0975747399883815,4.382839161146737,True,9,2,True,True,True
121319506091,2024-08-03,14,0.4921875,2.362446222169275,5.717722745704107,True,10,1,True,True,True
120330037002,2024-08-03,14,0.2890625,1.6840559731042033,8.141616263933773,True,14,1,True,True,True
120330039002,2024-08-03,13,4.677734375,24.00088983069414,0.34674821157492514,False,11,2,True,True,False
120330028021,2024-08-03,13,0.099609375,0.7374785437523648,17.49256399970841,True,12,1,True,True,True
120050003011,2024-08-03,12,1.71484375,6.352706742019331,1.619019524696439,False,12,1,True,True,False
120330026051,2024-08-03,12,0.095703125,0.7991073136800269,14.896994022215441,True,11,1,True,True,True
120330026072,2024-08-03,12,0.171875,1.0861834654182256,10.889619826283843,True,12,1,True,True,True
120330001001,2024-08-03,12,0.13671875,0.856001819204498,13.858943969330365,True,12,1,True,True,True
121319506043,2024-08-03,12,0.490234375,2.549682905680734,4.5141949217904935,True,12,1,True,True,True
121130105041,2024-08-03,11,0.58984375,3.164092567534893,3.29009219161702,True,11,1,True,True,True
120330040001,2024-08-03,10,4.2421875,25.181997761346214,0.22864796330170872,False,6,1,True,True,False
120330011011,2024-08-03,10,0.4453125,2.885441135761601,3.311343760086125,True,7,1,True,True,True
120330025001,2024-08-03,10,1.73828125,11.857514291832736,0.696749634591673,False,8,1,True,True,False
121319503052,2024-08-03,10,3.205078125,18.006819038689855,0.3773527051280006,False,7,1,True,True,False
121319506044,2024-08-03,10,0.15234375,0.9652648232794284,10.202025405363047,True,6,1,True,True,True
120050027071,2024-08-03,10,0.7265625,5.362353141420958,1.7293597149296758,False,8,1,True,True,False
120330035121,2024-08-03,10,0.806640625,4.063068697963865,2.26266402524946,False,10,1,True,True,False
120330016001,2024-08-03,10,0.1640625,1.1210656361113154,8.773739184547932,True,8,1,True,True,True
120330008011,2024-08-03,10,0.333984375,2.755492175085413,3.507908936341065,True,8,1,True,True,True
120330038001,2024-08-03,9,21.287109375,84.41335249877207,-0.14555883650253953,False,9,1,True,True,False
120330011012,2024-08-03,9,0.185546875,1.2012493878174912,7.337737870580461,True,9,1,True,True,True
120330026022,2024-08-03,9,0.1953125,1.2778932867990904,6.890002155073741,True,9,1,True,True,True
120330033131,2024-08-03,9,0.12109375,0.6263805691565072,14.174938826656867,True,9,1,True,True,True
120330028023,2024-08-03,9,0.04296875,0.4577121004819435,19.56913798120867,True,9,1,True,True,True
120330036123,2024-08-03,9,0.322265625,1.988138097730084,4.364754332160138,True,9,1,True,True,True
120330021001,2024-08-03,9,0.103515625,0.7474858995391054,11.901875848742446,True,8,1,True,True,True
120330012014,2024-08-03,9,0.0703125,0.5408349528127344,16.510928987779252,True,9,1,True,True,True
120330036032,2024-08-03,8,3.5546875,16.948550483830033,0.2622827541647944,False,7,1,True,True,False
120330026062,2024-08-03,8,0.251953125,2.032272905920594,3.8125031596040655,True,8,1,True,True,True
121130108131,2024-08-03,8,0.203125,1.3769666597256762,5.66235568953668,True,5,1,True,True,True
120910203062,2024-08-03,8,1.427734375,6.371003013420702,1.0315904122404798,False,8,1,True,True,False
121130108271,2024-08-03,8,1.109375,7.9732766727485185,0.8642149624070037,False,8,1,True,True,False
120910232002,2024-08-03,8,0.96875,5.28919069049979,1.3293621673783136,False,8,1,True,True,False
120910209002,2024-08-03,8,0.283203125,1.4016593094315901,5.505472566032729,True,8,1,True,True,True
121130107053,2024-08-03,8,0.333984375,1.5091946971170622,5.079540525582285,True,7,1,True,True,True
120330028012,2024-08-03,8,0.072265625,0.4892707378755567,16.203164753777642,True,7,1,True,True,True
120910212005,2024-08-03,8,0.166015625,1.114649534554508,7.028204051716586,True,7,1,True,True,True
120910202001,2024-08-03,7,13.890625,58.77240381418688,-0.11724252460023925,False,5,1,True,True,False
120330022002,2024-08-03,7,0.072265625,0.5387638454502891,12.85857325710103,True,7,1,True,True,True
120050027061,2024-08-03,7,0.283203125,1.8736694153540716,3.5848356278637934,True,6,1,True,True,True
120330035073,2024-08-03,7,0.140625,0.7660545217754942,8.954160317599772,True,7,1,True,True,True
120910211024,2024-08-03,7,0.279296875,1.662914558100936,4.041520409007127,True,6,1,True,True,True
120330010022,2024-08-03,7,0.19140625,1.2237395668185538,5.5637604067185675,True,5,1,True,True,True
120330038003,2024-08-03,6,3.66796875,26.015558896018575,0.08963986740861041,False,6,1,True,True,False
121130105061,2024-08-03,6,2.34375,11.621518269505675,0.31461035599744575,False,5,1,True,True,False
120330027011,2024-08-03,6,0.623046875,4.707542361142082,1.1421996261538716,False,6,1,True,True,False
120330014022,2024-08-03,6,0.09375,0.5551749076482041,10.638539167808705,True,6,1,True,True,True
120330019001,2024-08-03,6,0.111328125,0.9201530299799122,6.399665798121162,True,5,1,True,True,True
120330031003,2024-08-03,6,0.078125,0.4658073814722679,12.71314117282309,True,4,0,False,True,False
121130107072,2024-08-03,5,0.455078125,2.6017331258360072,1.7468824261287728,False,5,1,True,True,False
120330026061,2024-08-03,5,0.302734375,2.4694121613161246,1.9021796760312764,False,5,1,True,True,False
120330036034,2024-08-03,5,1.140625,10.981203919895702,0.3514528122920657,False,5,1,True,True,False
121130108022,2024-08-03,5,0.2265625,1.2619051465248214,3.782722903655348,True,5,1,True,True,True
120330010021,2024-08-03,5,0.234375,1.4630979383825988,3.2572153066309584,True,5,1,True,True,True
120330030021,2024-08-03,5,0.130859375,0.8442651268719173,5.767312269595488,True,4,0,False,True,False
120330036083,2024-08-03,5,0.4921875,2.7505447779199064,1.638879881609862,False,5,1,True,True,False
120050007001,2024-08-03,5,6.94921875,39.802759290506025,-0.04897195030558946,False,5,1,True,True,False
120050027102,2024-08-03,5,0.4609375,2.571566165594677,1.7650965239505467,False,5,1,True,True,False
120050014042,2024-08-03,5,0.357421875,2.1678995023297474,2.1415098439806934,False,5,1,True,True,False
120330036031,2024-08-03,5,0.779296875,5.128879238622584,0.8229289341063751,False,5,1,True,True,False
120330003002,2024-08-03,5,0.044921875,0.3647018375108046,13.586655221755503,True,5,1,True,True,True
120330009002,2024-08-03,5,0.05078125,0.3502296911955238,14.131351151598922,True,5,1,True,True,True
120330015002,2024-08-03,5,0.037109375,0.3377574306320476,14.693653417817963,True,4,0,False,True,False
120330033122,2024-08-03,4,0.068359375,0.4164133076742616,9.4416786220375,True,4,0,False,True,False
120330012022,2024-08-03,4,0.08984375,0.5342793077307749,7.318562020691882,True,4,0,False,True,False
120330013002,2024-08-03,4,0.0859375,0.6884833298628382,5.685050501919592,True,4,0,False,True,False
120330035111,2024-08-03,4,0.166015625,1.1111326636513201,3.4505190067953277,True,4,0,False,True,False
120330035101,2024-08-03,4,0.0546875,0.32648501612390224,12.084206947196437,True,4,0,False,True,False
120910211021,2024-08-03,4,0.158203125,0.9933098586511376,3.867672148363611,True,3,0,False,True,False
121130109002,2024-08-03,4,0.046875,0.3724226498710657,10.614620247636894,True,4,0,False,True,False
120330014011,2024-08-03,3,0.0546875,0.3606602718661207,8.166445626961979,True,3,0,False,True,False
121130108121,2024-08-03,3,0.1171875,0.9579911610131148,3.009226616403546,True,3,0,False,True,False
120330010013,2024-08-03,3,0.09375,0.605745485294765,4.797807116277184,True,3,0,False,True,False
120330030012,2024-08-03,3,0.04296875,0.3676089971088597,8.043957773765634,True,3,0,False,True,False
120330031002,2024-08-03,3,0.0625,0.3906940985851665,7.518670004583295,True,3,0,False,True,False
120050027112,2024-08-03,3,0.126953125,0.764613721177252,3.757514147897397,True,2,0,False,True,False
120910212004,2024-08-03,3,0.083984375,0.7525412548586208,3.8748913845897115,True,3,0,False,True,False
120330022003,2024-08-03,3,0.037109375,0.43858632952273713,6.755547142165082,True,3,0,False,True,False
120330036102,2024-08-03,3,0.150390625,0.8433229422247345,3.379025083181736,True,3,0,False,True,False
120330029004,2024-08-03,3,0.033203125,0.31416508453751796,9.443432835215976,True,3,0,False,True,False
120330015001,2024-08-03,3,0.056640625,0.4497388280480258,6.5445969781503734,True,2,0,False,True,False
120330028032,2024-08-03,3,0.02734375,0.2149827622453072,13.827416761014703,True,3,0,False,True,False
120330035051,2024-08-03,3,0.033203125,0.26702516748144384,11.110551499630345,True,3,0,False,True,False
120330021002,2024-08-03,3,0.083984375,0.7069527118143639,4.1247675781823805,True,3,0,False,True,False
120330022004,2024-08-03,3,0.0390625,0.4131373685868856,7.166956380943533,True,3,0,False,True,False
120330012011,2024-08-03,3,0.029296875,0.2600637693700206,11.42297957226507,True,3,0,False,True,False
120330035061,2024-08-03,3,0.041015625,0.3430571428754785,8.62533964516238,True,3,0,False,True,False
120330010012,2024-08-03,2,0.07421875,0.5256245702451524,3.6637960989947853,True,2,0,False,True,False
120330012013,2024-08-03,2,0.072265625,0.485254531783515,3.972625186857634,True,2,0,False,True,False
120330035071,2024-08-03,2,0.080078125,0.41901197007548163,4.582021546196262,True,2,0,False,True,False
120330020002,2024-08-03,2,0.091796875,0.577946880452059,3.3016929228987966,True,2,0,False,True,False
120330004002,2024-08-03,2,0.03125,0.23198285920889045,8.486618393763422,True,2,0,False,True,False
120330033071,2024-08-03,2,0.078125,0.478244915925523,4.018599959982206,True,2,0,False,True,False
120330018002,2024-08-03,2,0.046875,0.3028727426473822,6.44866547886719,True,2,0,False,True,False
120910210021,2024-08-03,2,0.0546875,0.34399730918712773,5.655022431997538,True,2,0,False,True,False
120330011043,2024-08-03,2,0.025390625,0.19114405728666492,10.330477457840159,True,2,0,False,True,False
120330013003,2024-08-03,2,0.052734375,0.47558013162338064,4.094505837224651,True,2,0,False,True,False
120330029001,2024-08-03,2,0.03515625,0.23142199532827923,8.49030684059572,True,2,0,False,True,False
120330033133,2024-08-03,2,0.09765625,0.543809112899017,3.4981829191105462,True,2,0,False,True,False
120330021003,2024-08-03,2,0.037109375,0.27375379211735157,7.170277386179756,True,2,0,False,True,False
120330010015,2024-08-03,2,0.017578125,0.14565995891162747,13.60993020877305,True,2,0,False,True,False
120330028011,2024-08-03,2,0.04296875,0.42212464075053346,4.636145491342125,True,2,0,False,True,False
120330011014,2024-08-03,1,0.021484375,0.20157730218786685,4.854294676927658,True,1,0,False,True,False
120910233032,2024-08-03,1,0.044921875,0.265301943238465,3.5999665639144376,True,1,0,False,True,False
120050026061,2024-08-03,1,0.046875,0.29634102637652837,3.216311327709878,True,1,0,False,True,False
120330035102,2024-08-03,1,0.04296875,0.3098345227808698,3.0888463990723833,True,1,0,False,True,False
120910210013,2024-08-03,1,0.05078125,0.3086479812358074,3.0754089049906854,True,1,0,False,True,False
120330011042,2024-08-03,1,0.021484375,0.16997566232487185,5.7567984240577825,True,1,0,False,True,False
120330011044,2024-08-03,1,0.03125,0.2402705585201506,4.031913048217909,True,1,0,False,True,False
120330013001,2024-08-03,1,0.044921875,0.2999243116360724,3.18439715603612,True,1,0,False,True,False
120910224003,2024-08-03,1,0.037109375,0.2808113833580887,3.428958660739649,True,1,0,False,True,False
120330004003,2024-08-03,1,0.037109375,0.2737537921173516,3.517359951628477,True,1,0,False,True,False
120330014023,2024-08-03,1,0.025390625,0.2011217167808118,4.845868415404176,True,1,0,False,True,False
120330029003,2024-08-03,1,0.01953125,0.15199062374520975,6.45085022904843,True,1,0,False,True,False
120330022001,2024-08-03,1,0.01171875,0.10772225920023014,9.174345741886265,True,1,0,False,True,False
120330001002,2024-08-03,1,0.01171875,0.12457118226963564,7.933466087372077,True,1,0,False,True,False
120330026041,2024-08-04,91,1.4921875,7.282121466498447,12.291447336024616,True,91,1,True,True,True
120330026071,2024-08-04,65,0.8515625,7.389461839795936,8.681070271522168,True,64,1,True,True,True
120330026052,2024-08-04,54,1.076171875,7.9558504481898655,6.652189916043653,True,54,1,True,True,True
120330026021,2024-08-04,22,1.03125,5.591001296639227,3.7504462774144582,True,18,1,True,True,True
120330036032,2024-08-04,20,3.5546875,16.948550483830033,0.9703079042476138,False,27,0,True,True,False
120330026061,2024-08-04,18,0.302734375,2.4694121613161246,7.16659045510162,True,16,1,True,True,True
120330033051,2024-08-04,12,1.47265625,6.335007755576106,1.661772827465567,False,12,1,True,True,False
120330026062,2024-08-04,10,0.251953125,2.032272905920594,4.796622956789486,True,8,1,True,True,True
120330026011,2024-08-04,9,1.0234375,5.597685912355705,1.4249750030442812,False,9,1,True,True,False
121130107071,2024-08-04,7,2.603515625,11.853353268265453,0.3709063819746726,False,118,0,True,True,False
121130108242,2024-08-04,5,0.373046875,2.4301385716148967,1.9039873606570745,False,5,1,True,True,False
120330024001,2024-08-04,5,1.236328125,10.438376085254413,0.3605610532002851,False,5,1,True,True,False
120330036031,2024-08-04,5,0.779296875,5.128879238622584,0.8229289341063751,False,10,0,True,True,False
121130108232,2024-08-04,4,0.173828125,1.1582506690176544,3.303405711170524,True,4,0,False,True,False
120330026072,2024-08-04,4,0.171875,1.0861834654182256,3.5243815818223796,True,4,0,False,True,False
120330026051,2024-08-04,3,0.095703125,0.7991073136800269,3.634426597380535,True,3,0,False,True,False
120330036141,2024-08-04,3,0.869140625,5.312583817112478,0.4010966129393089,False,55,0,True,True,False
120330036121,2024-08-04,3,1.09765625,8.054014956697099,0.23619818937859774,False,7,0,True,True,False
121130103021,2024-08-04,2,4.54296875,25.73571287523765,-0.09881089217648173,False,204,0,True,True,False
120330036132,2024-08-04,2,1.86328125,9.96946705501637,0.013713747108598625,False,25,0,True,True,False
120330036034,2024-08-04,2,1.140625,10.981203919895702,0.07825872338487293,False,7,0,True,True,False
120330036131,2024-08-04,1,1.935546875,10.023150604322845,-0.09333860299340525,False,15,0,True,True,False
120330036143,2024-08-04,1,2.064453125,13.650435506760115,-0.07797942596577598,False,32,0,True,True,False
120330036142,2024-08-04,1,1.052734375,5.338553087151484,-0.009878027648899473,False,59,0,True,True,False
121130103032,2024-08-04,1,1.19140625,6.670207469480236,-0.028695696629495546,False,11,0,True,True,False
120330037001,2024-08-04,1,0.486328125,3.325141227339295,0.15448122045962812,False,28,0,True,True,False
121130105041,2024-08-04,1,0.58984375,3.164092567534893,0.12962839779354113,False,12,0,True,True,False
120330036083,2024-08-04,1,0.4921875,2.7505447779199064,0.18462251699244545,False,6,0,True,True,False
120330036084,2024-08-04,1,0.5078125,3.601469788567548,0.13666295398683967,False,34,0,True,True,False
120330011041,2024-08-04,1,0.05078125,0.2956954305890317,3.2101231598646476,True,1,0,False,True,False
120330029003,2024-08-04,1,0.01953125,0.15199062374520975,6.45085022904843,True,1,0,False,True,False
121319504001,2024-08-08,69,6.40625,30.31761095875755,2.064600343514836,False,56,2,True,True,False
121319501041,2024-08-09,127,6.0078125,27.330189781327274,4.427052591587386,True,104,2,True,True,True
120910203051,2024-08-09,95,3.583984375,15.96941724137451,5.724442804847881,True,95,1,True,True,True
120910202001,2024-08-09,76,13.890625,58.77240381418688,1.056777857791272,False,68,2,True,True,False
120910203052,2024-08-09,52,4.34375,21.287405204774263,2.238706387254367,False,52,1,True,True,False
120910203031,2024-08-09,35,0.568359375,2.765317568764112,12.451242856851461,True,35,1,True,True,True
121319501023,2024-08-09,29,12.2109375,66.86814461817453,0.25107713988278946,False,26,2,True,True,False
121319501044,2024-08-09,18,2.0859375,13.879987335528877,1.1465473357648144,False,17,1,True,True,False
121319501042,2024-08-09,12,3.833984375,19.130660459385076,0.42685487217426066,False,12,1,True,True,False
120910203041,2024-08-09,6,0.623046875,3.2224287514953387,1.6686026409443107,False,6,1,True,True,False
120910201022,2024-08-09,5,7.45703125,36.83514484388862,-0.06670345020803278,False,5,1,True,True,False
120910203042,2024-08-09,5,2.072265625,11.657903106362172,0.2511373055933379,False,5,1,True,True,False
120910204004,2024-08-09,5,0.6328125,3.1013439262242404,1.4081596894404653,False,5,1,True,True,False
121319503053,2024-08-10,380,43.09765625,155.89971886707394,2.161019572057444,False,203,5,True,True,False
121319505012,2024-08-10,377,13.455078125,54.720084121427625,6.64372008398724,True,162,7,True,True,True
120050005001,2024-08-10,341,6.83203125,32.275888581615796,10.353486253523029,True,188,4,True,True,True
121319503062,2024-08-10,274,3.3671875,16.49010666751634,16.411829101937606,True,221,3,True,True,True
120910208001,2024-08-10,179,66.595703125,226.04819685297892,0.4972580999976188,False,52,6,True,True,False
120050003022,2024-08-10,171,7.248046875,35.08913720788649,4.666742079032818,True,124,4,True,True,True
121319505013,2024-08-10,162,15.85546875,68.12351084119011,2.145287719986906,False,115,6,True,True,False
120050002013,2024-08-10,135,32.587890625,137.41519387845497,0.7452750055105586,False,78,3,True,True,False
120050003023,2024-08-10,133,8.814453125,41.20264875320031,3.0140185311594614,True,93,4,True,True,True
120050003021,2024-08-10,74,5.4453125,21.350511973861146,3.2109153908781978,True,43,3,True,True,True
121319505011,2024-08-10,64,4.216796875,23.967400215414717,2.4943549399467293,False,34,4,True,True,False
120050005002,2024-08-10,51,8.80859375,45.03147936099073,0.9369313833058083,False,35,2,True,True,False
120050002012,2024-08-10,49,8.04296875,38.9559702959335,1.0513672471476185,False,36,3,True,True,False
120050003011,2024-08-10,39,1.71484375,6.352706742019331,5.869176362790546,True,37,1,True,True,True
120050002042,2024-08-10,36,6.548828125,30.588896444758674,0.9628059622283752,False,29,2,True,True,False
120050005003,2024-08-10,36,4.2421875,28.655384385927967,1.1082668468965144,False,32,1,True,True,False
120050008062,2024-08-10,35,0.49609375,3.0224185788136158,11.41599197803494,True,35,1,True,True,True
120050003012,2024-08-10,34,2.990234375,14.025902175731852,2.2108927637221276,False,33,1,True,True,False
120050004012,2024-08-10,32,0.85546875,4.905227988521408,6.34925253686077,True,29,1,True,True,True
120050007001,2024-08-10,32,6.94921875,39.802759290506025,0.6293729805806516,False,27,2,True,True,False
121319505022,2024-08-10,30,3.001953125,14.118106654664265,1.9122993993022803,False,26,2,True,True,False
120910203061,2024-08-10,27,4.181640625,26.602462528256105,0.8577536515938411,False,27,1,True,True,False
121319506102,2024-08-10,27,2.091796875,11.650544912789353,2.1379431873317007,False,22,1,True,True,False
120910203032,2024-08-10,24,0.87109375,4.343267995825453,5.325231201995923,True,28,0,True,True,True
120050004023,2024-08-10,18,0.662109375,4.521430795890327,3.8346026750556406,True,18,1,True,True,True
120050002031,2024-08-10,17,1.123046875,5.232976883043129,3.0340193507155506,True,16,1,True,True,True
121319503061,2024-08-10,16,2.716796875,14.833580111273319,0.8954819420097342,False,14,1,True,True,False
120910215011,2024-08-10,12,0.189453125,1.315735749077001,8.9763821369794,True,12,1,True,True,True
120050004022,2024-08-10,11,1.224609375,6.711436907675172,1.456527232465063,False,10,1,True,True,False
120910203042,2024-08-10,11,2.072265625,11.657903106362172,0.7658096223263159,False,16,0,True,True,False
121319505021,2024-08-10,11,1.775390625,9.788084325293225,0.9424325606965647,False,10,1,True,True,False
121319501022,2024-08-10,10,5.3203125,21.95634651194597,0.21313598314063242,False,10,1,True,True,False
120910215012,2024-08-10,10,0.154296875,1.0950971924044617,8.99071168594833,True,10,1,True,True,True
120910201022,2024-08-10,9,7.45703125,36.83514484388862,0.04188849416879642,False,14,0,True,True,False
121319505023,2024-08-10,9,3.873046875,17.55565642460506,0.29203995572699515,False,7,1,True,True,False
121319501021,2024-08-10,8,4.578125,23.180010071775058,0.14762180816162013,False,7,1,True,True,False
120050004011,2024-08-10,8,0.390625,2.501613960435344,3.0417862709223833,True,7,1,True,True,True
121130108021,2024-08-10,7,21.01953125,76.84051907170081,-0.18244972079012386,False,5,1,True,True,False
120050027032,2024-08-10,7,0.14453125,0.7754863223832661,8.840218779012641,True,7,1,True,True,True
120910215021,2024-08-10,7,0.220703125,1.537566473114764,4.409108154697643,True,7,1,True,True,True
120050002011,2024-08-10,6,4.42578125,27.59687365966789,0.05704337271727557,False,5,1,True,True,False
120910208003,2024-08-10,6,1.517578125,9.640285843712489,0.46496773515522777,False,5,1,True,True,False
120330039004,2024-08-10,5,3.39453125,19.51627875325507,0.08226305692278699,False,5,1,True,True,False
120910203051,2024-08-10,5,3.583984375,15.96941724137451,0.08867046327346893,False,96,0,True,True,False
120050004021,2024-08-10,5,1.884765625,13.451092912177986,0.23159711967936922,False,5,1,True,True,False
120910221001,2024-08-10,5,0.095703125,0.8762026087024991,5.597217842414776,True,5,1,True,True,True
120910223002,2024-08-10,5,0.080078125,0.5796901744772964,8.48715760869376,True,5,1,True,True,True
120910203052,2024-08-10,4,4.34375,21.287405204774263,-0.016148046071998712,False,56,0,True,True,False
120050027103,2024-08-10,4,0.1875,1.0412246289751046,3.661553802998984,True,4,0,False,True,False
120910216001,2024-08-10,4,0.119140625,0.673415254824635,5.762951384299454,True,4,0,False,True,False
120910204004,2024-08-10,3,0.6328125,3.1013439262242404,0.7632779711993936,False,7,0,True,True,False
120050027112,2024-08-10,3,0.126953125,0.764613721177252,3.757514147897397,True,3,0,False,True,False
120910221002,2024-08-10,3,0.064453125,0.6238461707545908,4.705562064201222,True,3,0,False,True,False
120910202001,2024-08-10,2,13.890625,58.77240381418688,-0.20231646535324732,False,63,0,True,True,False
120910203041,2024-08-10,1,0.623046875,3.2224287514953387,0.11697795485007335,False,7,0,True,True,False
120910216002,2024-08-10,1,0.03515625,0.2630811989123036,3.6674751141058333,True,1,0,False,True,False
120910215022,2024-08-10,1,0.041015625,0.2584716175033432,3.710211528302894,True,1,0,False,True,False
120910215013,2024-08-10,1,0.03515625,0.25553438691550245,3.7757883064052935,True,1,0,False,True,False
120050002041,2024-08-11,49,7.814453125,34.00786639306215,1.2110594178117022,False,33,2,True,True,False
120050027081,2024-08-11,29,0.25,2.11323293194516,13.604747288097856,True,29,1,True,True,True
120050027062,2024-08-11,22,0.58203125,4.200119904983984,5.099370788101744,True,22,1,True,True,True
120050002013,2024-08-11,19,32.587890625,137.41519387845497,-0.09888201036210462,False,10,2,True,True,False
120050027092,2024-08-11,19,0.34375,2.828945991132323,6.594770652561165,True,18,1,True,True,True
120050027091,2024-08-11,19,0.099609375,0.9950168619316839,18.995045559637628,True,18,1,True,True,True
120050002042,2024-08-11,16,6.548828125,30.588896444758674,0.3089739406607273,False,13,1,True,True,False
120050027071,2024-08-11,12,0.7265625,5.362353141420958,2.102330302142816,False,12,1,True,True,False
120330004001,2024-08-13,1,0.029296875,0.23641379224652606,4.105949639299286,True,1,0,False,True,False
120330018002,2024-08-13,1,0.046875,0.3028727426473822,3.1469487536871887,True,1,0,False,True,False
120330005002,2024-08-13,1,0.021484375,0.15804376437533252,6.191421906884969,True,1,0,False,True,False
120330036032,2024-08-14,56,3.5546875,16.948550483830033,3.0943833544960717,True,53,2,True,True,True
120330036033,2024-08-14,16,1.181640625,6.99512094736385,2.118385012425608,False,14,1,True,True,False
120330033051,2024-08-14,10,1.47265625,6.335007755576106,1.3460668209118116,False,10,1,True,True,False
120330014021,2024-08-14,9,0.337890625,1.7928674306879266,4.831427704432297,True,9,1,True,True,True
120330039002,2024-08-14,5,4.677734375,24.00088983069414,0.013427236543032774,False,5,1,True,True,False
120330003001,2024-08-14,5,0.34765625,2.6246301342260177,1.7725711860623512,False,5,1,True,True,False
120330021003,2024-08-14,1,0.037109375,0.27375379211735157,3.5173599516284777,True,1,0,False,True,False
120330036131,2024-08-15,27,1.935546875,10.023150604322845,2.5006561424099574,False,26,2,True,True,False
120330039001,2024-08-15,10,9.318359375,33.52182183274139,0.020334235662998152,False,10,1,True,True,False
120330036132,2024-08-15,7,1.86328125,9.96946705501637,0.5152450699373484,False,7,1,True,True,False
120330036121,2024-08-15,6,1.09765625,8.054014956697099,0.6086832190351954,False,6,1,True,True,False
120330036131,2024-08-16,17,1.935546875,10.023150604322845,1.5029658557163563,False,24,0,True,True,False
121130108021,2024-08-16,14,21.01953125,76.84051907170081,-0.09135194991915647,False,9,2,True,True,False
120330038001,2024-08-16,11,21.287109375,84.41335249877207,-0.12186590237782159,False,11,0,True,True,False
120330038002,2024-08-16,6,6.328125,32.737193310235114,-0.01002300340443093,False,7,0,True,True,False
120330036132,2024-08-16,3,1.86328125,9.96946705501637,0.11402001167434857,False,10,0,True,True,False
120330039001,2024-08-16,1,9.318359375,33.52182183274139,-0.24814759223125826,False,11,0,True,True,False
120330038001,2024-08-17,383,21.287109375,84.41335249877207,4.285019844819713,True,251,6,True,True,True
121130101001,2024-08-17,217,22.0703125,111.20237249814961,1.7529274162135668,False,127,6,True,True,False
120330038002,2024-08-17,133,6.328125,32.737193310235114,3.8693565999867405,True,92,4,True,True,True
121130101004,2024-08-17,120,12.224609375,64.1884634903211,1.6790461208228067,False,48,5,True,True,False
120910201021,2024-08-17,118,14.96484375,70.70081622753538,1.4573404063455717,False,58,4,True,True,False
121130101003,2024-08-17,116,5.4296875,43.05486121072455,2.5681260928663265,False,88,4,True,True,False
121130102002,2024-08-17,103,5.32421875,34.781964973978646,2.808230682857451,False,79,2,True,True,False
120330039001,2024-08-17,99,9.318359375,33.52182183274139,2.6753212003950892,False,57,3,True,True,False
120910202001,2024-08-17,75,13.890625,58.77240381418688,1.0397630696406706,False,45,3,True,True,False
121130102003,2024-08-17,64,12.33203125,62.835254334293744,0.8222767504865665,False,31,4,True,True,False
121130102001,2024-08-17,61,6.05859375,46.09609299080168,1.1918885676702227,False,40,3,True,True,False
121319501041,2024-08-17,46,6.0078125,27.330189781327274,1.4632971018490235,False,30,2,True,True,False
121130101002,2024-08-17,36,9.751953125,38.03442405252881,0.6901129050554095,False,16,3,True,True,False
121130104001,2024-08-17,34,9.90234375,55.34798502701685,0.43538452643284636,False,30,2,True,True,False
121319501021,2024-08-17,27,4.578125,23.180010071775058,0.9672935831594743,False,17,2,True,True,False
120330040003,2024-08-17,22,2.484375,16.19812961829592,1.204807311700787,False,11,3,True,True,False
120330040001,2024-08-17,20,4.2421875,25.181997761346214,0.625757044748367,False,13,1,True,True,False
120330039003,2024-08-17,18,6.3203125,25.12463915485053,0.464869860538679,False,6,2,True,True,False
120330039002,2024-08-17,16,4.677734375,24.00088983069414,0.47174357721188476,False,11,1,True,True,False
121130104002,2024-08-17,14,3.611328125,15.867704915626064,0.6547053862067684,False,13,1,True,True,False
121130102004,2024-08-17,13,10.314453125,70.59817626033603,0.03803989022459795,False,6,2,True,True,False
120910201023,2024-08-17,13,8.41796875,38.34932022114185,0.11948142036358551,False,11,1,True,True,False
120910203051,2024-08-17,12,3.583984375,15.96941724137451,0.5270083120625898,False,8,1,True,True,False
120910201022,2024-08-17,11,7.45703125,36.83514484388862,0.09618446635721102,False,6,1,True,True,False
121319501044,2024-08-17,8,2.0859375,13.879987335528877,0.42608558329600615,False,6,1,True,True,False
120910208001,2024-08-17,7,66.595703125,226.04819685297892,-0.26364157712684994,False,6,1,True,True,False
120910203042,2024-08-17,7,2.072265625,11.657903106362172,0.4226947445043306,False,6,1,True,True,False
121319501042,2024-08-17,6,3.833984375,19.130660459385076,0.11322220838107035,False,5,1,True,True,False
121319501023,2024-08-17,6,12.2109375,66.86814461817453,-0.09288335328376808,False,5,1,True,True,False
120910208001,2024-08-18,11,66.595703125,226.04819685297892,-0.24594623579837394,False,16,0,True,True,False
121130101001,2024-08-18,3,22.0703125,111.20237249814961,-0.1714919571551167,False,8,0,True,True,False
121130108083,2024-08-18,2,4.466796875,17.043023464741115,-0.14473939322464408,False,6,0,True,True,False
121130101002,2024-08-18,1,9.751953125,38.03442405252881,-0.23010610369471612,False,11,0,True,True,False
121319505013,2024-08-19,993,15.85546875,68.12351084119011,14.343719505706694,True,493,5,True,True,True
120910208001,2024-08-19,715,66.595703125,226.04819685297892,2.868433838013405,False,400,6,True,True,False
120050002013,2024-08-19,647,32.587890625,137.41519387845497,4.471209420396796,True,307,6,True,True,True
121319503053,2024-08-19,647,43.09765625,155.89971886707394,3.8736589657670275,True,535,3,True,True,True
121319505012,2024-08-19,637,13.455078125,54.720084121427625,11.395174767847779,True,386,4,True,True,True
120050003023,2024-08-19,410,8.814453125,41.20264875320031,9.736887287952307,True,371,3,True,True,True
121319505011,2024-08-19,369,4.216796875,23.967400215414717,15.219973791332963,True,262,3,True,True,True
120050005002,2024-08-19,321,8.80859375,45.03147936099073,6.9327370692698365,True,277,2,True,True,True
120050002042,2024-08-19,259,6.548828125,30.588896444758674,8.253033002707648,True,178,5,True,True,True
120050002041,2024-08-19,233,7.814453125,34.00786639306215,6.621572323071096,True,192,3,True,True,True
120910201022,2024-08-19,188,7.45703125,36.83514484388862,4.901378005031903,True,183,2,True,True,True
121130101001,2024-08-19,173,22.0703125,111.20237249814961,1.3572524048667347,False,118,2,True,True,False
121319504003,2024-08-19,164,9.2421875,42.331604195878015,3.6558456840874776,True,104,4,True,True,True
120910202001,2024-08-19,159,13.890625,58.77240381418688,2.469005274291206,False,138,3,True,True,False
121319506101,2024-08-19,158,2.51953125,18.67613590189436,8.325087671600702,True,93,4,True,True,True
121319506062,2024-08-19,157,1.5078125,10.349089672285661,15.02472124832392,True,108,3,True,True,True
121319506052,2024-08-19,140,2.744140625,16.978718256217732,8.083994168684429,True,94,3,True,True,True
120910201021,2024-08-19,132,14.96484375,70.70081622753538,1.655357922224653,False,92,3,True,True,False
121319506053,2024-08-19,127,1.599609375,9.622921909181514,13.03142556995623,True,100,4,True,True,True
120050003012,2024-08-19,126,2.990234375,14.025902175731852,8.77018562398333,True,121,2,True,True,True
120050005003,2024-08-19,124,4.2421875,28.655384385927967,4.179242926464125,True,97,3,True,True,True
120050007001,2024-08-19,123,6.94921875,39.802759290506025,2.9156466365305755,False,108,3,True,True,False
120050003021,2024-08-19,117,5.4453125,21.350511973861146,5.224918617247838,True,104,2,True,True,True
120050003022,2024-08-19,109,7.248046875,35.08913720788649,2.899813481367979,False,101,2,True,True,False
120050004021,2024-08-19,101,1.884765625,13.451092912177986,7.368563656657649,True,83,2,True,True,True
121319503062,2024-08-19,97,3.3671875,16.49010666751634,5.678120486900557,True,87,2,True,True,True
121319501041,2024-08-19,88,6.0078125,27.330189781327274,3.0000592076392856,True,86,1,True,True,True
121319505022,2024-08-19,84,3.001953125,14.118106654664265,5.737174881607817,True,57,3,True,True,True
121319506061,2024-08-19,84,0.630859375,4.70109127146161,17.733997450996053,True,63,3,True,True,True
121319505021,2024-08-19,80,1.775390625,9.788084325293225,7.991820133063331,True,52,3,True,True,True
120050004022,2024-08-19,75,1.224609375,6.711436907675172,10.992488142238328,True,65,2,True,True,True
120050002011,2024-08-19,70,4.42578125,27.59687365966789,2.3761466446771835,False,63,2,True,True,False
120910208003,2024-08-19,69,1.517578125,9.640285843712489,7.00004366768988,True,68,1,True,True,True
121319506102,2024-08-19,69,2.091796875,11.650544912789353,5.742924783848668,True,43,3,True,True,True
121319501042,2024-08-19,67,3.833984375,19.130660459385076,3.301820956945172,True,67,1,True,True,True
120050002012,2024-08-19,54,8.04296875,38.9559702959335,1.179717278272936,False,37,3,True,True,False
121319501043,2024-08-19,54,7.017578125,31.37641060509692,1.4973803876523715,False,47,2,True,True,False
120910201023,2024-08-19,51,8.41796875,38.34932022114185,1.1103725178034491,False,28,3,True,True,False
121319506041,2024-08-19,47,0.337890625,2.8807155972094614,16.19809654941342,True,31,3,True,True,True
121319501023,2024-08-19,46,12.2109375,66.86814461817453,0.5053088087450276,False,42,2,True,True,False
120050004012,2024-08-19,46,0.85546875,4.905227988521408,9.203350253166928,True,43,2,True,True,True
121130101004,2024-08-19,45,12.224609375,64.1884634903211,0.5106118583122364,False,18,3,True,True,False
121130108021,2024-08-19,45,21.01953125,76.84051907170081,0.31208103536655624,False,45,1,True,True,False
120050003011,2024-08-19,44,1.71484375,6.352706742019331,6.656242443919085,True,39,2,True,True,True
120050014022,2024-08-19,44,0.34765625,2.5273909210698022,17.271702365506123,True,44,1,True,True,True
121319506081,2024-08-19,42,1.44140625,6.745621496117649,6.012580719707287,True,30,2,True,True,True
120050027071,2024-08-19,42,0.7265625,5.362353141420958,7.696889110339914,True,33,2,True,True,True
120910232001,2024-08-19,41,0.96484375,5.748711620740289,6.964196308884334,True,33,2,True,True,True
120050002031,2024-08-19,38,1.123046875,5.232976883043129,7.047031536580183,True,35,2,True,True,True
120050004023,2024-08-19,38,0.662109375,4.521430795890327,8.257981225531,True,37,1,True,True,True
120050005001,2024-08-19,37,6.83203125,32.275888581615796,0.934690571685253,False,26,2,True,True,False
120910232002,2024-08-19,36,0.96875,5.28919069049979,6.623177731693731,True,19,3,True,True,True
121319506043,2024-08-19,36,0.490234375,2.549682905680734,13.927130132881887,True,32,1,True,True,True
120050004011,2024-08-19,32,0.390625,2.501613960435344,12.635592661346985,True,31,1,True,True,True
120910229002,2024-08-19,32,0.146484375,1.531159513481229,20.803525266011093,True,31,1,True,True,True
120910203052,2024-08-19,30,4.34375,21.287405204774263,1.2052314386464493,False,22,2,True,True,False
121319505023,2024-08-19,29,3.873046875,17.55565642460506,1.4312739163534447,False,24,2,True,True,False
121319503061,2024-08-19,29,2.716796875,14.833580111273319,1.771871856142478,False,15,2,True,True,False
120050014042,2024-08-19,29,0.357421875,2.1678995023297474,13.212133724012144,True,29,1,True,True,True
120050011001,2024-08-19,27,0.166015625,1.4651120004708438,18.315312663043063,True,27,1,True,True,True
121319506091,2024-08-19,26,0.4921875,2.362446222169275,10.797203449811398,True,19,2,True,True,True
121319501033,2024-08-19,25,3.810546875,18.033813806426075,1.174984579104918,False,25,1,True,True,False
120910203061,2024-08-19,25,4.181640625,26.602462528256105,0.7825726416450186,False,23,2,True,True,False
121319501031,2024-08-19,25,2.08203125,20.925857125886946,1.095198567596481,False,25,1,True,True,False
120050026071,2024-08-19,25,1.5703125,9.99231297013613,2.344771182610467,False,19,2,True,True,False
121319506111,2024-08-19,24,0.64453125,3.8669923099794627,6.039698783399969,True,13,2,True,True,True
120910203051,2024-08-19,23,3.583984375,15.96941724137451,1.2158249315883511,False,18,2,True,True,False
121319506051,2024-08-19,23,0.3359375,2.5297520240780145,8.959005580106245,True,19,2,True,True,True
121319504001,2024-08-19,22,6.40625,30.31761095875755,0.5143462663074904,False,19,1,True,True,False
120910229003,2024-08-19,22,0.263671875,2.2571496741285872,9.629989705220455,True,22,1,True,True,True
120050013012,2024-08-19,22,0.45703125,2.741667571283683,7.857615188523134,True,20,2,True,True,True
120050027062,2024-08-19,21,0.58203125,4.200119904983984,4.8612823471471485,True,16,2,True,True,True
120910201012,2024-08-19,20,5.34765625,32.006301886428645,0.45779558669391,False,20,1,True,True,False
121319501024,2024-08-19,19,7.08203125,31.342079361827466,0.38025456487469944,False,18,2,True,True,False
121319501032,2024-08-19,19,1.8984375,9.761411982614241,1.7519558164801445,False,19,1,True,True,False
120910233082,2024-08-19,18,0.142578125,0.997640854079255,17.899649760715757,True,16,1,True,True,True
121130102001,2024-08-19,17,6.05859375,46.09609299080168,0.23736081607140372,False,17,1,True,True,False
120910203042,2024-08-19,17,2.072265625,11.657903106362172,1.2804819390592939,False,16,1,True,True,False
120050027092,2024-08-19,16,0.34375,2.828945991132323,5.534305019988515,True,10,1,True,True,True
121319503052,2024-08-19,15,3.205078125,18.006819038689855,0.6550252906777797,False,15,1,True,True,False
120910203032,2024-08-19,15,0.87109375,4.343267995825453,3.2530588173651838,True,15,1,True,True,True
120910208004,2024-08-19,15,0.3828125,3.119589249268038,4.685612858625439,True,15,1,True,True,True
120050027031,2024-08-19,15,0.2109375,1.2156986426840637,12.165072807310347,True,11,2,True,True,True
120050008032,2024-08-19,15,0.26953125,1.8604992109888199,7.917481858092827,True,15,1,True,True,True
121319506071,2024-08-19,14,0.76171875,4.097856269189469,3.23053820836387,True,12,2,True,True,True
120910224004,2024-08-19,14,0.046875,0.6393413318031758,21.824218623011745,True,14,1,True,True,True
120050027081,2024-08-19,13,0.25,2.11323293194516,6.0334096668955715,True,8,2,True,True,True
120050008062,2024-08-19,13,0.49609375,3.0224185788136158,4.13705313276235,True,13,1,True,True,True
120910231002,2024-08-19,13,0.17578125,1.0891563796690429,11.774451299543266,True,12,1,True,True,True
121130102003,2024-08-19,12,12.33203125,62.835254334293744,-0.005284155423857122,False,12,1,True,True,False
121130101003,2024-08-19,12,5.4296875,43.05486121072455,0.15260326744157285,False,8,1,True,True,False
121319506044,2024-08-19,12,0.15234375,0.9652648232794284,12.273995658257089,True,12,1,True,True,True
120050013011,2024-08-19,12,0.13671875,0.9696264815374169,12.234898154998676,True,12,1,True,True,True
120050014021,2024-08-19,12,0.392578125,2.3880376196670783,4.860652855468088,True,12,1,True,True,True
121319501044,2024-08-19,11,2.0859375,13.879987335528877,0.6422241090366486,False,11,1,True,True,False
120050015011,2024-08-19,11,0.369140625,2.710865439714911,3.9215739812294035,True,10,1,True,True,True
120910205005,2024-08-19,10,0.80078125,4.879703498960677,1.8852003512015292,False,10,1,True,True,False
120910231001,2024-08-19,10,0.15234375,0.9793535823871982,10.055261375565808,True,10,1,True,True,True
120050027112,2024-08-19,10,0.126953125,0.764613721177252,12.912463642162708,True,8,1,True,True,True
121319504002,2024-08-19,9,6.1875,26.67878067963113,0.10542085988762236,False,8,1,True,True,False
120910206013,2024-08-19,9,1.185546875,6.740271389844577,1.159367727651719,False,9,1,True,True,False
121319506073,2024-08-19,9,0.123046875,0.8500581848106639,10.442759429435046,True,6,1,True,True,True
120050027032,2024-08-19,9,0.14453125,0.7754863223832661,11.41924556810351,True,6,1,True,True,True
120050027103,2024-08-19,9,0.1875,1.0412246289751046,8.46359157742388,True,8,1,True,True,True
120050026081,2024-08-19,9,0.728515625,5.271357391718295,1.569137465047453,False,6,1,True,True,False
120050025002,2024-08-19,8,0.296875,3.3012110094870524,2.333424000423688,False,8,1,True,True,False
120330040001,2024-08-19,7,4.2421875,25.181997761346214,0.10951523886771122,False,7,1,True,True,False
120910231004,2024-08-19,7,0.373046875,2.647506690616494,2.5030921162495186,False,6,1,True,True,False
120050026091,2024-08-19,7,0.18359375,1.131943402272887,6.021861372497061,True,6,1,True,True,True
120050026092,2024-08-19,7,0.216796875,1.2843598898149844,5.281388167593072,True,7,1,True,True,True
120050009004,2024-08-19,7,0.279296875,2.8727277404913,2.3394848840950764,False,7,1,True,True,False
120050012001,2024-08-19,7,0.458984375,3.541517434310392,1.846952823563799,False,7,1,True,True,False
120050012002,2024-08-19,7,0.482421875,4.444447666738546,1.4664540149221224,False,7,1,True,True,False
120050020001,2024-08-19,7,0.107421875,0.7752176600794268,8.89115209822981,True,7,1,True,True,True
121319502021,2024-08-19,6,3.45703125,15.665351516515923,0.1623307812351965,False,6,1,True,True,False
120910204004,2024-08-19,6,0.6328125,3.1013439262242404,1.7306005485610014,False,6,1,True,True,False
120050027131,2024-08-19,6,0.115234375,0.6912950096464135,8.512669038374751,True,6,1,True,True,True
120050027102,2024-08-19,6,0.4609375,2.571566165594677,2.1539646049585843,False,6,1,True,True,False
120050025001,2024-08-19,6,0.380859375,2.847985665695295,1.9730227903475657,False,5,1,True,True,False
120050023002,2024-08-19,6,0.291015625,2.458914319745467,2.321750021607488,False,6,1,True,True,False
120050008033,2024-08-19,6,0.052734375,0.4545404162125146,13.084129403840365,True,6,1,True,True,True
120910224001,2024-08-19,6,0.173828125,1.0005177689664546,5.8231568251091606,True,6,1,True,True,True
120050011002,2024-08-19,6,0.060546875,0.4359640707538392,13.623721594143996,True,6,1,True,True,True
121319503042,2024-08-19,5,0.748046875,3.5347030053952624,1.2029166576399626,False,5,1,True,True,False
120910203041,2024-08-19,5,0.623046875,3.2224287514953387,1.3582777037254632,False,5,1,True,True,False
120910205006,2024-08-19,5,0.283203125,1.4791013475191193,3.188961245225983,True,5,1,True,True,True
120050014031,2024-08-19,5,0.13671875,0.7381545819734875,6.588431974502972,True,4,0,False,True,False
120050008041,2024-08-19,5,0.275390625,2.153670657988865,2.19374738541125,False,5,1,True,True,False
120910233061,2024-08-19,5,0.056640625,0.40870522938951087,12.095170356356757,True,5,1,True,True,True
120050008061,2024-08-19,5,0.115234375,1.7540566188309248,2.784839196499647,False,5,1,True,True,False
120050027091,2024-08-19,5,0.099609375,0.9950168619316839,4.924932242340685,True,5,1,True,True,True
120050013023,2024-08-19,4,0.158203125,1.2164765350079914,3.1581347970470817,True,4,0,False,True,False
120050014032,2024-08-19,4,0.041015625,0.2802664090278288,14.125789775280905,True,4,0,False,True,False
120910233062,2024-08-19,4,0.068359375,0.5606248643281314,7.012961563365172,True,4,0,False,True,False
120910219011,2024-08-19,4,0.09765625,0.5820491292368722,6.704492033372482,True,4,0,False,True,False
120910219024,2024-08-19,4,0.087890625,0.5613879254904733,6.968638257728947,True,4,0,False,True,False
120050022003,2024-08-19,4,0.103515625,0.778268528149522,5.006606632629249,True,4,0,False,True,False
120050022001,2024-08-19,4,0.12890625,1.1997163620269031,3.2266741310919893,True,4,0,False,True,False
120050017001,2024-08-19,4,0.080078125,0.522894242832972,7.496586410594961,True,4,0,False,True,False
120050014024,2024-08-19,4,0.07421875,0.5439215572761086,7.217550393957216,True,4,0,False,True,False
120050013024,2024-08-19,3,0.09375,0.7395719923700732,3.9296377228759987,True,3,0,False,True,False
120910226002,2024-08-19,3,0.01953125,0.19686728272079862,15.139482339617418,True,3,0,False,True,False
121319506092,2024-08-19,3,0.08203125,0.5054588264583163,5.772910862880414,True,2,0,False,True,False
120050016002,2024-08-19,3,0.052734375,0.3689944337294098,7.987290201676273,True,3,0,False,True,False
120910226001,2024-08-19,3,0.05078125,0.36660949192495246,8.044578263684798,True,3,0,False,True,False
120050027111,2024-08-19,3,0.0546875,0.3324249690957012,8.86008204501654,True,3,0,False,True,False
120050014023,2024-08-19,3,0.046875,0.367130407092811,8.043803898960205,True,3,0,False,True,False
120050008031,2024-08-19,3,0.03515625,0.3108198473313885,9.538785169143193,True,3,0,False,True,False
120050027101,2024-08-19,2,0.09765625,0.5473958764887337,3.475261381584692,True,2,0,False,True,False
120050026051,2024-08-19,2,0.08984375,0.6063383209819365,3.1503142451999264,True,2,0,False,True,False
120050017002,2024-08-19,2,0.0625,0.38565267319755836,5.023950654706019,True,2,0,False,True,False
120050011003,2024-08-19,2,0.056640625,0.40870522938951087,4.754916833099554,True,2,0,False,True,False
120050026045,2024-08-19,2,0.044921875,0.3538073510175432,5.525826751132311,True,2,0,False,True,False
120050016003,2024-08-19,2,0.041015625,0.293899725551183,6.665485554047721,True,2,0,False,True,False
120050008052,2024-08-19,2,0.056640625,0.5584389443349225,3.47998540344363,True,2,0,False,True,False
120910219021,2024-08-19,2,0.07421875,0.601985767267111,3.1990478092906462,True,2,0,False,True,False
120050009003,2024-08-19,2,0.056640625,0.5442411940036233,3.570768615848403,True,2,0,False,True,False
120910227001,2024-08-19,2,0.072265625,0.4430948175818648,4.350613680205902,True,2,0,False,True,False
120910229001,2024-08-19,2,0.0234375,0.20616121406305557,9.587460517163317,True,2,0,False,True,False
120910227003,2024-08-19,2,0.05859375,0.40117778535193405,4.839266581764734,True,2,0,False,True,False
120050026041,2024-08-19,2,0.033203125,0.21867572823560855,8.994125186499469,True,2,0,False,True,False
120050014044,2024-08-19,2,0.041015625,0.31323909662368193,6.253958704757336,True,2,0,False,True,False
120050026061,2024-08-19,1,0.046875,0.29634102637652837,3.216311327709878,True,1,0,False,True,False
120050019004,2024-08-19,1,0.025390625,0.22845487067563416,4.266091469696763,True,1,0,False,True,False
120910210013,2024-08-19,1,0.05078125,0.3086479812358074,3.0754089049906854,True,1,0,False,True,False
120910228002,2024-08-19,1,0.025390625,0.2368660428602502,4.114601498936742,True,1,0,False,True,False
120910233052,2024-08-19,1,0.048828125,0.29931198625751165,3.1778609566997553,True,1,0,False,True,False
121319506072,2024-08-19,1,0.01171875,0.10772225920023012,9.174345741886267,True,1,0,False,True,False
120050026044,2024-08-19,1,0.03125,0.23198285920889053,4.175955082645492,True,1,0,False,True,False
120050014041,2024-08-19,1,0.015625,0.13901385984484715,7.081128465166403,True,1,0,False,True,False
120910208001,2024-08-22,548,66.595703125,226.04819685297892,2.1296533375495312,False,305,7,True,True,False
120050007001,2024-08-22,468,6.94921875,39.802759290506025,11.58338742007699,True,236,4,True,True,True
121130108021,2024-08-22,372,21.01953125,76.84051907170081,4.567648331767462,True,192,4,True,True,True
120330039003,2024-08-22,237,6.3203125,25.12463915485053,9.181412957943529,True,235,1,True,True,True
121319505013,2024-08-22,209,15.85546875,68.12351084119011,2.835211058048073,False,194,3,True,True,False
121319505012,2024-08-22,182,13.455078125,54.720084121427625,3.080129071091836,True,174,2,True,True,True
120050026071,2024-08-22,95,1.5703125,9.99231297013613,9.3501562430272,True,94,1,True,True,True
121319506053,2024-08-22,81,1.599609375,9.622921909181514,8.251172707661874,True,68,2,True,True,True
120050025002,2024-08-22,71,0.296875,3.3012110094870524,21.41732982133304,True,71,1,True,True,True
120050026081,2024-08-22,65,0.728515625,5.271357391718295,12.192587145765417,True,64,1,True,True,True
121319504003,2024-08-22,52,9.2421875,42.331604195878015,1.0100683239442054,False,48,2,True,True,False
120050015011,2024-08-22,50,0.369140625,2.710865439714911,18.308123541616823,True,50,1,True,True,True
121319506052,2024-08-22,43,2.744140625,16.978718256217732,2.3709598550089614,False,34,2,True,True,False
120050025001,2024-08-22,42,0.380859375,2.847985665695295,14.613535849675452,True,42,1,True,True,True
120050006001,2024-08-22,42,2.99609375,16.79273863361856,2.3226649983055982,False,38,1,True,True,False
120050005001,2024-08-22,40,6.83203125,32.275888581615796,1.0276392132823364,False,35,2,True,True,False
121130102003,2024-08-22,39,12.33203125,62.835254334293744,0.42441093033732435,False,38,1,True,True,False
121319505022,2024-08-22,36,3.001953125,14.118106654664265,2.3372855640028956,False,28,2,True,True,False
120330039001,2024-08-22,34,9.318359375,33.52182183274139,0.7362857767143486,False,33,2,True,True,False
120050010002,2024-08-22,30,0.212890625,1.6300714461398762,18.273499266267113,True,30,1,True,True,True
121319501041,2024-08-22,29,6.0078125,27.330189781327274,0.8412743447434414,False,27,1,True,True,False
121319505021,2024-08-22,29,1.775390625,9.788084325293225,2.7814032317487642,False,18,2,True,True,False
121130108094,2024-08-22,28,1.748046875,7.6145521982447875,3.447603016110557,True,28,1,True,True,True
121319501023,2024-08-22,26,12.2109375,66.86814461817453,0.20621272773062976,False,14,2,True,True,False
120330038002,2024-08-22,25,6.328125,32.737193310235114,0.57035662229976,False,25,1,True,True,False
120910202001,2024-08-22,23,13.890625,58.77240381418688,0.15499408580938656,False,13,2,True,True,False
121319506062,2024-08-22,22,1.5078125,10.349089672285661,1.9800956556475728,False,18,2,True,True,False
120050013025,2024-08-22,21,0.166015625,1.2393488852000374,16.810427333088928,True,18,1,True,True,True
120910203051,2024-08-22,20,3.583984375,15.96941724137451,1.0279658535358709,False,20,1,True,True,False
120050024003,2024-08-22,18,0.548828125,5.283134057861544,3.303185511454486,True,18,1,True,True,True
120050019003,2024-08-22,18,0.087890625,0.9539750207757994,18.776287622744427,True,18,1,True,True,True
121319503053,2024-08-22,17,43.09765625,155.89971886707394,-0.16740027781738245,False,15,1,True,True,False
120050023002,2024-08-22,16,0.291015625,2.458914319745467,6.38858550249368,True,16,1,True,True,True
121319506043,2024-08-22,15,0.490234375,2.549682905680734,5.690811823176918,True,14,1,True,True,True
121130108083,2024-08-22,14,4.466796875,17.043023464741115,0.5593610279726744,False,10,2,True,True,False
121130108271,2024-08-22,14,1.109375,7.9732766727485185,1.6167286711695645,False,11,1,True,True,False
121130102004,2024-08-22,13,10.314453125,70.59817626033603,0.03803989022459795,False,11,1,True,True,False
120050014042,2024-08-22,13,0.357421875,2.1678995023297474,5.831717803991177,True,13,1,True,True,True
121130108252,2024-08-22,12,0.86328125,6.582374271633227,1.6918999574353806,False,11,1,True,True,False
120910203052,2024-08-22,12,4.34375,21.287405204774263,0.35966102614906226,False,12,1,True,True,False
121319505023,2024-08-22,12,3.873046875,17.55565642460506,0.4629250498209626,False,7,1,True,True,False
121319506051,2024-08-22,12,0.3359375,2.5297520240780145,4.610753302688254,True,12,1,True,True,True
120050002013,2024-08-22,11,32.587890625,137.41519387845497,-0.15709973559470208,False,9,1,True,True,False
120050002041,2024-08-22,11,7.814453125,34.00786639306215,0.09367088302987082,False,11,1,True,True,False
121319506061,2024-08-22,10,0.630859375,4.70109127146161,1.9929714366271072,False,9,1,True,True,False
120050013023,2024-08-22,10,0.158203125,1.2164765350079914,8.090412426192295,True,10,1,True,True,True
120910201021,2024-08-22,9,14.96484375,70.70081622753538,-0.08436739585584743,False,8,1,True,True,False
120050016001,2024-08-22,9,0.228515625,2.1096477998200824,4.157795616760324,True,9,1,True,True,True
121319501021,2024-08-22,8,4.578125,23.180010071775058,0.14762180816162013,False,8,1,True,True,False
120910208003,2024-08-22,8,1.517578125,9.640285843712489,0.6724304631722009,False,5,1,True,True,False
120050012001,2024-08-22,8,0.458984375,3.541517434310392,2.129317662520104,False,8,1,True,True,False
120050015022,2024-08-22,8,0.09375,0.7262212199281789,10.886834180887615,True,8,1,True,True,True
120050018001,2024-08-22,8,0.076171875,0.4966212590114852,15.955475085324023,True,8,1,True,True,True
121130108082,2024-08-22,7,1.833984375,10.62276924176307,0.4863153390068927,False,7,1,True,True,False
121319506041,2024-08-22,7,0.337890625,2.8807155972094614,2.31265779289478,False,7,1,True,True,False
121319503062,2024-08-22,7,3.3671875,16.49010666751634,0.2203025470512106,False,5,1,True,True,False
120050020001,2024-08-22,7,0.107421875,0.7752176600794268,8.89115209822981,True,7,1,True,True,True
120050015021,2024-08-22,7,0.087890625,0.7064767767977934,9.78391590779547,True,6,1,True,True,True
120050015024,2024-08-22,7,0.076171875,0.5490238569043222,12.6111607682043,True,7,1,True,True,True
120050019001,2024-08-22,7,0.033203125,0.3765003823581741,18.504089773731792,True,7,1,True,True,True
120330040001,2024-08-22,6,4.2421875,25.181997761346214,0.0698043307230454,False,6,1,True,True,False
120910211011,2024-08-22,6,0.19921875,1.2240893316179267,4.738854510179319,True,6,1,True,True,True
121130108251,2024-08-22,6,0.3515625,2.8064500596621507,2.0126627518467144,False,6,1,True,True,False
120050026091,2024-08-22,6,0.18359375,1.131943402272887,5.13842497630265,True,6,1,True,True,True
120050022002,2024-08-22,6,0.130859375,0.9218296511947951,6.366838620772214,True,6,1,True,True,True
120050015023,2024-08-22,6,0.125,1.4591636346620473,4.026279068667094,True,6,1,True,True,True
120330026042,2024-08-22,5,0.857421875,5.840105586544332,0.7093327446929292,False,5,1,True,True,False
121319501044,2024-08-22,5,2.0859375,13.879987335528877,0.20994705755536366,False,5,1,True,True,False
121319506101,2024-08-22,5,2.51953125,18.67613590189436,0.1328148800710109,False,5,1,True,True,False
120050024002,2024-08-22,5,0.130859375,1.5629219097693852,3.115408770306675,True,5,1,True,True,True
120050022003,2024-08-22,5,0.103515625,0.778268528149522,6.29151018947445,True,5,1,True,True,True
120050020002,2024-08-22,5,0.099609375,0.7453967302515266,6.574204616307362,True,5,1,True,True,True
120050013022,2024-08-22,5,0.234375,2.4709169408087632,1.9286868454753274,False,5,1,True,True,False
120050024001,2024-08-22,5,0.0546875,0.4774130180712236,10.35856231985326,True,5,1,True,True,True
120050015012,2024-08-22,4,0.0703125,0.41843233197060214,9.391452810286392,True,4,0,False,True,False
120050016003,2024-08-22,4,0.041015625,0.293899725551183,13.470527635149281,True,4,0,False,True,False
120050022001,2024-08-22,4,0.12890625,1.1997163620269031,3.2266741310919893,True,4,0,False,True,False
120910218012,2024-08-22,3,0.05859375,0.590601848162396,4.9803539544481925,True,3,0,False,True,False
120050026082,2024-08-22,3,0.115234375,0.6740960053381978,4.2794581219224055,True,3,0,False,True,False
120050014043,2024-08-22,3,0.052734375,0.3946217983684554,7.468582924677061,True,3,0,False,True,False
120050009002,2024-08-22,2,0.0546875,0.411357235199621,4.729010051460479,True,2,0,False,True,False
120050008051,2024-08-22,2,0.05078125,0.6076480717164053,3.2078086654568,True,2,0,False,True,False
120050019004,2024-08-22,2,0.025390625,0.22845487067563416,8.643323598924704,True,2,0,False,True,False
120050016002,2024-08-22,2,0.052734375,0.3689944337294098,5.277222220723157,True,2,0,False,True,False
120050014044,2024-08-22,2,0.041015625,0.31323909662368193,6.253958704757336,True,2,0,False,True,False
120050017001,2024-08-22,2,0.080078125,0.522894242832972,3.6717211966192562,True,2,0,False,True,False
120050026061,2024-08-22,1,0.046875,0.29634102637652837,3.216311327709878,True,1,0,False,True,False
120330038002,2024-08-23,19,6.328125,32.737193310235114,0.38707884576159446,False,42,1,True,True,False
120330038003,2024-08-23,16,3.66796875,26.015558896018575,0.4740252284907589,False,16,1,True,True,False
120330036131,2024-08-23,15,1.935546875,10.023150604322845,1.3034277983776361,False,16,0,True,True,False
121130108021,2024-08-27,218,21.01953125,76.84051907170081,2.5634973726061787,False,194,2,True,True,False
121319505023,2024-08-27,149,3.873046875,17.55565642460506,8.266677680112142,True,135,2,True,True,True
121319505011,2024-08-27,137,4.216796875,23.967400215414717,5.5401587961801555,True,131,2,True,True,True
121130108082,2024-08-27,136,1.833984375,10.62276924176307,12.630041430019086,True,125,3,True,True,True
120910208001,2024-08-27,123,66.595703125,226.04819685297892,0.24952332139895453,False,85,4,True,True,False
121319505022,2024-08-27,86,3.001953125,14.118106654664265,5.878836936508023,True,75,2,True,True,True
121319503053,2024-08-27,61,43.09765625,155.89971886707394,0.11483243125835411,False,46,3,True,True,False
120050003022,2024-08-27,60,7.248046875,35.08913720788649,1.5033699122457673,False,58,2,True,True,False
121130108083,2024-08-27,58,4.466796875,17.043023464741115,3.141062572362842,True,54,2,True,True,True
121130108094,2024-08-27,57,1.748046875,7.6145521982447875,7.2561001207314595,True,43,2,True,True,True
120050002012,2024-08-27,49,8.04296875,38.9559702959335,1.0513672471476185,False,37,2,True,True,False
121130108092,2024-08-27,46,1.416015625,9.297053451517936,4.795496186775257,True,34,3,True,True,True
121319505021,2024-08-27,44,1.775390625,9.788084325293225,4.313878790958931,True,41,1,True,True,True
121319505012,2024-08-27,43,13.455078125,54.720084121427625,0.5399282977971632,False,29,2,True,True,False
120050003023,2024-08-27,34,8.814453125,41.20264875320031,0.6112603834248346,False,27,2,True,True,False
120330038001,2024-08-27,32,21.287109375,84.41335249877207,0.12690990593171664,False,32,1,True,True,False
120330036132,2024-08-27,32,1.86328125,9.96946705501637,3.022901684081097,True,24,2,True,True,True
121319503061,2024-08-27,31,2.716796875,14.833580111273319,1.9067010737013617,False,26,2,True,True,False
121319503062,2024-08-27,24,3.3671875,16.49010666751634,1.2512237134671982,False,22,2,True,True,False
121130101002,2024-08-27,23,9.751953125,38.03442405252881,0.34831727323393424,False,18,2,True,True,False
121319505013,2024-08-27,21,15.85546875,68.12351084119011,0.07551770580340403,False,12,2,True,True,False
120330038002,2024-08-27,21,6.328125,32.737193310235114,0.448171437940983,False,20,1,True,True,False
121319506052,2024-08-27,20,2.744140625,16.978718256217732,1.0163228527972525,False,16,1,True,True,False
121130108093,2024-08-27,16,0.49609375,2.632772599497602,5.8888132810856995,True,12,2,True,True,True
120050003021,2024-08-27,15,5.4453125,21.350511973861146,0.44751561516171345,False,13,1,True,True,False
121130105033,2024-08-27,14,0.626953125,6.137649372337854,2.178854812930794,False,14,1,True,True,False
120050007001,2024-08-27,13,6.94921875,39.802759290506025,0.15201914032737088,False,9,1,True,True,False
120050006001,2024-08-27,13,2.99609375,16.79273863361856,0.5957280982133837,False,13,1,True,True,False
121130103021,2024-08-27,12,4.54296875,25.73571287523765,0.2897542137709733,False,12,1,True,True,False
121130104001,2024-08-27,12,9.90234375,55.34798502701685,0.03789941492858461,False,12,1,True,True,False
120050002013,2024-08-27,9,32.587890625,137.41519387845497,-0.17165416690285146,False,5,1,True,True,False
121130104002,2024-08-27,9,3.611328125,15.867704915626064,0.3395999549811006,False,5,1,True,True,False
121130108091,2024-08-27,9,0.357421875,2.054821925269796,4.205998592245525,True,8,1,True,True,True
121130107101,2024-08-27,9,5.873046875,30.85826281003802,0.10133276601632998,False,6,1,True,True,False
121130105051,2024-08-27,8,1.58984375,11.621044005252527,0.5515989998061027,False,7,1,True,True,False
121319506053,2024-08-27,8,1.599609375,9.622921909181514,0.6651192522817002,False,8,1,True,True,False
121130108081,2024-08-27,6,4.806640625,19.27085026929318,0.061925621253024775,False,6,1,True,True,False
121319504002,2024-08-27,5,6.1875,26.67878067963113,-0.04451102973032944,False,5,1,True,True,False
120050005002,2024-08-27,5,8.80859375,45.03147936099073,-0.08457625208065578,False,5,1,True,True,False
121130105032,2024-08-27,5,0.404296875,3.0620812495771133,1.500842972613704,False,5,1,True,True,False
121130107043,2024-08-27,5,0.279296875,1.4450540160645982,3.266800460411973,True,5,1,True,True,True
120910206022,2024-08-27,5,0.2890625,2.0287651329749714,2.3220714036483385,False,5,1,True,True,False
121130103012,2024-08-27,4,0.19140625,1.2157175065667987,3.132795019753821,True,2,0,False,True,False
121130106014,2024-08-27,1,0.03125,0.1953470492925833,4.959122768980469,True,1,0,False,True,False
120050002013,2024-08-28,814,32.587890625,137.41519387845497,5.686504434627268,True,570,3,True,True,True
121319505013,2024-08-28,354,15.85546875,68.12351084119011,4.963697952066568,True,175,5,True,True,True
120330038001,2024-08-28,352,21.287109375,84.41335249877207,3.917779365886585,True,198,3,True,True,True
120330039002,2024-08-28,265,4.677734375,24.00088983069414,10.846358925079535,True,253,2,True,True,True
121130104001,2024-08-28,151,9.90234375,55.34798502701685,2.5492826194327836,False,150,1,True,True,False
120330039001,2024-08-28,150,9.318359375,33.52182183274139,4.196718225129209,True,127,2,True,True,True
120050006001,2024-08-28,149,2.99609375,16.79273863361856,8.694466664163079,True,104,3,True,True,True
121130102003,2024-08-28,86,12.33203125,62.835254334293744,1.1723986722178994,False,81,2,True,True,False
121130102004,2024-08-28,83,10.314453125,70.59817626033603,1.0295669197879367,False,60,2,True,True,False
121319504003,2024-08-28,82,9.2421875,42.331604195878015,1.7187586882682961,False,78,2,True,True,False
121319506101,2024-08-28,71,2.51953125,18.67613590189436,3.6667364764171526,True,53,2,True,True,True
121319505012,2024-08-28,68,13.455078125,54.720084121427625,0.9967989404760612,False,66,1,True,True,False
121319506102,2024-08-28,63,2.091796875,11.650544912789353,5.227927412917673,True,43,2,True,True,True
121319503053,2024-08-28,57,43.09765625,155.89971886707394,0.08917491225146897,False,24,3,True,True,False
121319504002,2024-08-28,53,6.1875,26.67878067963113,1.7546716456850922,False,46,2,True,True,False
121319504001,2024-08-28,46,6.40625,30.31761095875755,1.3059653695623052,False,41,2,True,True,False
120050007001,2024-08-28,44,6.94921875,39.802759290506025,0.9308596165300921,False,41,2,True,True,False
121319506062,2024-08-28,41,1.5078125,10.349089672285661,3.816005924246466,True,40,1,True,True,True
121319506053,2024-08-28,37,1.599609375,9.622921909181514,3.678756926336838,True,36,1,True,True,True
120050003021,2024-08-28,36,5.4453125,21.350511973861146,1.4310985861794452,False,28,2,True,True,False
120050002011,2024-08-28,35,4.42578125,27.59687365966789,1.1078870428241088,False,32,2,True,True,False
120330038002,2024-08-28,33,6.328125,32.737193310235114,0.8147269910173142,False,33,1,True,True,False
121319505011,2024-08-28,27,4.216796875,23.967400215414717,0.9505913415818418,False,25,1,True,True,False
120050005001,2024-08-28,27,6.83203125,32.275888581615796,0.624861766361642,False,25,2,True,True,False
120910208001,2024-08-28,26,66.595703125,226.04819685297892,-0.17958870581658887,False,24,1,True,True,False
121130103031,2024-08-28,24,6.490234375,34.901537520225176,0.5016903801115703,False,23,1,True,True,False
121319503062,2024-08-28,23,3.3671875,16.49010666751634,1.1905812919133165,False,23,1,True,True,False
120330040001,2024-08-28,22,4.2421875,25.181997761346214,0.7051788610376987,False,19,1,True,True,False
121130104002,2024-08-28,20,3.611328125,15.867704915626064,1.03283190367757,False,18,1,True,True,False
120050002042,2024-08-28,20,6.548828125,30.588896444758674,0.4397403449742569,False,8,3,True,True,False
120330038003,2024-08-28,16,3.66796875,26.015558896018575,0.4740252284907589,False,16,1,True,True,False
120050002041,2024-08-28,15,7.814453125,34.00786639306215,0.2112907287963794,False,12,1,True,True,False
120050003012,2024-08-28,15,2.990234375,14.025902175731852,0.8562561947551404,False,14,1,True,True,False
120910201021,2024-08-28,14,14.96484375,70.70081622753538,-0.013646854470461243,False,14,1,True,True,False
121319506111,2024-08-28,14,0.64453125,3.8669923099794627,3.4537096739328477,True,10,1,True,True,True
120330039003,2024-08-28,13,6.3203125,25.12463915485053,0.2658620272645957,False,9,1,True,True,False
121130105061,2024-08-28,13,2.34375,11.621518269505675,0.9169412939754615,False,13,1,True,True,False
121319501023,2024-08-28,13,12.2109375,66.86814461817453,0.011800275071271165,False,13,1,True,True,False
120050002012,2024-08-28,12,8.04296875,38.9559702959335,0.10157701682027064,False,11,1,True,True,False
121130108021,2024-08-28,11,21.01953125,76.84051907170081,-0.13039385172099963,False,11,1,True,True,False
120910203051,2024-08-28,11,3.583984375,15.96941724137451,0.4643886193784297,False,11,1,True,True,False
121130108092,2024-08-28,10,1.416015625,9.297053451517936,0.9233016051551782,False,10,1,True,True,False
120050003011,2024-08-28,9,1.71484375,6.352706742019331,1.1467798760193157,False,7,1,True,True,False
120910202001,2024-08-28,8,13.890625,58.77240381418688,-0.10022773644963763,False,5,1,True,True,False
121130102002,2024-08-28,8,5.32421875,34.781964973978646,0.07693013468335749,False,8,1,True,True,False
121130107071,2024-08-28,8,2.603515625,11.853353268265453,0.455270694533994,False,8,1,True,True,False
121319501043,2024-08-28,8,7.017578125,31.37641060509692,0.03131084327537488,False,8,1,True,True,False
120050003022,2024-08-28,7,7.248046875,35.08913720788649,-0.007069050274175736,False,7,1,True,True,False
121319502021,2024-08-28,7,3.45703125,15.665351516515923,0.22616592715871464,False,5,1,True,True,False
121319506061,2024-08-28,7,0.630859375,4.70109127146161,1.3548217333418797,False,6,1,True,True,False
121130105032,2024-08-28,6,0.404296875,3.0620812495771133,1.8274182390727844,False,6,1,True,True,False
120050004022,2024-08-28,5,1.224609375,6.711436907675172,0.5625308971738195,False,5,1,True,True,False
120050003023,2024-08-28,5,8.814453125,41.20264875320031,-0.09257786187116726,False,5,1,True,True,False
121130105051,2024-08-28,5,1.58984375,11.621044005252527,0.2934466342661351,False,5,1,True,True,False
121130108085,2024-08-28,5,0.494140625,2.2582670138453333,1.995273077707277,False,5,1,True,True,False
121130108094,2024-08-28,5,1.748046875,7.6145521982447875,0.4270708296870826,False,5,1,True,True,False
121319505021,2024-08-28,5,1.775390625,9.788084325293225,0.32944233701249803,False,5,1,True,True,False
121130106011,2024-08-28,2,0.0703125,0.39928691330789107,4.832834324605108,True,2,0,False,True,False
121130106012,2024-08-28,1,0.029296875,0.1800225408532614,5.392119900092023,True,1,0,False,True,False
121319504002,2024-08-29,164,6.1875,26.67878067963113,5.915281582583255,True,156,2,True,True,True
121319504003,2024-08-29,131,9.2421875,42.331604195878015,2.8762862833309777,False,112,2,True,True,False
120050002042,2024-08-29,73,6.548828125,30.588896444758674,2.1723952021285236,False,55,3,True,True,False
121319505013,2024-08-29,61,15.85546875,68.12351084119011,0.6626865041533336,False,48,3,True,True,False
120050013021,2024-08-29,58,0.283203125,2.748397699680061,21.00016197863896,True,58,1,True,True,True
120050003022,2024-08-29,53,7.248046875,35.08913720788649,1.3038779737997372,False,51,1,True,True,False
120050007001,2024-08-29,50,6.94921875,39.802759290506025,1.0816029345048124,False,35,3,True,True,False
120050005003,2024-08-29,48,4.2421875,28.655384385927967,1.5270363122920978,False,44,1,True,True,False
121319504001,2024-08-29,37,6.40625,30.31761095875755,1.0091082058417495,False,34,2,True,True,False
121319501023,2024-08-29,35,12.2109375,66.86814461817453,0.3408059641871088,False,35,1,True,True,False
121319505012,2024-08-29,29,13.455078125,54.720084121427625,0.2840807378969804,False,24,2,True,True,False
120050002031,2024-08-29,29,1.123046875,5.232976883043129,5.3271691712096265,True,28,1,True,True,True
121319502021,2024-08-29,26,3.45703125,15.665351516515923,1.439033699705559,False,23,1,True,True,False
120050005001,2024-08-29,26,6.83203125,32.275888581615796,0.593878885829281,False,21,2,True,True,False
120050027102,2024-08-29,25,0.4609375,2.571566165594677,9.542458144111302,True,24,1,True,True,True
120050005002,2024-08-29,23,8.80859375,45.03147936099073,0.31514412698361277,False,19,1,True,True,False
120050003021,2024-08-29,22,5.4453125,21.350511973861146,0.7753766055009573,False,21,2,True,True,False
120050025001,2024-08-29,20,0.380859375,2.847985665695295,6.888777868975077,True,14,2,True,True,True
120050013012,2024-08-29,19,0.45703125,2.741667571283683,6.763390625552007,True,19,1,True,True,True
121319501021,2024-08-29,18,4.578125,23.180010071775058,0.5790280055289119,False,18,1,True,True,False
121319506102,2024-08-29,15,2.091796875,11.650544912789353,1.1079484454697097,False,15,1,True,True,False
120050002041,2024-08-29,12,7.814453125,34.00786639306215,0.12307584447149797,False,7,2,True,True,False
120050003023,2024-08-29,12,8.814453125,41.20264875320031,0.07731412837269525,False,11,1,True,True,False
120050002013,2024-08-29,11,32.587890625,137.41519387845497,-0.15709973559470208,False,6,1,True,True,False
120050002011,2024-08-29,11,4.42578125,27.59687365966789,0.23822331583914338,False,7,2,True,True,False
120050013023,2024-08-29,11,0.158203125,1.2164765350079914,8.912458697716497,True,11,1,True,True,True
121319506101,2024-08-29,10,2.51953125,18.67613590189436,0.4005362131275368,False,10,1,True,True,False
120050025002,2024-08-29,10,0.296875,3.3012110094870524,2.9392622804525566,False,10,1,True,True,False
121319501024,2024-08-29,9,7.08203125,31.342079361827466,0.061194687431490466,False,8,1,True,True,False
121319506111,2024-08-29,8,0.64453125,3.8669923099794627,1.9021162082525744,False,8,1,True,True,False
120050024003,2024-08-29,8,0.548828125,5.283134057861544,1.410369639194053,False,8,1,True,True,False
120050014021,2024-08-29,8,0.392578125,2.3880376196670783,3.1856373669944813,True,8,1,True,True,True
120050014022,2024-08-29,7,0.34765625,2.5273909210698022,2.6320992508686287,False,7,1,True,True,False
120050012002,2024-08-29,7,0.482421875,4.444447666738546,1.4664540149221224,False,6,1,True,True,False
121319502011,2024-08-29,6,1.380859375,7.117786274665048,0.6489574773327076,False,6,1,True,True,False
120050015011,2024-08-29,6,0.369140625,2.710865439714911,2.0771445504105035,False,6,1,True,True,False
120050002012,2024-08-29,5,8.04296875,38.9559702959335,-0.07811302675517356,False,5,1,True,True,False
120910201021,2024-08-29,5,14.96484375,70.70081622753538,-0.1409438289641564,False,5,1,True,True,False
120910204004,2024-08-29,5,0.6328125,3.1013439262242404,1.4081596894404653,False,5,1,True,True,False
120050009004,2024-08-29,5,0.279296875,2.8727277404913,1.6432824658116245,False,5,1,True,True,False
120050015021,2024-08-29,5,0.087890625,0.7064767767977934,6.9529665182553275,True,5,1,True,True,True
120050027103,2024-08-29,4,0.1875,1.0412246289751046,3.661553802998984,True,4,0,False,True,False
120050011003,2024-08-29,4,0.056640625,0.40870522938951087,9.648419181937689,True,4,0,False,True,False
120050013024,2024-08-29,3,0.09375,0.7395719923700732,3.9296377228759987,True,3,0,False,True,False
120050015022,2024-08-29,3,0.09375,0.7262212199281789,4.00187975819189,True,3,0,False,True,False
120050027101,2024-08-29,2,0.09765625,0.5473958764887337,3.475261381584692,True,2,0,False,True,False
120050011002,2024-08-29,2,0.060546875,0.4359640707538392,4.448653582040444,True,2,0,False,True,False
120050015024,2024-08-29,2,0.076171875,0.5490238569043222,3.5040883939862444,True,2,0,False,True,False
120050024001,2024-08-29,2,0.0546875,0.4774130180712236,4.074695130558391,True,2,0,False,True,False
120050014032,2024-08-29,1,0.041015625,0.2802664090278288,3.4216885938149604,True,1,0,False,True,False
121130109004,2024-08-29,1,0.02734375,0.29878156843421255,3.2554091442028326,True,1,0,False,True,False
121319503053,2024-08-30,60,43.09765625,155.89971886707394,0.10841805150663282,False,52,2,True,True,False
120050007001,2024-08-30,22,6.94921875,39.802759290506025,0.37813411728945123,False,13,2,True,True,False
120050006001,2024-08-30,20,2.99609375,16.79273863361856,1.012574936166677,False,15,2,True,True,False
120050002041,2024-08-30,17,7.814453125,34.00786639306215,0.27010065167963365,False,17,1,True,True,False
120050002013,2024-08-30,15,32.587890625,137.41519387845497,-0.12799087297840336,False,15,1,True,True,False
121319505013,2024-08-30,14,15.85546875,68.12351084119011,-0.02723683390783365,False,13,1,True,True,False
120330025002,2024-08-30,13,1.279296875,9.38782370663819,1.2485005568129934,False,10,1,True,True,False
120050002042,2024-08-30,13,6.548828125,30.588896444758674,0.21089913742558017,False,12,1,True,True,False
120050027092,2024-08-30,13,0.34375,2.828945991132323,4.4738393874158655,True,13,1,True,True,True
120050005001,2024-08-30,13,6.83203125,32.275888581615796,0.19110143890858663,False,11,1,True,True,False
120910203061,2024-08-30,10,4.181640625,26.602462528256105,0.21871506702884982,False,10,1,True,True,False
120910203052,2024-08-30,7,4.34375,21.287405204774263,0.12478035601089915,False,7,1,True,True,False
121130102001,2024-08-30,6,6.05859375,46.09609299080168,-0.0012711218283009838,False,6,1,True,True,False
120330025001,2024-08-30,6,1.73828125,11.857514291832736,0.3594108044158465,False,5,1,True,True,False
120050027111,2024-08-30,2,0.0546875,0.3324249690957012,5.851884427610393,True,1,0,False,True,False
120330038001,2024-08-31,28,21.287109375,84.41335249877207,0.07952403768228078,False,26,1,True,True,False
121130101001,2024-08-31,7,22.0703125,111.20237249814961,-0.13552150157813195,False,7,1,True,True,False
121130105051,2024-08-31,7,1.58984375,11.621044005252527,0.4655482112927802,False,7,1,True,True,False
120330039001,2024-08-31,5,9.318359375,33.52182183274139,-0.12882233538936652,False,5,1,True,True,False
120330028032,2024-09-02,1,0.02734375,0.2149827622453072,4.524345300253168,True,1,0,False,True,False
121130101002,2024-09-03,95,9.751953125,38.03442405252881,2.2413392340913356,False,46,5,True,True,False
120910208001,2024-09-03,59,66.595703125,226.04819685297892,-0.03360213985666173,False,28,4,True,True,False
121130101001,2024-09-03,58,22.0703125,111.20237249814961,0.32310180702842345,False,27,3,True,True,False
121130101004,2024-09-03,46,12.224609375,64.1884634903211,0.5261909818123774,False,23,3,True,True,False
121130102003,2024-09-03,40,12.33203125,62.835254334293744,0.440325563143294,False,27,2,True,True,False
121130104001,2024-09-03,32,9.90234375,55.34798502701685,0.3992495162960953,False,15,3,True,True,False
121130108021,2024-09-03,31,21.01953125,76.84051907170081,0.12988549362462146,False,12,4,True,True,False
121130108083,2024-09-03,14,4.466796875,17.043023464741115,0.5593610279726744,False,11,1,True,True,False
121130102004,2024-09-03,11,10.314453125,70.59817626033603,0.009710546522788278,False,7,1,True,True,False
121130108081,2024-09-03,9,4.806640625,19.27085026929318,0.21760116011496594,False,7,1,True,True,False
120050003022,2024-09-03,7,7.248046875,35.08913720788649,-0.007069050274175736,False,7,1,True,True,False
120910208003,2024-09-03,6,1.517578125,9.640285843712489,0.46496773515522777,False,6,1,True,True,False
120910232001,2024-09-03,6,0.96484375,5.748711620740289,0.8758756017320624,False,6,1,True,True,False
120910232002,2024-09-03,6,0.96875,5.28919069049979,0.9512324842129266,False,5,1,True,True,False
120910233062,2024-09-03,2,0.068359375,0.5606248643281314,3.445513654330927,True,2,0,False,True,False
120910219024,2024-09-03,2,0.087890625,0.5613879254904733,3.4060393681061605,True,2,0,False,True,False
120910227002,2024-09-03,2,0.03125,0.20512036464518152,9.598023109044078,True,2,0,False,True,False
120910233052,2024-09-03,1,0.048828125,0.29931198625751165,3.1778609566997553,True,1,0,False,True,False
120910208001,2024-09-04,30,66.595703125,226.04819685297892,-0.16189336448811284,False,19,1,True,True,False
120910208003,2024-09-04,23,1.517578125,9.640285843712489,2.2284009232994992,False,21,1,True,True,False
121130108021,2024-09-04,5,21.01953125,76.84051907170081,-0.20847765532468596,False,5,1,True,True,False
121130102004,2024-09-04,3,10.314453125,70.59817626033603,-0.10360682828445043,False,10,0,True,True,False
121130102003,2024-09-04,2,12.33203125,62.835254334293744,-0.16443048348355396,False,11,0,True,True,False
120910215022,2024-09-12,1,0.041015625,0.2584716175033432,3.710211528302894,True,1,0,False,True,False
121319503053,2024-09-13,112,43.09765625,155.89971886707394,0.44196579859613966,False,85,3,True,True,False
121319505012,2024-09-13,85,13.455078125,54.720084121427625,1.3074709774977118,False,74,2,True,True,False
121319504002,2024-09-13,80,6.1875,26.67878067963113,2.766711900606267,False,79,1,True,True,False
121319504001,2024-09-13,79,6.40625,30.31761095875755,2.3944416365376755,False,77,1,True,True,False
121319505013,2024-09-13,65,15.85546875,68.12351084119011,0.7214033839883266,False,39,2,True,True,False
121319504003,2024-09-13,61,9.2421875,42.331604195878015,1.2226754332414327,False,53,2,True,True,False
120910201021,2024-09-13,60,14.96484375,70.70081622753538,0.6369821262750918,False,58,1,True,True,False
120050002011,2024-09-13,43,4.42578125,27.59687365966789,1.3977749518190974,False,22,3,True,True,False
120050002012,2024-09-13,40,8.04296875,38.9559702959335,0.8203371911220474,False,31,2,True,True,False
120050003021,2024-09-13,34,5.4453125,21.350511973861146,1.3374240175110899,False,31,1,True,True,False
120050002013,2024-09-13,31,32.587890625,137.41519387845497,-0.011555422513208432,False,15,3,True,True,False
121319503052,2024-09-13,30,3.205078125,18.006819038689855,1.4880430473271171,False,29,1,True,True,False
120910201023,2024-09-13,24,8.41796875,38.34932022114185,0.4063183169909144,False,21,2,True,True,False
121319502011,2024-09-13,23,1.380859375,7.117786274665048,3.0373405144168037,True,23,1,True,True,True
120050003022,2024-09-13,21,7.248046875,35.08913720788649,0.39191482661788474,False,13,2,True,True,False
120910201022,2024-09-13,21,7.45703125,36.83514484388862,0.367664327299284,False,20,2,True,True,False
121130101001,2024-09-13,18,22.0703125,111.20237249814961,-0.03660274874142392,False,11,2,True,True,False
120910208001,2024-09-13,16,66.595703125,226.04819685297892,-0.2238270591377789,False,7,2,True,True,False
121319501024,2024-09-13,16,7.08203125,31.342079361827466,0.2845366016417367,False,8,2,True,True,False
120050002041,2024-09-13,15,7.814453125,34.00786639306215,0.2112907287963794,False,13,1,True,True,False
120050007001,2024-09-13,15,6.94921875,39.802759290506025,0.20226691298561095,False,9,1,True,True,False
121130101002,2024-09-13,10,9.751953125,38.03442405252881,0.006521641412459037,False,9,1,True,True,False
120050005002,2024-09-13,9,8.80859375,45.03147936099073,0.0042504988225150085,False,6,1,True,True,False
120910203051,2024-09-13,8,3.583984375,15.96941724137451,0.2765295413259493,False,8,1,True,True,False
120910203031,2024-09-13,6,0.568359375,2.765317568764112,1.964201394571667,False,5,1,True,True,False
120910203041,2024-09-13,5,0.623046875,3.2224287514953387,1.3582777037254632,False,5,1,True,True,False
120050016003,2024-09-13,1,0.041015625,0.293899725551183,3.26296451349694,True,1,0,False,True,False
121130102003,2024-09-15,22,12.33203125,62.835254334293744,0.15386217263583973,False,22,1,True,True,False
120330038001,2024-09-15,20,21.287109375,84.41335249877207,-0.01524769881659093,False,8,2,True,True,False
120050005001,2024-09-15,9,6.83203125,32.275888581615796,0.06716991677914223,False,9,1,True,True,False
121130102002,2024-09-15,5,5.32421875,34.781964973978646,-0.009321461574771784,False,5,1,True,True,False
121130108141,2024-09-15,5,0.3671875,3.7726403960263624,1.2280026754947642,False,5,1,True,True,False
120050012001,2024-09-15,5,0.458984375,3.541517434310392,1.2822231456511894,False,5,1,True,True,False
120050014024,2024-09-15,3,0.07421875,0.5439215572761086,5.3790499950984625,True,3,0,False,True,False
120050014023,2024-09-15,2,0.046875,0.367130407092811,5.319976123650929,True,2,0,False,True,False
120050017001,2024-09-15,2,0.080078125,0.522894242832972,3.6717211966192562,True,2,0,False,True,False
120330011014,2024-09-15,1,0.021484375,0.20157730218786685,4.854294676927658,True,1,0,False,True,False
120330011042,2024-09-15,1,0.021484375,0.16997566232487185,5.7567984240577825,True,1,0,False,True,False
120910231004,2024-09-16,32,0.373046875,2.647506690616494,11.945938885478473,True,23,2,True,True,True
121130108271,2024-09-16,25,1.109375,7.9732766727485185,2.99633713723426,False,21,1,True,True,False
120910232001,2024-09-16,22,0.96484375,5.748711620740289,3.6591079250016727,True,12,2,True,True,True
121130102003,2024-09-16,15,12.33203125,62.835254334293744,0.04245974299405193,False,13,1,True,True,False
120910208001,2024-09-16,13,66.595703125,226.04819685297892,-0.2370985651341359,False,8,1,True,True,False
121130107101,2024-09-16,9,5.873046875,30.85826281003802,0.10133276601632998,False,6,1,True,True,False
120330025001,2024-09-16,7,1.73828125,11.857514291832736,0.44374551195980316,False,7,1,True,True,False
121130108231,2024-09-16,6,1.05078125,7.040097580867818,0.7030042827034111,False,5,1,True,True,False
121130102002,2024-09-16,5,5.32421875,34.781964973978646,-0.009321461574771784,False,5,1,True,True,False
120910231003,2024-09-16,5,0.05859375,0.4602436764182369,10.736500039404342,True,5,1,True,True,True
121130107071,2024-09-17,26,2.603515625,11.853353268265453,1.9738283206017784,False,25,1,True,True,False
121130101004,2024-09-17,17,12.224609375,64.1884634903211,0.07439640030829021,False,8,1,True,True,False
121319501024,2024-09-17,14,7.08203125,31.342079361827466,0.22072462615309493,False,13,1,True,True,False
121130104001,2024-09-17,9,9.90234375,55.34798502701685,-0.016303100276541985,False,8,1,True,True,False
121130103021,2024-09-17,8,4.54296875,25.73571287523765,0.1343281713919913,False,7,1,True,True,False
120910205006,2024-09-17,7,0.283203125,1.4791013475191193,4.541133632435675,True,7,1,True,True,True
120330017002,2024-09-17,7,0.22265625,2.481484147908452,2.731165442145727,False,7,1,True,True,False
120910202001,2024-09-17,6,13.890625,58.77240381418688,-0.13425731275084085,False,6,1,True,True,False
120330036142,2024-09-17,5,1.052734375,5.338553087151484,0.7393886621639199,False,5,1,True,True,False
121130107053,2024-09-17,5,0.333984375,1.5091946971170622,3.0917254307302113,True,5,1,True,True,True
120330017001,2024-09-17,5,0.2421875,1.5640085672509736,3.0420629398230927,True,5,1,True,True,True
120330036121,2024-09-17,5,1.09765625,8.054014956697099,0.48452154248299617,False,5,1,True,True,False
121130107052,2024-09-17,3,0.091796875,0.5501921864452823,5.285795030622861,True,3,0,False,True,False
120330031003,2024-09-17,2,0.078125,0.4658073814722679,4.125900697248654,True,2,0,False,True,False
120330033113,2024-09-17,2,0.0234375,0.1753874659415358,11.269690735248284,True,2,0,False,True,False
120330032042,2024-09-17,1,0.041015625,0.2346612325890982,4.086675776902708,True,1,0,False,True,False
120050005003,2024-09-18,9,4.2421875,28.655384385927967,0.166035549756452,False,9,1,True,True,False
120050005002,2024-09-18,8,8.80859375,45.03147936099073,-0.01795618890327769,False,8,1,True,True,False
120050005001,2024-09-24,8,6.83203125,32.275888581615796,0.03618703624678113,False,8,1,True,True,False
120050005002,2024-09-24,5,8.80859375,45.03147936099073,-0.08457625208065578,False,5,1,True,True,False
120330039003,2024-09-25,73,6.3203125,25.12463915485053,2.6539560265535953,False,72,1,True,True,False
120330039001,2024-09-25,69,9.318359375,33.52182183274139,1.7803817740809011,False,65,1,True,True,False
121319501022,2024-09-25,34,5.3203125,21.95634651194597,1.3062140135379994,False,24,2,True,True,False
120330040001,2024-09-25,32,4.2421875,25.181997761346214,1.102287942484357,False,31,1,True,True,False
120330036143,2024-09-25,30,2.064453125,13.650435506760115,2.0464949166761355,False,29,1,True,True,False
121130102001,2024-09-25,28,6.05859375,46.09609299080168,0.47599275397110846,False,28,1,True,True,False
121130103021,2024-09-25,26,4.54296875,25.73571287523765,0.8337453620974103,False,23,1,True,True,False
120910208001,2024-09-25,25,66.595703125,226.04819685297892,-0.18401254114870788,False,19,2,True,True,False
121130101003,2024-09-25,21,5.4296875,43.05486121072455,0.3616388965648688,False,21,1,True,True,False
120910202001,2024-09-25,20,13.890625,58.77240381418688,0.10394972135758174,False,20,1,True,True,False
120330036142,2024-09-25,18,1.052734375,5.338553087151484,3.1745054040555827,True,16,1,True,True,True
121130102002,2024-09-25,14,5.32421875,34.781964973978646,0.24943332719961603,False,11,1,True,True,False
121130107071,2024-09-25,14,2.603515625,11.853353268265453,0.9614565698899221,False,14,1,True,True,False
120330036102,2024-09-25,13,0.150390625,0.8433229422247345,15.23687869928214,True,11,1,True,True,True
121319502021,2024-09-25,11,3.45703125,15.665351516515923,0.4815065108527872,False,11,1,True,True,False
120330036101,2024-09-25,9,0.43359375,3.0333250785713104,2.8240976578859653,False,6,1,True,True,False
120330036141,2024-09-25,8,0.869140625,5.312583817112478,1.342258234501757,False,7,1,True,True,False
121130101004,2024-09-25,6,12.224609375,64.1884634903211,-0.09697395819326009,False,6,1,True,True,False
121130102003,2024-09-25,6,12.33203125,62.835254334293744,-0.10077195225967522,False,6,1,True,True,False
120330036103,2024-09-25,6,0.173828125,0.8503818606679197,6.851241947263458,True,6,1,True,True,True
121319503041,2024-09-25,5,0.49609375,2.9062292862717443,1.5497422282802178,False,5,1,True,True,False
120330038002,2024-09-25,5,6.328125,32.737193310235114,-0.04056929949412519,False,5,1,True,True,False
121130105041,2024-09-25,5,0.58984375,3.164092567534893,1.3938139153229328,False,5,1,True,True,False
120330036031,2024-09-25,5,0.779296875,5.128879238622584,0.8229289341063751,False,5,1,True,True,False
120050005001,2024-09-26,12,6.83203125,32.275888581615796,0.16011855837622554,False,12,1,True,True,False
120050007001,2024-09-26,5,6.94921875,39.802759290506025,-0.04897195030558946,False,5,1,True,True,False
121130108021,2025-05-03,581,21.01953125,76.84051907170081,7.287567490629201,True,469,6,True,True,True
120910208001,2025-05-03,432,66.595703125,226.04819685297892,1.6164884390237269,False,255,8,True,True,False
120330038003,2025-05-03,224,3.66796875,26.015558896018575,8.469240738999448,True,221,1,True,True,True
121130103021,2025-05-03,193,4.54296875,25.73571287523765,7.322782631419909,True,126,3,True,True,True
120330039004,2025-05-03,163,3.39453125,19.51627875325507,8.178068717294778,True,144,3,True,True,True
120330036032,2025-05-03,156,3.5546875,16.948550483830033,8.994592938519567,True,93,7,True,True,True
121130103031,2025-05-03,137,6.490234375,34.901537520225176,3.739370093634717,True,49,6,True,True,True
121130107101,2025-05-03,110,5.873046875,30.85826281003802,3.374362120317677,True,80,5,True,True,True
121130104001,2025-05-03,102,9.90234375,55.34798502701685,1.6639748710823825,False,37,8,True,True,False
121130108082,2025-05-03,92,1.833984375,10.62276924176307,8.487995321456788,True,84,2,True,True,True
120330036131,2025-05-03,91,1.935546875,10.023150604322845,8.885873977249004,True,85,1,True,True,True
121130105061,2025-05-03,87,2.34375,11.621518269505675,7.284439781171629,True,36,5,True,True,True
121130108083,2025-05-03,84,4.466796875,17.043023464741115,4.666613484957032,True,68,3,True,True,True
120330038002,2025-05-03,67,6.328125,32.737193310235114,1.8533010580669191,False,38,3,True,True,False
121130108081,2025-05-03,67,4.806640625,19.27085026929318,3.227328244779162,True,59,2,True,True,True
121130108092,2025-05-03,65,1.416015625,9.297053451517936,6.839154438185854,True,61,1,True,True,True
121130101002,2025-05-03,62,9.751953125,38.03442405252881,1.37370416869836,False,37,4,True,True,False
120330026021,2025-05-03,62,1.03125,5.591001296639227,10.904799831945764,True,23,6,True,True,True
120330026042,2025-05-03,60,0.857421875,5.840105586544332,10.126970694034224,True,29,4,True,True,True
120910201011,2025-05-03,59,7.80859375,35.84990569214942,1.427936985095337,False,50,1,True,True,False
120330036143,2025-05-03,58,2.064453125,13.650435506760115,4.097711523364877,True,44,3,True,True,True
121130103032,2025-05-03,57,1.19140625,6.670207469480236,8.366845260114344,True,24,4,True,True,True
120330038001,2025-05-03,53,21.287109375,84.41335249877207,0.37568571424125485,False,17,4,True,True,False
120330036033,2025-05-03,53,1.181640625,6.99512094736385,7.4077860504367745,True,20,5,True,True,True
121130104002,2025-05-03,49,3.611328125,15.867704915626064,2.860443404786443,False,35,2,True,True,False
120330036132,2025-05-03,46,1.86328125,9.96946705501637,4.4271893880015964,True,14,4,True,True,True
121130108094,2025-05-03,46,1.748046875,7.6145521982447875,5.811497770702841,True,37,1,True,True,True
121130108093,2025-05-03,44,0.49609375,2.632772599497602,16.52398929489832,True,42,1,True,True,True
120050002013,2025-05-03,43,32.587890625,137.41519387845497,0.07577116533568776,False,36,2,True,True,False
121130101001,2025-05-03,31,22.0703125,111.20237249814961,0.08030123188377647,False,7,4,True,True,False
120330039001,2025-05-03,30,9.318359375,33.52182183274139,0.6169605198724568,False,10,2,True,True,False
120330026041,2025-05-03,30,1.4921875,7.282121466498447,3.9147675071269807,True,21,2,True,True,True
121130105041,2025-05-03,30,0.58984375,3.164092567534893,9.29497339988163,True,17,2,True,True,True
121130102004,2025-05-03,28,10.314453125,70.59817626033603,0.25050996798817055,False,10,3,True,True,False
120330036144,2025-05-03,28,0.642578125,3.440745776824243,7.951015172138202,True,23,1,True,True,True
120330025002,2025-05-03,26,1.279296875,9.38782370663819,2.63327304575605,False,16,2,True,True,False
121130107092,2025-05-03,25,0.884765625,5.109409831820208,4.719769047457491,True,20,1,True,True,True
121130101004,2025-05-03,24,12.224609375,64.1884634903211,0.1834502648092768,False,12,2,True,True,False
120330039003,2025-05-03,24,6.3203125,25.12463915485053,0.703679260467579,False,8,2,True,True,False
120910201012,2025-05-03,24,5.34765625,32.006301886428645,0.5827709747969663,False,14,2,True,True,False
121130107071,2025-05-03,23,2.603515625,11.853353268265453,1.7207353829238143,False,8,1,True,True,False
120330036122,2025-05-03,23,0.48828125,3.296778267076822,6.828399402778345,True,18,1,True,True,True
120330026071,2025-05-03,22,0.8515625,7.389461839795936,2.861972625138291,False,15,1,True,True,False
120330011011,2025-05-03,21,0.4453125,2.885441135761601,7.123585799498443,True,20,1,True,True,True
120330026052,2025-05-03,20,1.076171875,7.9558504481898655,2.3786053104235507,False,14,1,True,True,False
120330026011,2025-05-03,19,1.0234375,5.597685912355705,3.211427504412234,True,7,2,True,True,True
120910201021,2025-05-03,18,14.96484375,70.70081622753538,0.042929578637847715,False,5,2,True,True,False
120330026022,2025-05-03,18,0.1953125,1.2778932867990904,13.93284375458124,True,9,1,True,True,True
120330027041,2025-05-03,18,0.451171875,2.54923314392085,6.88396358208689,True,9,2,True,True,True
120330036034,2025-05-03,18,1.140625,10.981203919895702,1.5352938642232343,False,7,2,True,True,False
121319505012,2025-05-03,17,13.455078125,54.720084121427625,0.06478282941110937,False,17,1,True,True,False
121319503053,2025-05-03,17,43.09765625,155.89971886707394,-0.16740027781738245,False,12,2,True,True,False
120330023001,2025-05-03,17,1.599609375,8.89434833658072,1.731480491005867,False,13,1,True,True,False
120330025001,2025-05-03,17,1.73828125,11.857514291832736,1.2870925873993697,False,8,3,True,True,False
121319505013,2025-05-03,16,15.85546875,68.12351084119011,0.0021216060096628316,False,12,2,True,True,False
120330036142,2025-05-03,16,1.052734375,5.338553087151484,2.799872059149173,False,11,1,True,True,False
121130109001,2025-05-03,16,1.111328125,7.50220506356647,1.9845727687856722,False,8,2,True,True,False
121130108142,2025-05-03,16,0.3671875,2.01897493415243,7.742945311286238,True,10,1,True,True,True
120330036133,2025-05-03,16,0.427734375,3.775325745558688,4.124747551471364,True,14,1,True,True,True
121130108141,2025-05-03,15,0.3671875,3.7726403960263624,3.878666123442991,True,9,1,True,True,True
120330027011,2025-05-03,14,0.623046875,4.707542361142082,2.841600159654147,False,6,1,True,True,False
120330036121,2025-05-03,14,1.09765625,8.054014956697099,1.6019766314527892,False,6,1,True,True,False
121319504003,2025-05-03,13,9.2421875,42.331604195878015,0.08877085032288741,False,11,2,True,True,False
120330014012,2025-05-03,13,0.234375,1.7870347368433919,7.143467743972973,True,12,1,True,True,True
121130103011,2025-05-03,13,0.33203125,1.887000896285736,6.713281787483461,True,7,2,True,True,True
121130108231,2025-05-03,12,1.05078125,7.040097580867818,1.5552651968568756,False,8,1,True,True,False
120910206012,2025-05-03,12,1.662109375,12.468398011231727,0.8291274160230903,False,11,1,True,True,False
121130108144,2025-05-03,12,0.169921875,1.2777003535622702,9.258883033112856,True,9,1,True,True,True
121319505022,2025-05-03,12,3.001953125,14.118106654664265,0.6373409052004344,False,12,1,True,True,False
121130105051,2025-05-03,11,1.58984375,11.621044005252527,0.8097513653460704,False,8,1,True,True,False
120330026061,2025-05-03,11,0.302734375,2.4694121613161246,4.331907727909896,True,7,1,True,True,True
120330035121,2025-05-03,11,0.806640625,4.063068697963865,2.508783417840861,False,6,1,True,True,False
121130105032,2025-05-03,10,0.404296875,3.0620812495771133,3.1337193049091066,True,9,1,True,True,True
121130107113,2025-05-03,10,0.85546875,3.9192696430872243,2.333223299940347,False,5,1,True,True,False
121130109003,2025-05-03,10,1.0078125,7.076872941223625,1.2706441919593385,False,9,1,True,True,False
121130107043,2025-05-03,10,0.279296875,1.4450540160645982,6.726878730438721,True,6,1,True,True,True
121130106021,2025-05-03,10,0.228515625,1.389268114540974,7.033548292604831,True,10,1,True,True,True
121130103012,2025-05-03,9,0.19140625,1.2157175065667987,7.24559258414858,True,5,1,True,True,True
120910232001,2025-05-03,9,0.96484375,5.748711620740289,1.3977316623451144,False,8,1,True,True,False
121319505021,2025-05-03,9,1.775390625,9.788084325293225,0.7381024861352091,False,9,1,True,True,False
120330040001,2025-05-03,8,4.2421875,25.181997761346214,0.14922614701237705,False,8,1,True,True,False
120330010011,2025-05-03,8,0.24609375,1.524100060084863,5.087530965367363,True,8,1,True,True,True
121130107122,2025-05-03,8,0.1875,0.9931270663228412,7.866566389058969,True,6,1,True,True,True
120330037002,2025-05-03,8,0.2890625,1.6840559731042033,4.578789317665319,True,6,1,True,True,True
121130107121,2025-05-03,8,0.083984375,0.5185194032775847,15.266575512820745,True,7,1,True,True,True
121130107042,2025-05-03,8,0.126953125,0.9244959983836583,8.516042134054484,True,8,1,True,True,True
120910232002,2025-05-03,7,0.96875,5.28919069049979,1.1402973257956202,False,7,1,True,True,False
120330036141,2025-05-03,7,0.869140625,5.312583817112478,1.1540259101892674,False,6,1,True,True,False
120050003022,2025-05-03,6,7.248046875,35.08913720788649,-0.035567898623608624,False,6,1,True,True,False
121130107084,2025-05-03,6,0.208984375,1.4063308576449516,4.117818786041332,True,3,0,False,True,False
121130108091,2025-05-03,6,0.357421875,2.054821925269796,2.746018063954197,False,6,1,True,True,False
121130107093,2025-05-03,6,0.353515625,1.65107666460321,3.4198801885174572,True,4,0,False,True,False
121130107091,2025-05-03,6,0.259765625,1.5903643146699857,3.609383285358203,True,5,1,True,True,True
121130108271,2025-05-03,6,1.109375,7.9732766727485185,0.61337705948615,False,5,1,True,True,False
121130108122,2025-05-03,6,0.2421875,1.5362347227190483,3.7480030979959875,True,4,0,False,True,False
121319501043,2025-05-03,6,7.017578125,31.37641060509692,-0.03243131082797279,False,5,1,True,True,False
120330036112,2025-05-03,6,0.2265625,1.0521795011042705,5.487122201050992,True,3,0,False,True,False
121319505023,2025-05-03,6,3.873046875,17.55565642460506,0.1211548616330277,False,5,1,True,True,False
121319505011,2025-05-03,6,4.216796875,23.967400215414717,0.07440119115852735,False,6,1,True,True,False
121130108232,2025-05-03,5,0.173828125,1.1582506690176544,4.1667766780512325,True,3,1,False,True,False
121130108131,2025-05-03,5,0.203125,1.3769666597256762,3.4836537007770754,True,2,0,False,True,False
121130107053,2025-05-03,5,0.333984375,1.5091946971170622,3.0917254307302113,True,3,0,False,True,False
120330017001,2025-05-03,5,0.2421875,1.5640085672509736,3.0420629398230927,True,4,0,False,True,False
121130108084,2025-05-03,4,0.212890625,0.9608734222625619,3.9413197277145207,True,3,0,False,True,False
121130107111,2025-05-03,4,0.10546875,0.9133760170555656,4.263886041758282,True,4,0,False,True,False
120330033121,2025-05-03,4,0.0703125,0.40897167113218214,9.608703432003487,True,4,0,False,True,False
120330037003,2025-05-03,4,0.150390625,1.0685139028653015,3.6027695705942424,True,4,0,False,True,False
120330028011,2025-05-03,4,0.04296875,0.42212464075053346,9.374082600258628,True,2,0,False,True,False
120330013002,2025-05-03,3,0.0859375,0.6884833298628382,4.232582509413189,True,3,0,False,True,False
120330012013,2025-05-03,3,0.072265625,0.485254531783515,6.0333993466054645,True,3,0,False,True,False
120330030021,2025-05-03,3,0.130859375,0.8442651268719173,3.3983881765085324,True,2,0,False,True,False
120330036103,2025-05-03,3,0.173828125,0.8503818606679197,3.3234150511867995,True,1,0,False,True,False
120330033071,2025-05-03,3,0.078125,0.478244915925523,6.109578800948556,True,2,0,False,True,False
120330036102,2025-05-03,3,0.150390625,0.8433229422247345,3.379025083181736,True,2,0,False,True,False
120330033083,2025-05-03,3,0.076171875,0.42896429420698984,6.8160174739139325,True,3,0,False,True,False
120330014011,2025-05-03,2,0.0546875,0.3606602718661207,5.393753212502739,True,2,0,False,True,False
120330033122,2025-05-03,2,0.068359375,0.4164133076742616,4.638758150618523,True,2,0,False,True,False
120330010012,2025-05-03,2,0.07421875,0.5256245702451524,3.6637960989947853,True,2,0,False,True,False
120330010013,2025-05-03,2,0.09375,0.605745485294765,3.146948753687185,True,1,0,False,True,False
121130107082,2025-05-03,2,0.103515625,0.5551990032584518,3.4158641565809216,True,2,0,False,True,False
120330014022,2025-05-03,2,0.09375,0.5551749076482041,3.433602588552016,True,1,0,False,True,False
120330035052,2025-05-03,2,0.05078125,0.35022969119552366,5.565543981568954,True,1,0,False,True,False
120330035101,2025-05-03,2,0.0546875,0.32648501612390224,5.958351544261213,True,1,0,False,True,False
120910227001,2025-05-03,2,0.072265625,0.4430948175818648,4.350613680205902,True,2,0,False,True,False
121130109006,2025-05-03,2,0.04296875,0.38324673218429545,5.106452542585292,True,2,0,False,True,False
121130109002,2025-05-03,2,0.046875,0.3724226498710657,5.244377592705976,True,1,0,False,True,False
120910226001,2025-05-03,2,0.05078125,0.36660949192495246,5.316880203415516,True,2,0,False,True,False
120330029003,2025-05-03,2,0.01953125,0.15199062374520975,13.030203450707386,True,2,0,False,True,False
120330030022,2025-05-03,1,0.03515625,0.2228053984913043,4.33043255025823,True,1,0,False,True,False
120330035102,2025-05-03,1,0.04296875,0.3098345227808698,3.0888463990723833,True,1,0,False,True,False
121130106012,2025-05-03,1,0.029296875,0.1800225408532614,5.392119900092023,True,1,0,False,True,False
120910224003,2025-05-03,1,0.037109375,0.2808113833580887,3.428958660739649,True,1,0,False,True,False
120910228002,2025-05-03,1,0.025390625,0.2368660428602502,4.114601498936742,True,1,0,False,True,False
120910228001,2025-05-03,1,0.01953125,0.13851806879105943,7.078273315223146,True,1,0,False,True,False
120330033112,2025-05-03,1,0.013671875,0.14607920053104298,6.752009330653459,True,1,0,False,True,False
120330009001,2025-05-03,1,0.021484375,0.15804376437533255,6.191421906884968,True,1,0,False,True,False
120330004003,2025-05-03,1,0.037109375,0.2737537921173516,3.517359951628477,True,1,0,False,True,False
120910218022,2025-05-03,1,0.041015625,0.2802664090278288,3.4216885938149604,True,1,0,False,True,False
120330029002,2025-05-03,1,0.01953125,0.15199062374520972,6.450850229048431,True,1,0,False,True,False
120330022001,2025-05-03,1,0.01171875,0.10772225920023014,9.174345741886265,True,1,0,False,True,False
120910208001,2025-05-04,340,66.595703125,226.04819685297892,1.2094955884687784,False,379,1,True,True,False
121130108241,2025-05-04,63,0.61328125,4.354503637900114,14.326941469748075,True,62,1,True,True,True
121319503053,2025-05-04,59,43.09765625,155.89971886707394,0.10200367175491154,False,45,2,True,True,False
121130108252,2025-05-04,58,0.86328125,6.582374271633227,8.680259795653214,True,58,1,True,True,True
120050005001,2025-05-04,46,6.83203125,32.275888581615796,1.213536496476503,False,43,1,True,True,False
121130108271,2025-05-04,45,1.109375,7.9732766727485185,5.504716166442797,True,45,1,True,True,True
121130101001,2025-05-04,44,22.0703125,111.20237249814961,0.19720521250897688,False,43,2,True,True,False
120330025001,2025-05-04,41,1.73828125,11.857514291832736,3.311125568454329,True,36,1,True,True,True
121130108201,2025-05-04,39,1.4609375,9.200231719833488,4.080230111930203,True,40,0,True,True,True
121130108242,2025-05-04,35,0.373046875,2.4301385716148967,14.24896239640746,True,35,1,True,True,True
121130101004,2025-05-04,27,12.224609375,64.1884634903211,0.2301876353096996,False,27,1,True,True,False
121130108231,2025-05-04,24,1.05078125,7.040097580867818,3.259787025163804,True,32,0,True,True,True
120910232001,2025-05-04,22,0.96484375,5.748711620740289,3.6591079250016727,True,22,1,True,True,True
121130108251,2025-05-04,18,0.3515625,2.8064500596621507,6.288527187305294,True,18,1,True,True,True
120910232002,2025-05-04,17,0.96875,5.28919069049979,3.030945741622555,True,17,1,True,True,True
120330039002,2025-05-04,15,4.677734375,24.00088983069414,0.43007845533289824,False,15,1,True,True,False
121130108021,2025-05-04,14,21.01953125,76.84051907170081,-0.09135194991915647,False,59,1,True,True,False
121130108142,2025-05-04,14,0.3671875,2.01897493415243,6.752343612291097,True,22,1,True,True,True
120910208003,2025-05-04,12,1.517578125,9.640285843712489,1.087355919206147,False,12,1,True,True,False
120910231004,2025-05-04,12,0.373046875,2.647506690616494,4.391661470095309,True,12,1,True,True,True
120050007001,2025-05-04,12,6.94921875,39.802759290506025,0.12689525399825083,False,9,1,True,True,False
121130102001,2025-05-04,11,6.05859375,46.09609299080168,0.10719794085338298,False,11,1,True,True,False
121130101003,2025-05-04,11,5.4296875,43.05486121072455,0.1293770864278733,False,11,1,True,True,False
120910201022,2025-05-04,11,7.45703125,36.83514484388862,0.09618446635721102,False,11,1,True,True,False
121130102002,2025-05-04,10,5.32421875,34.781964973978646,0.13443119885544366,False,10,1,True,True,False
121130108144,2025-05-04,10,0.169921875,1.2777003535622702,7.693570795056464,True,19,0,True,True,True
120330038002,2025-05-04,9,6.328125,32.737193310235114,0.08161588486465185,False,9,1,True,True,False
120910201023,2025-05-04,9,8.41796875,38.34932022114185,0.015177094317284093,False,9,1,True,True,False
121130108141,2025-05-04,9,0.3671875,3.7726403960263624,2.288268054674055,False,18,0,True,True,False
121130108211,2025-05-04,9,0.232421875,1.4866278030510212,5.897628247639531,True,9,1,True,True,True
120910201021,2025-05-04,8,14.96484375,70.70081622753538,-0.09851150413292467,False,8,1,True,True,False
121130108272,2025-05-04,8,0.30078125,2.4779574978309786,3.1070826504245246,True,8,1,True,True,True
121319506053,2025-05-04,8,1.599609375,9.622921909181514,0.6651192522817002,False,7,1,True,True,False
121130108232,2025-05-04,7,0.173828125,1.1582506690176544,5.893518611812651,True,10,0,True,True,True
121130108212,2025-05-04,7,0.125,0.796273119366856,8.633972229863225,True,7,1,True,True,True
121130102003,2025-05-04,6,12.33203125,62.835254334293744,-0.10077195225967522,False,6,1,True,True,False
120330036032,2025-05-04,6,3.5546875,16.948550483830033,0.14427856248432452,False,6,1,True,True,False
120330026021,2025-05-04,6,1.03125,5.591001296639227,0.8887048556019358,False,15,0,True,True,False
120910203051,2025-05-04,6,3.583984375,15.96941724137451,0.15129015595762907,False,6,1,True,True,False
121319504003,2025-05-04,5,9.2421875,42.331604195878015,-0.10021324683020347,False,5,1,True,True,False
120330040001,2025-05-04,5,4.2421875,25.181997761346214,0.03009342257837957,False,5,1,True,True,False
121130108282,2025-05-04,5,0.46875,3.2990243472632352,1.373512142691211,False,5,1,True,True,False
121130108273,2025-05-04,5,0.138671875,1.0290822929700527,4.72394497331174,True,5,1,True,True,True
121319506081,2025-05-04,5,1.44140625,6.745621496117649,0.5275412728164633,False,5,1,True,True,False
120910231002,2025-05-04,5,0.17578125,1.0891563796690429,4.42931689154308,True,5,1,True,True,True
121130108222,2025-05-04,4,0.1171875,0.7674502858762806,5.059366803892157,True,4,0,False,True,False
121130107101,2025-05-04,3,5.873046875,30.85826281003802,-0.09310462136790844,False,77,0,True,True,False
120910231003,2025-05-04,3,0.05859375,0.4602436764182369,6.390975912783771,True,3,0,False,True,False
120330026042,2025-05-04,2,0.857421875,5.840105586544332,0.19564340200158584,False,19,0,True,True,False
120050010001,2025-05-04,2,0.046875,0.3394337404971211,5.754068517583229,True,2,0,False,True,False
121130108133,2025-05-04,1,0.02734375,0.20567861759981043,4.72901005146048,True,1,0,False,True,False
120910233032,2025-05-04,1,0.044921875,0.265301943238465,3.5999665639144376,True,1,0,False,True,False
120910215013,2025-05-04,1,0.03515625,0.25553438691550245,3.7757883064052935,True,1,0,False,True,False
120330038001,2025-05-07,20,21.287109375,84.41335249877207,-0.01524769881659093,False,10,2,True,True,False
121130102003,2025-05-07,14,12.33203125,62.835254334293744,0.026545110188082248,False,14,1,True,True,False
121130102004,2025-05-07,7,10.314453125,70.59817626033603,-0.046948140880831074,False,6,1,True,True,False
120910201021,2025-05-07,6,14.96484375,70.70081622753538,-0.12679972068707915,False,5,1,True,True,False
120910202001,2025-05-08,616,13.890625,58.77240381418688,10.244763459116143,True,396,4,True,True,True
121319501023,2025-05-08,143,12.2109375,66.86814461817453,1.9559248016648572,False,139,2,True,True,False
121319501044,2025-05-08,130,2.0859375,13.879987335528877,9.215718963415467,True,112,3,True,True,True
121319501041,2025-05-08,117,6.0078125,27.330189781327274,4.061156852113514,True,88,2,True,True,True
120910201021,2025-05-08,106,14.96484375,70.70081622753538,1.2876111070206449,False,106,1,True,True,False
120050003012,2025-05-08,26,2.990234375,14.025902175731852,1.6405194715255014,False,22,2,True,True,False
121319501024,2025-05-08,23,7.08203125,31.342079361827466,0.507878515851983,False,17,2,True,True,False
121319501022,2025-05-08,23,5.3203125,21.95634651194597,0.8052199162725395,False,21,1,True,True,False
120050005002,2025-05-08,13,8.80859375,45.03147936099073,0.09307724972568579,False,13,1,True,True,False
121319501042,2025-05-08,9,3.833984375,19.130660459385076,0.2700385402776655,False,7,1,True,True,False
121319505013,2025-05-08,8,15.85546875,68.12351084119011,-0.11531215366032309,False,8,1,True,True,False
120910203061,2025-05-08,8,4.181640625,26.602462528256105,0.14353405708002734,False,8,1,True,True,False
120050026071,2025-05-08,7,1.5703125,9.99231297013613,0.5433864527890212,False,7,1,True,True,False
120910208001,2025-05-08,6,66.595703125,226.04819685297892,-0.2680654124589689,False,6,1,True,True,False
121319503053,2025-05-08,6,43.09765625,155.89971886707394,-0.2379584550863166,False,6,1,True,True,False
120050003023,2025-05-08,6,8.814453125,41.20264875320031,-0.06830757755061548,False,5,1,True,True,False
121319501043,2025-05-08,6,7.017578125,31.37641060509692,-0.03243131082797279,False,6,1,True,True,False
120910203051,2025-05-08,6,3.583984375,15.96941724137451,0.15129015595762907,False,5,1,True,True,False
120050002013,2025-05-08,5,32.587890625,137.41519387845497,-0.20076302951915018,False,5,1,True,True,False
120050002012,2025-05-08,5,8.04296875,38.9559702959335,-0.07811302675517356,False,5,1,True,True,False
121319503053,2025-05-09,582,43.09765625,155.89971886707394,3.456724281905144,True,294,6,True,True,True
120910208001,2025-05-09,453,66.595703125,226.04819685297892,1.709388980998226,False,279,8,True,True,False
120050003021,2025-05-09,237,5.4453125,21.350511973861146,10.845392737349162,True,171,4,True,True,True
121319504001,2025-05-09,170,6.40625,30.31761095875755,5.395997403045516,True,129,3,True,True,True
120050003022,2025-05-09,137,7.248046875,35.08913720788649,3.6977812351521,True,81,3,True,True,True
121319502011,2025-05-09,80,1.380859375,7.117786274665048,11.045448344639949,True,75,1,True,True,True
120910203052,2025-05-09,76,4.34375,21.287405204774263,3.36613360391755,True,55,2,True,True,True
120910202001,2025-05-09,64,13.890625,58.77240381418688,0.8526003999840527,False,58,2,True,True,False
121319504003,2025-05-09,59,9.2421875,42.331604195878015,1.1754294089531598,False,29,3,True,True,False
121319503051,2025-05-09,54,1.0,5.748819329137132,9.21928433745978,True,53,1,True,True,True
121130103021,2025-05-09,51,4.54296875,25.73571287523765,1.805158126966048,False,45,1,True,True,False
121130107071,2025-05-09,50,2.603515625,11.853353268265453,3.998571822025491,True,38,3,True,True,True
121130101001,2025-05-09,47,22.0703125,111.20237249814961,0.22418305419171541,False,44,1,True,True,False
121319501023,2025-05-09,45,12.2109375,66.86814461817453,0.49035400469430773,False,148,1,True,True,False
121319504002,2025-05-09,44,6.1875,26.67878067963113,1.4173248940447007,False,33,2,True,True,False
121319503052,2025-05-09,42,3.205078125,18.006819038689855,2.154457252646587,False,40,1,True,True,False
121130108081,2025-05-09,40,4.806640625,19.27085026929318,1.8262483950216915,False,27,1,True,True,False
120050003012,2025-05-09,39,2.990234375,14.025902175731852,2.567376071345019,False,24,3,True,True,False
120050003011,2025-05-09,37,1.71484375,6.352706742019331,5.554349930339131,True,21,2,True,True,True
120910201021,2025-05-09,37,14.96484375,70.70081622753538,0.3116676359023153,False,34,2,True,True,False
120050002012,2025-05-09,36,8.04296875,38.9559702959335,0.7176571662217937,False,18,3,True,True,False
120910203061,2025-05-09,36,4.181640625,26.602462528256105,1.1960681963635424,False,30,1,True,True,False
120050003023,2025-05-09,29,8.814453125,41.20264875320031,0.4899089618220756,False,17,2,True,True,False
120050005001,2025-05-09,27,6.83203125,32.275888581615796,0.624861766361642,False,27,1,True,True,False
121130101002,2025-05-09,23,9.751953125,38.03442405252881,0.34831727323393424,False,6,2,True,True,False
121130108021,2025-05-09,22,21.01953125,76.84051907170081,0.012759788219091971,False,13,2,True,True,False
120330025001,2025-05-09,22,1.73828125,11.857514291832736,1.7087661251191528,False,22,1,True,True,False
121319501043,2025-05-09,22,7.017578125,31.37641060509692,0.4775059219988086,False,11,2,True,True,False
121319505023,2025-05-09,22,3.873046875,17.55565642460506,1.0325420301341874,False,19,1,True,True,False
121130107101,2025-05-09,21,5.873046875,30.85826281003802,0.49020754078480683,False,14,1,True,True,False
120050002013,2025-05-09,20,32.587890625,137.41519387845497,-0.09160479470802994,False,9,2,True,True,False
120050005002,2025-05-09,19,8.80859375,45.03147936099073,0.22631737608044197,False,16,1,True,True,False
121130101004,2025-05-09,19,12.224609375,64.1884634903211,0.1055546473085721,False,13,2,True,True,False
121130107072,2025-05-09,17,0.455078125,2.6017331258360072,6.359192536199757,True,16,2,True,True,True
121130103032,2025-05-09,17,1.19140625,6.670207469480236,2.3700302910116013,False,10,2,True,True,False
120050002011,2025-05-09,15,4.42578125,27.59687365966789,0.3831672703366376,False,15,1,True,True,False
121130104001,2025-05-09,15,9.90234375,55.34798502701685,0.09210193013371121,False,9,1,True,True,False
121319506081,2025-05-09,14,1.44140625,6.745621496117649,1.8617400571953122,False,12,1,True,True,False
121130108083,2025-05-09,13,4.466796875,17.043023464741115,0.5006859928728978,False,6,1,True,True,False
120330039001,2025-05-09,12,9.318359375,33.52182183274139,0.07999686408394402,False,5,1,True,True,False
120910203062,2025-05-09,12,1.427734375,6.371003013420702,1.659435037580302,False,8,1,True,True,False
120910206013,2025-05-09,12,1.185546875,6.740271389844577,1.6044536635859954,False,12,1,True,True,False
121319502021,2025-05-09,11,3.45703125,15.665351516515923,0.4815065108527872,False,11,1,True,True,False
120330039003,2025-05-09,11,6.3203125,25.12463915485053,0.18625889395496237,False,9,1,True,True,False
121130105061,2025-05-09,11,2.34375,11.621518269505675,0.744846740267457,False,9,1,True,True,False
120910203051,2025-05-09,11,3.583984375,15.96941724137451,0.4643886193784297,False,9,1,True,True,False
121319506091,2025-05-09,11,0.4921875,2.362446222169275,4.447852569677283,True,9,1,True,True,True
120330036083,2025-05-09,9,0.4921875,2.7505447779199064,3.093137246227278,True,7,1,True,True,True
121319503061,2025-05-09,9,2.716796875,14.833580111273319,0.4235796805536413,False,7,1,True,True,False
121319501021,2025-05-09,8,4.578125,23.180010071775058,0.14762180816162013,False,8,0,True,True,False
120910212002,2025-05-09,8,1.34765625,5.8520769537157795,1.1367491922292803,False,7,1,True,True,False
120050002041,2025-05-09,7,7.814453125,34.00786639306215,-0.023948962736637727,False,7,1,True,True,False
121319503043,2025-05-09,7,0.35546875,2.2510292003572623,2.9517747921463844,False,7,1,True,True,False
120330036101,2025-05-09,7,0.43359375,3.0333250785713104,2.1647552042436424,False,6,1,True,True,False
121319503031,2025-05-09,7,0.498046875,2.3773219350617283,2.7349905913484003,False,7,1,True,True,False
121319506071,2025-05-09,7,0.76171875,4.097856269189469,1.5223279783880497,False,6,1,True,True,False
120330018001,2025-05-09,7,0.068359375,0.6804617717751363,10.18667162876361,True,7,1,True,True,True
120330036071,2025-05-09,6,0.232421875,1.326636490319102,4.347519585875931,True,3,0,False,True,False
121319501024,2025-05-09,5,7.08203125,31.342079361827466,-0.06642926354579312,False,10,0,True,True,False
121319503042,2025-05-09,5,0.748046875,3.5347030053952624,1.2029166576399626,False,5,1,True,True,False
121130108122,2025-05-09,5,0.2421875,1.5362347227190483,3.0970609045855584,True,5,1,True,True,True
120050006001,2025-05-09,5,2.99609375,16.79273863361856,0.11933171198104875,False,5,1,True,True,False
120330036103,2025-05-09,4,0.173828125,0.8503818606679197,4.499357349879019,True,3,0,False,True,False
120330035062,2025-05-09,3,0.1171875,0.7900664467089236,3.6488228452284677,True,3,0,False,True,False
120330035123,2025-05-09,3,0.109375,0.8484762444392242,3.406842582741341,True,3,0,False,True,False
120330012013,2025-05-09,2,0.072265625,0.485254531783515,3.972625186857634,True,1,0,False,True,False
121130107082,2025-05-09,2,0.103515625,0.5551990032584518,3.4158641565809216,True,1,0,False,True,False
121130108143,2025-05-09,2,0.064453125,0.43088460157308744,4.492030738470678,True,2,0,False,True,False
120330033101,2025-05-09,2,0.072265625,0.4688457990821988,4.111659694453243,True,1,0,False,True,False
120330014024,2025-05-09,2,0.060546875,0.36779090586950774,5.27324926758281,True,2,0,False,True,False
121319506042,2025-05-09,2,0.0859375,0.5838980120312209,3.2780767540918694,True,2,0,False,True,False
121130107052,2025-05-09,2,0.091796875,0.5501921864452823,3.46824831760815,True,1,0,False,True,False
120330034004,2025-05-09,2,0.103515625,0.5827152716533213,3.254564394063604,True,1,0,False,True,False
120910233052,2025-05-09,2,0.048828125,0.29931198625751165,6.518856459431325,True,2,0,False,True,False
120330012014,2025-05-09,2,0.0703125,0.5408349528127344,3.5679785301675198,True,1,0,False,True,False
121130108133,2025-05-09,1,0.02734375,0.20567861759981043,4.72901005146048,True,1,0,False,True,False
120330030022,2025-05-09,1,0.03515625,0.2228053984913043,4.33043255025823,True,1,0,False,True,False
120910233032,2025-05-09,1,0.044921875,0.265301943238465,3.5999665639144376,True,1,0,False,True,False
120910233081,2025-05-09,1,0.033203125,0.20953562893818448,4.613997533017245,True,1,0,False,True,False
120330035102,2025-05-09,1,0.04296875,0.3098345227808698,3.0888463990723833,True,1,0,False,True,False
120330018002,2025-05-09,1,0.046875,0.3028727426473822,3.1469487536871887,True,1,0,False,True,False
120330011041,2025-05-09,1,0.05078125,0.2956954305890317,3.2101231598646476,True,1,0,False,True,False
120330009003,2025-05-09,1,0.02734375,0.26400938243127225,3.6841730435591806,True,1,0,False,True,False
120330005002,2025-05-09,1,0.021484375,0.15804376437533252,6.191421906884969,True,1,0,False,True,False
120330032042,2025-05-09,1,0.041015625,0.2346612325890982,4.086675776902708,True,1,0,False,True,False
120330021003,2025-05-09,1,0.037109375,0.27375379211735157,3.5173599516284777,True,1,0,False,True,False
120330004003,2025-05-09,1,0.037109375,0.2737537921173516,3.517359951628477,True,1,0,False,True,False
120330012011,2025-05-09,1,0.029296875,0.2600637693700206,3.7325580850859565,True,1,0,False,True,False
120330014023,2025-05-09,1,0.025390625,0.2011217167808118,4.845868415404176,True,1,0,False,True,False
120330029002,2025-05-09,1,0.01953125,0.15199062374520972,6.450850229048431,True,1,0,False,True,False
121319503053,2025-05-10,339,43.09765625,155.89971886707394,1.8980300022368715,False,182,4,True,True,False
121319502021,2025-05-10,196,3.45703125,15.665351516515923,12.291008506703642,True,195,1,True,True,True
121319501022,2025-05-10,193,5.3203125,21.95634651194597,8.547855964920556,True,176,2,True,True,True
121319503052,2025-05-10,137,3.205078125,18.006819038689855,7.43023637809239,True,134,2,True,True,True
121319505022,2025-05-10,128,3.001953125,14.118106654664265,8.85374008941233,True,126,1,True,True,True
120910208001,2025-05-10,117,66.595703125,226.04819685297892,0.2229803094062405,False,98,2,True,True,False
120050002013,2025-05-10,83,32.587890625,137.41519387845497,0.36685979149867504,False,78,1,True,True,False
121319503051,2025-05-10,82,1.0,5.748819329137132,14.08984964781589,True,81,1,True,True,True
121319506052,2025-05-10,80,2.744140625,16.978718256217732,4.55015851074084,True,78,1,True,True,True
121130108021,2025-05-10,69,21.01953125,76.84051907170081,0.6244162497813016,False,63,2,True,True,False
121130107071,2025-05-10,61,2.603515625,11.853353268265453,4.926579260178026,True,58,2,True,True,True
120050002041,2025-05-10,51,7.814453125,34.00786639306215,1.2698693406949564,False,25,2,True,True,False
121319501024,2025-05-10,50,7.08203125,31.342079361827466,1.3693401849486473,False,39,2,True,True,False
120050002012,2025-05-10,49,8.04296875,38.9559702959335,1.0513672471476185,False,33,2,True,True,False
120330036142,2025-05-10,44,1.052734375,5.338553087151484,8.044738887838907,True,43,1,True,True,True
121130108081,2025-05-10,37,4.806640625,19.27085026929318,1.6705728561597502,False,35,2,True,True,False
121319503042,2025-05-10,36,0.748046875,3.5347030053952624,9.973101862077945,True,36,1,True,True,True
121130103021,2025-05-10,36,4.54296875,25.73571287523765,1.2223104680448653,False,34,1,True,True,False
121319503062,2025-05-10,35,3.3671875,16.49010666751634,1.918290350559896,False,35,1,True,True,False
120330036032,2025-05-10,28,3.5546875,16.948550483830033,1.4423246709694935,False,28,1,True,True,False
121319503043,2025-05-10,26,0.35546875,2.2510292003572623,11.392358324774259,True,26,1,True,True,True
121319501043,2025-05-10,25,7.017578125,31.37641060509692,0.5731191531538301,False,25,1,True,True,False
121130108082,2025-05-10,24,1.833984375,10.62276924176307,2.0866513354968714,False,24,1,True,True,False
120330027042,2025-05-10,24,0.41796875,3.308222185165137,7.128309384946238,True,24,1,True,True,True
120050002011,2025-05-10,22,4.42578125,27.59687365966789,0.6368191907072526,False,20,1,True,True,False
120330026042,2025-05-10,22,0.857421875,5.840105586544332,3.6202390199438748,True,22,1,True,True,True
121130108092,2025-05-10,22,1.416015625,9.297053451517936,2.214033132361871,False,13,2,True,True,False
120330035092,2025-05-10,22,0.2734375,1.5129698571517245,14.36020843197883,True,22,1,True,True,True
121319503041,2025-05-10,21,0.49609375,2.9062292862717443,7.05515781113865,True,21,1,True,True,True
121130101002,2025-05-10,21,9.751953125,38.03442405252881,0.29573332987678425,False,10,2,True,True,False
121130108094,2025-05-10,21,1.748046875,7.6145521982447875,2.5283106115468907,False,21,1,True,True,False
120910212002,2025-05-10,21,1.34765625,5.8520769537157795,3.35818272818879,True,21,1,True,True,True
120330036141,2025-05-10,21,0.869140625,5.312583817112478,3.789278450564122,True,21,1,True,True,True
121319502011,2025-05-10,20,1.380859375,7.117786274665048,2.615861154931375,False,20,1,True,True,False
121319505023,2025-05-10,20,3.873046875,17.55565642460506,0.9186186340715424,False,18,1,True,True,False
121319503032,2025-05-10,20,1.091796875,6.01704778806884,3.1424385830029364,True,14,2,True,True,True
121130104001,2025-05-10,19,9.90234375,55.34798502701685,0.16437195040721334,False,19,1,True,True,False
120330036092,2025-05-10,19,0.197265625,1.1895469149088156,15.80663539986678,True,19,1,True,True,True
121130108083,2025-05-10,19,4.466796875,17.043023464741115,0.852736203471557,False,18,1,True,True,False
120330026041,2025-05-10,18,1.4921875,7.282121466498447,2.266896065376627,False,18,1,True,True,False
121130108093,2025-05-10,18,0.49609375,2.632772599497602,6.648468710643744,True,17,2,True,True,True
120330026021,2025-05-10,16,1.03125,5.591001296639227,2.6772932442347623,False,16,1,True,True,False
121130107101,2025-05-10,16,5.873046875,30.85826281003802,0.3281763846312748,False,12,1,True,True,False
121130103032,2025-05-10,15,1.19140625,6.670207469480236,2.0701895425564643,False,14,1,True,True,False
120910203052,2025-05-10,15,4.34375,21.287405204774263,0.5005894282319601,False,15,1,True,True,False
120330024001,2025-05-10,13,1.236328125,10.438376085254413,1.126963790049464,False,13,1,True,True,False
120330027041,2025-05-10,13,0.451171875,2.54923314392085,4.9225894284817215,True,13,1,True,True,True
120910203061,2025-05-10,13,4.181640625,26.602462528256105,0.3314865819520836,False,13,1,True,True,False
121319504002,2025-05-10,12,6.1875,26.67878067963113,0.2178697771010862,False,10,1,True,True,False
120330036101,2025-05-10,12,0.43359375,3.0333250785713104,3.81311133834945,True,11,1,True,True,True
120910201023,2025-05-10,12,8.41796875,38.34932022114185,0.09340533885201016,False,12,1,True,True,False
121319501042,2025-05-10,12,3.833984375,19.130660459385076,0.42685487217426066,False,12,1,True,True,False
120910201022,2025-05-10,12,7.45703125,36.83514484388862,0.12333245245141831,False,9,1,True,True,False
120050022002,2025-05-10,12,0.130859375,0.9218296511947951,12.875633377182277,True,12,1,True,True,True
120330033051,2025-05-10,11,1.47265625,6.335007755576106,1.5039198241886893,False,8,1,True,True,False
121130108231,2025-05-10,11,1.05078125,7.040097580867818,1.4132217111646315,False,10,1,True,True,False
120330039004,2025-05-10,10,3.39453125,19.51627875325507,0.33845943858012845,False,10,1,True,True,False
120330025001,2025-05-10,10,1.73828125,11.857514291832736,0.696749634591673,False,10,1,True,True,False
120050013012,2025-05-10,10,0.45703125,2.741667571283683,3.480716936638625,True,10,1,True,True,True
120050014022,2025-05-10,10,0.34765625,2.5273909210698022,3.8190940980013983,True,10,1,True,True,True
120910202001,2025-05-10,9,13.890625,58.77240381418688,-0.08321294829903601,False,8,1,True,True,False
120330036143,2025-05-10,9,2.064453125,13.650435506760115,0.5080824616595788,False,9,1,True,True,False
120910201011,2025-05-10,9,7.80859375,35.84990569214942,0.033233176684782734,False,8,1,True,True,False
120910203062,2025-05-10,9,1.427734375,6.371003013420702,1.1885515685754353,False,8,1,True,True,False
121319506043,2025-05-10,9,0.490234375,2.549682905680734,3.3375780204040693,True,9,1,True,True,True
121130101001,2025-05-10,8,22.0703125,111.20237249814961,-0.12652888768388576,False,5,1,True,True,False
120910201021,2025-05-10,8,14.96484375,70.70081622753538,-0.09851150413292467,False,5,0,True,True,False
121130107072,2025-05-10,8,0.455078125,2.6017331258360072,2.8999599536465186,False,8,1,True,True,False
120330026011,2025-05-10,8,1.0234375,5.597685912355705,1.2463297529074857,False,8,1,True,True,False
121319506091,2025-05-10,8,0.4921875,2.362446222169275,3.1779823936504608,True,4,0,False,True,False
120050002031,2025-05-10,8,1.123046875,5.232976883043129,1.3141569853449937,False,8,1,True,True,False
121319504003,2025-05-10,7,9.2421875,42.331604195878015,-0.052967222541930745,False,6,1,True,True,False
120330036132,2025-05-10,7,1.86328125,9.96946705501637,0.5152450699373484,False,6,1,True,True,False
121319501023,2025-05-10,7,12.2109375,66.86814461817453,-0.07792854923304819,False,6,1,True,True,False
121319503061,2025-05-10,7,2.716796875,14.833580111273319,0.2887504629947577,False,5,1,True,True,False
121319506053,2025-05-10,7,1.599609375,9.622921909181514,0.5612007117970403,False,7,1,True,True,False
121319505021,2025-05-10,7,1.775390625,9.788084325293225,0.5337724115738536,False,7,1,True,True,False
121319506044,2025-05-10,7,0.15234375,0.9652648232794284,7.094070026021983,True,7,1,True,True,True
121319506062,2025-05-10,7,1.5078125,10.349089672285661,0.5306928120168676,False,7,1,True,True,False
120330036084,2025-05-10,7,0.5078125,3.601469788567548,1.8026494406835518,False,7,1,True,True,False
120330036031,2025-05-10,7,0.779296875,5.128879238622584,1.2128776747472487,False,7,1,True,True,False
121319505012,2025-05-10,6,13.455078125,54.720084121427625,-0.13624025336760576,False,6,1,True,True,False
121130108091,2025-05-10,6,0.357421875,2.054821925269796,2.746018063954197,False,5,1,True,True,False
121319501033,2025-05-10,6,3.810546875,18.033813806426075,0.12140821395304757,False,6,1,True,True,False
120330036033,2025-05-10,6,1.181640625,6.99512094736385,0.688817164314482,False,6,1,True,True,False
120330014021,2025-05-10,6,0.337890625,1.7928674306879266,3.1581305332918217,True,6,1,True,True,True
120050014021,2025-05-10,6,0.392578125,2.3880376196670783,2.348129622757678,False,6,1,True,True,False
120050014024,2025-05-10,6,0.07421875,0.5439215572761086,10.894551191674724,True,6,1,True,True,True
121130101004,2025-05-10,5,12.224609375,64.1884634903211,-0.11255308169340103,False,8,0,True,True,False
121130103031,2025-05-10,5,6.490234375,34.901537520225176,-0.04269824428612695,False,5,1,True,True,False
121130105061,2025-05-10,5,2.34375,11.621518269505675,0.22856307914344348,False,5,1,True,True,False
121319501041,2025-05-10,5,6.0078125,27.330189781327274,-0.03687542999385115,False,5,1,True,True,False
120330026052,2025-05-10,5,1.076171875,7.9558504481898655,0.49320033735585855,False,5,1,True,True,False
120330026071,2025-05-10,5,0.8515625,7.389461839795936,0.5613991370330376,False,5,1,True,True,False
121319506081,2025-05-10,5,1.44140625,6.745621496117649,0.5275412728164633,False,5,1,True,True,False
121319501032,2025-05-10,5,1.8984375,9.761411982614241,0.31773707589886585,False,5,1,True,True,False
121319506071,2025-05-10,5,0.76171875,4.097856269189469,1.0342679126806724,False,5,1,True,True,False
120330035121,2025-05-10,5,0.806640625,4.063068697963865,1.032067062292456,False,5,1,True,True,False
120330035111,2025-05-10,5,0.166015625,1.1111326636513201,4.350501549576381,True,4,0,False,True,False
120330035091,2025-05-10,5,0.140625,1.002809165839631,4.84576244965945,True,5,1,True,True,True
120910211012,2025-05-10,5,0.099609375,0.6590034608400908,7.436062048525562,True,5,1,True,True,True
121130108084,2025-05-10,4,0.212890625,0.9608734222625619,3.9413197277145207,True,4,0,False,True,False
120330026072,2025-05-10,4,0.171875,1.0861834654182256,3.5243815818223796,True,4,0,False,True,False
120330033101,2025-05-10,4,0.072265625,0.4688457990821988,8.377454554757316,True,4,0,False,True,False
120050013025,2025-05-10,4,0.166015625,1.2393488852000374,3.0935472817899656,True,3,0,False,True,False
120330036103,2025-05-10,4,0.173828125,0.8503818606679197,4.499357349879019,True,4,0,False,True,False
120330035073,2025-05-10,4,0.140625,0.7660545217754942,5.037989973683699,True,4,0,False,True,False
120330034002,2025-05-10,4,0.12109375,0.7461475585034545,5.198577956590662,True,3,0,False,True,False
120330036102,2025-05-10,4,0.150390625,0.8433229422247345,4.564810444791776,True,3,0,False,True,False
121319502022,2025-05-10,4,0.068359375,0.539274394491168,7.290612469575339,True,4,0,False,True,False
120330028021,2025-05-10,3,0.099609375,0.7374785437523648,3.9328474700328524,True,3,0,False,True,False
120330030021,2025-05-10,3,0.130859375,0.8442651268719173,3.3983881765085324,True,3,0,False,True,False
120330035071,2025-05-10,3,0.080078125,0.41901197007548163,6.968588211153012,True,3,0,False,True,False
120330028012,2025-05-10,3,0.072265625,0.4892707378755567,5.983873852158829,True,3,0,False,True,False
121319506092,2025-05-10,3,0.08203125,0.5054588264583163,5.772910862880414,True,2,0,False,True,False
120330033111,2025-05-10,3,0.025390625,0.20112171678081175,14.790095384089303,True,3,0,False,True,False
120330035112,2025-05-10,3,0.0703125,0.40415830248034795,7.248861354623427,True,3,0,False,True,False
120050020002,2025-05-10,3,0.099609375,0.7453967302515266,3.8910696911982594,True,3,0,False,True,False
120330036082,2025-05-10,3,0.091796875,0.5357759463861992,5.4280210685376735,True,3,0,False,True,False
121319502012,2025-05-10,2,0.078125,0.42170792426218234,4.557360413282489,True,2,0,False,True,False
120330034003,2025-05-10,2,0.099609375,0.5629109446916275,3.3760058192527547,True,1,0,False,True,False
120330032033,2025-05-10,2,0.109375,0.6063509282098118,3.1180376116218276,True,2,0,False,True,False
120330036081,2025-05-10,2,0.060546875,0.3569907026668995,5.432783292425582,True,2,0,False,True,False
120330033121,2025-05-10,2,0.0703125,0.40897167113218214,4.718389160447041,True,2,0,False,True,False
120330035052,2025-05-10,2,0.05078125,0.35022969119552366,5.565543981568954,True,2,0,False,True,False
120050016002,2025-05-10,2,0.052734375,0.3689944337294098,5.277222220723157,True,2,0,False,True,False
120330033102,2025-05-10,2,0.095703125,0.5635895351574083,3.378871955931789,True,2,0,False,True,False
120330031003,2025-05-10,2,0.078125,0.4658073814722679,4.125900697248654,True,2,0,False,True,False
120050014044,2025-05-10,2,0.041015625,0.31323909662368193,6.253958704757336,True,2,0,False,True,False
120910233032,2025-05-10,1,0.044921875,0.265301943238465,3.5999665639144376,True,1,0,False,True,False
121319506082,2025-05-10,1,0.037109375,0.2513950192904993,3.8301897456740486,True,1,0,False,True,False
120910210013,2025-05-10,1,0.05078125,0.3086479812358074,3.0754089049906854,True,1,0,False,True,False
120330033113,2025-05-10,1,0.0234375,0.1753874659415358,5.568029019391445,True,1,0,False,True,False
120330012011,2025-05-10,1,0.029296875,0.2600637693700206,3.7325580850859565,True,1,0,False,True,False
120330014023,2025-05-10,1,0.025390625,0.2011217167808118,4.845868415404176,True,1,0,False,True,False
120330029002,2025-05-10,1,0.01953125,0.15199062374520972,6.450850229048431,True,1,0,False,True,False
120050002013,2025-05-11,122,32.587890625,137.41519387845497,0.6506712020075877,False,64,6,True,True,False
121319505012,2025-05-11,50,13.455078125,54.720084121427625,0.6678520777472547,False,23,4,True,True,False
120050002012,2025-05-11,43,8.04296875,38.9559702959335,0.8973472097972378,False,28,2,True,True,False
120050002042,2025-05-11,39,6.548828125,30.588896444758674,1.0608807654635224,False,14,3,True,True,False
121319504002,2025-05-11,38,6.1875,26.67878067963113,1.1924270596177728,False,29,2,True,True,False
120330038001,2025-05-11,36,21.287109375,84.41335249877207,0.17429577418115247,False,34,2,True,True,False
120050002041,2025-05-11,33,7.814453125,34.00786639306215,0.7405800347456679,False,26,1,True,True,False
121319505013,2025-05-11,32,15.85546875,68.12351084119011,0.23698912534963468,False,12,2,True,True,False
121319504003,2025-05-11,29,9.2421875,42.331604195878015,0.4667390446290692,False,20,2,True,True,False
121319502021,2025-05-11,25,3.45703125,15.665351516515923,1.375198553782041,False,21,2,True,True,False
121319505011,2025-05-11,21,4.216796875,23.967400215414717,0.700251298603752,False,10,2,True,True,False
121319504001,2025-05-11,18,6.40625,30.31761095875755,0.38240974909835457,False,13,1,True,True,False
121319501022,2025-05-11,16,5.3203125,21.95634651194597,0.4864054907399742,False,10,2,True,True,False
121319506101,2025-05-11,14,2.51953125,18.67613590189436,0.6147132795727575,False,6,2,True,True,False
121319503053,2025-05-11,12,43.09765625,155.89971886707394,-0.1994721765759889,False,6,1,True,True,False
120050002011,2025-05-11,10,4.42578125,27.59687365966789,0.2019873272147698,False,5,1,True,True,False
120910208001,2025-05-11,8,66.595703125,226.04819685297892,-0.25921774179473095,False,6,1,True,True,False
121319503052,2025-05-11,8,3.205078125,18.006819038689855,0.26628367090808897,False,5,1,True,True,False
121319502011,2025-05-11,7,1.380859375,7.117786274665048,0.7894505971611838,False,5,1,True,True,False
120050002031,2025-05-11,6,1.123046875,5.232976883043129,0.931965348595981,False,6,1,True,True,False
120050027101,2025-05-11,2,0.09765625,0.5473958764887337,3.475261381584692,True,1,0,False,True,False
120050026051,2025-05-11,2,0.08984375,0.6063383209819365,3.1503142451999264,True,1,0,False,True,False
120050014032,2025-05-11,2,0.041015625,0.2802664090278288,6.989722320970276,True,2,0,False,True,False
121130108021,2025-05-12,74,21.01953125,76.84051907170081,0.6894860861177068,False,70,1,True,True,False
120910208001,2025-05-12,56,66.595703125,226.04819685297892,-0.046873645853018744,False,27,4,True,True,False
121319503053,2025-05-12,22,43.09765625,155.89971886707394,-0.13532837905877604,False,12,2,True,True,False
121130108083,2025-05-12,13,4.466796875,17.043023464741115,0.5006859928728978,False,10,1,True,True,False
121319505013,2025-05-12,12,15.85546875,68.12351084119011,-0.05659527382533013,False,12,1,True,True,False
121130108261,2025-05-12,11,0.224609375,1.6103687522882395,6.691256651427695,True,11,1,True,True,True
121130108252,2025-05-12,9,0.86328125,6.582374271633227,1.2361373592907392,False,9,1,True,True,False
121130108022,2025-05-12,9,0.2265625,1.2619051465248214,6.95253325827325,True,9,1,True,True,True
121319504002,2025-05-12,7,6.1875,26.67878067963113,0.03045491507864646,False,7,1,True,True,False
121130108211,2025-05-12,7,0.232421875,1.4866278030510212,4.552301599035637,True,7,1,True,True,True
120330026021,2025-05-12,6,1.03125,5.591001296639227,0.8887048556019358,False,6,1,True,True,False
121130105061,2025-05-12,5,2.34375,11.621518269505675,0.22856307914344348,False,5,1,True,True,False
120330031002,2025-05-12,2,0.0625,0.3906940985851665,4.959122768980471,True,2,0,False,True,False
120050003022,2025-05-21,362,7.248046875,35.08913720788649,10.1100221137745,True,297,3,True,True,True
120050002012,2025-05-21,291,8.04296875,38.9559702959335,7.263508753612975,True,270,4,True,True,True
120050003023,2025-05-21,159,8.814453125,41.20264875320031,3.6450459234938077,True,124,4,True,True,True
120050003021,2025-05-21,87,5.4453125,21.350511973861146,3.8198000872225077,True,57,2,True,True,True
120050004012,2025-05-21,62,0.85546875,4.905227988521408,12.46517621465968,True,57,2,True,True,True
120050002011,2025-05-21,48,4.42578125,27.59687365966789,1.578954894940965,False,46,1,True,True,False
120050005002,2025-05-21,38,8.80859375,45.03147936099073,0.6482444428705032,False,25,3,True,True,False
120330025002,2025-05-21,19,1.279296875,9.38782370663819,1.887626320940558,False,19,1,True,True,False
120330023001,2025-05-21,15,1.599609375,8.89434833658072,1.5066185984516491,False,14,1,True,True,False
120330024001,2025-05-21,8,1.236328125,10.438376085254413,0.6479620795187272,False,8,1,True,True,False
120910208001,2025-05-24,371,66.595703125,226.04819685297892,1.3466344837644675,False,204,4,True,True,False
120910201022,2025-05-24,275,7.45703125,36.83514484388862,7.263252795227938,True,270,2,True,True,True
121319503053,2025-05-24,123,43.09765625,155.89971886707394,0.5125239758650738,False,114,2,True,True,False
120330038002,2025-05-24,111,6.328125,32.737193310235114,3.1973380860134664,True,103,2,True,True,True
120330038001,2025-05-24,110,21.287109375,84.41335249877207,1.0509343367957158,False,87,3,True,True,False
120910201012,2025-05-24,95,5.34765625,32.006301886428645,2.801084113626214,False,94,1,True,True,False
120910201023,2025-05-24,66,8.41796875,38.34932022114185,1.5015137404770793,False,61,2,True,True,False
121319501024,2025-05-24,56,7.08203125,31.342079361827466,1.5607761114145726,False,51,2,True,True,False
121319501021,2025-05-24,49,4.578125,23.180010071775058,1.916387217367516,False,47,1,True,True,False
120330036033,2025-05-24,45,1.181640625,6.99512094736385,6.2641317719478735,True,44,1,True,True,True
121319501022,2025-05-24,31,5.3203125,21.95634651194597,1.1695792597383285,False,31,1,True,True,False
120330039001,2025-05-24,30,9.318359375,33.52182183274139,0.6169605198724568,False,29,1,True,True,False
121319501023,2025-05-24,25,12.2109375,66.86814461817453,0.19125792367990987,False,24,1,True,True,False
120330036142,2025-05-24,23,1.052734375,5.338553087151484,4.111088766321607,True,21,1,True,True,True
120330033051,2025-05-24,22,1.47265625,6.335007755576106,3.2403028602343427,True,21,1,True,True,True
121319501043,2025-05-24,20,7.017578125,31.37641060509692,0.41376376789546093,False,20,1,True,True,False
120330039003,2025-05-24,18,6.3203125,25.12463915485053,0.464869860538679,False,18,1,True,True,False
121319501033,2025-05-24,18,3.810546875,18.033813806426075,0.7868248656279131,False,17,1,True,True,False
120330036032,2025-05-24,17,3.5546875,16.948550483830033,0.7933016167269089,False,16,1,True,True,False
121319501031,2025-05-24,16,2.08203125,20.925857125886946,0.6651086579761823,False,16,1,True,True,False
120910206013,2025-05-24,16,1.185546875,6.740271389844577,2.1979015781650304,False,14,1,True,True,False
120910206022,2025-05-24,16,0.2890625,2.0287651329749714,7.744088876843795,True,15,2,True,True,True
120330020001,2025-05-24,12,0.126953125,1.0210581661298015,11.628178754990385,True,12,1,True,True,True
120910203062,2025-05-24,11,1.427734375,6.371003013420702,1.5024738812453464,False,9,1,True,True,False
121319501032,2025-05-24,11,1.8984375,9.761411982614241,0.9324022504336996,False,11,1,True,True,False
120910207023,2025-05-24,11,0.560546875,6.332923175201471,1.6484414600004818,False,10,2,True,True,False
121130102004,2025-05-24,10,10.314453125,70.59817626033603,-0.004454125328116561,False,10,1,True,True,False
120910203042,2025-05-24,9,2.072265625,11.657903106362172,0.5942521834153233,False,9,1,True,True,False
121130103031,2025-05-24,7,6.490234375,34.901537520225176,0.01460582143994644,False,7,1,True,True,False
120330036143,2025-05-24,6,2.064453125,13.650435506760115,0.28830925380007083,False,6,1,True,True,False
120910203061,2025-05-24,6,4.181640625,26.602462528256105,0.06835304713120484,False,6,1,True,True,False
120910203032,2025-05-24,6,0.87109375,4.343267995825453,1.1808864327344446,False,6,1,True,True,False
120910207021,2025-05-24,4,0.142578125,1.0474008431227124,3.6828516038802426,True,4,0,False,True,False
120330033102,2025-05-24,4,0.095703125,0.5635895351574083,6.927553887084766,True,3,0,False,True,False
120330032033,2025-05-24,3,0.109375,0.6063509282098118,4.767247588016844,True,3,0,False,True,False
120330033133,2025-05-24,3,0.09765625,0.543809112899017,5.337063467965372,True,3,0,False,True,False
120330033122,2025-05-24,2,0.068359375,0.4164133076742616,4.638758150618523,True,2,0,False,True,False
120330033083,2025-05-24,2,0.076171875,0.42896429420698984,4.484821116770356,True,2,0,False,True,False
121319503053,2025-05-25,164,43.09765625,155.89971886707394,0.7755135456856466,False,140,3,True,True,False
121130108021,2025-05-25,97,21.01953125,76.84051907170081,0.9888073332651711,False,88,2,True,True,False
121319504002,2025-05-25,39,6.1875,26.67878067963113,1.229910032022261,False,39,1,True,True,False
121319504001,2025-05-25,35,6.40625,30.31761095875755,0.9431399472371818,False,35,1,True,True,False
120330035121,2025-05-25,30,0.806640625,4.063068697963865,7.185051877077475,True,30,1,True,True,True
121319504003,2025-05-25,27,9.2421875,42.331604195878015,0.41949302034079644,False,13,2,True,True,False
121319505012,2025-05-25,20,13.455078125,54.720084121427625,0.11960730653257712,False,10,1,True,True,False
120330026041,2025-05-25,18,1.4921875,7.282121466498447,2.266896065376627,False,15,1,True,True,False
120910208001,2025-05-25,17,66.595703125,226.04819685297892,-0.2194032238056599,False,5,1,True,True,False
121319502021,2025-05-25,16,3.45703125,15.665351516515923,0.8006822404703778,False,9,2,True,True,False
120330026011,2025-05-25,12,1.0234375,5.597685912355705,1.9609107534546668,False,12,1,True,True,False
121130104001,2025-05-25,11,9.90234375,55.34798502701685,0.019831909860209083,False,11,1,True,True,False
121319501024,2025-05-25,10,7.08203125,31.342079361827466,0.09310067517581136,False,10,1,True,True,False
120050002013,2025-05-25,9,32.587890625,137.41519387845497,-0.17165416690285146,False,9,1,True,True,False
121130102003,2025-05-25,8,12.33203125,62.835254334293744,-0.06894268664773585,False,8,1,True,True,False
120330035062,2025-05-25,7,0.1171875,0.7900664467089236,8.7116881480929,True,7,1,True,True,True
120330035111,2025-05-25,7,0.166015625,1.1111326636513201,6.150466635138487,True,7,1,True,True,True
121319502011,2025-05-25,6,1.380859375,7.117786274665048,0.6489574773327076,False,6,1,True,True,False
121319505023,2025-05-25,6,3.873046875,17.55565642460506,0.1211548616330277,False,6,1,True,True,False
121319503061,2025-05-25,6,2.716796875,14.833580111273319,0.22133585421531585,False,6,1,True,True,False
120050005002,2025-05-25,5,8.80859375,45.03147936099073,-0.08457625208065578,False,5,1,True,True,False
121319503062,2025-05-25,5,3.3671875,16.49010666751634,0.09901770394344735,False,5,1,True,True,False
120330035061,2025-05-25,4,0.041015625,0.3430571428754785,11.540305914682605,True,4,0,False,True,False
120330035122,2025-05-25,3,0.05078125,0.4118586753889625,7.160754225256358,True,3,0,False,True,False
120330011041,2025-05-25,1,0.05078125,0.2956954305890317,3.2101231598646476,True,1,0,False,True,False
120330011042,2025-05-25,1,0.021484375,0.16997566232487185,5.7567984240577825,True,1,0,False,True,False
120330011044,2025-05-25,1,0.03125,0.2402705585201506,4.031913048217909,True,1,0,False,True,False
120330011043,2025-05-25,1,0.025390625,0.19114405728666492,5.098821218063541,True,1,0,False,True,False
120330038001,2025-05-27,55,21.287109375,84.41335249877207,0.39937864836597275,False,33,3,True,True,False
121319501023,2025-05-27,38,12.2109375,66.86814461817453,0.3856703763392685,False,31,2,True,True,False
121130101001,2025-05-27,37,22.0703125,111.20237249814961,0.1342569152492536,False,21,2,True,True,False
120910201023,2025-05-27,36,8.41796875,38.34932022114185,0.7192312951298188,False,31,2,True,True,False
120330036032,2025-05-27,36,3.5546875,16.948550483830033,1.914341437691373,False,25,2,True,True,False
120910208001,2025-05-27,33,66.595703125,226.04819685297892,-0.14862185849175583,False,29,1,True,True,False
121130101002,2025-05-27,32,9.751953125,38.03442405252881,0.5849450183411095,False,12,4,True,True,False
120910201011,2025-05-27,32,7.80859375,35.84990569214942,0.6747969285536376,False,28,1,True,True,False
120330039001,2025-05-27,28,9.318359375,33.52182183274139,0.557297891451511,False,24,1,True,True,False
120910201021,2025-05-27,24,14.96484375,70.70081622753538,0.12779422830031115,False,23,1,True,True,False
121130105061,2025-05-27,24,2.34375,11.621518269505675,1.8634613393694863,False,15,2,True,True,False
121130104001,2025-05-27,20,9.90234375,55.34798502701685,0.18243945547558887,False,15,1,True,True,False
120910202001,2025-05-27,15,13.890625,58.77240381418688,0.018875780604573664,False,13,1,True,True,False
120330036132,2025-05-27,15,1.86328125,9.96946705501637,1.317695186463348,False,13,1,True,True,False
121130104002,2025-05-27,15,3.611328125,15.867704915626064,0.717726472451902,False,9,2,True,True,False
120330038002,2025-05-27,14,6.328125,32.737193310235114,0.23434736531312317,False,8,2,True,True,False
121130108081,2025-05-27,13,4.806640625,19.27085026929318,0.4251685452642208,False,8,2,True,True,False
120330036033,2025-05-27,13,1.181640625,6.99512094736385,1.6895146579922702,False,10,1,True,True,False
120910201012,2025-05-27,12,5.34765625,32.006301886428645,0.20784481048779757,False,10,1,True,True,False
121319501024,2025-05-27,11,7.08203125,31.342079361827466,0.12500666292013227,False,11,1,True,True,False
120330039003,2025-05-27,11,6.3203125,25.12463915485053,0.18625889395496237,False,11,1,True,True,False
121130103031,2025-05-27,11,6.490234375,34.901537520225176,0.12921395289209323,False,9,1,True,True,False
120330036034,2025-05-27,11,1.140625,10.981203919895702,0.8978409901064512,False,10,1,True,True,False
121319501042,2025-05-27,10,3.833984375,19.130660459385076,0.3223106509098639,False,9,1,True,True,False
121130103021,2025-05-27,9,4.54296875,25.73571287523765,0.1731846819867368,False,7,1,True,True,False
121130105041,2025-05-27,9,0.58984375,3.164092567534893,2.6579994328523244,False,6,1,True,True,False
120910201022,2025-05-27,9,7.45703125,36.83514484388862,0.04188849416879642,False,6,1,True,True,False
120330038003,2025-05-27,8,3.66796875,26.015558896018575,0.1665169396250401,False,7,1,True,True,False
120330036131,2025-05-27,8,1.935546875,10.023150604322845,0.6050445976921155,False,6,1,True,True,False
121130107053,2025-05-27,8,0.333984375,1.5091946971170622,5.079540525582285,True,8,1,True,True,True
120330039002,2025-05-27,7,4.677734375,24.00088983069414,0.09675748030100587,False,7,1,True,True,False
120910203052,2025-05-27,7,4.34375,21.287405204774263,0.12478035601089915,False,7,1,True,True,False
121130101004,2025-05-27,6,12.224609375,64.1884634903211,-0.09697395819326009,False,6,1,True,True,False
120330036031,2025-05-27,6,0.779296875,5.128879238622584,1.017903304426812,False,6,1,True,True,False
120330036121,2025-05-27,6,1.09765625,8.054014956697099,0.6086832190351954,False,6,1,True,True,False
120330040003,2025-05-27,5,2.484375,16.19812961829592,0.1553034244866507,False,5,1,True,True,False
121130106014,2025-05-27,1,0.03125,0.1953470492925833,4.959122768980469,True,1,0,False,True,False
120330032042,2025-05-27,1,0.041015625,0.2346612325890982,4.086675776902708,True,1,0,False,True,False
120910208001,2025-05-28,395,66.595703125,226.04819685297892,1.4528065317353236,False,245,4,True,True,False
120330025001,2025-05-28,206,1.73828125,11.857514291832736,17.226352313207176,True,192,2,True,True,True
121130101001,2025-05-28,165,22.0703125,111.20237249814961,1.2853114937127652,False,147,2,True,True,False
121130108021,2025-05-28,158,21.01953125,76.84051907170081,1.7826593365693155,False,109,3,True,True,False
121130101002,2025-05-28,122,9.751953125,38.03442405252881,2.951222469412861,False,101,2,True,True,False
120910208003,2025-05-28,98,1.517578125,9.640285843712489,10.00825322393599,True,93,2,True,True,True
121130107101,2025-05-28,79,5.873046875,30.85826281003802,2.3697689521657783,False,54,3,True,True,False
121130101004,2025-05-28,76,12.224609375,64.1884634903211,0.9935646868166055,False,70,2,True,True,False
121130108241,2025-05-28,59,0.61328125,4.354503637900114,13.408352272764665,True,57,1,True,True,True
121130103031,2025-05-28,48,6.490234375,34.901537520225176,1.189339168824451,False,43,2,True,True,False
120910201011,2025-05-28,47,7.80859375,35.84990569214942,1.093208071076804,False,44,2,True,True,False
120910201023,2025-05-28,42,8.41796875,38.34932022114185,0.8756877841992708,False,38,1,True,True,False
120330036142,2025-05-28,38,1.052734375,5.338553087151484,6.920838853119679,True,38,1,True,True,True
121319503053,2025-05-28,37,43.09765625,155.89971886707394,-0.039112682782956744,False,22,2,True,True,False
121130108201,2025-05-28,35,1.4609375,9.200231719833488,3.6454584538015324,True,24,2,True,True,True
121130104001,2025-05-28,34,9.90234375,55.34798502701685,0.43538452643284636,False,23,2,True,True,False
121130108252,2025-05-28,30,0.86328125,6.582374271633227,4.426475546303228,True,27,1,True,True,True
121130108231,2025-05-28,30,1.05078125,7.040097580867818,4.112047939317269,True,24,2,True,True,True
121130108094,2025-05-28,30,1.748046875,7.6145521982447875,3.7102579888430327,True,30,1,True,True,True
120050002042,2025-05-28,30,6.548828125,30.588896444758674,0.7666563557580808,False,27,2,True,True,False
121130108083,2025-05-28,29,4.466796875,17.043023464741115,1.4394865544693223,False,26,2,True,True,False
120910201021,2025-05-28,28,14.96484375,70.70081622753538,0.1843706614086201,False,24,1,True,True,False
121130108081,2025-05-28,28,4.806640625,19.27085026929318,1.2035462395739267,False,28,1,True,True,False
120330033051,2025-05-28,27,1.47265625,6.335007755576106,4.029567876618731,True,27,1,True,True,True
121130107071,2025-05-28,27,2.603515625,11.853353268265453,2.0581926331610996,False,24,1,True,True,False
120910201022,2025-05-28,25,7.45703125,36.83514484388862,0.47625627167611323,False,19,2,True,True,False
121130104002,2025-05-28,24,3.611328125,15.867704915626064,1.284916248658104,False,24,1,True,True,False
121130108242,2025-05-28,22,0.373046875,2.4301385716148967,8.89947321424896,True,22,1,True,True,True
121319501023,2025-05-28,22,12.2109375,66.86814461817453,0.1463935115277502,False,22,1,True,True,False
121130103021,2025-05-28,21,4.54296875,25.73571287523765,0.6394628091236828,False,18,2,True,True,False
120910232001,2025-05-28,21,0.96484375,5.748711620740289,3.485155904797322,True,17,1,True,True,True
121130108271,2025-05-28,20,1.109375,7.9732766727485185,2.3692423799321256,False,18,2,True,True,False
120330037002,2025-05-28,20,0.2890625,1.6840559731042033,11.704443210202228,True,20,1,True,True,True
120330039001,2025-05-28,19,9.318359375,33.52182183274139,0.28881606355725453,False,18,1,True,True,False
121319501024,2025-05-28,18,7.08203125,31.342079361827466,0.34834857713037853,False,16,1,True,True,False
120910208004,2025-05-28,18,0.3828125,3.119589249268038,5.6472779242118465,True,18,1,True,True,True
120330040001,2025-05-28,17,4.2421875,25.181997761346214,0.5066243203143695,False,17,1,True,True,False
121319506062,2025-05-28,16,1.5078125,10.349089672285661,1.4003345181952906,False,16,1,True,True,False
120050002041,2025-05-28,14,7.814453125,34.00786639306215,0.18188576735475226,False,9,2,True,True,False
121319506101,2025-05-28,14,2.51953125,18.67613590189436,0.6147132795727575,False,14,1,True,True,False
120330036141,2025-05-28,13,0.869140625,5.312583817112478,2.283419856064205,False,12,1,True,True,False
121319505013,2025-05-28,12,15.85546875,68.12351084119011,-0.05659527382533013,False,7,2,True,True,False
120330039003,2025-05-28,12,6.3203125,25.12463915485053,0.22606046060977902,False,12,1,True,True,False
121319501021,2025-05-28,12,4.578125,23.180010071775058,0.3201842871085368,False,12,1,True,True,False
121130108232,2025-05-28,12,0.173828125,1.1582506690176544,10.210373446216193,True,11,1,True,True,True
121130108142,2025-05-28,12,0.3671875,2.01897493415243,5.761741913295956,True,11,1,True,True,True
121130108251,2025-05-28,12,0.3515625,2.8064500596621507,4.150594969576004,True,12,1,True,True,True
120330036123,2025-05-28,12,0.322265625,1.988138097730084,5.873703837944062,True,12,1,True,True,True
120330039002,2025-05-28,11,4.677734375,24.00088983069414,0.26341796781695204,False,11,1,True,True,False
120330036143,2025-05-28,11,2.064453125,13.650435506760115,0.6545979335659176,False,11,1,True,True,False
120330037001,2025-05-28,11,0.486328125,3.325141227339295,3.1618722803580916,True,11,1,True,True,True
120330033082,2025-05-28,11,0.357421875,1.960266664272672,5.429148145489059,True,11,1,True,True,True
121130102003,2025-05-28,10,12.33203125,62.835254334293744,-0.03711342103579649,False,9,1,True,True,False
121319501041,2025-05-28,10,6.0078125,27.330189781327274,0.1460724397430848,False,10,1,True,True,False
120330033012,2025-05-28,10,0.455078125,2.9724655526338593,3.2111126961731755,True,10,1,True,True,True
120050002013,2025-05-28,9,32.587890625,137.41519387845497,-0.17165416690285146,False,5,1,True,True,False
120910202001,2025-05-28,9,13.890625,58.77240381418688,-0.08321294829903601,False,9,1,True,True,False
120330036032,2025-05-28,9,3.5546875,16.948550483830033,0.3212848500050294,False,7,1,True,True,False
121319501022,2025-05-28,8,5.3203125,21.95634651194597,0.12204614727418518,False,7,1,True,True,False
120330036132,2025-05-28,8,1.86328125,9.96946705501637,0.6155513345030983,False,8,1,True,True,False
120910232002,2025-05-28,8,0.96875,5.28919069049979,1.3293621673783136,False,5,1,True,True,False
121319501031,2025-05-28,8,2.08203125,20.925857125886946,0.28280651609147245,False,8,1,True,True,False
121130108211,2025-05-28,8,0.232421875,1.4866278030510212,5.224964923337584,True,8,1,True,True,True
120330036031,2025-05-28,8,0.779296875,5.128879238622584,1.4078520450676857,False,8,1,True,True,False
120330040003,2025-05-28,7,2.484375,16.19812961829592,0.27877447004125494,False,7,1,True,True,False
120330036101,2025-05-28,7,0.43359375,3.0333250785713104,2.1647552042436424,False,6,1,True,True,False
121130108082,2025-05-28,7,1.833984375,10.62276924176307,0.4863153390068927,False,7,1,True,True,False
120910231004,2025-05-28,7,0.373046875,2.647506690616494,2.5030921162495186,False,6,1,True,True,False
120330014021,2025-05-28,7,0.337890625,1.7928674306879266,3.7158962570053133,True,7,1,True,True,True
121319501032,2025-05-28,7,1.8984375,9.761411982614241,0.5226254674104771,False,5,1,True,True,False
120330036133,2025-05-28,7,0.427734375,3.775325745558688,1.7408472984699785,False,7,1,True,True,False
121319504003,2025-05-28,6,9.2421875,42.331604195878015,-0.0765902346860671,False,5,1,True,True,False
121130108141,2025-05-28,6,0.3671875,3.7726403960263624,1.4930690202895869,False,5,1,True,True,False
120910201012,2025-05-28,6,5.34765625,32.006301886428645,0.020381728333213268,False,6,1,True,True,False
120050005003,2025-05-28,6,4.2421875,28.655384385927967,0.06134318340755615,False,6,1,True,True,False
120330033081,2025-05-28,6,0.15234375,1.5261049941053428,3.8317522533422443,True,6,1,True,True,True
120910231002,2025-05-28,6,0.17578125,1.0891563796690429,5.347458692543103,True,5,1,True,True,True
121319502021,2025-05-28,5,3.45703125,15.665351516515923,0.09849563531167836,False,5,1,True,True,False
121130102001,2025-05-28,5,6.05859375,46.09609299080168,-0.022964934364637774,False,5,1,True,True,False
120330026041,2025-05-28,5,1.4921875,7.282121466498447,0.48170200348040954,False,5,1,True,True,False
121130108272,2025-05-28,5,0.30078125,2.4779574978309786,1.8964081321464754,False,5,1,True,True,False
120330036034,2025-05-28,5,1.140625,10.981203919895702,0.3514528122920657,False,5,1,True,True,False
121130108273,2025-05-28,5,0.138671875,1.0290822929700527,4.72394497331174,True,5,1,True,True,True
120330036122,2025-05-28,5,0.48828125,3.296778267076822,1.368523565887383,False,5,1,True,True,False
121319506052,2025-05-28,5,2.744140625,16.978718256217732,0.1328639383113556,False,5,1,True,True,False
120050027071,2025-05-28,5,0.7265625,5.362353141420958,0.7969332468968262,False,5,1,True,True,False
120330032013,2025-05-28,4,0.125,0.6318363879478842,6.1329168023789435,True,4,0,False,True,False
120330036112,2025-05-28,4,0.2265625,1.0521795011042705,3.586305849942665,True,4,0,False,True,False
120910219021,2025-05-28,4,0.07421875,0.601985767267111,6.52138549358438,True,4,0,False,True,False
120910219024,2025-05-28,4,0.087890625,0.5613879254904733,6.968638257728947,True,4,0,False,True,False
120330033083,2025-05-28,4,0.076171875,0.42896429420698984,9.14721383105751,True,4,0,False,True,False
120910219011,2025-05-28,3,0.09765625,0.5820491292368722,4.986424004800554,True,3,0,False,True,False
120330033133,2025-05-28,3,0.09765625,0.543809112899017,5.337063467965372,True,3,0,False,True,False
120910215013,2025-05-28,3,0.03515625,0.25553438691550245,11.602523581221124,True,3,0,False,True,False
120330036113,2025-05-28,2,0.1171875,0.5435419642746941,3.463968973421283,True,1,0,False,True,False
120330034003,2025-05-28,2,0.099609375,0.5629109446916275,3.3760058192527547,True,2,0,False,True,False
120330032033,2025-05-28,2,0.109375,0.6063509282098118,3.1180376116218276,True,2,0,False,True,False
120910227001,2025-05-28,2,0.072265625,0.4430948175818648,4.350613680205902,True,2,0,False,True,False
120330035112,2025-05-28,2,0.0703125,0.40415830248034795,4.774583345578631,True,2,0,False,True,False
120910225003,2025-05-28,2,0.0703125,0.51488366250055,3.747812643012224,True,2,0,False,True,False
120910224003,2025-05-28,2,0.037109375,0.2808113833580887,6.990067858100096,True,2,0,False,True,False
120910226001,2025-05-28,2,0.05078125,0.36660949192495246,5.316880203415516,True,2,0,False,True,False
120910218022,2025-05-28,2,0.041015625,0.2802664090278288,6.989722320970276,True,2,0,False,True,False
120910220022,2025-05-28,2,0.072265625,0.5314496142765346,3.6273135274060473,True,1,0,False,True,False
120910216002,2025-05-28,1,0.03515625,0.2630811989123036,3.6674751141058333,True,1,0,False,True,False
121319506082,2025-05-28,1,0.037109375,0.2513950192904993,3.8301897456740486,True,1,0,False,True,False
120910210013,2025-05-28,1,0.05078125,0.3086479812358074,3.0754089049906854,True,1,0,False,True,False
120330011041,2025-05-28,1,0.05078125,0.2956954305890317,3.2101231598646476,True,1,0,False,True,False
120330010023,2025-05-28,1,0.013671875,0.1320046912156361,7.4719172168569745,True,1,0,False,True,False
120330011043,2025-05-28,1,0.025390625,0.19114405728666492,5.098821218063541,True,1,0,False,True,False
120910218024,2025-05-28,1,0.03515625,0.2630811989123034,3.6674751141058355,True,1,0,False,True,False
120910228001,2025-05-28,1,0.01953125,0.13851806879105943,7.078273315223146,True,1,0,False,True,False
120330032042,2025-05-28,1,0.041015625,0.2346612325890982,4.086675776902708,True,1,0,False,True,False
120330005001,2025-05-28,1,0.005859375,0.07639661003892982,13.012889243297714,True,1,0,False,True,False
120050002042,2025-05-29,373,6.548828125,30.588896444758674,11.97987552564324,True,335,3,True,True,True
120910208001,2025-05-29,333,66.595703125,226.04819685297892,1.1785287411439453,False,132,8,True,True,False
120050002013,2025-05-29,266,32.587890625,137.41519387845497,1.698590256194342,False,183,3,True,True,False
120330038001,2025-05-29,208,21.287109375,84.41335249877207,2.2118881089068942,False,76,4,True,True,False
121130104001,2025-05-29,163,9.90234375,55.34798502701685,2.76609268025329,False,158,2,True,True,False
121130101001,2025-05-29,160,22.0703125,111.20237249814961,1.2403484242415344,False,133,2,True,True,False
121130101002,2025-05-29,155,9.751953125,38.03442405252881,3.8188575348058365,True,132,2,True,True,True
120330039001,2025-05-29,147,9.318359375,33.52182183274139,4.10722428249779,True,46,4,True,True,True
121130102002,2025-05-29,142,5.32421875,34.781964973978646,3.929501434213132,True,138,1,True,True,True
120330039003,2025-05-29,129,6.3203125,25.12463915485053,4.882843759223329,True,69,4,True,True,True
121319503053,2025-05-29,126,43.09765625,155.89971886707394,0.5317671151202377,False,101,4,True,True,False
121130104002,2025-05-29,107,3.611328125,15.867704915626064,6.51566640700419,True,102,2,True,True,True
121130105051,2025-05-29,106,1.58984375,11.621044005252527,8.984576274111712,True,103,1,True,True,True
121319501043,2025-05-29,100,7.017578125,31.37641060509692,2.9634499320293677,False,100,1,True,True,False
121130101004,2025-05-29,96,12.224609375,64.1884634903211,1.3051471568194242,False,86,3,True,True,False
121130102003,2025-05-29,86,12.33203125,62.835254334293744,1.1723986722178994,False,45,4,True,True,False
120050027071,2025-05-29,78,0.7265625,5.362353141420958,14.41035968017643,True,77,1,True,True,True
120050027062,2025-05-29,78,0.58203125,4.200119904983984,18.432323481559084,True,78,1,True,True,True
120050007001,2025-05-29,75,6.94921875,39.802759290506025,1.7097000927328134,False,75,1,True,True,False
121319505013,2025-05-29,74,15.85546875,68.12351084119011,0.8535163636170607,False,46,3,True,True,False
121319506102,2025-05-29,71,2.091796875,11.650544912789353,5.914590574159,True,69,2,True,True,True
121130108081,2025-05-29,66,4.806640625,19.27085026929318,3.1754363984918483,True,45,3,True,True,True
120050027092,2025-05-29,51,0.34375,2.828945991132323,17.906404066669428,True,51,1,True,True,True
120050005001,2025-05-29,46,6.83203125,32.275888581615796,1.213536496476503,False,45,1,True,True,False
120910201021,2025-05-29,44,14.96484375,70.70081622753538,0.41067639384185595,False,43,1,True,True,False
121130102004,2025-05-29,43,10.314453125,70.59817626033603,0.4629800457517431,False,24,3,True,True,False
121130108092,2025-05-29,42,1.416015625,9.297053451517936,4.365252344373026,True,39,2,True,True,True
121319506111,2025-05-29,41,0.64453125,3.8669923099794627,10.435880269494078,True,40,1,True,True,True
120050002041,2025-05-29,39,7.814453125,34.00786639306215,0.9170098033954307,False,29,3,True,True,False
120050005002,2025-05-29,38,8.80859375,45.03147936099073,0.6482444428705032,False,38,1,True,True,False
121130103021,2025-05-29,37,4.54296875,25.73571287523765,1.261166978639611,False,24,3,True,True,False
120910201023,2025-05-29,36,8.41796875,38.34932022114185,0.7192312951298188,False,28,3,True,True,False
121130108021,2025-05-29,34,21.01953125,76.84051907170081,0.16892739542646462,False,14,3,True,True,False
120050027081,2025-05-29,34,0.25,2.11323293194516,15.970790294723571,True,34,1,True,True,True
120050003023,2025-05-29,32,8.814453125,41.20264875320031,0.5627198147837309,False,28,2,True,True,False
121130101003,2025-05-29,31,5.4296875,43.05486121072455,0.5939007067018643,False,31,1,True,True,False
120050003021,2025-05-29,30,5.4453125,21.350511973861146,1.150074880174379,False,28,1,True,True,False
121130108085,2025-05-29,30,0.494140625,2.2582670138453333,13.065708879464166,True,27,2,True,True,True
120050005003,2025-05-29,30,4.2421875,28.655384385927967,0.8988821141987228,False,29,2,True,True,False
120330039002,2025-05-29,29,4.677734375,24.00088983069414,1.0133901616387098,False,17,3,True,True,False
120330038002,2025-05-29,29,6.328125,32.737193310235114,0.692541806658537,False,23,2,True,True,False
121319506101,2025-05-29,27,2.51953125,18.67613590189436,1.3107887455197247,False,25,1,True,True,False
120050003022,2025-05-29,26,7.248046875,35.08913720788649,0.5344090683650492,False,20,2,True,True,False
121319501031,2025-05-29,25,2.08203125,20.925857125886946,1.095198567596481,False,25,1,True,True,False
120050027061,2025-05-29,25,0.283203125,1.8736694153540716,13.191653059207997,True,25,1,True,True,True
120910203062,2025-05-29,24,1.427734375,6.371003013420702,3.5429689135997693,True,23,1,True,True,True
120910208003,2025-05-29,23,1.517578125,9.640285843712489,2.2284009232994992,False,23,1,True,True,False
121130103031,2025-05-29,22,6.490234375,34.901537520225176,0.44438631438549686,False,16,2,True,True,False
121130107071,2025-05-29,21,2.603515625,11.853353268265453,1.5520067578051717,False,17,1,True,True,False
120050026071,2025-05-29,21,1.5703125,9.99231297013613,1.9444634648723678,False,21,1,True,True,False
121130105062,2025-05-29,20,0.4375,2.1949951967816066,8.9123201857951,True,19,1,True,True,True
121130102001,2025-05-29,19,6.05859375,46.09609299080168,0.2807484411440773,False,14,1,True,True,False
120330040001,2025-05-29,19,4.2421875,25.181997761346214,0.5860461366037012,False,10,2,True,True,False
120910203061,2025-05-29,18,4.181640625,26.602462528256105,0.5194391068241399,False,18,1,True,True,False
120050013012,2025-05-29,18,0.45703125,2.741667571283683,6.398649104561631,True,18,1,True,True,True
121130105061,2025-05-29,17,2.34375,11.621518269505675,1.2611304013914706,False,14,2,True,True,False
121319501024,2025-05-29,16,7.08203125,31.342079361827466,0.2845366016417367,False,14,1,True,True,False
120330039004,2025-05-29,16,3.39453125,19.51627875325507,0.6458950965689382,False,11,1,True,True,False
121130107101,2025-05-29,16,5.873046875,30.85826281003802,0.3281763846312748,False,10,2,True,True,False
121319506053,2025-05-29,15,1.599609375,9.622921909181514,1.3925490356743195,False,14,1,True,True,False
120050027031,2025-05-29,15,0.2109375,1.2156986426840637,12.165072807310347,True,15,1,True,True,True
120050026081,2025-05-29,15,0.728515625,5.271357391718295,2.707364216552949,False,15,1,True,True,False
121130105043,2025-05-29,15,0.384765625,2.6480436865173704,5.5192572726100035,True,15,1,True,True,True
121130108091,2025-05-29,13,0.357421875,2.054821925269796,6.152639296633962,True,13,1,True,True,True
121319501033,2025-05-29,13,3.810546875,18.033813806426075,0.5095679274300524,False,12,1,True,True,False
120330025002,2025-05-29,13,1.279296875,9.38782370663819,1.2485005568129934,False,6,2,True,True,False
120050004021,2025-05-29,13,1.884765625,13.451092912177986,0.8263443310942259,False,13,1,True,True,False
120050002012,2025-05-29,12,8.04296875,38.9559702959335,0.10157701682027064,False,7,2,True,True,False
120330038003,2025-05-29,12,3.66796875,26.015558896018575,0.3202710840578995,False,9,1,True,True,False
120910212002,2025-05-29,12,1.34765625,5.8520769537157795,1.8202672032937448,False,11,1,True,True,False
121319506043,2025-05-29,12,0.490234375,2.549682905680734,4.5141949217904935,True,9,1,True,True,True
120330025001,2025-05-29,11,1.73828125,11.857514291832736,0.7810843421356297,False,7,1,True,True,False
121130106021,2025-05-29,10,0.228515625,1.389268114540974,7.033548292604831,True,10,1,True,True,True
121319506062,2025-05-29,10,1.5078125,10.349089672285661,0.8205733807430086,False,6,1,True,True,False
120050027091,2025-05-29,10,0.099609375,0.9950168619316839,9.949972712803879,True,10,1,True,True,True
120910201011,2025-05-29,9,7.80859375,35.84990569214942,0.033233176684782734,False,7,1,True,True,False
121319501023,2025-05-29,9,12.2109375,66.86814461817453,-0.04801894113160841,False,8,1,True,True,False
120910232001,2025-05-29,9,0.96484375,5.748711620740289,1.3977316623451144,False,7,1,True,True,False
120910232002,2025-05-29,9,0.96875,5.28919069049979,1.518427008961007,False,8,1,True,True,False
121319501022,2025-05-29,8,5.3203125,21.95634651194597,0.12204614727418518,False,8,1,True,True,False
120910203052,2025-05-29,8,4.34375,21.287405204774263,0.17175649003853177,False,7,1,True,True,False
120910208004,2025-05-29,8,0.3828125,3.119589249268038,2.441727705590488,False,7,1,True,True,False
121319506052,2025-05-29,8,2.744140625,16.978718256217732,0.30955572120853503,False,5,1,True,True,False
120050002011,2025-05-29,7,4.42578125,27.59687365966789,0.09327936134164913,False,5,1,True,True,False
120330036143,2025-05-29,7,2.064453125,13.650435506760115,0.36156698975324014,False,6,1,True,True,False
120330036132,2025-05-29,7,1.86328125,9.96946705501637,0.5152450699373484,False,6,1,True,True,False
121130105032,2025-05-29,7,0.404296875,3.0620812495771133,2.153993505531865,False,7,1,True,True,False
120330024001,2025-05-29,7,1.236328125,10.438376085254413,0.5521617374125798,False,7,1,True,True,False
120050004012,2025-05-29,7,0.85546875,4.905227988521408,1.2526494720283445,False,6,1,True,True,False
120330036121,2025-05-29,7,1.09765625,8.054014956697099,0.7328448955873946,False,6,1,True,True,False
120330036141,2025-05-29,6,0.869140625,5.312583817112478,0.9657935858767778,False,5,1,True,True,False
121319506051,2025-05-29,6,0.3359375,2.5297520240780145,2.238979333187531,False,5,1,True,True,False
120050027032,2025-05-29,6,0.14453125,0.7754863223832661,7.550705384467207,True,6,1,True,True,True
120050008062,2025-05-29,6,0.49609375,3.0224185788136158,1.8210271365392539,False,6,1,True,True,False
120050013011,2025-05-29,6,0.13671875,0.9696264815374169,6.046948347268032,True,6,1,True,True,True
120330037002,2025-05-29,6,0.2890625,1.6840559731042033,3.391180335575834,True,6,1,True,True,True
120050020001,2025-05-29,6,0.107421875,0.7752176600794268,7.6011918051457465,True,6,1,True,True,True
121130108122,2025-05-29,5,0.2421875,1.5362347227190483,3.0970609045855584,True,2,0,False,True,False
120910231001,2025-05-29,5,0.15234375,0.9793535823871982,4.9498529817838826,True,5,1,True,True,True
120050014022,2025-05-29,5,0.34765625,2.5273909210698022,1.8407693527801157,False,5,1,True,True,False
120910231002,2025-05-29,5,0.17578125,1.0891563796690429,4.42931689154308,True,5,1,True,True,True
121130108084,2025-05-29,4,0.212890625,0.9608734222625619,3.9413197277145207,True,4,0,False,True,False
120050026082,2025-05-29,4,0.115234375,0.6740960053381978,5.762926340219137,True,4,0,False,True,False
120050013024,2025-05-29,4,0.09375,0.7395719923700732,5.281771132897847,True,3,0,False,True,False
120050013025,2025-05-29,4,0.166015625,1.2393488852000374,3.0935472817899656,True,4,0,False,True,False
120050022002,2025-05-29,4,0.130859375,0.9218296511947951,4.1972403686355255,True,4,0,False,True,False
120050016002,2025-05-29,4,0.052734375,0.3689944337294098,10.697358182629388,True,4,0,False,True,False
120050018001,2025-05-29,4,0.076171875,0.4966212590114852,7.901047435646034,True,4,0,False,True,False
121130106011,2025-05-29,3,0.0703125,0.39928691330789107,7.337299075817471,True,3,0,False,True,False
120910225003,2025-05-29,3,0.0703125,0.51488366250055,5.689998951941636,True,3,0,False,True,False
120050026051,2025-05-29,2,0.08984375,0.6063383209819365,3.1503142451999264,True,2,0,False,True,False
120050017002,2025-05-29,2,0.0625,0.38565267319755836,5.023950654706019,True,2,0,False,True,False
121130107052,2025-05-29,2,0.091796875,0.5501921864452823,3.46824831760815,True,2,0,False,True,False
121130105031,2025-05-29,2,0.05859375,0.4769484447845357,4.0704740129240635,True,2,0,False,True,False
120910227001,2025-05-29,2,0.072265625,0.4430948175818648,4.350613680205902,True,2,0,False,True,False
120910219023,2025-05-29,2,0.048828125,0.3244121489969662,6.014484602480922,True,2,0,False,True,False
120910219024,2025-05-29,2,0.087890625,0.5613879254904733,3.4060393681061605,True,2,0,False,True,False
121130106013,2025-05-29,2,0.06640625,0.602899367034862,3.207158367920781,True,2,0,False,True,False
121130106014,2025-05-29,2,0.03125,0.1953470492925833,10.078217240186115,True,2,0,False,True,False
120050017001,2025-05-29,2,0.080078125,0.522894242832972,3.6717211966192562,True,2,0,False,True,False
120050014024,2025-05-29,2,0.07421875,0.5439215572761086,3.540549596239709,True,2,0,False,True,False
120050019001,2025-05-29,2,0.033203125,0.3765003823581741,5.223890777165101,True,2,0,False,True,False
121130108133,2025-05-29,1,0.02734375,0.20567861759981043,4.72901005146048,True,1,0,False,True,False
120050026061,2025-05-29,1,0.046875,0.29634102637652837,3.216311327709878,True,1,0,False,True,False
120050016003,2025-05-29,1,0.041015625,0.293899725551183,3.26296451349694,True,1,0,False,True,False
121130106012,2025-05-29,1,0.029296875,0.1800225408532614,5.392119900092023,True,1,0,False,True,False
120910227002,2025-05-29,1,0.03125,0.20512036464518152,4.722836767942324,True,1,0,False,True,False
120050019002,2025-05-29,1,0.015625,0.1524426041296069,6.457348361505837,True,1,0,False,True,False
120050002013,2025-05-30,301,32.587890625,137.41519387845497,1.953292804086956,False,289,2,True,True,False
121319505013,2025-05-30,230,15.85546875,68.12351084119011,3.143474677181786,True,229,1,True,True,True
121319503061,2025-05-30,96,2.716796875,14.833580111273319,6.288650644365081,True,95,1,True,True,True
121319503053,2025-05-30,90,43.09765625,155.89971886707394,0.3008494440582714,False,57,3,True,True,False
120050002042,2025-05-30,61,6.548828125,30.588896444758674,1.7800959891879349,False,59,1,True,True,False
121319505011,2025-05-30,54,4.216796875,23.967400215414717,2.077121534983246,False,52,1,True,True,False
120330038001,2025-05-30,53,21.287109375,84.41335249877207,0.37568571424125485,False,53,1,True,True,False
120050003021,2025-05-30,47,5.4453125,21.350511973861146,1.9463087138553998,False,34,2,True,True,False
121319505022,2025-05-30,47,3.001953125,14.118106654664265,3.1164268659540237,True,47,1,True,True,True
120050002041,2025-05-30,31,7.814453125,34.00786639306215,0.6817701118624137,False,31,1,True,True,False
120910208001,2025-05-30,27,66.595703125,226.04819685297892,-0.17516487048446985,False,24,1,True,True,False
121319505023,2025-05-30,25,3.873046875,17.55565642460506,1.203427124228155,False,23,1,True,True,False
121319505012,2025-05-30,19,13.455078125,54.720084121427625,0.1013324808254212,False,10,2,True,True,False
121319504003,2025-05-30,16,9.2421875,42.331604195878015,0.1596398867552965,False,14,1,True,True,False
121130102003,2025-05-30,16,12.33203125,62.835254334293744,0.05837437580002162,False,16,1,True,True,False
121319504001,2025-05-30,16,6.40625,30.31761095875755,0.31644149049378667,False,16,1,True,True,False
121319505021,2025-05-30,14,1.775390625,9.788084325293225,1.248927672538598,False,14,1,True,True,False
120050003022,2025-05-30,13,7.248046875,35.08913720788649,0.1639240398224216,False,7,2,True,True,False
120330039001,2025-05-30,11,9.318359375,33.52182183274139,0.050165549873471084,False,11,1,True,True,False
120330039002,2025-05-30,11,4.677734375,24.00088983069414,0.26341796781695204,False,11,1,True,True,False
120050002012,2025-05-30,10,8.04296875,38.9559702959335,0.050237004370143716,False,5,2,True,True,False
121319503062,2025-05-30,8,3.3671875,16.49010666751634,0.2809449686050922,False,7,1,True,True,False
120330039003,2025-05-30,6,6.3203125,25.12463915485053,-0.012748939319120963,False,6,1,True,True,False
120050005003,2025-05-30,6,4.2421875,28.655384385927967,0.06134318340755615,False,6,1,True,True,False
121130101002,2025-05-31,128,9.751953125,38.03442405252881,3.108974299484311,True,127,1,True,True,True
120910208001,2025-05-31,101,66.595703125,226.04819685297892,0.15219894409233645,False,99,2,True,True,False
121130104002,2025-05-31,90,3.611328125,15.867704915626064,5.44430794083692,True,90,1,True,True,True
121130108081,2025-05-31,89,4.806640625,19.27085026929318,4.368948863100064,True,89,1,True,True,True
121130102003,2025-05-31,69,12.33203125,62.835254334293744,0.9018499145164148,False,84,0,True,True,False
121130102004,2025-05-31,28,10.314453125,70.59817626033603,0.25050996798817055,False,30,0,True,True,False
121130108083,2025-05-31,28,4.466796875,17.043023464741115,1.3808115193695458,False,28,1,True,True,False
121130104001,2025-05-31,24,9.90234375,55.34798502701685,0.25470947574909103,False,24,1,True,True,False
120910201011,2025-05-31,23,7.80859375,35.84990569214942,0.4237502430397379,False,23,1,True,True,False
121130108021,2025-05-31,13,21.01953125,76.84051907170081,-0.10436591718643752,False,13,1,True,True,False
121130101001,2025-05-31,12,22.0703125,111.20237249814961,-0.09055843210690102,False,12,1,True,True,False
121130101004,2025-05-31,10,12.224609375,64.1884634903211,-0.034657464192696344,False,10,1,True,True,False
121130108082,2025-05-31,10,1.833984375,10.62276924176307,0.7687275736815948,False,10,1,True,True,False
121319506043,2025-05-31,7,0.490234375,2.549682905680734,2.55316675281312,False,7,1,True,True,False
121319506062,2025-05-31,6,1.5078125,10.349089672285661,0.43406595577482054,False,6,1,True,True,False
121130102001,2025-05-31,5,6.05859375,46.09609299080168,-0.022964934364637774,False,5,1,True,True,False
120910212003,2025-05-31,2,0.08203125,0.5605328180556575,3.421688593814961,True,2,0,False,True,False
120910220011,2025-05-31,2,0.046875,0.33943374049712116,5.754068517583228,True,2,0,False,True,False
120910218024,2025-05-31,1,0.03515625,0.2630811989123034,3.6674751141058355,True,1,0,False,True,False
120050026062,2025-05-31,1,0.02734375,0.26400938243127225,3.6841730435591806,True,1,0,False,True,False
120910208001,2025-06-03,7,66.595703125,226.04819685297892,-0.26364157712684994,False,7,1,True,True,False
121319503053,2025-06-03,7,43.09765625,155.89971886707394,-0.2315440753345953,False,7,1,True,True,False
121130104001,2025-06-03,6,9.90234375,55.34798502701685,-0.07050561548166859,False,6,1,True,True,False
120050002041,2025-06-04,54,7.814453125,34.00786639306215,1.358084225019838,False,54,1,True,True,False
120050007001,2025-06-04,45,6.94921875,39.802759290506025,0.9559835028592122,False,45,1,True,True,False
121319505011,2025-06-04,34,4.216796875,23.967400215414717,1.24265472505628,False,34,1,True,True,False
120050002042,2025-06-04,34,6.548828125,30.588896444758674,0.8974227600716104,False,31,2,True,True,False
120050005001,2025-06-04,32,6.83203125,32.275888581615796,0.7797761690234476,False,34,0,True,True,False
121319505021,2025-06-04,20,1.775390625,9.788084325293225,1.8619178962226646,False,20,1,True,True,False
121319505013,2025-06-04,17,15.85546875,68.12351084119011,0.016800825968411072,False,17,1,True,True,False
121319506052,2025-06-04,15,2.744140625,16.978718256217732,0.7218365479686203,False,15,1,True,True,False
120050002013,2025-06-04,11,32.587890625,137.41519387845497,-0.15709973559470208,False,10,1,True,True,False
121319505023,2025-06-04,8,3.873046875,17.55565642460506,0.23507825769567267,False,8,1,True,True,False
121319505022,2025-06-04,8,3.001953125,14.118106654664265,0.35401679540002423,False,8,1,True,True,False
121319506053,2025-06-04,7,1.599609375,9.622921909181514,0.5612007117970403,False,7,1,True,True,False
120050026071,2025-06-04,6,1.5703125,9.99231297013613,0.4433095233544964,False,6,1,True,True,False
121319501021,2025-06-04,5,4.578125,23.180010071775058,0.018199948951432617,False,5,1,True,True,False
120050014021,2025-06-04,5,0.392578125,2.3880376196670783,1.9293757506392764,False,5,1,True,True,False
120910202001,2025-06-05,17,13.890625,58.77240381418688,0.05290535690577689,False,15,2,True,True,False
120910208001,2025-06-05,14,66.595703125,226.04819685297892,-0.23267472980201692,False,12,1,True,True,False
120330039004,2025-06-05,11,3.39453125,19.51627875325507,0.38969871491159674,False,11,1,True,True,False
121130101001,2025-06-05,7,22.0703125,111.20237249814961,-0.13552150157813195,False,6,1,True,True,False
120330038003,2025-06-05,6,3.66796875,26.015558896018575,0.08963986740861041,False,6,1,True,True,False
120330036143,2025-06-05,5,2.064453125,13.650435506760115,0.21505151784690144,False,5,1,True,True,False
120330038002,2025-06-06,24,6.328125,32.737193310235114,0.5398103262100657,False,24,1,True,True,False
120910208001,2025-06-06,17,66.595703125,226.04819685297892,-0.2194032238056599,False,10,3,True,True,False
120330039001,2025-06-06,9,9.318359375,33.52182183274139,-0.009497078547474782,False,9,1,True,True,False
120910203042,2025-06-06,7,2.072265625,11.657903106362172,0.4226947445043306,False,7,1,True,True,False
120910203052,2025-06-06,7,4.34375,21.287405204774263,0.12478035601089915,False,7,1,True,True,False
120330038003,2025-06-06,5,3.66796875,26.015558896018575,0.05120133130039556,False,5,1,True,True,False
120050003011,2025-06-07,23,1.71484375,6.352706742019331,3.3505649031792237,True,12,2,True,True,True
121130108021,2025-06-07,13,21.01953125,76.84051907170081,-0.10436591718643752,False,13,1,True,True,False
121130107101,2025-06-07,7,5.873046875,30.85826281003802,0.03652030355491718,False,7,1,True,True,False
121319501023,2025-06-08,772,12.2109375,66.86814461817453,11.36249654956767,True,611,3,True,True,True
120910202001,2025-06-08,484,13.890625,58.77240381418688,7.99881142323673,True,406,3,True,True,True
121319501041,2025-06-08,252,6.0078125,27.330189781327274,9.000749335010784,True,224,2,True,True,True
120910201012,2025-06-08,205,5.34765625,32.006301886428645,6.23790728646026,True,183,2,True,True,True
121130102001,2025-06-08,188,6.05859375,46.09609299080168,3.9470027597849953,True,176,2,True,True,True
120910208001,2025-06-08,168,66.595703125,226.04819685297892,0.4485959113443097,False,76,6,True,True,False
121319503053,2025-06-08,159,43.09765625,155.89971886707394,0.7434416469270401,False,84,5,True,True,False
121130102002,2025-06-08,157,5.32421875,34.781964973978646,4.360759415503778,True,157,1,True,True,True
121130101001,2025-06-08,136,22.0703125,111.20237249814961,1.0245256907796259,False,101,2,True,True,False
121319501024,2025-06-08,132,7.08203125,31.342079361827466,3.9856311799829607,True,85,3,True,True,True
121319501021,2025-06-08,101,4.578125,23.180010071775058,4.159699443677433,True,99,2,True,True,True
120330040001,2025-06-08,94,4.2421875,25.181997761346214,3.5643642474536383,True,91,1,True,True,True
121130107101,2025-06-08,89,5.873046875,30.85826281003802,2.693831264472842,False,83,2,True,True,False
120330040003,2025-06-08,84,2.484375,16.19812961829592,5.032409723893519,True,83,1,True,True,True
120330039002,2025-06-08,83,4.677734375,24.00088983069414,3.2633067431039833,True,83,1,True,True,True
120910206013,2025-06-08,79,1.185546875,6.740271389844577,11.544706232784836,True,77,2,True,True,True
121319501022,2025-06-08,73,5.3203125,21.95634651194597,3.082465812933721,True,48,4,True,True,True
120910205005,2025-06-08,71,0.80078125,4.879703498960677,14.385959877470354,True,67,2,True,True,True
120910201011,2025-06-08,70,7.80859375,35.84990569214942,1.7347718229456588,False,64,2,True,True,False
120910201022,2025-06-08,65,7.45703125,36.83514484388862,1.5621757154444051,False,55,3,True,True,False
121130101003,2025-06-08,56,5.4296875,43.05486121072455,1.1745552320443533,False,53,1,True,True,False
120910203061,2025-06-08,56,4.181640625,26.602462528256105,1.9478782958517673,False,51,2,True,True,False
121130108021,2025-06-08,54,21.01953125,76.84051907170081,0.42920674077208576,False,42,3,True,True,False
120910206012,2025-06-08,54,1.662109375,12.468398011231727,4.19764356077286,True,53,2,True,True,True
121130102003,2025-06-08,53,12.33203125,62.835254334293744,0.6472157896208999,False,49,2,True,True,False
121130101004,2025-06-08,50,12.224609375,64.1884634903211,0.5885074758129412,False,45,2,True,True,False
121319502021,2025-06-08,45,3.45703125,15.665351516515923,2.6519014722524035,False,44,1,True,True,False
120910201023,2025-06-08,43,8.41796875,38.34932022114185,0.9017638657108462,False,33,2,True,True,False
121319505012,2025-06-08,42,13.455078125,54.720084121427625,0.5216534720900073,False,40,1,True,True,False
120910205004,2025-06-08,38,0.16015625,1.7588841794590868,21.513550574795076,True,38,1,True,True,True
121319503061,2025-06-08,36,2.716796875,14.833580111273319,2.2437741175985706,False,36,1,True,True,False
121319504003,2025-06-08,35,9.2421875,42.331604195878015,0.6084771174938873,False,27,2,True,True,False
121319503062,2025-06-08,35,3.3671875,16.49010666751634,1.918290350559896,False,35,1,True,True,False
121319504001,2025-06-08,33,6.40625,30.31761095875755,0.8771716886326139,False,23,2,True,True,False
120910203052,2025-06-08,33,4.34375,21.287405204774263,1.3461598407293474,False,30,2,True,True,False
120910201021,2025-06-08,28,14.96484375,70.70081622753538,0.1843706614086201,False,25,2,True,True,False
121319501042,2025-06-08,27,3.833984375,19.130660459385076,1.2109365316572365,False,17,2,True,True,False
120910203062,2025-06-08,26,1.427734375,6.371003013420702,3.8568912262696804,True,24,1,True,True,True
121319501044,2025-06-08,26,2.0859375,13.879987335528877,1.722916737739861,False,26,1,True,True,False
120910204003,2025-06-08,24,0.357421875,2.3713851042938874,9.9699446041852,True,23,1,True,True,True
120330040002,2025-06-08,23,0.96875,6.790332139705296,3.2445025584501335,True,22,1,True,True,True
120910203051,2025-06-08,23,3.583984375,15.96941724137451,1.2158249315883511,False,22,1,True,True,False
120910212002,2025-06-08,23,1.34765625,5.8520769537157795,3.699941733721022,True,23,1,True,True,True
121319501043,2025-06-08,22,7.017578125,31.37641060509692,0.4775059219988086,False,19,2,True,True,False
120910204002,2025-06-08,19,0.208984375,2.0304138915954923,9.2547710113597,True,18,1,True,True,True
120910204004,2025-06-08,18,0.6328125,3.1013439262242404,5.5998908580074325,True,17,1,True,True,True
120330039003,2025-06-08,15,6.3203125,25.12463915485053,0.345465160574229,False,13,1,True,True,False
120910207012,2025-06-08,15,0.380859375,2.54921515179993,5.7347613890800195,True,15,1,True,True,True
120910206022,2025-06-08,13,0.2890625,2.0287651329749714,6.26535683869958,True,13,1,True,True,True
120050003022,2025-06-08,12,7.248046875,35.08913720788649,0.1354251914729887,False,12,1,True,True,False
120910205002,2025-06-08,12,0.28125,2.2336599541126776,5.246434211448841,True,10,1,True,True,True
121130108252,2025-06-08,11,0.86328125,6.582374271633227,1.5399790913871667,False,11,1,True,True,False
120910205003,2025-06-08,11,0.130859375,1.19049761987399,9.129913780214412,True,11,1,True,True,True
121130108201,2025-06-08,10,1.4609375,9.200231719833488,0.9281355904973387,False,8,1,True,True,False
120910207023,2025-06-08,10,0.560546875,6.332923175201471,1.4905364969471149,False,9,1,True,True,False
121319502011,2025-06-08,9,1.380859375,7.117786274665048,1.0704368368181363,False,9,1,True,True,False
120910207022,2025-06-08,9,0.23828125,1.7633636729978683,4.968753118920915,True,9,1,True,True,True
120910206011,2025-06-08,9,0.0859375,0.6534849375469819,13.640807902108882,True,8,1,True,True,True
121130108242,2025-06-08,8,0.373046875,2.4301385716148967,3.138484864232113,True,8,1,True,True,True
121319501033,2025-06-08,8,3.810546875,18.033813806426075,0.23231098923219182,False,6,1,True,True,False
120910203032,2025-06-08,8,0.87109375,4.343267995825453,1.6413691848746088,False,8,1,True,True,False
120910205006,2025-06-08,8,0.283203125,1.4791013475191193,5.217219826040521,True,8,1,True,True,True
120050003021,2025-06-08,7,5.4453125,21.350511973861146,0.07281734048829189,False,7,1,True,True,False
120910207021,2025-06-08,7,0.142578125,1.0474008431227124,6.547084547454953,True,7,1,True,True,True
121130108211,2025-06-08,7,0.232421875,1.4866278030510212,4.552301599035637,True,7,1,True,True,True
120910205001,2025-06-08,7,0.267578125,1.5976632868752294,4.2139178701211355,True,7,1,True,True,True
121319504002,2025-06-08,6,6.1875,26.67878067963113,-0.007028057325841491,False,6,1,True,True,False
121130102004,2025-06-08,6,10.314453125,70.59817626033603,-0.06111281273173591,False,6,1,True,True,False
120330010011,2025-06-08,6,0.24609375,1.524100060084863,3.775281164728527,True,6,1,True,True,True
120330031001,2025-06-08,6,0.126953125,0.995830885440525,5.897634790069746,True,6,1,True,True,True
120330038001,2025-06-08,5,21.287109375,84.41335249877207,-0.19294470475197537,False,5,1,True,True,False
120330033051,2025-06-08,5,1.47265625,6.335007755576106,0.5568018045274237,False,5,1,True,True,False
121130108221,2025-06-08,5,0.21875,1.4507572757666323,3.2956925874960135,True,4,0,False,True,False
120330025001,2025-06-08,5,1.73828125,11.857514291832736,0.27507609687188983,False,5,1,True,True,False
120910214001,2025-06-08,5,0.40625,2.425201990901622,1.8941721214290166,False,5,1,True,True,False
120910204001,2025-06-08,5,0.17578125,0.9734033416614768,4.956032657300792,True,5,1,True,True,True
121130108202,2025-06-08,5,0.1796875,1.3148770525813764,3.665979637059394,True,5,1,True,True,True
120910211024,2025-06-08,5,0.279296875,1.662914558100936,2.8388127952834132,False,5,1,True,True,False
120910207011,2025-06-08,4,0.08203125,0.5674723154191078,6.904246504265809,True,4,0,False,True,False
120330020002,2025-06-08,3,0.091796875,0.577946880452059,5.0319557443155665,True,3,0,False,True,False
120910225002,2025-06-08,3,0.076171875,0.47238682131599874,6.189478607499367,True,2,0,False,True,False
120910206021,2025-06-08,3,0.02734375,0.23247661540965528,12.786904372131266,True,3,0,False,True,False
120910228001,2025-06-08,1,0.01953125,0.13851806879105943,7.078273315223146,True,1,0,False,True,False
120910210022,2025-06-08,1,0.017578125,0.18154477851124418,5.411457619747255,True,1,0,False,True,False
121130101001,2025-06-09,2045,22.0703125,111.20237249814961,18.191425614895593,True,751,15,True,True,True
121130102001,2025-06-09,929,6.05859375,46.09609299080168,20.02211784921056,True,287,11,True,True,True
121130101004,2025-06-09,845,12.224609375,64.1884634903211,12.973910658424986,True,427,16,True,True,True
121130102003,2025-06-09,698,12.33203125,62.835254334293744,10.912153949471346,True,286,10,True,True,True
120910208001,2025-06-09,677,66.595703125,226.04819685297892,2.7003280953928828,False,280,14,True,True,False
121130101003,2025-06-09,630,5.4296875,43.05486121072455,14.506383133907898,True,245,13,True,True,True
120910201023,2025-06-09,620,8.41796875,38.34932022114185,15.947662897889828,True,335,6,True,True,True
120910201012,2025-06-09,547,5.34765625,32.006301886428645,16.923302969271564,True,319,8,True,True,True
120330040001,2025-06-09,432,4.2421875,25.181997761346214,16.98665120035069,True,284,5,True,True,True
121130101002,2025-06-09,401,9.751953125,38.03442405252881,10.28668256773529,True,190,8,True,True,True
120910202001,2025-06-09,398,13.890625,58.77240381418688,6.535539642284991,True,208,8,True,True,True
120910201021,2025-06-09,369,14.96484375,70.70081622753538,5.007511583891959,True,143,10,True,True,True
121130102002,2025-06-09,360,5.32421875,34.781964973978646,10.197117428970525,True,90,13,True,True,True
120910201011,2025-06-09,345,7.80859375,35.84990569214942,9.405642769203707,True,144,7,True,True,True
120330039002,2025-06-09,254,4.677734375,24.00088983069414,10.388042584410682,True,127,7,True,True,True
120330040003,2025-06-09,246,2.484375,16.19812961829592,15.033564413816464,True,63,8,True,True,True
120330039003,2025-06-09,209,6.3203125,25.12463915485053,8.066969091608662,True,103,7,True,True,True
120330038001,2025-06-09,202,21.287109375,84.41335249877207,2.1408093065327405,False,62,10,True,True,False
121319503053,2025-06-09,193,43.09765625,155.89971886707394,0.9615305584855638,False,81,9,True,True,False
120910201022,2025-06-09,191,7.45703125,36.83514484388862,4.982821963314525,True,76,8,True,True,True
121319501041,2025-06-09,169,6.0078125,27.330189781327274,5.963814697377648,True,143,4,True,True,True
121319501044,2025-06-09,149,2.0859375,13.879987335528877,10.584596293106204,True,99,3,True,True,True
120910206012,2025-06-09,147,1.662109375,12.468398011231727,11.656500738433065,True,99,6,True,True,True
121319501023,2025-06-09,142,12.2109375,66.86814461817453,1.9409699976141372,False,554,6,True,True,False
121130108081,2025-06-09,139,4.806640625,19.27085026929318,6.96354117746575,True,106,4,True,True,True
120330040002,2025-06-09,122,0.96875,6.790332139705296,17.824054480677116,True,59,5,True,True,True
120330039001,2025-06-09,110,9.318359375,33.52182183274139,3.0034656567102913,True,44,8,True,True,True
120910206013,2025-06-09,93,1.185546875,6.740271389844577,13.62177393381146,True,41,5,True,True,True
120910203061,2025-06-09,91,4.181640625,26.602462528256105,3.2635459699561613,True,50,4,True,True,True
121319504001,2025-06-09,81,6.40625,30.31761095875755,2.4604098951422433,False,56,3,True,True,False
121130104002,2025-06-09,75,3.611328125,15.867704915626064,4.498991647159916,True,58,3,True,True,True
121130102004,2025-06-09,68,10.314453125,70.59817626033603,0.8170968420243641,False,22,4,True,True,False
121319504002,2025-06-09,66,6.1875,26.67878067963113,2.2419502869434353,False,32,5,True,True,False
121319501043,2025-06-09,65,7.017578125,31.37641060509692,1.8479622352207836,False,30,4,True,True,False
121319501022,2025-06-09,60,5.3203125,21.95634651194597,2.490381879801814,False,52,3,True,True,False
121130104001,2025-06-09,60,9.90234375,55.34798502701685,0.9051396582106102,False,18,7,True,True,False
120910205005,2025-06-09,58,0.80078125,4.879703498960677,11.721863584986833,True,33,4,True,True,True
121130108021,2025-06-09,55,21.01953125,76.84051907170081,0.4422207080393668,False,22,5,True,True,False
120910203051,2025-06-09,54,3.583984375,15.96941724137451,3.1570354047973153,True,25,3,True,True,True
121319501024,2025-06-09,49,7.08203125,31.342079361827466,1.3374341972043262,False,71,4,True,True,False
121130108083,2025-06-09,49,4.466796875,17.043023464741115,2.612987256464853,False,24,4,True,True,False
121130103031,2025-06-09,45,6.490234375,34.901537520225176,1.1033830702353409,False,21,3,True,True,False
120910207012,2025-06-09,44,0.380859375,2.54921515179993,17.11081177051758,True,25,4,True,True,True
120910203052,2025-06-09,38,4.34375,21.287405204774263,1.5810405108675103,False,13,3,True,True,False
120910206022,2025-06-09,36,0.2890625,2.0287651329749714,17.6023024644719,True,16,3,True,True,True
120330040004,2025-06-09,35,0.423828125,3.0975747399883815,11.162336594703019,True,22,2,True,True,True
121130107101,2025-06-09,34,5.873046875,30.85826281003802,0.91148854678399,False,34,1,True,True,False
120910203062,2025-06-09,34,1.427734375,6.371003013420702,5.112580476949325,True,9,2,True,True,True
120910207022,2025-06-09,31,0.23828125,1.7633636729978683,17.44490896634071,True,16,2,True,True,True
121319501021,2025-06-09,28,4.578125,23.180010071775058,1.0104342028962034,False,109,1,True,True,False
120910203042,2025-06-09,28,2.072265625,11.657903106362172,2.2240478530697536,False,9,2,True,True,False
120910203032,2025-06-09,28,0.87109375,4.343267995825453,6.246196706276251,True,10,3,True,True,True
121130105051,2025-06-09,26,1.58984375,11.621044005252527,2.1005131930459084,False,22,1,True,True,False
120910204003,2025-06-09,26,0.357421875,2.3713851042938874,10.813333557071251,True,18,1,True,True,True
121319504003,2025-06-09,25,9.2421875,42.331604195878015,0.3722469960525237,False,10,2,True,True,False
120910207023,2025-06-09,24,0.560546875,6.332923175201471,3.7012059796942527,True,10,2,True,True,True
121319501032,2025-06-09,22,1.8984375,9.761411982614241,2.0592884037475616,False,15,1,True,True,False
121319502021,2025-06-09,21,3.45703125,15.665351516515923,1.1198579700879685,False,11,1,True,True,False
120910207021,2025-06-09,20,0.142578125,1.0474008431227124,18.958760636278697,True,8,2,True,True,True
121130103021,2025-06-09,17,4.54296875,25.73571287523765,0.48403676674470086,False,10,2,True,True,False
120910204004,2025-06-09,17,0.6328125,3.1013439262242404,5.277449998886897,True,12,1,True,True,True
120910232002,2025-06-09,16,0.96875,5.28919069049979,2.8418809000398615,False,14,1,True,True,False
120910205006,2025-06-09,15,0.283203125,1.4791013475191193,9.949823181274445,True,9,1,True,True,True
120910204002,2025-06-09,14,0.208984375,2.0304138915954923,6.792218907723817,True,8,2,True,True,True
121319501033,2025-06-09,13,3.810546875,18.033813806426075,0.5095679274300524,False,6,1,True,True,False
120910203031,2025-06-09,13,0.568359375,2.765317568764112,4.495556230294376,True,10,1,True,True,True
121319505012,2025-06-09,12,13.455078125,54.720084121427625,-0.026591299124670235,False,6,1,True,True,False
121130107071,2025-06-09,12,2.603515625,11.853353268265453,0.7927279447712794,False,9,1,True,True,False
121319501042,2025-06-09,12,3.833984375,19.130660459385076,0.42685487217426066,False,7,1,True,True,False
121130108082,2025-06-09,12,1.833984375,10.62276924176307,0.957002396798063,False,10,1,True,True,False
121130103032,2025-06-09,10,1.19140625,6.670207469480236,1.3205876714186215,False,7,2,True,True,False
120910207011,2025-06-09,10,0.08203125,0.5674723154191078,17.47744952575363,True,6,1,True,True,True
120330039004,2025-06-09,9,3.39453125,19.51627875325507,0.28722016224866015,False,6,1,True,True,False
121319503062,2025-06-09,9,3.3671875,16.49010666751634,0.3415873901589738,False,8,1,True,True,False
120910206011,2025-06-09,9,0.0859375,0.6534849375469819,13.640807902108882,True,4,0,False,True,False
120910205002,2025-06-09,9,0.28125,2.2336599541126776,3.9033470533179377,True,4,0,False,True,False
120050003012,2025-06-09,8,2.990234375,14.025902175731852,0.35717956408309237,False,8,1,True,True,False
121319505013,2025-06-09,7,15.85546875,68.12351084119011,-0.12999137361907134,False,7,1,True,True,False
121130108092,2025-06-09,7,1.416015625,9.297053451517936,0.600618723353505,False,5,1,True,True,False
121319503031,2025-06-09,7,0.498046875,2.3773219350617283,2.7349905913484003,False,5,1,True,True,False
120910205001,2025-06-09,7,0.267578125,1.5976632868752294,4.2139178701211355,True,2,0,False,True,False
120910205004,2025-06-09,6,0.16015625,1.7588841794590868,3.320198008601077,True,4,0,False,True,False
120910224001,2025-06-09,6,0.173828125,1.0005177689664546,5.8231568251091606,True,5,1,True,True,True
121319503043,2025-06-09,5,0.35546875,2.2510292003572623,2.063292315027661,False,5,1,True,True,False
120330038003,2025-06-09,5,3.66796875,26.015558896018575,0.05120133130039556,False,5,1,True,True,False
120050005001,2025-06-09,5,6.83203125,32.275888581615796,-0.056761605350302176,False,5,1,True,True,False
120910205003,2025-06-09,4,0.130859375,1.19049761987399,3.2500196223907905,True,3,0,False,True,False
120910206021,2025-06-09,3,0.02734375,0.23247661540965528,12.786904372131266,True,3,0,False,True,False
120910217002,2025-06-09,2,0.103515625,0.6153828329312869,3.0817960357561027,True,2,0,False,True,False
120910226003,2025-06-09,1,0.0234375,0.1753874659415357,5.568029019391448,True,1,0,False,True,False
120910233032,2025-06-09,1,0.044921875,0.265301943238465,3.5999665639144376,True,1,0,False,True,False
121130106012,2025-06-09,1,0.029296875,0.1800225408532614,5.392119900092023,True,1,0,False,True,False
120910215022,2025-06-09,1,0.041015625,0.2584716175033432,3.710211528302894,True,1,0,False,True,False
120910233052,2025-06-09,1,0.048828125,0.29931198625751165,3.1778609566997553,True,1,0,False,True,False
121130102004,2025-06-10,1365,10.314453125,70.59817626033603,19.18867623264794,True,374,7,True,True,True
121130104001,2025-06-10,1074,9.90234375,55.34798502701685,19.2255897975434,True,627,5,True,True,True
121319501023,2025-06-10,996,12.2109375,66.86814461817453,14.712372656928926,True,620,6,True,True,True
121130102003,2025-06-10,882,12.33203125,62.835254334293744,13.840446385769768,True,290,5,True,True,True
121130103031,2025-06-10,463,6.490234375,34.901537520225176,13.07993280698468,True,129,6,True,True,True
120330038001,2025-06-10,218,21.287109375,84.41335249877207,2.3303527795304837,False,105,10,True,True,False
121130101004,2025-06-10,179,12.224609375,64.1884634903211,2.598214407331122,False,95,4,True,True,False
121319501041,2025-06-10,170,6.0078125,27.330189781327274,6.000404271325035,True,66,6,True,True,True
120050002013,2025-06-10,160,32.587890625,137.41519387845497,0.9272053968624256,False,102,5,True,True,False
120330039001,2025-06-10,147,9.318359375,33.52182183274139,4.10722428249779,True,64,4,True,True,True
121319505013,2025-06-10,125,15.85546875,68.12351084119011,1.602156581513221,False,69,4,True,True,False
121319506052,2025-06-10,118,2.744140625,16.978718256217732,6.788254427438447,True,106,2,True,True,True
120330039003,2025-06-10,109,6.3203125,25.12463915485053,4.086812426126995,True,73,4,True,True,True
121319505012,2025-06-10,88,13.455078125,54.720084121427625,1.3622954546191797,False,69,2,True,True,False
121130102002,2025-06-10,71,5.32421875,34.781964973978646,1.8882136561040723,False,38,4,True,True,False
120330040001,2025-06-10,69,4.2421875,25.181997761346214,2.5715915438369925,False,56,2,True,True,False
121130104002,2025-06-10,65,3.611328125,15.867704915626064,3.8687807847085804,True,44,4,True,True,True
121319505011,2025-06-10,57,4.216796875,23.967400215414717,2.202291556472291,False,51,2,True,True,False
120050007001,2025-06-10,53,6.94921875,39.802759290506025,1.1569745934921725,False,47,2,True,True,False
121319505022,2025-06-10,51,3.001953125,14.118106654664265,3.3997509757544337,True,41,2,True,True,True
120050003023,2025-06-10,48,8.814453125,41.20264875320031,0.9510443639125595,False,46,1,True,True,False
121319501024,2025-06-10,48,7.08203125,31.342079361827466,1.3055282094600054,False,30,3,True,True,False
121319501021,2025-06-10,46,4.578125,23.180010071775058,1.7869653581573286,False,24,3,True,True,False
121319503053,2025-06-10,44,43.09765625,155.89971886707394,0.005787975479092254,False,20,4,True,True,False
121319505023,2025-06-10,43,3.873046875,17.55565642460506,2.2287376887919597,False,29,2,True,True,False
121130102001,2025-06-10,41,6.05859375,46.09609299080168,0.7580123169434867,False,24,3,True,True,False
120330039002,2025-06-10,41,4.677734375,24.00088983069414,1.5133716241865485,False,11,5,True,True,False
120910208001,2025-06-10,40,66.595703125,226.04819685297892,-0.11765501116692281,False,21,3,True,True,False
121319506053,2025-06-10,34,1.599609375,9.622921909181514,3.3670013048828578,True,27,2,True,True,True
121319506062,2025-06-10,34,1.5078125,10.349089672285661,3.139617930552137,True,21,2,True,True,True
121130101001,2025-06-10,32,22.0703125,111.20237249814961,0.08929384577802266,False,18,3,True,True,False
121319501044,2025-06-10,31,2.0859375,13.879987335528877,2.083147613974265,False,19,2,True,True,False
121130105061,2025-06-10,28,2.34375,11.621518269505675,2.2076504467854954,False,19,2,True,True,False
121319506081,2025-06-10,28,1.44140625,6.745621496117649,3.9371603884512996,True,21,2,True,True,True
121319506071,2025-06-10,27,0.76171875,4.097856269189469,6.402928635461822,True,20,2,True,True,True
121319505021,2025-06-10,26,1.775390625,9.788084325293225,2.4749081199067313,False,26,1,True,True,False
121319504003,2025-06-10,25,9.2421875,42.331604195878015,0.3722469960525237,False,25,1,True,True,False
121130101002,2025-06-10,20,9.751953125,38.03442405252881,0.2694413581982092,False,10,2,True,True,False
121130103021,2025-06-10,19,4.54296875,25.73571287523765,0.5617497879341918,False,10,1,True,True,False
121319501022,2025-06-10,18,5.3203125,21.95634651194597,0.5774953266064214,False,7,2,True,True,False
121319501042,2025-06-10,18,3.833984375,19.130660459385076,0.740487535967451,False,11,2,True,True,False
121319506101,2025-06-10,17,2.51953125,18.67613590189436,0.775346079406673,False,15,2,True,True,False
121319506091,2025-06-10,15,0.4921875,2.362446222169275,6.141012804379715,True,12,1,True,True,True
120050002042,2025-06-10,15,6.548828125,30.588896444758674,0.27628233958234494,False,11,1,True,True,False
120050005001,2025-06-10,15,6.83203125,32.275888581615796,0.25306719997330884,False,12,1,True,True,False
120330038002,2025-06-10,14,6.328125,32.737193310235114,0.23434736531312317,False,6,1,True,True,False
121130103032,2025-06-10,14,1.19140625,6.670207469480236,1.9202691683288957,False,13,0,True,True,False
121319506043,2025-06-10,14,0.490234375,2.549682905680734,5.298606189381443,True,12,1,True,True,True
121130107101,2025-06-10,13,5.873046875,30.85826281003802,0.23095769093915558,False,13,1,True,True,False
120910232002,2025-06-10,13,0.96875,5.28919069049979,2.2746863752917807,False,12,1,True,True,False
121319506102,2025-06-10,13,2.091796875,11.650544912789353,0.936282655159378,False,8,1,True,True,False
120330040003,2025-06-10,12,2.484375,16.19812961829592,0.5874520839277656,False,10,1,True,True,False
120050003022,2025-06-10,11,7.248046875,35.08913720788649,0.10692634312355583,False,7,1,True,True,False
121319506051,2025-06-10,11,0.3359375,2.5297520240780145,4.2154576411048,True,9,1,True,True,True
120050002041,2025-06-10,10,7.814453125,34.00786639306215,0.0642659215882437,False,6,1,True,True,False
120330026021,2025-06-10,10,1.03125,5.591001296639227,1.6041402110550664,False,5,1,True,True,False
121130108081,2025-06-10,10,4.806640625,19.27085026929318,0.2694930064022797,False,5,1,True,True,False
121319502021,2025-06-10,9,3.45703125,15.665351516515923,0.3538362190057509,False,7,1,True,True,False
120910202001,2025-06-10,9,13.890625,58.77240381418688,-0.08321294829903601,False,8,1,True,True,False
120330039004,2025-06-10,9,3.39453125,19.51627875325507,0.28722016224866015,False,5,1,True,True,False
121130108083,2025-06-10,9,4.466796875,17.043023464741115,0.2659858524737917,False,7,1,True,True,False
120050006001,2025-06-10,9,2.99609375,16.79273863361856,0.35752990509721627,False,5,1,True,True,False
120050002012,2025-06-10,8,8.04296875,38.9559702959335,-0.0011030080799831954,False,6,1,True,True,False
120050003021,2025-06-10,8,5.4453125,21.350511973861146,0.1196546248224696,False,7,1,True,True,False
121319506073,2025-06-10,8,0.123046875,0.8500581848106639,9.26636936829737,True,6,1,True,True,True
121319506042,2025-06-10,8,0.0859375,0.5838980120312209,13.553843885285975,True,8,1,True,True,True
121319506061,2025-06-10,8,0.630859375,4.70109127146161,1.5675383011036221,False,5,1,True,True,False
120910201011,2025-06-10,7,7.80859375,35.84990569214942,-0.02255497565163943,False,6,1,True,True,False
120910212002,2025-06-10,7,1.34765625,5.8520769537157795,0.9658696894631642,False,5,1,True,True,False
121319506044,2025-06-10,7,0.15234375,0.9652648232794284,7.094070026021983,True,6,1,True,True,True
120330040002,2025-06-10,6,0.96875,6.790332139705296,0.7409431374616616,False,5,1,True,True,False
121130108021,2025-06-10,6,21.01953125,76.84051907170081,-0.1954636880574049,False,6,1,True,True,False
120330026042,2025-06-10,6,0.857421875,5.840105586544332,0.8805625255900437,False,6,1,True,True,False
120330023001,2025-06-10,6,1.599609375,8.89434833658072,0.4947400819576688,False,6,1,True,True,False
120330010021,2025-06-10,6,0.234375,1.4630979383825988,3.9406965513010612,True,6,1,True,True,True
121319506092,2025-06-10,6,0.08203125,0.5054588264583163,11.708112392588792,True,5,1,True,True,True
120330024001,2025-06-10,5,1.236328125,10.438376085254413,0.3605610532002851,False,5,1,True,True,False
120330027042,2025-06-10,5,0.41796875,3.308222185165137,1.38504338388967,False,5,1,True,True,False
120910233082,2025-06-10,5,0.142578125,0.997640854079255,4.868908340249381,True,5,1,True,True,True
120910233031,2025-06-10,4,0.146484375,0.9692065791676002,3.9759486860990756,True,3,0,False,True,False
121130103011,2025-06-10,2,0.33203125,1.887000896285736,0.8839257857710262,False,5,0,True,True,False
120910233032,2025-06-10,2,0.044921875,0.265301943238465,7.369256708544687,True,1,0,False,True,False
120910233081,2025-06-10,2,0.033203125,0.20953562893818448,9.386455587370435,True,2,0,False,True,False
120910210021,2025-06-10,2,0.0546875,0.34399730918712773,5.655022431997538,True,1,0,False,True,False
120910233062,2025-06-10,2,0.068359375,0.5606248643281314,3.445513654330927,True,2,0,False,True,False
120910233061,2025-06-10,2,0.056640625,0.40870522938951087,4.754916833099554,True,2,0,False,True,False
121319506082,2025-06-10,1,0.037109375,0.2513950192904993,3.8301897456740486,True,1,0,False,True,False
120910210013,2025-06-10,1,0.05078125,0.3086479812358074,3.0754089049906854,True,1,0,False,True,False
120910233042,2025-06-10,1,0.021484375,0.18112321802472506,5.402485863885342,True,1,0,False,True,False
121130106012,2025-06-10,1,0.029296875,0.1800225408532614,5.392119900092023,True,1,0,False,True,False
120910227002,2025-06-10,1,0.03125,0.20512036464518152,4.722836767942324,True,1,0,False,True,False
120910233052,2025-06-10,1,0.048828125,0.29931198625751165,3.1778609566997553,True,1,0,False,True,False
120910210022,2025-06-10,1,0.017578125,0.18154477851124418,5.411457619747255,True,1,0,False,True,False
121319506072,2025-06-10,1,0.01171875,0.10772225920023012,9.174345741886267,True,1,0,False,True,False
120910208001,2025-06-11,84,66.595703125,226.04819685297892,0.07699374344631336,False,41,3,True,True,False
121130104001,2025-06-11,42,9.90234375,55.34798502701685,0.5799245669798506,False,38,1,True,True,False
121130102003,2025-06-11,41,12.33203125,62.835254334293744,0.45624019594926374,False,37,1,True,True,False
121130105061,2025-06-11,40,2.34375,11.621518269505675,3.2402177690335225,True,39,1,True,True,True
120910203051,2025-06-11,35,3.583984375,15.96941724137451,1.9672612437982728,False,30,2,True,True,False
121319503053,2025-06-11,32,43.09765625,155.89971886707394,-0.07118458154156318,False,13,3,True,True,False
121130103031,2025-06-11,30,6.490234375,34.901537520225176,0.6736025772897904,False,27,1,True,True,False
120910203052,2025-06-11,25,4.34375,21.287405204774263,0.9703507685082863,False,11,3,True,True,False
120910202001,2025-06-11,24,13.890625,58.77240381418688,0.17200887395998818,False,14,2,True,True,False
121130104002,2025-06-11,23,3.611328125,15.867704915626064,1.2218951624129706,False,20,1,True,True,False
121130101002,2025-06-11,22,9.751953125,38.03442405252881,0.32202530155535924,False,19,1,True,True,False
120910203061,2025-06-11,22,4.181640625,26.602462528256105,0.6698011267217848,False,21,1,True,True,False
120330038002,2025-06-11,20,6.328125,32.737193310235114,0.41762514185128874,False,18,1,True,True,False
121130103032,2025-06-11,20,1.19140625,6.670207469480236,2.819791413694307,False,20,1,True,True,False
120910201011,2025-06-11,20,7.80859375,35.84990569214942,0.34006801453510466,False,12,1,True,True,False
121319501042,2025-06-11,18,3.833984375,19.130660459385076,0.740487535967451,False,18,1,True,True,False
121130102004,2025-06-11,15,10.314453125,70.59817626033603,0.06636923392640763,False,14,1,True,True,False
121319501041,2025-06-11,15,6.0078125,27.330189781327274,0.32902030948002076,False,13,1,True,True,False
121130101004,2025-06-11,13,12.224609375,64.1884634903211,0.012079906307726469,False,8,2,True,True,False
120910201021,2025-06-11,13,14.96484375,70.70081622753538,-0.02779096274753848,False,10,1,True,True,False
121319501033,2025-06-11,13,3.810546875,18.033813806426075,0.5095679274300524,False,12,1,True,True,False
121319501044,2025-06-11,13,2.0859375,13.879987335528877,0.7863164595304103,False,10,2,True,True,False
121319501024,2025-06-11,12,7.08203125,31.342079361827466,0.15691265066445315,False,9,1,True,True,False
121130103021,2025-06-11,11,4.54296875,25.73571287523765,0.2508977031762278,False,11,1,True,True,False
121319501023,2025-06-11,11,12.2109375,66.86814461817453,-0.01810933303016862,False,10,1,True,True,False
120050002042,2025-06-11,11,6.548828125,30.588896444758674,0.14551593526881537,False,11,1,True,True,False
121319501043,2025-06-11,10,7.017578125,31.37641060509692,0.09505299737872255,False,6,1,True,True,False
120330037001,2025-06-11,9,0.486328125,3.325141227339295,2.560394068378399,False,8,1,True,True,False
121130108081,2025-06-11,9,4.806640625,19.27085026929318,0.21760116011496594,False,8,1,True,True,False
120910203041,2025-06-11,9,0.623046875,3.2224287514953387,2.5995774526008533,False,9,1,True,True,False
120910201012,2025-06-11,9,5.34765625,32.006301886428645,0.11411326941050542,False,5,1,True,True,False
120910201023,2025-06-11,8,8.41796875,38.34932022114185,-0.010898987194291263,False,6,1,True,True,False
120330036142,2025-06-11,7,1.052734375,5.338553087151484,1.1140220070703295,False,5,1,True,True,False
120330036132,2025-06-11,7,1.86328125,9.96946705501637,0.5152450699373484,False,5,1,True,True,False
120330036032,2025-06-11,7,3.5546875,16.948550483830033,0.20328065832455947,False,5,1,True,True,False
120910206013,2025-06-11,7,1.185546875,6.740271389844577,0.8626437703622012,False,5,1,True,True,False
121319504003,2025-06-11,6,9.2421875,42.331604195878015,-0.0765902346860671,False,6,1,True,True,False
121319501022,2025-06-11,6,5.3203125,21.95634651194597,0.030956311407737934,False,6,1,True,True,False
120330039003,2025-06-11,6,6.3203125,25.12463915485053,-0.012748939319120963,False,6,1,True,True,False
120330026021,2025-06-11,6,1.03125,5.591001296639227,0.8887048556019358,False,6,1,True,True,False
121130102001,2025-06-11,5,6.05859375,46.09609299080168,-0.022964934364637774,False,5,1,True,True,False
121130102002,2025-06-11,5,5.32421875,34.781964973978646,-0.009321461574771784,False,5,1,True,True,False
121130103011,2025-06-11,5,0.33203125,1.887000896285736,2.4737501498744177,False,5,1,True,True,False
120330036031,2025-06-11,5,0.779296875,5.128879238622584,0.8229289341063751,False,5,1,True,True,False
120910233031,2025-06-11,4,0.146484375,0.9692065791676002,3.9759486860990756,True,3,0,False,True,False
120050027032,2025-06-11,3,0.14453125,0.7754863223832661,3.6821652008309065,True,3,0,False,True,False
120050027112,2025-06-11,3,0.126953125,0.764613721177252,3.757514147897397,True,3,0,False,True,False
120910225001,2025-06-11,2,0.060546875,0.3834212219151059,5.058283199121979,True,2,0,False,True,False
120910210021,2025-06-11,2,0.0546875,0.34399730918712773,5.655022431997538,True,2,0,False,True,False
120910225002,2025-06-11,2,0.076171875,0.47238682131599874,4.072569424440131,True,1,0,False,True,False
120910233052,2025-06-11,2,0.048828125,0.29931198625751165,6.518856459431325,True,2,0,False,True,False
120910233032,2025-06-11,1,0.044921875,0.265301943238465,3.5999665639144376,True,1,0,False,True,False
120910233042,2025-06-11,1,0.021484375,0.18112321802472506,5.402485863885342,True,1,0,False,True,False
120910210022,2025-06-11,1,0.017578125,0.18154477851124418,5.411457619747255,True,1,0,False,True,False
120910206021,2025-06-11,1,0.02734375,0.23247661540965528,4.183888552773568,True,1,0,False,True,False
120050005001,2025-06-12,81,6.83203125,32.275888581615796,2.2979373151091416,False,78,1,True,True,False
120050005002,2025-06-12,70,8.80859375,45.03147936099073,1.3588584500958696,False,34,3,True,True,False
120330038001,2025-06-12,67,21.287109375,84.41335249877207,0.5415362531142803,False,39,3,True,True,False
120050003023,2025-06-12,34,8.814453125,41.20264875320031,0.6112603834248346,False,20,2,True,True,False
120050003022,2025-06-12,23,7.248046875,35.08913720788649,0.44891252331675047,False,20,2,True,True,False
120050004022,2025-06-12,23,1.224609375,6.711436907675172,3.24451990304755,True,22,1,True,True,True
120330039002,2025-06-12,13,4.677734375,24.00088983069414,0.34674821157492514,False,13,1,True,True,False
120050004023,2025-06-12,10,0.662109375,4.521430795890327,2.065251254865497,False,9,1,True,True,False
120050005003,2025-06-12,9,4.2421875,28.655384385927967,0.166035549756452,False,9,1,True,True,False
120050002011,2025-06-12,8,4.42578125,27.59687365966789,0.12951534996602268,False,7,1,True,True,False
121319501021,2025-06-12,8,4.578125,23.180010071775058,0.14762180816162013,False,7,1,True,True,False
120050004021,2025-06-12,8,1.884765625,13.451092912177986,0.45462732395994043,False,7,1,True,True,False
120050004011,2025-06-12,8,0.390625,2.501613960435344,3.0417862709223833,True,8,1,True,True,True
121319501023,2025-06-12,5,12.2109375,66.86814461817453,-0.10783815733448798,False,5,1,True,True,False
120330038001,2025-06-13,146,21.287109375,84.41335249877207,1.4774071510406384,False,77,3,True,True,False
120910201021,2025-06-13,95,14.96484375,70.70081622753538,1.1320259159727952,False,33,5,True,True,False
121130101001,2025-06-13,70,22.0703125,111.20237249814961,0.43101317375937764,False,43,3,True,True,False
120910202001,2025-06-13,46,13.890625,58.77240381418688,0.5463342132732237,False,35,2,True,True,False
121130103031,2025-06-13,33,6.490234375,34.901537520225176,0.7595586758789005,False,33,1,True,True,False
121130104001,2025-06-13,30,9.90234375,55.34798502701685,0.3631145061593442,False,23,2,True,True,False
120910203042,2025-06-13,23,2.072265625,11.657903106362172,1.795154255792272,False,23,1,True,True,False
120330039001,2025-06-13,20,9.318359375,33.52182183274139,0.3186473777677275,False,11,2,True,True,False
120330038002,2025-06-13,17,6.328125,32.737193310235114,0.32598625358220595,False,13,1,True,True,False
121319501023,2025-06-13,11,12.2109375,66.86814461817453,-0.01810933303016862,False,10,1,True,True,False
120050003021,2025-06-13,10,5.4453125,21.350511973861146,0.213329193490825,False,10,1,True,True,False
121130107101,2025-06-13,10,5.873046875,30.85826281003802,0.1337389972470364,False,7,1,True,True,False
120910203051,2025-06-13,10,3.583984375,15.96941724137451,0.40176892669426956,False,10,1,True,True,False
120050003011,2025-06-13,9,1.71484375,6.352706742019331,1.1467798760193157,False,9,1,True,True,False
121130103021,2025-06-13,9,4.54296875,25.73571287523765,0.1731846819867368,False,9,1,True,True,False
120330036032,2025-06-13,8,3.5546875,16.948550483830033,0.2622827541647944,False,8,1,True,True,False
120910201022,2025-06-13,8,7.45703125,36.83514484388862,0.014740508074589119,False,6,1,True,True,False
121130105061,2025-06-13,7,2.34375,11.621518269505675,0.400657632851448,False,7,1,True,True,False
121319501021,2025-06-13,6,4.578125,23.180010071775058,0.06134056868816179,False,6,1,True,True,False
120910201023,2025-06-13,5,8.41796875,38.34932022114185,-0.08912723172901733,False,5,1,True,True,False
120910208001,2025-06-14,1300,66.595703125,226.04819685297892,5.4563775073030225,True,397,14,True,True,True
121319503053,2025-06-14,334,43.09765625,155.89971886707394,1.865958103478265,False,104,8,True,True,False
121319504003,2025-06-14,200,9.2421875,42.331604195878015,4.506274121276387,True,104,5,True,True,True
120330038001,2025-06-14,161,21.287109375,84.41335249877207,1.6551041569760228,False,80,5,True,True,False
120050002013,2025-06-14,160,32.587890625,137.41519387845497,0.9272053968624256,False,70,6,True,True,False
121130108083,2025-06-14,122,4.466796875,17.043023464741115,6.8962648187485405,True,75,4,True,True,True
121130102004,2025-06-14,119,10.314453125,70.59817626033603,1.539495106420511,False,112,2,True,True,False
121130108021,2025-06-14,119,21.01953125,76.84051907170081,1.2751146131453543,False,46,6,True,True,False
121319504001,2025-06-14,118,6.40625,30.31761095875755,3.6808226793267496,True,54,4,True,True,True
120910201021,2025-06-14,85,14.96484375,70.70081622753538,0.9905848332020227,False,73,3,True,True,False
121319504002,2025-06-14,78,6.1875,26.67878067963113,2.691745955797291,False,34,3,True,True,False
121319501024,2025-06-14,76,7.08203125,31.342079361827466,2.1988958663009903,False,55,3,True,True,False
120050002041,2025-06-14,68,7.814453125,34.00786639306215,1.7697536852026179,False,52,3,True,True,False
121130108081,2025-06-14,68,4.806640625,19.27085026929318,3.2792200910664757,True,66,1,True,True,True
120050002042,2025-06-14,63,6.548828125,30.588896444758674,1.8454791913446997,False,54,2,True,True,False
121319502021,2025-06-14,54,3.45703125,15.665351516515923,3.2264177855640668,True,40,3,True,True,True
120910202001,2025-06-14,53,13.890625,58.77240381418688,0.665437730327435,False,47,3,True,True,False
121319503051,2025-06-14,52,1.0,5.748819329137132,8.871386815291487,True,52,1,True,True,True
120910201011,2025-06-14,51,7.80859375,35.84990569214942,1.2047843757496481,False,18,4,True,True,False
120050002012,2025-06-14,48,8.04296875,38.9559702959335,1.025697240922555,False,15,5,True,True,False
121319503052,2025-06-14,48,3.205078125,18.006819038689855,2.487664355306322,False,34,3,True,True,False
120050002011,2025-06-14,46,4.42578125,27.59687365966789,1.506482917692218,False,19,3,True,True,False
121130102003,2025-06-14,46,12.33203125,62.835254334293744,0.5358133599791122,False,21,3,True,True,False
120050005002,2025-06-14,42,8.80859375,45.03147936099073,0.737071193773674,False,19,4,True,True,False
120330035121,2025-06-14,39,0.806640625,4.063068697963865,9.400126410400082,True,19,3,True,True,True
121319502011,2025-06-14,36,1.380859375,7.117786274665048,4.863751072186995,True,32,1,True,True,True
121130101004,2025-06-14,34,12.224609375,64.1884634903211,0.33924149981068613,False,25,2,True,True,False
121130103031,2025-06-14,34,6.490234375,34.901537520225176,0.7882107087419372,False,33,1,True,True,False
120050003021,2025-06-14,33,5.4453125,21.350511973861146,1.290586733176912,False,17,3,True,True,False
121130104001,2025-06-14,33,9.90234375,55.34798502701685,0.4173170213644708,False,21,2,True,True,False
121319505012,2025-06-14,31,13.455078125,54.720084121427625,0.32063038931129223,False,10,3,True,True,False
121319503043,2025-06-14,31,0.35546875,2.2510292003572623,13.613564517571067,True,31,1,True,True,True
121319501022,2025-06-14,30,5.3203125,21.95634651194597,1.1240343418051049,False,20,3,True,True,False
121130107113,2025-06-14,25,0.85546875,3.9192696430872243,6.160466987155611,True,11,2,True,True,True
120050003022,2025-06-14,24,7.248046875,35.08913720788649,0.47741137166618336,False,18,2,True,True,False
120330026041,2025-06-14,23,1.4921875,7.282121466498447,2.953509166105941,False,23,1,True,True,False
121130107101,2025-06-14,21,5.873046875,30.85826281003802,0.49020754078480683,False,11,2,True,True,False
120330036032,2025-06-14,18,3.5546875,16.948550483830033,0.8523037125671439,False,12,1,True,True,False
120910203062,2025-06-14,18,1.427734375,6.371003013420702,2.6012019755900355,False,12,2,True,True,False
120330031001,2025-06-14,18,0.126953125,0.995830885440525,17.947873616204937,True,10,2,True,True,True
121130107071,2025-06-14,17,2.603515625,11.853353268265453,1.2145495075678863,False,12,1,True,True,False
120910206013,2025-06-14,17,1.185546875,6.740271389844577,2.3462635568097894,False,12,2,True,True,False
120330038002,2025-06-14,16,6.328125,32.737193310235114,0.2954399574925117,False,7,2,True,True,False
120910203061,2025-06-14,16,4.181640625,26.602462528256105,0.44425809687531737,False,7,2,True,True,False
120330014021,2025-06-14,16,0.337890625,1.7928674306879266,8.73578777042674,True,13,1,True,True,True
121319505013,2025-06-14,15,15.85546875,68.12351084119011,-0.012557613949085408,False,5,1,True,True,False
121319506081,2025-06-14,15,1.44140625,6.745621496117649,2.0099843665707398,False,8,2,True,True,False
121319503042,2025-06-14,14,0.748046875,3.5347030053952624,3.7490994589284092,True,11,2,True,True,True
120330039003,2025-06-14,14,6.3203125,25.12463915485053,0.30566359391941234,False,14,1,True,True,False
121130101002,2025-06-14,14,9.751953125,38.03442405252881,0.11168952812675911,False,12,1,True,True,False
120910206012,2025-06-14,14,1.662109375,12.468398011231727,0.9895329467254603,False,6,2,True,True,False
120050005001,2025-06-14,14,6.83203125,32.275888581615796,0.22208431944094775,False,8,1,True,True,False
120330026011,2025-06-14,13,1.0234375,5.597685912355705,2.139556003591462,False,8,1,True,True,False
120330010021,2025-06-14,13,0.234375,1.4630979383825988,8.72506526399178,True,10,1,True,True,True
120330017001,2025-06-14,13,0.2421875,1.5640085672509736,8.157124434698046,True,10,1,True,True,True
120050003023,2025-06-14,12,8.814453125,41.20264875320031,0.07731412837269525,False,8,1,True,True,False
120330039001,2025-06-14,11,9.318359375,33.52182183274139,0.050165549873471084,False,9,1,True,True,False
120330039002,2025-06-14,11,4.677734375,24.00088983069414,0.26341796781695204,False,11,1,True,True,False
120330040001,2025-06-14,11,4.2421875,25.181997761346214,0.26835887144637455,False,11,1,True,True,False
120910201012,2025-06-14,9,5.34765625,32.006301886428645,0.11411326941050542,False,6,1,True,True,False
121319505023,2025-06-14,9,3.873046875,17.55565642460506,0.29203995572699515,False,7,1,True,True,False
120330035062,2025-06-14,9,0.1171875,0.7900664467089236,11.243120799525116,True,7,1,True,True,True
120050003011,2025-06-14,8,1.71484375,6.352706742019331,0.9893666597936082,False,5,1,True,True,False
121319501041,2025-06-14,8,6.0078125,27.330189781327274,0.07289329184831042,False,8,1,True,True,False
121319503031,2025-06-14,8,0.498046875,2.3773219350617283,3.155631979984742,True,7,1,True,True,True
121130107053,2025-06-14,8,0.333984375,1.5091946971170622,5.079540525582285,True,5,1,True,True,True
121319502022,2025-06-14,8,0.068359375,0.539274394491168,14.707986705884478,True,8,1,True,True,True
120050004022,2025-06-14,7,1.224609375,6.711436907675172,0.8605296756042341,False,5,1,True,True,False
120050007001,2025-06-14,7,6.94921875,39.802759290506025,0.001275822352650627,False,6,1,True,True,False
120050026071,2025-06-14,7,1.5703125,9.99231297013613,0.5433864527890212,False,7,1,True,True,False
120330035111,2025-06-14,7,0.166015625,1.1111326636513201,6.150466635138487,True,4,0,False,True,False
121319503041,2025-06-14,6,0.49609375,2.9062292862717443,1.8938307022088698,False,5,1,True,True,False
120910212002,2025-06-14,6,1.34765625,5.8520769537157795,0.7949901866970481,False,6,1,True,True,False
120910209002,2025-06-14,6,0.283203125,1.4016593094315901,4.078592305942243,True,5,1,True,True,True
120330035122,2025-06-14,6,0.05078125,0.4118586753889625,14.44480620538468,True,3,0,False,True,False
120330008011,2025-06-14,6,0.333984375,2.755492175085413,2.056262643832174,False,6,1,True,True,False
121130102002,2025-06-14,5,5.32421875,34.781964973978646,-0.009321461574771784,False,5,1,True,True,False
120330011012,2025-06-14,5,0.185546875,1.2012493878174912,4.007871449364244,True,3,0,False,True,False
121319505022,2025-06-14,5,3.001953125,14.118106654664265,0.14152371304971662,False,5,1,True,True,False
120050004012,2025-06-14,5,0.85546875,4.905227988521408,0.8449212268417505,False,5,1,True,True,False
120330035092,2025-06-14,5,0.2734375,1.5129698571517245,3.1240295222391916,True,5,1,True,True,True
120330035091,2025-06-14,5,0.140625,1.002809165839631,4.84576244965945,True,4,0,False,True,False
120330034002,2025-06-14,5,0.12109375,0.7461475585034545,6.538795435832565,True,3,0,False,True,False
120330035072,2025-06-14,5,0.125,1.5438787659125364,3.157631355282321,True,5,1,True,True,True
121319502012,2025-06-14,4,0.078125,0.42170792426218234,9.299979379950445,True,4,0,False,True,False
120910203051,2025-06-14,4,3.583984375,15.96941724137451,0.026050770589308804,False,11,0,True,True,False
120910210011,2025-06-14,4,0.158203125,1.1855172575938473,3.2406081399417146,True,4,0,False,True,False
120330020001,2025-06-14,4,0.126953125,1.0210581661298015,3.7931696777670556,True,3,0,False,True,False
120330035052,2025-06-14,4,0.05078125,0.35022969119552366,11.27608209492227,True,3,0,False,True,False
120330010022,2025-06-14,4,0.19140625,1.2237395668185538,3.1122584030697666,True,3,0,False,True,False
120330035112,2025-06-14,4,0.0703125,0.40415830248034795,9.723139363668224,True,3,0,False,True,False
120330012022,2025-06-14,3,0.08984375,0.5342793077307749,5.44688182359186,True,2,0,False,True,False
120330013002,2025-06-14,3,0.0859375,0.6884833298628382,4.232582509413189,True,3,0,False,True,False
120330034003,2025-06-14,3,0.099609375,0.5629109446916275,5.1524857570301545,True,3,0,False,True,False
120330014024,2025-06-14,3,0.060546875,0.36779090586950774,7.99218544583296,True,3,0,False,True,False
121130107112,2025-06-14,3,0.115234375,0.688458347350936,4.190181782383872,True,2,0,False,True,False
120330035073,2025-06-14,3,0.140625,0.7660545217754942,3.732599859045007,True,2,0,False,True,False
120330035123,2025-06-14,3,0.109375,0.8484762444392242,3.406842582741341,True,3,0,False,True,False
120330014022,2025-06-14,3,0.09375,0.5551749076482041,5.234836733366189,True,2,0,False,True,False
120330031003,2025-06-14,3,0.078125,0.4658073814722679,6.272710816142263,True,3,0,False,True,False
120330012013,2025-06-14,2,0.072265625,0.485254531783515,3.972625186857634,True,2,0,False,True,False
120330010013,2025-06-14,2,0.09375,0.605745485294765,3.146948753687185,True,2,0,False,True,False
120330032033,2025-06-14,2,0.109375,0.6063509282098118,3.1180376116218276,True,2,0,False,True,False
120330035071,2025-06-14,2,0.080078125,0.41901197007548163,4.582021546196262,True,1,0,False,True,False
120330032034,2025-06-14,2,0.076171875,0.4597908502552804,4.184137470182088,True,2,0,False,True,False
120330020002,2025-06-14,2,0.091796875,0.577946880452059,3.3016929228987966,True,2,0,False,True,False
120330012012,2025-06-14,2,0.0625,0.5902004701048088,3.282782881646867,True,2,0,False,True,False
120910210012,2025-06-14,2,0.078125,0.5324591253387958,3.609431989313996,True,2,0,False,True,False
120330015002,2025-06-14,2,0.037109375,0.3377574306320476,5.811539427354212,True,2,0,False,True,False
120330012014,2025-06-14,2,0.0703125,0.5408349528127344,3.5679785301675198,True,1,0,False,True,False
120330035061,2025-06-14,2,0.041015625,0.3430571428754785,5.710373375642157,True,2,0,False,True,False
120330029002,2025-06-14,2,0.01953125,0.15199062374520972,13.030203450707388,True,2,0,False,True,False
120910207011,2025-06-14,2,0.08203125,0.5674723154191078,3.379845497103203,True,2,0,False,True,False
120330030022,2025-06-14,1,0.03515625,0.2228053984913043,4.33043255025823,True,1,0,False,True,False
120330011014,2025-06-14,1,0.021484375,0.20157730218786685,4.854294676927658,True,1,0,False,True,False
121319506082,2025-06-14,1,0.037109375,0.2513950192904993,3.8301897456740486,True,1,0,False,True,False
120330011041,2025-06-14,1,0.05078125,0.2956954305890317,3.2101231598646476,True,1,0,False,True,False
120330010023,2025-06-14,1,0.013671875,0.1320046912156361,7.4719172168569745,True,1,0,False,True,False
120910233042,2025-06-14,1,0.021484375,0.18112321802472506,5.402485863885342,True,1,0,False,True,False
120330033111,2025-06-14,1,0.025390625,0.20112171678081175,4.845868415404177,True,1,0,False,True,False
120330011042,2025-06-14,1,0.021484375,0.16997566232487185,5.7567984240577825,True,1,0,False,True,False
120330013001,2025-06-14,1,0.044921875,0.2999243116360724,3.18439715603612,True,1,0,False,True,False
120330009003,2025-06-14,1,0.02734375,0.26400938243127225,3.6841730435591806,True,1,0,False,True,False
120330035051,2025-06-14,1,0.033203125,0.26702516748144384,3.620620798102055,True,1,0,False,True,False
120330009001,2025-06-14,1,0.021484375,0.15804376437533255,6.191421906884968,True,1,0,False,True,False
120330010015,2025-06-14,1,0.017578125,0.14565995891162747,6.744625512327925,True,1,0,False,True,False
120330001002,2025-06-14,1,0.01171875,0.12457118226963564,7.933466087372077,True,1,0,False,True,False
121130102004,2025-06-15,472,10.314453125,70.59817626033603,6.539624269789918,True,412,2,True,True,True
121130102003,2025-06-15,427,12.33203125,62.835254334293744,6.599288459053562,True,396,2,True,True,True
121130103031,2025-06-15,293,6.490234375,34.901537520225176,8.209087220268442,True,244,4,True,True,True
121130103021,2025-06-15,234,4.54296875,25.73571287523765,8.915899565804475,True,179,3,True,True,True
120330039004,2025-06-15,203,3.39453125,19.51627875325507,10.227639770553509,True,189,2,True,True,True
120050002013,2025-06-15,198,32.587890625,137.41519387845497,1.2037395917172635,False,141,4,True,True,False
121130104001,2025-06-15,169,9.90234375,55.34798502701685,2.8744977106635434,False,138,3,True,True,False
121130102001,2025-06-15,158,6.05859375,46.09609299080168,3.2961883836948913,True,129,2,True,True,True
120910208001,2025-06-15,148,66.595703125,226.04819685297892,0.36011920470192965,False,72,6,True,True,False
120910201011,2025-06-15,146,7.80859375,35.84990569214942,3.854721611729701,True,68,5,True,True,True
120050002041,2025-06-15,114,7.814453125,34.00786639306215,3.1223819115174662,True,90,2,True,True,True
121130101004,2025-06-15,103,12.224609375,64.1884634903211,1.4142010213204108,False,78,3,True,True,False
121319503053,2025-06-15,100,43.09765625,155.89971886707394,0.36499324157548424,False,41,5,True,True,False
120050005002,2025-06-15,98,8.80859375,45.03147936099073,1.9806457064180651,False,63,4,True,True,False
121130102002,2025-06-15,84,5.32421875,34.781964973978646,2.2619705732226323,False,81,1,True,True,False
120910201023,2025-06-15,84,8.41796875,38.34932022114185,1.970883207685436,False,49,4,True,True,False
121319501023,2025-06-15,83,12.2109375,66.86814461817453,1.0586365586216637,False,41,3,True,True,False
121130101001,2025-06-15,79,22.0703125,111.20237249814961,0.5119466988075934,False,48,3,True,True,False
120050005001,2025-06-15,79,6.83203125,32.275888581615796,2.2359715540444194,False,34,6,True,True,False
121319505012,2025-06-15,78,13.455078125,54.720084121427625,1.1795471975476204,False,73,2,True,True,False
120330036141,2025-06-15,72,0.869140625,5.312583817112478,13.389126990501092,True,69,1,True,True,True
120910203061,2025-06-15,66,4.181640625,26.602462528256105,2.32378334559588,False,61,2,True,True,False
120910201022,2025-06-15,64,7.45703125,36.83514484388862,1.535027729350198,False,42,3,True,True,False
121130108021,2025-06-15,61,21.01953125,76.84051907170081,0.5203045116430531,False,28,3,True,True,False
120910203042,2025-06-15,57,2.072265625,11.657903106362172,4.711630717279148,True,51,1,True,True,True
121130108083,2025-06-15,55,4.466796875,17.043023464741115,2.9650374670635125,False,23,3,True,True,False
121130107071,2025-06-15,53,2.603515625,11.853353268265453,4.251664759703455,True,52,1,True,True,True
120910202001,2025-06-15,50,13.890625,58.77240381418688,0.6143933658756301,False,30,3,True,True,False
120050003012,2025-06-15,50,2.990234375,14.025902175731852,3.35163934811538,True,45,1,True,True,True
120050002042,2025-06-15,47,6.548828125,30.588896444758674,1.3224135740905816,False,42,1,True,True,False
120330040003,2025-06-15,42,2.484375,16.19812961829592,2.4395177672468296,False,42,1,True,True,False
120330036143,2025-06-15,41,2.064453125,13.650435506760115,2.8523300121609982,False,41,1,True,True,False
120050003023,2025-06-15,39,8.814453125,41.20264875320031,0.7326118050275935,False,26,2,True,True,False
120910201021,2025-06-15,39,14.96484375,70.70081622753538,0.33995585245646975,False,29,2,True,True,False
121319501041,2025-06-15,38,6.0078125,27.330189781327274,1.170580510269926,False,29,2,True,True,False
121319504003,2025-06-15,37,9.2421875,42.331604195878015,0.6557231417821601,False,30,2,True,True,False
121319501044,2025-06-15,37,2.0859375,13.879987335528877,2.51542466545555,False,33,1,True,True,False
121319504002,2025-06-15,36,6.1875,26.67878067963113,1.117461114808797,False,26,2,True,True,False
120330036142,2025-06-15,36,1.052734375,5.338553087151484,6.546205508213269,True,35,1,True,True,True
120910201012,2025-06-15,34,5.34765625,32.006301886428645,0.8952094450546068,False,17,2,True,True,False
121319505011,2025-06-15,34,4.216796875,23.967400215414717,1.24265472505628,False,23,2,True,True,False
120910203062,2025-06-15,32,1.427734375,6.371003013420702,4.798658164279414,True,32,1,True,True,True
120050002012,2025-06-15,31,8.04296875,38.9559702959335,0.5893071350964764,False,17,2,True,True,False
120910203051,2025-06-15,29,3.583984375,15.96941724137451,1.591543087693312,False,21,3,True,True,False
120050005003,2025-06-15,29,4.2421875,28.655384385927967,0.8639846587490908,False,18,2,True,True,False
120910203052,2025-06-15,28,4.34375,21.287405204774263,1.1112791705911842,False,19,2,True,True,False
120330023001,2025-06-15,27,1.599609375,8.89434833658072,2.855789953776956,False,25,1,True,True,False
120050003021,2025-06-15,26,5.4453125,21.350511973861146,0.9627257428376682,False,18,2,True,True,False
121130101003,2025-06-15,25,5.4296875,43.05486121072455,0.454543620619667,False,24,1,True,True,False
120330038003,2025-06-15,25,3.66796875,26.015558896018575,0.8199720534646925,False,21,1,True,True,False
120910203032,2025-06-15,25,0.87109375,4.343267995825453,5.555472578066005,True,22,1,True,True,True
121130101002,2025-06-15,24,9.751953125,38.03442405252881,0.3746092449125093,False,13,2,True,True,False
121319505013,2025-06-15,23,15.85546875,68.12351084119011,0.10487614572090051,False,13,2,True,True,False
121130108082,2025-06-15,22,1.833984375,10.62276924176307,1.8983765123804035,False,20,1,True,True,False
120330024001,2025-06-15,20,1.236328125,10.438376085254413,1.7975661847924955,False,16,1,True,True,False
121319504001,2025-06-15,19,6.40625,30.31761095875755,0.4153938784006385,False,17,1,True,True,False
120330039001,2025-06-15,18,9.318359375,33.52182183274139,0.2589847493467816,False,18,1,True,True,False
121319501021,2025-06-15,17,4.578125,23.180010071775058,0.5358873857921826,False,17,1,True,True,False
120050002011,2025-06-15,16,4.42578125,27.59687365966789,0.41940325896101116,False,6,2,True,True,False
120330040002,2025-06-15,15,0.96875,6.790332139705296,2.0663569485732056,False,15,1,True,True,False
121319503062,2025-06-15,15,3.3671875,16.49010666751634,0.7054419194822636,False,15,1,True,True,False
120050014042,2025-06-15,15,0.357421875,2.1678995023297474,6.754269793993798,True,15,1,True,True,True
120050003022,2025-06-15,14,7.248046875,35.08913720788649,0.1924228881718545,False,8,1,True,True,False
121130103032,2025-06-15,14,1.19140625,6.670207469480236,1.9202691683288957,False,13,1,True,True,False
121130108081,2025-06-15,14,4.806640625,19.27085026929318,0.47706039155153457,False,7,1,True,True,False
120050004021,2025-06-15,14,1.884765625,13.451092912177986,0.9006877325210829,False,13,1,True,True,False
120050003011,2025-06-15,13,1.71484375,6.352706742019331,1.7764327409221465,False,12,1,True,True,False
121130104002,2025-06-15,13,3.611328125,15.867704915626064,0.5916842999616349,False,11,1,True,True,False
120330039003,2025-06-15,12,6.3203125,25.12463915485053,0.22606046060977902,False,10,2,True,True,False
120050006001,2025-06-15,12,2.99609375,16.79273863361856,0.5361785499343419,False,9,1,True,True,False
120050004023,2025-06-15,12,0.662109375,4.521430795890327,2.5075891099130327,False,12,1,True,True,False
120050014021,2025-06-15,12,0.392578125,2.3880376196670783,4.860652855468088,True,11,1,True,True,True
121130105061,2025-06-15,11,2.34375,11.621518269505675,0.744846740267457,False,11,1,True,True,False
120050007001,2025-06-15,10,6.94921875,39.802759290506025,0.07664748134001075,False,7,1,True,True,False
121130107113,2025-06-15,9,0.85546875,3.9192696430872243,2.0780737207926627,False,9,1,True,True,False
121319503061,2025-06-15,9,2.716796875,14.833580111273319,0.4235796805536413,False,8,1,True,True,False
121319501043,2025-06-15,8,7.017578125,31.37641060509692,0.03131084327537488,False,6,1,True,True,False
121319505021,2025-06-15,8,1.775390625,9.788084325293225,0.6359374488545313,False,7,1,True,True,False
120050002031,2025-06-15,8,1.123046875,5.232976883043129,1.3141569853449937,False,7,1,True,True,False
121130105051,2025-06-15,7,1.58984375,11.621044005252527,0.4655482112927802,False,6,1,True,True,False
120050013012,2025-06-15,7,0.45703125,2.741667571283683,2.3864923736674974,False,7,1,True,True,False
120910205001,2025-06-15,7,0.267578125,1.5976632868752294,4.2139178701211355,True,5,1,True,True,True
120330036132,2025-06-15,6,1.86328125,9.96946705501637,0.41493880537159844,False,5,1,True,True,False
121130107072,2025-06-15,6,0.455078125,2.6017331258360072,2.1312416019680214,False,6,1,True,True,False
120330026072,2025-06-15,6,0.171875,1.0861834654182256,5.365691142937745,True,5,1,True,True,True
120910205006,2025-06-15,6,0.283203125,1.4791013475191193,3.865047438830829,True,5,1,True,True,True
121319505022,2025-06-15,6,3.001953125,14.118106654664265,0.21235474049981917,False,5,1,True,True,False
120050014022,2025-06-15,6,0.34765625,2.5273909210698022,2.236434301824372,False,6,1,True,True,False
120330040001,2025-06-15,5,4.2421875,25.181997761346214,0.03009342257837957,False,5,1,True,True,False
120330036101,2025-06-15,5,0.43359375,3.0333250785713104,1.5054127506013195,False,5,1,True,True,False
121130103011,2025-06-15,5,0.33203125,1.887000896285736,2.4737501498744177,False,5,1,True,True,False
120910206012,2025-06-15,5,1.662109375,12.468398011231727,0.26770805856479524,False,5,1,True,True,False
120330025002,2025-06-15,5,1.279296875,9.38782370663819,0.3963328713095738,False,5,1,True,True,False
120330036144,2025-06-15,5,0.642578125,3.440745776824243,1.2664178517198779,False,5,1,True,True,False
120330035121,2025-06-15,5,0.806640625,4.063068697963865,1.032067062292456,False,5,1,True,True,False
120910205003,2025-06-15,4,0.130859375,1.19049761987399,3.2500196223907905,True,4,0,False,True,False
120050015012,2025-06-15,3,0.0703125,0.41843233197060214,7.001580126953075,True,3,0,False,True,False
120330022004,2025-06-15,2,0.0390625,0.4131373685868856,4.746453962049674,True,2,0,False,True,False
120050014032,2025-06-15,1,0.041015625,0.2802664090278288,3.4216885938149604,True,1,0,False,True,False
120330029004,2025-06-15,1,0.033203125,0.31416508453751796,3.077353030567418,True,1,0,False,True,False
120330021003,2025-06-15,1,0.037109375,0.27375379211735157,3.5173599516284777,True,1,0,False,True,False
120330012011,2025-06-15,1,0.029296875,0.2600637693700206,3.7325580850859565,True,1,0,False,True,False
120330038001,2025-06-16,358,21.287109375,84.41335249877207,3.9888581682607387,True,317,5,True,True,True
120910208001,2025-06-16,153,66.595703125,226.04819685297892,0.38223838136252464,False,63,8,True,True,False
121130102003,2025-06-16,108,12.33203125,62.835254334293744,1.5225205939492326,False,54,5,True,True,False
121319505012,2025-06-16,103,13.455078125,54.720084121427625,1.6364178402265184,False,77,2,True,True,False
121130101004,2025-06-16,87,12.224609375,64.1884634903211,1.164935045318156,False,28,5,True,True,False
121130102002,2025-06-16,78,5.32421875,34.781964973978646,2.089467380706374,False,63,2,True,True,False
121130102001,2025-06-16,68,6.05859375,46.09609299080168,1.3437452554245801,False,37,3,True,True,False
120330039001,2025-06-16,64,9.318359375,33.52182183274139,1.6312252030285366,False,37,3,True,True,False
121130103031,2025-06-16,59,6.490234375,34.901537520225176,1.5045115303178547,False,25,5,True,True,False
121319504001,2025-06-16,57,6.40625,30.31761095875755,1.6687907918874287,False,46,3,True,True,False
121130101003,2025-06-16,54,5.4296875,43.05486121072455,1.1281028700169542,False,36,2,True,True,False
121130102004,2025-06-16,51,10.314453125,70.59817626033603,0.5762974205589818,False,19,4,True,True,False
121130101001,2025-06-16,49,22.0703125,111.20237249814961,0.2421682819802078,False,26,3,True,True,False
121130104001,2025-06-16,47,9.90234375,55.34798502701685,0.6702620923217283,False,23,3,True,True,False
121319501024,2025-06-16,45,7.08203125,31.342079361827466,1.2098102462270428,False,29,2,True,True,False
121319504003,2025-06-16,43,9.2421875,42.331604195878015,0.7974612146469782,False,30,3,True,True,False
121319501022,2025-06-16,43,5.3203125,21.95634651194597,1.716118274937012,False,33,2,True,True,False
120330039004,2025-06-16,42,3.39453125,19.51627875325507,1.9781162811871138,False,12,4,True,True,False
121130107101,2025-06-16,40,5.873046875,30.85826281003802,1.1059259341682284,False,21,3,True,True,False
121130103021,2025-06-16,38,4.54296875,25.73571287523765,1.3000234892343565,False,17,3,True,True,False
121319501021,2025-06-16,36,4.578125,23.180010071775058,1.3555591607900368,False,20,3,True,True,False
121319504002,2025-06-16,35,6.1875,26.67878067963113,1.0799781424043091,False,23,2,True,True,False
120330039003,2025-06-16,33,6.3203125,25.12463915485053,1.0618933603609289,False,17,3,True,True,False
121319503053,2025-06-16,26,43.09765625,155.89971886707394,-0.10967086005189089,False,10,3,True,True,False
121130101002,2025-06-16,26,9.751953125,38.03442405252881,0.4271931882696593,False,15,2,True,True,False
121319501023,2025-06-16,25,12.2109375,66.86814461817453,0.19125792367990987,False,17,1,True,True,False
120330038003,2025-06-16,23,3.66796875,26.015558896018575,0.7430949812482628,False,11,2,True,True,False
120330038002,2025-06-16,21,6.328125,32.737193310235114,0.448171437940983,False,7,2,True,True,False
120050003021,2025-06-16,17,5.4453125,21.350511973861146,0.5411901838300689,False,15,1,True,True,False
120330036143,2025-06-16,17,2.064453125,13.650435506760115,1.0941443492849336,False,7,1,True,True,False
121319501042,2025-06-16,17,3.833984375,19.130660459385076,0.6882154253352526,False,16,1,True,True,False
121319503062,2025-06-16,17,3.3671875,16.49010666751634,0.8267267625900269,False,13,1,True,True,False
121319501033,2025-06-16,15,3.810546875,18.033813806426075,0.6204707027091967,False,12,1,True,True,False
120910201023,2025-06-16,14,8.41796875,38.34932022114185,0.14555750187516087,False,6,1,True,True,False
120330036132,2025-06-16,13,1.86328125,9.96946705501637,1.117082657331848,False,5,1,True,True,False
120330026011,2025-06-16,13,1.0234375,5.597685912355705,2.139556003591462,False,10,2,True,True,False
120330026052,2025-06-16,13,1.076171875,7.9558504481898655,1.4987496563252944,False,13,1,True,True,False
120330036031,2025-06-16,13,0.779296875,5.128879238622584,2.38272389666987,False,9,1,True,True,False
120330040003,2025-06-16,12,2.484375,16.19812961829592,0.5874520839277656,False,5,1,True,True,False
121130107071,2025-06-16,12,2.603515625,11.853353268265453,0.7927279447712794,False,7,1,True,True,False
120330033051,2025-06-16,11,1.47265625,6.335007755576106,1.5039198241886893,False,10,1,True,True,False
121319501043,2025-06-16,11,7.017578125,31.37641060509692,0.12692407443039638,False,10,1,True,True,False
120050003023,2025-06-16,9,8.814453125,41.20264875320031,0.004503275411039882,False,8,1,True,True,False
121130105061,2025-06-16,9,2.34375,11.621518269505675,0.5727521865594525,False,6,1,True,True,False
121130103032,2025-06-16,9,1.19140625,6.670207469480236,1.170667297191053,False,6,1,True,True,False
120330027041,2025-06-16,9,0.451171875,2.54923314392085,3.353490105597587,True,9,1,True,True,True
120330024001,2025-06-16,8,1.236328125,10.438376085254413,0.6479620795187272,False,7,1,True,True,False
120330023001,2025-06-16,8,1.599609375,8.89434833658072,0.7196019745118866,False,6,1,True,True,False
120330026071,2025-06-16,8,0.8515625,7.389461839795936,0.967382693757494,False,8,1,True,True,False
120910203051,2025-06-16,8,3.583984375,15.96941724137451,0.2765295413259493,False,8,1,True,True,False
121319503052,2025-06-16,7,3.205078125,18.006819038689855,0.21074915379813314,False,7,1,True,True,False
121319503061,2025-06-16,7,2.716796875,14.833580111273319,0.2887504629947577,False,7,1,True,True,False
121319502021,2025-06-16,6,3.45703125,15.665351516515923,0.1623307812351965,False,6,1,True,True,False
120330027011,2025-06-16,6,0.623046875,4.707542361142082,1.1421996261538716,False,5,1,True,True,False
120330026041,2025-06-16,6,1.4921875,7.282121466498447,0.6190246236262724,False,6,1,True,True,False
120910202001,2025-06-16,5,13.890625,58.77240381418688,-0.15127210090144247,False,5,1,True,True,False
120910203032,2025-06-16,5,0.87109375,4.343267995825453,0.9506450566643625,False,5,1,True,True,False
120330037003,2025-06-16,4,0.150390625,1.0685139028653015,3.6027695705942424,True,2,0,False,True,False
120330033121,2025-06-16,3,0.0703125,0.40897167113218214,7.163546296225264,True,3,0,False,True,False
120330033133,2025-06-16,3,0.09765625,0.543809112899017,5.337063467965372,True,2,0,False,True,False
120330033083,2025-06-16,2,0.076171875,0.42896429420698984,4.484821116770356,True,1,0,False,True,False
120330029001,2025-06-16,1,0.03515625,0.23142199532827923,4.169196400849191,True,1,0,False,True,False
120330010015,2025-06-16,1,0.017578125,0.14565995891162747,6.744625512327925,True,1,0,False,True,False
120910208001,2025-06-17,497,66.595703125,226.04819685297892,1.904037735611462,False,150,11,True,True,False
120910201021,2025-06-17,356,14.96484375,70.70081622753538,4.823638176289954,True,293,4,True,True,True
121130101001,2025-06-17,280,22.0703125,111.20237249814961,2.319462091551076,False,151,7,True,True,False
121319503053,2025-06-17,201,43.09765625,155.89971886707394,1.0128455964993341,False,44,9,True,True,False
121319501023,2025-06-17,165,12.2109375,66.86814461817453,2.284930490780695,False,127,3,True,True,False
121130101002,2025-06-17,100,9.751953125,38.03442405252881,2.3727990924842106,False,64,3,True,True,False
121130103031,2025-06-17,94,6.490234375,34.901537520225176,2.507332680524139,False,83,3,True,True,False
120910201023,2025-06-17,92,8.41796875,38.34932022114185,2.1794918597780386,False,60,3,True,True,False
120330038003,2025-06-17,90,3.66796875,26.015558896018575,3.3184769004986574,True,86,2,True,True,True
121319501024,2025-06-17,88,7.08203125,31.342079361827466,2.5817677192328414,False,55,3,True,True,False
120330038001,2025-06-17,83,21.287109375,84.41335249877207,0.7310797261120238,False,37,5,True,True,False
120910201022,2025-06-17,64,7.45703125,36.83514484388862,1.535027729350198,False,48,3,True,True,False
120330039001,2025-06-17,62,9.318359375,33.52182183274139,1.5715625746075907,False,28,3,True,True,False
120910202001,2025-06-17,59,13.890625,58.77240381418688,0.7675264592310447,False,31,5,True,True,False
121130108021,2025-06-17,58,21.01953125,76.84051907170081,0.48126260984120994,False,37,4,True,True,False
121319501033,2025-06-17,55,3.810546875,18.033813806426075,2.8385262082920817,False,18,5,True,True,False
120330038002,2025-06-17,48,6.328125,32.737193310235114,1.272921432362728,False,28,4,True,True,False
121319501043,2025-06-17,47,7.017578125,31.37641060509692,1.2742828482906545,False,29,3,True,True,False
121130105061,2025-06-17,45,2.34375,11.621518269505675,3.6704541533035338,True,40,1,True,True,True
120330036131,2025-06-17,44,1.935546875,10.023150604322845,4.196729629789079,True,39,2,True,True,True
121130102004,2025-06-17,41,10.314453125,70.59817626033603,0.43465070204993345,False,29,3,True,True,False
121319504002,2025-06-17,39,6.1875,26.67878067963113,1.229910032022261,False,16,3,True,True,False
121130108081,2025-06-17,38,4.806640625,19.27085026929318,1.7224647024470638,False,16,2,True,True,False
120330025001,2025-06-17,37,1.73828125,11.857514291832736,2.9737867382785024,False,32,1,True,True,False
121130108201,2025-06-17,35,1.4609375,9.200231719833488,3.6454584538015324,True,30,2,True,True,True
120330039004,2025-06-17,34,3.39453125,19.51627875325507,1.5682020705353674,False,26,2,True,True,False
120910203061,2025-06-17,33,4.181640625,26.602462528256105,1.0832966814403087,False,17,3,True,True,False
121130102003,2025-06-17,32,12.33203125,62.835254334293744,0.31300850069553654,False,16,3,True,True,False
120330039003,2025-06-17,30,6.3203125,25.12463915485053,0.9424886603964789,False,16,2,True,True,False
121130104001,2025-06-17,29,9.90234375,55.34798502701685,0.3450470010909687,False,21,2,True,True,False
121130101003,2025-06-17,28,5.4296875,43.05486121072455,0.5242221636607657,False,27,1,True,True,False
121319505012,2025-06-17,27,13.455078125,54.720084121427625,0.24753108648266856,False,18,2,True,True,False
121130104002,2025-06-17,26,3.611328125,15.867704915626064,1.4109584211483712,False,9,4,True,True,False
120910201011,2025-06-17,26,7.80859375,35.84990569214942,0.5074324715443711,False,10,2,True,True,False
120910203062,2025-06-17,25,1.427734375,6.371003013420702,3.699930069934725,True,7,3,True,True,True
120910203052,2025-06-17,25,4.34375,21.287405204774263,0.9703507685082863,False,9,3,True,True,False
121319506081,2025-06-17,25,1.44140625,6.745621496117649,3.4924274603250165,True,20,1,True,True,True
121130108083,2025-06-17,24,4.466796875,17.043023464741115,1.1461113789704398,False,9,3,True,True,False
121319501032,2025-06-17,24,1.8984375,9.761411982614241,2.2641767952591727,False,14,2,True,True,False
121319501021,2025-06-17,23,4.578125,23.180010071775058,0.7947311042125577,False,19,2,True,True,False
120330036032,2025-06-17,23,3.5546875,16.948550483830033,1.1473141917683187,False,22,1,True,True,False
121319501042,2025-06-17,23,3.833984375,19.130660459385076,1.001848089128443,False,10,2,True,True,False
121130105051,2025-06-17,21,1.58984375,11.621044005252527,1.670259250479296,False,11,2,True,True,False
121319501022,2025-06-17,18,5.3203125,21.95634651194597,0.5774953266064214,False,13,1,True,True,False
121130102002,2025-06-17,17,5.32421875,34.781964973978646,0.3356849234577453,False,17,1,True,True,False
120910208003,2025-06-17,17,1.517578125,9.640285843712489,1.6060127392485797,False,8,2,True,True,False
121130108241,2025-06-17,16,0.61328125,4.354503637900114,3.5335184051930164,True,7,2,True,True,True
121319504001,2025-06-17,15,6.40625,30.31761095875755,0.2834573611915027,False,11,1,True,True,False
121319503052,2025-06-17,15,3.205078125,18.006819038689855,0.6550252906777797,False,13,1,True,True,False
121130107101,2025-06-17,14,5.873046875,30.85826281003802,0.263363922169862,False,9,1,True,True,False
120910201012,2025-06-17,14,5.34765625,32.006301886428645,0.27033250453932567,False,5,1,True,True,False
120910212002,2025-06-17,14,1.34765625,5.8520769537157795,2.162026208825977,False,9,1,True,True,False
121130107071,2025-06-17,13,2.603515625,11.853353268265453,0.8770922573306008,False,10,1,True,True,False
121319501031,2025-06-17,13,2.08203125,20.925857125886946,0.5217453547694162,False,11,1,True,True,False
120050002013,2025-06-17,12,32.587890625,137.41519387845497,-0.1498225199406274,False,9,1,True,True,False
121130103021,2025-06-17,12,4.54296875,25.73571287523765,0.2897542137709733,False,11,1,True,True,False
120910203051,2025-06-17,12,3.583984375,15.96941724137451,0.5270083120625898,False,5,1,True,True,False
120910206013,2025-06-17,12,1.185546875,6.740271389844577,1.6044536635859954,False,5,1,True,True,False
121319505023,2025-06-17,12,3.873046875,17.55565642460506,0.4629250498209626,False,7,1,True,True,False
121130107053,2025-06-17,12,0.333984375,1.5091946971170622,7.729960652051717,True,12,1,True,True,True
121319504003,2025-06-17,11,9.2421875,42.331604195878015,0.041524826034614694,False,7,1,True,True,False
121319503061,2025-06-17,11,2.716796875,14.833580111273319,0.558408898112525,False,9,1,True,True,False
120330039002,2025-06-17,10,4.677734375,24.00088983069414,0.2217528459379655,False,10,1,True,True,False
121130105062,2025-06-17,10,0.4375,2.1949951967816066,4.356501560468531,True,9,1,True,True,True
120330036132,2025-06-17,9,1.86328125,9.96946705501637,0.7158575990688483,False,8,1,True,True,False
121130108242,2025-06-17,8,0.373046875,2.4301385716148967,3.138484864232113,True,7,1,True,True,True
120330026071,2025-06-17,7,0.8515625,7.389461839795936,0.8320548415160085,False,7,1,True,True,False
120330036033,2025-06-17,7,1.181640625,6.99512094736385,0.8317739491255947,False,5,1,True,True,False
121319503062,2025-06-17,7,3.3671875,16.49010666751634,0.2203025470512106,False,5,1,True,True,False
120910233041,2025-06-17,7,0.162109375,0.9847615085482369,6.943702171179102,True,4,0,False,True,False
120910208002,2025-06-17,7,0.15234375,1.087301897290385,6.297842638796759,True,5,1,True,True,True
120330036143,2025-06-17,6,2.064453125,13.650435506760115,0.28830925380007083,False,6,1,True,True,False
120910212001,2025-06-17,6,0.171875,1.04766537583621,5.562964219704401,True,4,0,False,True,False
121130108221,2025-06-17,5,0.21875,1.4507572757666323,3.2956925874960135,True,4,0,False,True,False
121130107113,2025-06-17,5,0.85546875,3.9192696430872243,1.0574754042019259,False,5,1,True,True,False
120330026072,2025-06-17,5,0.171875,1.0861834654182256,4.445036362380063,True,5,1,True,True,True
121319506071,2025-06-17,5,0.76171875,4.097856269189469,1.0342679126806724,False,5,1,True,True,False
120330036144,2025-06-17,5,0.642578125,3.440745776824243,1.2664178517198779,False,5,1,True,True,False
120910210023,2025-06-17,5,0.10546875,0.6857576658856533,7.137406540951653,True,3,0,False,True,False
121130108202,2025-06-17,5,0.1796875,1.3148770525813764,3.665979637059394,True,4,0,False,True,False
121319506073,2025-06-17,4,0.123046875,0.8500581848106639,4.56080912374666,True,4,0,False,True,False
120910219024,2025-06-17,4,0.087890625,0.5613879254904733,6.968638257728947,True,2,0,False,True,False
120330033101,2025-06-17,3,0.072265625,0.4688457990821988,6.244557124605279,True,3,0,False,True,False
120910225001,2025-06-17,3,0.060546875,0.3834212219151059,7.666380880844489,True,2,0,False,True,False
120330020002,2025-06-17,3,0.091796875,0.577946880452059,5.0319557443155665,True,3,0,False,True,False
120330033071,2025-06-17,3,0.078125,0.478244915925523,6.109578800948556,True,3,0,False,True,False
120910211012,2025-06-17,3,0.099609375,0.6590034608400908,4.4011766209886245,True,2,0,False,True,False
120330030011,2025-06-17,3,0.046875,0.4075486356386915,7.246067688024518,True,3,0,False,True,False
120330033122,2025-06-17,2,0.068359375,0.4164133076742616,4.638758150618523,True,2,0,False,True,False
120330030022,2025-06-17,2,0.03515625,0.2228053984913043,8.81865414080927,True,1,0,False,True,False
120910217002,2025-06-17,2,0.103515625,0.6153828329312869,3.0817960357561027,True,2,0,False,True,False
120330014022,2025-06-17,2,0.09375,0.5551749076482041,3.433602588552016,True,2,0,False,True,False
120330028012,2025-06-17,2,0.072265625,0.4892707378755567,3.940015671835066,True,2,0,False,True,False
120910210013,2025-06-17,2,0.05078125,0.3086479812358074,6.31534585839651,True,1,0,False,True,False
120910210021,2025-06-17,2,0.0546875,0.34399730918712773,5.655022431997538,True,2,0,False,True,False
120910227001,2025-06-17,2,0.072265625,0.4430948175818648,4.350613680205902,True,1,0,False,True,False
120910225002,2025-06-17,2,0.076171875,0.47238682131599874,4.072569424440131,True,2,0,False,True,False
120910227003,2025-06-17,2,0.05859375,0.40117778535193405,4.839266581764734,True,1,0,False,True,False
120330031003,2025-06-17,2,0.078125,0.4658073814722679,4.125900697248654,True,2,0,False,True,False
120910212003,2025-06-17,2,0.08203125,0.5605328180556575,3.421688593814961,True,2,0,False,True,False
120910210012,2025-06-17,2,0.078125,0.5324591253387958,3.609431989313996,True,2,0,False,True,False
120910233032,2025-06-17,1,0.044921875,0.265301943238465,3.5999665639144376,True,1,0,False,True,False
121319506082,2025-06-17,1,0.037109375,0.2513950192904993,3.8301897456740486,True,1,0,False,True,False
120910233081,2025-06-17,1,0.033203125,0.20953562893818448,4.613997533017245,True,1,0,False,True,False
120330018002,2025-06-17,1,0.046875,0.3028727426473822,3.1469487536871887,True,1,0,False,True,False
120910229001,2025-06-17,1,0.0234375,0.20616121406305557,4.736887607294129,True,1,0,False,True,False
120330033111,2025-06-17,1,0.025390625,0.20112171678081175,4.845868415404177,True,1,0,False,True,False
120910215022,2025-06-17,1,0.041015625,0.2584716175033432,3.710211528302894,True,1,0,False,True,False
120910233052,2025-06-17,1,0.048828125,0.29931198625751165,3.1778609566997553,True,1,0,False,True,False
121319506072,2025-06-17,1,0.01171875,0.10772225920023012,9.174345741886267,True,1,0,False,True,False
120330032042,2025-06-17,1,0.041015625,0.2346612325890982,4.086675776902708,True,1,0,False,True,False
120910215013,2025-06-17,1,0.03515625,0.25553438691550245,3.7757883064052935,True,1,0,False,True,False
121130102003,2025-06-18,151,12.33203125,62.835254334293744,2.206849804605929,False,98,6,True,True,False
121319503053,2025-06-18,133,43.09765625,155.89971886707394,0.5766677733822867,False,48,5,True,True,False
120330038001,2025-06-18,129,21.287109375,84.41335249877207,1.276017210980536,False,87,3,True,True,False
121130101001,2025-06-18,113,22.0703125,111.20237249814961,0.8176955712119636,False,35,6,True,True,False
121130101004,2025-06-18,112,12.224609375,64.1884634903211,1.5544131328216793,False,82,2,True,True,False
121130101003,2025-06-18,97,5.4296875,43.05486121072455,2.126828653606035,False,58,2,True,True,False
121130102001,2025-06-18,95,6.05859375,46.09609299080168,1.9294781939056735,False,70,3,True,True,False
120330039003,2025-06-18,70,6.3203125,25.12463915485053,2.5345513265891455,False,33,4,True,True,False
121319501023,2025-06-18,69,12.2109375,66.86814461817453,0.8492693019115851,False,30,4,True,True,False
121130101002,2025-06-18,66,9.751953125,38.03442405252881,1.47887205541266,False,27,5,True,True,False
120910208001,2025-06-18,62,66.595703125,226.04819685297892,-0.02033063386030472,False,35,5,True,True,False
120910201011,2025-06-18,62,7.80859375,35.84990569214942,1.5116192135999702,False,49,2,True,True,False
120910201023,2025-06-18,59,8.41796875,38.34932022114185,1.3189811698960519,False,31,3,True,True,False
120330040001,2025-06-18,54,4.2421875,25.181997761346214,1.9759279216670051,False,37,4,True,True,False
120330039001,2025-06-18,46,9.318359375,33.52182183274139,1.0942615472400237,False,33,2,True,True,False
121319504003,2025-06-18,45,9.2421875,42.331604195878015,0.8447072389352509,False,32,2,True,True,False
121130103031,2025-06-18,43,6.490234375,34.901537520225176,1.0460790045092674,False,41,1,True,True,False
121319501022,2025-06-18,41,5.3203125,21.95634651194597,1.6250284390705647,False,20,3,True,True,False
121130102002,2025-06-18,38,5.32421875,34.781964973978646,0.9394460972646502,False,24,2,True,True,False
121319501024,2025-06-18,37,7.08203125,31.342079361827466,0.9545623442724755,False,25,3,True,True,False
120330040003,2025-06-18,33,2.484375,16.19812961829592,1.8838980622511103,False,14,3,True,True,False
121319505012,2025-06-18,30,13.455078125,54.720084121427625,0.3023555636041363,False,16,2,True,True,False
121319502021,2025-06-18,27,3.45703125,15.665351516515923,1.5028688456290773,False,16,2,True,True,False
121319501021,2025-06-18,27,4.578125,23.180010071775058,0.9672935831594743,False,19,2,True,True,False
120330039002,2025-06-18,27,4.677734375,24.00088983069414,0.9300599178807367,False,19,2,True,True,False
121130102004,2025-06-18,24,10.314453125,70.59817626033603,0.19385128058455117,False,18,1,True,True,False
121319504002,2025-06-18,23,6.1875,26.67878067963113,0.6301824735504536,False,16,2,True,True,False
120910201022,2025-06-18,21,7.45703125,36.83514484388862,0.367664327299284,False,15,2,True,True,False
121319501032,2025-06-18,20,1.8984375,9.761411982614241,1.8544000122359503,False,14,2,True,True,False
121319504001,2025-06-18,17,6.40625,30.31761095875755,0.3494256197960706,False,16,1,True,True,False
121130108081,2025-06-18,16,4.806640625,19.27085026929318,0.580844084126162,False,13,1,True,True,False
120910201021,2025-06-18,15,14.96484375,70.70081622753538,0.0004972538066159967,False,7,2,True,True,False
120330040002,2025-06-18,14,0.96875,6.790332139705296,1.9190887473385896,False,9,1,True,True,False
121319501033,2025-06-18,14,3.810546875,18.033813806426075,0.5650193150696246,False,5,2,True,True,False
121319503052,2025-06-18,14,3.205078125,18.006819038689855,0.5994907735678239,False,12,1,True,True,False
121319501044,2025-06-18,14,2.0859375,13.879987335528877,0.8583626347772911,False,13,1,True,True,False
120910201012,2025-06-18,13,5.34765625,32.006301886428645,0.23908865751356165,False,9,1,True,True,False
120910202001,2025-06-18,11,13.890625,58.77240381418688,-0.04918337199783279,False,7,1,True,True,False
121319501042,2025-06-18,10,3.833984375,19.130660459385076,0.3223106509098639,False,10,1,True,True,False
120910203061,2025-06-18,10,4.181640625,26.602462528256105,0.21871506702884982,False,7,1,True,True,False
121319503032,2025-06-18,9,1.091796875,6.01704778806884,1.3142995375042754,False,9,1,True,True,False
121319502011,2025-06-18,8,1.380859375,7.117786274665048,0.92994371698966,False,8,1,True,True,False
121319503051,2025-06-18,7,1.0,5.748819329137132,1.0436925665048808,False,5,1,True,True,False
121130104001,2025-06-18,7,9.90234375,55.34798502701685,-0.05243811041329305,False,6,1,True,True,False
120910203052,2025-06-18,7,4.34375,21.287405204774263,0.12478035601089915,False,7,1,True,True,False
120330038002,2025-06-18,6,6.328125,32.737193310235114,-0.01002300340443093,False,6,1,True,True,False
120910203062,2025-06-18,6,1.427734375,6.371003013420702,0.7176680995705684,False,6,1,True,True,False
120910205005,2025-06-18,6,0.80078125,4.879703498960677,1.0654784150527539,False,6,1,True,True,False
120910203042,2025-06-18,6,2.072265625,11.657903106362172,0.3369160250488342,False,6,1,True,True,False
120330036142,2025-06-18,5,1.052734375,5.338553087151484,0.7393886621639199,False,5,1,True,True,False
121319506052,2025-06-18,5,2.744140625,16.978718256217732,0.1328639383113556,False,5,1,True,True,False
121319502012,2025-06-18,4,0.078125,0.42170792426218234,9.299979379950445,True,4,0,False,True,False
120910226003,2025-06-18,1,0.0234375,0.1753874659415357,5.568029019391448,True,1,0,False,True,False
121319506082,2025-06-18,1,0.037109375,0.2513950192904993,3.8301897456740486,True,1,0,False,True,False
120910224003,2025-06-18,1,0.037109375,0.2808113833580887,3.428958660739649,True,1,0,False,True,False
120910208001,2025-06-19,2662,66.595703125,226.04819685297892,11.481641229649107,True,601,10,True,True,True
121319503053,2025-06-19,1720,43.09765625,155.89971886707394,10.756288439363967,True,994,8,True,True,True
121319504003,2025-06-19,498,9.2421875,42.331604195878015,11.545931740229022,True,467,2,True,True,True
120910201021,2025-06-19,375,14.96484375,70.70081622753538,5.092376233554422,True,306,3,True,True,True
121130108021,2025-06-19,342,21.01953125,76.84051907170081,4.17722931374903,True,273,4,True,True,True
120050002013,2025-06-19,331,32.587890625,137.41519387845497,2.1716092737091963,False,133,6,True,True,False
120330036034,2025-06-19,241,1.140625,10.981203919895702,21.842721139657897,True,182,2,True,True,True
121319505012,2025-06-19,236,13.455078125,54.720084121427625,4.066969659278255,True,148,4,True,True,True
120910203052,2025-06-19,218,4.34375,21.287405204774263,10.036744635841382,True,198,2,True,True,True
120330039001,2025-06-19,185,9.318359375,33.52182183274139,5.240814222495762,True,167,2,True,True,True
120910203061,2025-06-19,172,4.181640625,26.602462528256105,6.308376872883472,True,158,2,True,True,True
120330036032,2025-06-19,167,3.5546875,16.948550483830033,9.64361599276215,True,136,3,True,True,True
120330036121,2025-06-19,152,1.09765625,8.054014956697099,18.73628799565628,True,131,2,True,True,True
121319504002,2025-06-19,139,6.1875,26.67878067963113,4.978207272471056,True,112,3,True,True,True
120050005002,2025-06-19,131,8.80859375,45.03147936099073,2.713466401369224,False,60,4,True,True,False
121130108082,2025-06-19,131,1.833984375,10.62276924176307,12.159354372227915,True,131,1,True,True,True
121319504001,2025-06-19,127,6.40625,30.31761095875755,3.977679843047305,True,108,3,True,True,True
120910203042,2025-06-19,124,2.072265625,11.657903106362172,10.458804920797402,True,122,2,True,True,True
121130108083,2025-06-19,116,4.466796875,17.043023464741115,6.544214608149881,True,103,2,True,True,True
121319503052,2025-06-19,113,3.205078125,18.006819038689855,6.09740796745345,True,85,3,True,True,True
121319501043,2025-06-19,106,7.017578125,31.37641060509692,3.1546763943394107,True,79,3,True,True,True
120910201022,2025-06-19,105,7.45703125,36.83514484388862,2.6480951592126973,False,100,2,True,True,False
121319501032,2025-06-19,104,1.8984375,9.761411982614241,10.459712455723622,True,73,3,True,True,True
121130109001,2025-06-19,103,1.111328125,7.50220506356647,13.581163272890223,True,93,2,True,True,True
120330036031,2025-06-19,103,0.779296875,5.128879238622584,19.93041722550919,True,61,2,True,True,True
120330039003,2025-06-19,98,6.3203125,25.12463915485053,3.648995192924012,True,85,2,True,True,True
121319501033,2025-06-19,83,3.810546875,18.033813806426075,4.391165062200101,True,50,4,True,True,True
120330033051,2025-06-19,82,1.47265625,6.335007755576106,12.711483056847,True,51,2,True,True,True
120330038002,2025-06-19,74,6.328125,32.737193310235114,2.067125130694779,False,72,1,True,True,False
121319502021,2025-06-19,73,3.45703125,15.665351516515923,4.439285558110911,True,58,3,True,True,True
120330026011,2025-06-19,73,1.0234375,5.597685912355705,12.858271011799179,True,56,4,True,True,True
120330036033,2025-06-19,70,1.181640625,6.99512094736385,9.838051392225688,True,64,2,True,True,True
120050005003,2025-06-19,70,4.2421875,28.655384385927967,2.2947803321840006,False,62,2,True,True,False
120910203051,2025-06-19,69,3.583984375,15.96941724137451,4.096330795059717,True,65,1,True,True,True
121130108081,2025-06-19,68,4.806640625,19.27085026929318,3.2792200910664757,True,64,2,True,True,True
120910202001,2025-06-19,66,13.890625,58.77240381418688,0.886629976285256,False,57,2,True,True,False
121319505021,2025-06-19,66,1.775390625,9.788084325293225,6.561509611133842,True,60,1,True,True,True
121319503062,2025-06-19,64,3.3671875,16.49010666751634,3.6769205756224634,True,58,2,True,True,True
120050005001,2025-06-19,64,6.83203125,32.275888581615796,1.7712283460590028,False,44,3,True,True,False
121319503032,2025-06-19,61,1.091796875,6.01704778806884,9.956411388952493,True,50,2,True,True,True
121319505013,2025-06-19,59,15.85546875,68.12351084119011,0.6333280642358372,False,18,5,True,True,False
121319501022,2025-06-19,58,5.3203125,21.95634651194597,2.3992920439353664,False,48,2,True,True,False
121319501023,2025-06-19,57,12.2109375,66.86814461817453,0.6698116533029465,False,38,3,True,True,False
121130101002,2025-06-19,56,9.751953125,38.03442405252881,1.2159523386269098,False,34,2,True,True,False
121319501024,2025-06-19,53,7.08203125,31.342079361827466,1.4650581481816098,False,20,4,True,True,False
120330038001,2025-06-19,53,21.287109375,84.41335249877207,0.37568571424125485,False,43,2,True,True,False
120050002012,2025-06-19,52,8.04296875,38.9559702959335,1.1283772658228088,False,29,3,True,True,False
120330033012,2025-06-19,52,0.455078125,2.9724655526338593,17.34079704618504,True,39,2,True,True,True
121130107101,2025-06-19,48,5.873046875,30.85826281003802,1.3651757840138796,False,31,3,True,True,False
121130102003,2025-06-19,47,12.33203125,62.835254334293744,0.5517279927850818,False,36,2,True,True,False
120050007001,2025-06-19,47,6.94921875,39.802759290506025,1.0062312755174523,False,38,2,True,True,False
120050012002,2025-06-19,46,0.482421875,4.444447666738546,10.241447652909818,True,43,2,True,True,True
121130101001,2025-06-19,45,22.0703125,111.20237249814961,0.20619782640322307,False,34,2,True,True,False
120910212002,2025-06-19,45,1.34765625,5.8520769537157795,7.459290794575577,True,40,1,True,True,True
120050003021,2025-06-19,44,5.4453125,21.350511973861146,1.8057968608528667,False,41,1,True,True,False
120330026042,2025-06-19,44,0.857421875,5.840105586544332,7.387294199680393,True,36,2,True,True,True
120330026041,2025-06-19,38,1.4921875,7.282121466498447,5.013348468293883,True,23,3,True,True,True
120330026052,2025-06-19,38,1.076171875,7.9558504481898655,4.641091278104781,True,23,2,True,True,True
121130102004,2025-06-19,37,10.314453125,70.59817626033603,0.37799201464631405,False,28,2,True,True,False
120050012001,2025-06-19,37,0.458984375,3.541517434310392,10.317897992252947,True,36,1,True,True,True
120050003023,2025-06-19,36,8.814453125,41.20264875320031,0.6598009520659381,False,21,2,True,True,False
121319505022,2025-06-19,36,3.001953125,14.118106654664265,2.3372855640028956,False,15,3,True,True,False
120330039002,2025-06-19,35,4.677734375,24.00088983069414,1.2633808929126291,False,35,1,True,True,False
120910201011,2025-06-19,33,7.80859375,35.84990569214942,0.7026910047218488,False,22,2,True,True,False
120910204004,2025-06-19,32,0.6328125,3.1013439262242404,10.114062885694935,True,32,1,True,True,True
121319503061,2025-06-19,31,2.716796875,14.833580111273319,1.9067010737013617,False,27,1,True,True,False
121319503031,2025-06-19,30,0.498046875,2.3773219350617283,12.409742529984257,True,19,2,True,True,True
121319501042,2025-06-19,29,3.833984375,19.130660459385076,1.3154807529216332,False,22,2,True,True,False
120330011011,2025-06-19,29,0.4453125,2.885441135761601,9.896125464525582,True,29,1,True,True,True
120910211023,2025-06-19,29,0.091796875,1.3038296345757918,22.171764131136232,True,29,1,True,True,True
121319503042,2025-06-19,27,0.748046875,3.5347030053952624,7.426919060789499,True,20,1,True,True,True
120330036122,2025-06-19,27,0.48828125,3.296778267076822,8.04170514430967,True,20,2,True,True,True
121130104001,2025-06-19,26,9.90234375,55.34798502701685,0.29084448588584205,False,24,1,True,True,False
120910209003,2025-06-19,26,0.1484375,1.3611313571542505,18.992702184195117,True,25,1,True,True,True
120330033082,2025-06-19,23,0.357421875,1.960266664272672,11.550764259617297,True,16,2,True,True,True
120910211013,2025-06-19,23,0.171875,1.7183680192864554,13.28477063340557,True,23,1,True,True,True
121130108094,2025-06-19,22,1.748046875,7.6145521982447875,2.659638097913129,False,22,1,True,True,False
120330017002,2025-06-19,21,0.22265625,2.481484147908452,8.372950424653096,True,21,1,True,True,True
120330011012,2025-06-19,20,0.185546875,1.2012493878174912,16.494870528925055,True,20,1,True,True,True
120330034001,2025-06-19,20,0.19921875,1.1834472247039547,16.731444239056174,True,16,1,True,True,True
120050003022,2025-06-19,19,7.248046875,35.08913720788649,0.33491712991901895,False,17,1,True,True,False
121319505011,2025-06-19,19,4.216796875,23.967400215414717,0.6168046176110553,False,7,2,True,True,False
120330036143,2025-06-19,18,2.064453125,13.650435506760115,1.167402085238103,False,16,1,True,True,False
120330025001,2025-06-19,18,1.73828125,11.857514291832736,1.3714272949433264,False,13,2,True,True,False
120910203032,2025-06-19,18,0.87109375,4.343267995825453,3.94378294557543,True,18,1,True,True,True
121319501031,2025-06-19,18,2.08203125,20.925857125886946,0.7606841934473599,False,11,1,True,True,False
121319505023,2025-06-19,18,3.873046875,17.55565642460506,0.8046952380088975,False,9,1,True,True,False
120050002042,2025-06-19,18,6.548828125,30.588896444758674,0.3743571428174921,False,11,2,True,True,False
120330036132,2025-06-19,17,1.86328125,9.96946705501637,1.518307715594848,False,14,2,True,True,False
120910211011,2025-06-19,17,0.19921875,1.2240893316179267,13.725126766519361,True,17,1,True,True,True
121319506102,2025-06-19,17,2.091796875,11.650544912789353,1.2796142357800415,False,11,2,True,True,False
121319506062,2025-06-19,17,1.5078125,10.349089672285661,1.4969613744373378,False,15,1,True,True,False
120330033011,2025-06-19,17,0.203125,1.164439678629315,14.424856270590105,True,15,1,True,True,True
120910212005,2025-06-19,17,0.166015625,1.114649534554508,15.102490830652021,True,17,1,True,True,True
120910211024,2025-06-19,17,0.279296875,1.662914558100936,10.055058477625694,True,16,1,True,True,True
121130108231,2025-06-19,16,1.05078125,7.040097580867818,2.1234391396258516,False,7,2,True,True,False
120910212001,2025-06-19,16,0.171875,1.04766537583621,15.107996661020263,True,12,1,True,True,True
121319503051,2025-06-19,15,1.0,5.748819329137132,2.4352826551780553,False,8,1,True,True,False
120330014021,2025-06-19,15,0.337890625,1.7928674306879266,8.178022046713249,True,12,1,True,True,True
120910209001,2025-06-19,15,0.171875,1.038283809033812,14.28137939837326,True,14,1,True,True,True
120050002041,2025-06-19,14,7.814453125,34.00786639306215,0.18188576735475226,False,6,1,True,True,False
120330014012,2025-06-19,14,0.234375,1.7870347368433919,7.70305395647514,True,13,1,True,True,True
121130108092,2025-06-19,14,1.416015625,9.297053451517936,1.3535454475574091,False,14,1,True,True,False
120330010011,2025-06-19,14,0.24609375,1.524100060084863,9.024280367283872,True,14,1,True,True,True
120910205005,2025-06-19,14,0.80078125,4.879703498960677,2.7049222873503047,False,12,2,True,True,False
120910206013,2025-06-19,14,1.185546875,6.740271389844577,1.901177620875513,False,13,1,True,True,False
120330010022,2025-06-19,14,0.19140625,1.2237395668185538,11.283931748565768,True,14,1,True,True,True
120910211022,2025-06-19,14,0.18359375,2.647134915943912,5.219381213546255,True,14,1,True,True,True
121130104002,2025-06-19,13,3.611328125,15.867704915626064,0.5916842999616349,False,13,1,True,True,False
121319501041,2025-06-19,13,6.0078125,27.330189781327274,0.25584116158524633,False,12,1,True,True,False
120910203041,2025-06-19,13,0.623046875,3.2224287514953387,3.840877201476243,True,13,1,True,True,True
120330010021,2025-06-19,13,0.234375,1.4630979383825988,8.72506526399178,True,11,1,True,True,True
120910204003,2025-06-19,13,0.357421875,2.3713851042938874,5.3313053633119205,True,13,1,True,True,True
120910232002,2025-06-19,12,0.96875,5.28919069049979,2.0856215337090873,False,9,1,True,True,False
120910203031,2025-06-19,12,0.568359375,2.765317568764112,4.133934110905417,True,11,1,True,True,True
120910209002,2025-06-19,12,0.283203125,1.4016593094315901,8.359233086213704,True,12,1,True,True,True
121319501044,2025-06-19,12,2.0859375,13.879987335528877,0.7142702842835295,False,10,1,True,True,False
121130101004,2025-06-19,11,12.224609375,64.1884634903211,-0.019078340692555405,False,9,1,True,True,False
121130108121,2025-06-19,11,0.1171875,0.9579911610131148,11.36003435406542,True,10,1,True,True,True
120910208003,2025-06-19,11,1.517578125,9.640285843712489,0.9836245551976605,False,9,1,True,True,False
121130108122,2025-06-19,11,0.2421875,1.5362347227190483,7.002714065048134,True,11,1,True,True,True
120910232001,2025-06-19,11,0.96484375,5.748711620740289,1.7456357027538156,False,9,1,True,True,False
120910209004,2025-06-19,11,0.251953125,1.4661864259920043,7.330614091402462,True,11,1,True,True,True
120330038003,2025-06-19,10,3.66796875,26.015558896018575,0.2433940118414698,False,8,1,True,True,False
120330011031,2025-06-19,10,0.345703125,1.9413164309504716,4.973067100798834,True,10,1,True,True,True
120910201012,2025-06-19,10,5.34765625,32.006301886428645,0.14535711643626947,False,7,1,True,True,False
120050002011,2025-06-19,9,4.42578125,27.59687365966789,0.16575133859039626,False,8,1,True,True,False
120330040001,2025-06-19,9,4.2421875,25.181997761346214,0.18893705515704287,False,7,1,True,True,False
120330039004,2025-06-19,9,3.39453125,19.51627875325507,0.28722016224866015,False,9,1,True,True,False
120330027011,2025-06-19,9,0.623046875,4.707542361142082,1.779474826216475,False,6,1,True,True,False
120330026021,2025-06-19,9,1.03125,5.591001296639227,1.4252813721917836,False,5,1,True,True,False
120330027041,2025-06-19,9,0.451171875,2.54923314392085,3.353490105597587,True,7,1,True,True,True
121130107092,2025-06-19,9,0.884765625,5.109409831820208,1.5882919245311309,False,8,1,True,True,False
120330026071,2025-06-19,9,0.8515625,7.389461839795936,1.1027105459989794,False,5,1,True,True,False
121130108142,2025-06-19,9,0.3671875,2.01897493415243,4.275839364803245,True,7,1,True,True,True
120910208004,2025-06-19,9,0.3828125,3.119589249268038,2.762282727452624,False,9,1,True,True,False
120330017001,2025-06-19,9,0.2421875,1.5640085672509736,5.59959368726057,True,9,1,True,True,True
120910212003,2025-06-19,9,0.08203125,0.5605328180556575,15.909806638858566,True,9,1,True,True,True
120910211012,2025-06-19,9,0.099609375,0.6590034608400908,13.505832903599435,True,9,1,True,True,True
120330032041,2025-06-19,9,0.07421875,0.6428588415937548,13.884511921577515,True,8,1,True,True,True
121319503041,2025-06-19,8,0.49609375,2.9062292862717443,2.5820076500661737,False,6,1,True,True,False
120910201023,2025-06-19,8,8.41796875,38.34932022114185,-0.010898987194291263,False,6,1,True,True,False
120330025002,2025-06-19,8,1.279296875,9.38782370663819,0.7158957533733561,False,7,1,True,True,False
120910218021,2025-06-19,8,0.083984375,0.6929737838601234,11.42325411057375,True,7,1,True,True,True
120330033081,2025-06-19,8,0.15234375,1.5261049941053428,5.142278074124628,True,6,1,True,True,True
120050016001,2025-06-19,8,0.228515625,2.1096477998200824,3.6837828454886057,True,8,1,True,True,True
121130102002,2025-06-19,7,5.32421875,34.781964973978646,0.0481796025973144,False,5,1,True,True,False
120330010012,2025-06-19,7,0.07421875,0.5256245702451524,13.176289013220599,True,7,1,True,True,True
120330012013,2025-06-19,7,0.072265625,0.485254531783515,14.276495985596785,True,7,1,True,True,True
120330033101,2025-06-19,7,0.072265625,0.4688457990821988,14.776146845213427,True,5,1,True,True,True
120910217002,2025-06-19,7,0.103515625,0.6153828329312869,11.206819569778371,True,7,1,True,True,True
121319506053,2025-06-19,7,1.599609375,9.622921909181514,0.5612007117970403,False,6,1,True,True,False
120330032012,2025-06-19,7,0.2265625,1.4015079591949835,4.83296399107902,True,4,0,False,True,False
120050008032,2025-06-19,7,0.26953125,1.8604992109888199,3.6175606580466564,True,7,1,True,True,True
120330012021,2025-06-19,7,0.189453125,2.862341714703521,2.379361918954331,False,6,1,True,True,False
120910211021,2025-06-19,7,0.158203125,0.9933098586511376,6.887877750746176,True,6,1,True,True,True
120330036111,2025-06-19,7,0.16015625,0.9330496129546562,7.330632428366271,True,6,1,True,True,True
120330032011,2025-06-19,7,0.08203125,0.6629039587396656,10.435853729328553,True,7,1,True,True,True
120330040003,2025-06-19,6,2.484375,16.19812961829592,0.21703894726395281,False,6,1,True,True,False
121130102001,2025-06-19,6,6.05859375,46.09609299080168,-0.0012711218283009838,False,6,1,True,True,False
121130103021,2025-06-19,6,4.54296875,25.73571287523765,0.05661515020250028,False,6,1,True,True,False
121130108201,2025-06-19,6,1.4609375,9.200231719833488,0.4933639323686677,False,5,1,True,True,False
120330024001,2025-06-19,6,1.236328125,10.438376085254413,0.45636139530643244,False,5,1,True,True,False
121130107093,2025-06-19,6,0.353515625,1.65107666460321,3.4198801885174572,True,3,0,False,True,False
121130108131,2025-06-19,6,0.203125,1.3769666597256762,4.209887697030277,True,5,1,True,True,True
120910205004,2025-06-19,6,0.16015625,1.7588841794590868,3.320198008601077,True,6,1,True,True,True
121319506052,2025-06-19,6,2.744140625,16.978718256217732,0.19176119927708207,False,6,1,True,True,False
120050010002,2025-06-19,6,0.212890625,1.6300714461398762,3.550218236571337,True,6,1,True,True,True
120330035121,2025-06-19,6,0.806640625,4.063068697963865,1.2781864548838566,False,5,1,True,True,False
120330036091,2025-06-19,6,0.185546875,1.2061267656040382,4.8207645255994915,True,5,1,True,True,True
120330016001,2025-06-19,6,0.1640625,1.1210656361113154,5.205705457392617,True,5,1,True,True,True
120910212004,2025-06-19,6,0.083984375,0.7525412548586208,7.861383793651866,True,6,1,True,True,True
120910220021,2025-06-19,6,0.1171875,0.7091362817856759,8.295743217631584,True,6,1,True,True,True
120910219022,2025-06-19,6,0.05859375,0.37599753168819666,15.8017160998999,True,6,1,True,True,True
120050011001,2025-06-19,6,0.166015625,1.4651120004708438,3.9819374717599265,True,6,1,True,True,True
120330014011,2025-06-19,5,0.0546875,0.3606602718661207,13.711830455880458,True,5,1,True,True,True
120330023001,2025-06-19,5,1.599609375,8.89434833658072,0.38230913568055985,False,5,1,True,True,False
120330034003,2025-06-19,5,0.099609375,0.5629109446916275,8.705445632584956,True,3,0,False,True,False
120330030021,2025-06-19,5,0.130859375,0.8442651268719173,5.767312269595488,True,5,1,True,True,True
120050026071,2025-06-19,5,1.5703125,9.99231297013613,0.34323259391997163,False,5,1,True,True,False
120050013012,2025-06-19,5,0.45703125,2.741667571283683,1.657009331686746,False,5,1,True,True,False
120330033013,2025-06-19,5,0.193359375,1.671598495479121,2.875475563061152,False,5,1,True,True,False
120330034004,2025-06-19,5,0.103515625,0.5827152716533213,8.40287635006947,True,4,0,False,True,False
120330032031,2025-06-19,5,0.203125,2.008238900969191,2.388597789677808,False,5,1,True,True,False
120330014022,2025-06-19,5,0.09375,0.5551749076482041,8.837305022994533,True,5,1,True,True,True
120910225002,2025-06-19,5,0.076171875,0.47238682131599874,10.423296973617838,True,5,1,True,True,True
120330033102,2025-06-19,5,0.095703125,0.5635895351574083,8.701894852661255,True,3,0,False,True,False
120330010014,2025-06-19,5,0.064453125,0.5645652725042588,8.74220770453565,True,5,1,True,True,True
120330013003,2025-06-19,5,0.052734375,0.47558013162338064,10.402591058866642,True,5,1,True,True,True
120330014013,2025-06-19,5,0.0625,0.8011733078903279,6.162836369326337,True,3,0,False,True,False
120330032013,2025-06-19,4,0.125,0.6318363879478842,6.1329168023789435,True,4,0,False,True,False
120330010013,2025-06-19,4,0.09375,0.605745485294765,6.448665478867183,True,4,0,False,True,False
121130108084,2025-06-19,4,0.212890625,0.9608734222625619,3.9413197277145207,True,4,0,False,True,False
120910218011,2025-06-19,4,0.083984375,0.5109154361786657,7.664704073710116,True,3,0,False,True,False
120330032033,2025-06-19,4,0.109375,0.6063509282098118,6.41645756441186,True,4,0,False,True,False
120050011003,2025-06-19,4,0.056640625,0.40870522938951087,9.648419181937689,True,4,0,False,True,False
120910206011,2025-06-19,4,0.0859375,0.6534849375469819,5.989522137560517,True,3,0,False,True,False
120330032032,2025-06-19,4,0.15625,1.2539565562689108,3.0652975821083457,True,4,0,False,True,False
120910210023,2025-06-19,4,0.10546875,0.6857576658856533,5.679165459959136,True,3,0,False,True,False
120910219011,2025-06-19,4,0.09765625,0.5820491292368722,6.704492033372482,True,4,0,False,True,False
120050016002,2025-06-19,4,0.052734375,0.3689944337294098,10.697358182629388,True,4,0,False,True,False
120330013001,2025-06-19,4,0.044921875,0.2999243116360724,13.186920738186387,True,4,0,False,True,False
120050020002,2025-06-19,4,0.099609375,0.7453967302515266,5.232637153752811,True,4,0,False,True,False
120330015002,2025-06-19,4,0.037109375,0.3377574306320476,11.732948754330046,True,4,0,False,True,False
120910220022,2025-06-19,4,0.072265625,0.5314496142765346,7.390605373468654,True,4,0,False,True,False
120330036113,2025-06-19,3,0.1171875,0.5435419642746941,5.303753324450014,True,2,0,False,True,False
120330012022,2025-06-19,3,0.08984375,0.5342793077307749,5.44688182359186,True,3,0,False,True,False
121130108143,2025-06-19,3,0.064453125,0.43088460157308744,6.8128377395776285,True,3,0,False,True,False
120330031002,2025-06-19,3,0.0625,0.3906940985851665,7.518670004583295,True,3,0,False,True,False
120050009002,2025-06-19,3,0.0546875,0.411357235199621,7.159987106026509,True,3,0,False,True,False
120330036103,2025-06-19,3,0.173828125,0.8503818606679197,3.3234150511867995,True,2,0,False,True,False
120330035073,2025-06-19,3,0.140625,0.7660545217754942,3.732599859045007,True,2,0,False,True,False
120330033121,2025-06-19,3,0.0703125,0.40897167113218214,7.163546296225264,True,3,0,False,True,False
120330033132,2025-06-19,3,0.048828125,0.40004720092105994,7.377059177530267,True,2,0,False,True,False
120910227001,2025-06-19,3,0.072265625,0.4430948175818648,6.60746697733399,True,3,0,False,True,False
120330012012,2025-06-19,3,0.0625,0.5902004701048088,4.977122433464605,True,3,0,False,True,False
120910223002,2025-06-19,3,0.080078125,0.5796901744772964,5.0370387554573925,True,3,0,False,True,False
120330033133,2025-06-19,3,0.09765625,0.543809112899017,5.337063467965372,True,3,0,False,True,False
120330012014,2025-06-19,3,0.0703125,0.5408349528127344,5.416971452683481,True,3,0,False,True,False
120910220012,2025-06-19,3,0.0546875,0.6598178453490756,4.463826676954739,True,2,0,False,True,False
120050017001,2025-06-19,3,0.080078125,0.522894242832972,5.584153803607109,True,3,0,False,True,False
120330033122,2025-06-19,2,0.068359375,0.4164133076742616,4.638758150618523,True,2,0,False,True,False
121130108133,2025-06-19,2,0.02734375,0.20567861759981043,9.59096416059254,True,2,0,False,True,False
120910218023,2025-06-19,2,0.04296875,0.3222192113399755,6.07360201107042,True,2,0,False,True,False
120330036081,2025-06-19,2,0.060546875,0.3569907026668995,5.432783292425582,True,2,0,False,True,False
120330035102,2025-06-19,2,0.04296875,0.3098345227808698,6.316375697694955,True,1,0,False,True,False
120330035101,2025-06-19,2,0.0546875,0.32648501612390224,5.958351544261213,True,2,0,False,True,False
120330033071,2025-06-19,2,0.078125,0.478244915925523,4.018599959982206,True,1,0,False,True,False
120910219021,2025-06-19,2,0.07421875,0.601985767267111,3.1990478092906462,True,2,0,False,True,False
120050009003,2025-06-19,2,0.056640625,0.5442411940036233,3.570768615848403,True,1,0,False,True,False
120910219023,2025-06-19,2,0.048828125,0.3244121489969662,6.014484602480922,True,2,0,False,True,False
120330015001,2025-06-19,2,0.056640625,0.4497388280480258,4.3210842689181295,True,2,0,False,True,False
120910218024,2025-06-19,2,0.03515625,0.2630811989123034,7.468582924677066,True,2,0,False,True,False
120910221002,2025-06-19,2,0.064453125,0.6238461707545908,3.102602798152635,True,2,0,False,True,False
120330032042,2025-06-19,2,0.041015625,0.2346612325890982,8.348138094161744,True,2,0,False,True,False
120330029001,2025-06-19,2,0.03515625,0.23142199532827923,8.49030684059572,True,2,0,False,True,False
120330033083,2025-06-19,2,0.076171875,0.42896429420698984,4.484821116770356,True,2,0,False,True,False
120330033112,2025-06-19,2,0.013671875,0.14607920053104298,13.59761086985063,True,1,0,False,True,False
120330012011,2025-06-19,2,0.029296875,0.2600637693700206,7.577768828675513,True,2,0,False,True,False
120330008021,2025-06-19,1,0.015625,0.16478058708072763,5.97385297284895,True,1,0,False,True,False
121319506082,2025-06-19,1,0.037109375,0.2513950192904993,3.8301897456740486,True,1,0,False,True,False
120910233081,2025-06-19,1,0.033203125,0.20953562893818448,4.613997533017245,True,1,0,False,True,False
120050016003,2025-06-19,1,0.041015625,0.293899725551183,3.26296451349694,True,1,0,False,True,False
120330004001,2025-06-19,1,0.029296875,0.23641379224652606,4.105949639299286,True,1,0,False,True,False
120330011041,2025-06-19,1,0.05078125,0.2956954305890317,3.2101231598646476,True,1,0,False,True,False
120910233042,2025-06-19,1,0.021484375,0.18112321802472506,5.402485863885342,True,1,0,False,True,False
120910229001,2025-06-19,1,0.0234375,0.20616121406305557,4.736887607294129,True,1,0,False,True,False
120330009003,2025-06-19,1,0.02734375,0.26400938243127225,3.6841730435591806,True,1,0,False,True,False
120330011043,2025-06-19,1,0.025390625,0.19114405728666492,5.098821218063541,True,1,0,False,True,False
120910227002,2025-06-19,1,0.03125,0.20512036464518152,4.722836767942324,True,1,0,False,True,False
120910210022,2025-06-19,1,0.017578125,0.18154477851124418,5.411457619747255,True,1,0,False,True,False
120330033113,2025-06-19,1,0.0234375,0.1753874659415358,5.568029019391445,True,1,0,False,True,False
120330009001,2025-06-19,1,0.021484375,0.15804376437533255,6.191421906884968,True,1,0,False,True,False
120330004003,2025-06-19,1,0.037109375,0.2737537921173516,3.517359951628477,True,1,0,False,True,False
120330010015,2025-06-19,1,0.017578125,0.14565995891162747,6.744625512327925,True,1,0,False,True,False
120910218022,2025-06-19,1,0.041015625,0.2802664090278288,3.4216885938149604,True,1,0,False,True,False
120330029002,2025-06-19,1,0.01953125,0.15199062374520972,6.450850229048431,True,1,0,False,True,False
120330029003,2025-06-19,1,0.01953125,0.15199062374520975,6.45085022904843,True,1,0,False,True,False
120050007001,2025-06-20,32,6.94921875,39.802759290506025,0.6293729805806516,False,47,2,True,True,False
120330036032,2025-06-20,9,3.5546875,16.948550483830033,0.3212848500050294,False,7,1,True,True,False
120050026071,2025-06-20,3,1.5703125,9.99231297013613,0.1430787350509221,False,5,0,True,True,False
120050005001,2025-06-20,3,6.83203125,32.275888581615796,-0.11872736641502438,False,12,0,True,True,False
121319503053,2025-06-21,663,43.09765625,155.89971886707394,3.976289041794568,True,428,4,True,True,True
121130102002,2025-06-21,600,5.32421875,34.781964973978646,17.097245129620866,True,497,3,True,True,True
120050002013,2025-06-21,525,32.587890625,137.41519387845497,3.583389110599685,True,181,5,True,True,True
120910208001,2025-06-21,519,66.595703125,226.04819685297892,2.00136211291808,False,351,4,True,True,False
120050005002,2025-06-21,481,8.80859375,45.03147936099073,10.485807105396669,True,390,3,True,True,True
121130101004,2025-06-21,478,12.224609375,64.1884634903211,7.256372333873262,True,323,4,True,True,True
121130101003,2025-06-21,465,5.4296875,43.05486121072455,10.67406326664747,True,287,3,True,True,True
120050005003,2025-06-21,462,4.2421875,28.655384385927967,15.974582868439722,True,355,3,True,True,True
121130102003,2025-06-21,423,12.33203125,62.835254334293744,6.535629927829683,True,245,3,True,True,True
120050003023,2025-06-21,373,8.814453125,41.20264875320031,8.83888676809189,True,215,3,True,True,True
120910201011,2025-06-21,341,7.80859375,35.84990569214942,9.294066464530863,True,326,2,True,True,True
121319504002,2025-06-21,322,6.1875,26.67878067963113,11.837591222492351,True,248,3,True,True,True
121319505013,2025-06-21,321,15.85546875,68.12351084119011,4.479283693427876,True,224,4,True,True,True
121319503052,2025-06-21,298,3.205078125,18.006819038689855,16.37129363279528,True,149,3,True,True,True
120050005001,2025-06-21,243,6.83203125,32.275888581615796,7.31716396135164,True,197,3,True,True,True
120050002012,2025-06-21,226,8.04296875,38.9559702959335,5.594958348983851,True,204,2,True,True,True
121130102001,2025-06-21,224,6.05859375,46.09609299080168,4.72798001109312,True,123,3,True,True,True
120330040001,2025-06-21,224,4.2421875,25.181997761346214,8.726782306260196,True,205,3,True,True,True
121319503061,2025-06-21,217,2.716796875,14.833580111273319,14.445818306677541,True,211,2,True,True,True
120050003022,2025-06-21,216,7.248046875,35.08913720788649,5.949190254757298,True,208,3,True,True,True
120050007001,2025-06-21,201,6.94921875,39.802759290506025,4.875309770201938,True,147,3,True,True,True
120330039003,2025-06-21,188,6.3203125,25.12463915485053,7.231136191857511,True,160,3,True,True,True
120910201012,2025-06-21,185,5.34765625,32.006301886428645,5.613030345944979,True,169,2,True,True,True
121130101001,2025-06-21,175,22.0703125,111.20237249814961,1.375237632655227,False,91,4,True,True,False
120050004021,2025-06-21,143,1.884765625,13.451092912177986,10.490986516585647,True,119,2,True,True,True
120050003021,2025-06-21,134,5.4453125,21.350511973861146,6.021152450928859,True,102,2,True,True,True
120330038001,2025-06-21,117,21.287109375,84.41335249877207,1.1338596062322286,False,87,3,True,True,False
120050006001,2025-06-21,107,2.99609375,16.79273863361856,6.1933856364433195,True,72,2,True,True,True
121319505023,2025-06-21,104,3.873046875,17.55565642460506,5.703401268702631,True,97,2,True,True,True
121319503062,2025-06-21,88,3.3671875,16.49010666751634,5.1323386929156225,True,70,3,True,True,True
121319504001,2025-06-21,77,6.40625,30.31761095875755,2.3284733779331077,False,61,2,True,True,False
121319501033,2025-06-21,71,3.810546875,18.033813806426075,3.725748410525236,True,54,2,True,True,True
120910201021,2025-06-21,65,14.96484375,70.70081622753538,0.707702667660478,False,36,3,True,True,False
120330040002,2025-06-21,56,0.96875,6.790332139705296,8.104353199192461,True,52,1,True,True,True
121319505012,2025-06-21,55,13.455078125,54.720084121427625,0.7592262062830343,False,25,4,True,True,False
120050012001,2025-06-21,50,0.458984375,3.541517434310392,13.988640898684912,True,49,2,True,True,True
121319505022,2025-06-21,45,3.001953125,14.118106654664265,2.9747648110538183,False,39,2,True,True,False
121130102004,2025-06-21,44,10.314453125,70.59817626033603,0.4771447176026479,False,26,2,True,True,False
120050004022,2025-06-21,43,1.224609375,6.711436907675172,6.224507687351696,True,28,2,True,True,True
120050002011,2025-06-21,42,4.42578125,27.59687365966789,1.361538963194724,False,35,2,True,True,False
120330039002,2025-06-21,39,4.677734375,24.00088983069414,1.4300413804285752,False,34,2,True,True,False
120330040003,2025-06-21,38,2.484375,16.19812961829592,2.192575676137621,False,34,2,True,True,False
120330039001,2025-06-21,31,9.318359375,33.52182183274139,0.6467918340829297,False,20,2,True,True,False
121319504003,2025-06-21,30,9.2421875,42.331604195878015,0.49036205677320555,False,20,2,True,True,False
120050008041,2025-06-21,30,0.275390625,2.153670657988865,13.801836072167763,True,26,2,True,True,True
120050008032,2025-06-21,28,0.26953125,1.8604992109888199,14.904853808167854,True,25,2,True,True,True
121319501024,2025-06-21,27,7.08203125,31.342079361827466,0.6355024668292666,False,24,1,True,True,False
120910202001,2025-06-21,24,13.890625,58.77240381418688,0.17200887395998818,False,14,2,True,True,False
120050004023,2025-06-21,22,0.662109375,4.521430795890327,4.719278385150712,True,17,2,True,True,True
121319501023,2025-06-21,20,12.2109375,66.86814461817453,0.11648390342631042,False,19,1,True,True,False
120050004012,2025-06-21,20,0.85546875,4.905227988521408,3.902883065741206,True,16,2,True,True,True
121319502011,2025-06-21,19,1.380859375,7.117786274665048,2.475368035102899,False,15,2,True,True,False
120050008062,2025-06-21,18,0.49609375,3.0224185788136158,5.791357415778848,True,17,1,True,True,True
120050012002,2025-06-21,18,0.482421875,4.444447666738546,3.941452220508395,True,16,1,True,True,True
120910206012,2025-06-21,17,1.662109375,12.468398011231727,1.2301412427790153,False,16,1,True,True,False
120050014021,2025-06-21,17,0.392578125,2.3880376196670783,6.954422216060096,True,15,2,True,True,True
120050003011,2025-06-21,16,1.71484375,6.352706742019331,2.2486723895992697,False,14,1,True,True,False
120050003012,2025-06-21,16,2.990234375,14.025902175731852,0.9275528562797186,False,13,1,True,True,False
121319505011,2025-06-21,14,4.216796875,23.967400215414717,0.4081879151293138,False,8,2,True,True,False
121319501043,2025-06-21,13,7.017578125,31.37641060509692,0.19066622853374407,False,10,1,True,True,False
121319506052,2025-06-21,13,2.744140625,16.978718256217732,0.6040420260371674,False,13,1,True,True,False
120050014022,2025-06-21,13,0.34765625,2.5273909210698022,5.006088945134168,True,11,1,True,True,True
120050013012,2025-06-21,12,0.45703125,2.741667571283683,4.210199978619376,True,12,1,True,True,True
120050011001,2025-06-21,12,0.166015625,1.4651120004708438,8.077187526412251,True,11,1,True,True,True
120050009004,2025-06-21,11,0.279296875,2.8727277404913,3.7318897206619805,True,10,1,True,True,True
120050002041,2025-06-21,10,7.814453125,34.00786639306215,0.0642659215882437,False,5,1,True,True,False
121319503051,2025-06-21,9,1.0,5.748819329137132,1.3915900886731742,False,6,1,True,True,False
120050013021,2025-06-21,9,0.283203125,2.748397699680061,3.1715922611981213,True,9,1,True,True,True
120330040004,2025-06-21,8,0.423828125,3.0975747399883815,2.4458398944163706,False,8,1,True,True,False
121130108083,2025-06-21,8,4.466796875,17.043023464741115,0.20731081737401513,False,8,1,True,True,False
120050024003,2025-06-21,8,0.548828125,5.283134057861544,1.410369639194053,False,8,1,True,True,False
120050004011,2025-06-21,8,0.390625,2.501613960435344,3.0417862709223833,True,6,1,True,True,True
121130108081,2025-06-21,7,4.806640625,19.27085026929318,0.1138174675403385,False,7,1,True,True,False
120050013011,2025-06-21,7,0.13671875,0.9696264815374169,7.078273315223139,True,7,1,True,True,True
120050016001,2025-06-21,7,0.228515625,2.1096477998200824,3.209770074216888,True,7,1,True,True,True
120050017001,2025-06-21,7,0.080078125,0.522894242832972,13.23388423155852,True,6,1,True,True,True
121319502021,2025-06-21,6,3.45703125,15.665351516515923,0.1623307812351965,False,6,1,True,True,False
120330038002,2025-06-21,6,6.328125,32.737193310235114,-0.01002300340443093,False,6,1,True,True,False
120050013025,2025-06-21,6,0.166015625,1.2393488852000374,4.707297876060432,True,6,1,True,True,True
120050009001,2025-06-21,6,0.048828125,0.3747909968776048,15.878641495071637,True,6,1,True,True,True
121319503032,2025-06-21,5,1.091796875,6.01704778806884,0.6495217027774896,False,5,1,True,True,False
120050013023,2025-06-21,5,0.158203125,1.2164765350079914,3.980181068571284,True,5,1,True,True,True
120050013022,2025-06-21,5,0.234375,2.4709169408087632,1.9286868454753274,False,5,1,True,True,False
120050008033,2025-06-21,4,0.052734375,0.4545404162125146,8.684080632236904,True,3,0,False,True,False
120050009002,2025-06-21,3,0.0546875,0.411357235199621,7.159987106026509,True,3,0,False,True,False
120050008052,2025-06-21,2,0.056640625,0.5584389443349225,3.47998540344363,True,1,0,False,True,False
120050008051,2025-06-21,2,0.05078125,0.6076480717164053,3.2078086654568,True,2,0,False,True,False
120050009003,2025-06-21,2,0.056640625,0.5442411940036233,3.570768615848403,True,1,0,False,True,False
120050010001,2025-06-21,2,0.046875,0.3394337404971211,5.754068517583229,True,2,0,False,True,False
120050014044,2025-06-21,1,0.041015625,0.31323909662368193,3.0615091964465124,True,1,0,False,True,False
120910208001,2025-06-22,1462,66.595703125,226.04819685297892,6.173038831106301,True,725,6,True,True,True
121319503053,2025-06-22,1185,43.09765625,155.89971886707394,7.324595272193079,True,842,4,True,True,True
120050002013,2025-06-22,714,32.587890625,137.41519387845497,4.9587828692197995,True,540,3,True,True,True
121130108021,2025-06-22,428,21.01953125,76.84051907170081,5.296430498735201,True,320,2,True,True,True
120910201022,2025-06-22,428,7.45703125,36.83514484388862,11.416894667641655,True,345,3,True,True,True
120050003023,2025-06-22,372,8.814453125,41.20264875320031,8.814616483771339,True,317,3,True,True,True
121130101004,2025-06-22,372,12.224609375,64.1884634903211,5.604985242858323,True,298,2,True,True,True
121319501041,2025-06-22,229,6.0078125,27.330189781327274,8.15918913422088,True,227,2,True,True,True
120910201023,2025-06-22,224,8.41796875,38.34932022114185,5.621534619305986,True,188,2,True,True,True
120050002041,2025-06-22,208,7.814453125,34.00786639306215,5.886448287030418,True,168,3,True,True,True
121130102001,2025-06-22,201,6.05859375,46.09609299080168,4.229022322757373,True,151,3,True,True,True
120050005002,2025-06-22,189,8.80859375,45.03147936099073,4.0014542894652,True,101,4,True,True,True
121130101001,2025-06-22,168,22.0703125,111.20237249814961,1.3122893353955036,False,120,3,True,True,False
120910201021,2025-06-22,168,14.96484375,70.70081622753538,2.1645458201994336,False,154,3,True,True,False
120910202001,2025-06-22,160,13.890625,58.77240381418688,2.4860200624418076,False,145,2,True,True,False
121130104001,2025-06-22,157,9.90234375,55.34798502701685,2.657687649843037,False,120,2,True,True,False
121130101003,2025-06-22,132,5.4296875,43.05486121072455,2.9397449890855194,False,94,3,True,True,False
121130104002,2025-06-22,121,3.611328125,15.867704915626064,7.39796161443606,True,103,2,True,True,True
121319505023,2025-06-22,102,3.873046875,17.55565642460506,5.589477872639986,True,82,3,True,True,True
121319503061,2025-06-22,94,2.716796875,14.833580111273319,6.153821426806197,True,77,3,True,True,True
121130102002,2025-06-22,81,5.32421875,34.781964973978646,2.1757189769645033,False,38,4,True,True,False
121130101002,2025-06-22,70,9.751953125,38.03442405252881,1.5840399421269602,False,60,2,True,True,False
121130108082,2025-06-22,69,1.833984375,10.62276924176307,6.322834855617404,True,58,2,True,True,True
121319505013,2025-06-22,68,15.85546875,68.12351084119011,0.7654410438645713,False,51,2,True,True,False
120050002012,2025-06-22,64,8.04296875,38.9559702959335,1.4364173405235705,False,62,1,True,True,False
120050005003,2025-06-22,63,4.2421875,28.655384385927967,2.050498144036577,False,46,3,True,True,False
120050003022,2025-06-22,48,7.248046875,35.08913720788649,1.1613837320525726,False,47,1,True,True,False
121319504002,2025-06-22,48,6.1875,26.67878067963113,1.5672567836626525,False,48,1,True,True,False
121319504003,2025-06-22,45,9.2421875,42.331604195878015,0.8447072389352509,False,35,2,True,True,False
120050024003,2025-06-22,41,0.548828125,5.283134057861544,7.656662017653482,True,41,1,True,True,True
120050012001,2025-06-22,40,0.458984375,3.541517434310392,11.164992509121861,True,25,2,True,True,True
120330040003,2025-06-22,39,2.484375,16.19812961829592,2.254311198914923,False,35,2,True,True,False
120050003011,2025-06-22,36,1.71484375,6.352706742019331,5.396936714113424,True,28,2,True,True,True
120050024002,2025-06-22,34,0.130859375,1.5629219097693852,21.670398510183734,True,30,1,True,True,True
121319501023,2025-06-22,32,12.2109375,66.86814461817453,0.29594155203494915,False,29,2,True,True,False
121319506071,2025-06-22,32,0.76171875,4.097856269189469,7.623078799730265,True,32,1,True,True,True
120050015023,2025-06-22,31,0.125,1.4591636346620473,21.159381488527067,True,26,2,True,True,True
121130102003,2025-06-22,30,12.33203125,62.835254334293744,0.2811792350835972,False,26,1,True,True,False
121130108094,2025-06-22,30,1.748046875,7.6145521982447875,3.7102579888430327,True,26,1,True,True,True
120910201012,2025-06-22,29,5.34765625,32.006301886428645,0.7389902099257865,False,25,1,True,True,False
120050002031,2025-06-22,29,1.123046875,5.232976883043129,5.3271691712096265,True,16,2,True,True,True
121130108081,2025-06-22,28,4.806640625,19.27085026929318,1.2035462395739267,False,24,1,True,True,False
121319505012,2025-06-22,26,13.455078125,54.720084121427625,0.22925626077551264,False,24,1,True,True,False
120910205002,2025-06-22,25,0.28125,2.2336599541126776,11.066478563349422,True,25,1,True,True,True
121319506052,2025-06-22,24,2.744140625,16.978718256217732,1.2519118966601586,False,23,1,True,True,False
120050023002,2025-06-22,24,0.291015625,2.458914319745467,9.642053887202634,True,22,2,True,True,True
120050003021,2025-06-22,22,5.4453125,21.350511973861146,0.7753766055009573,False,13,2,True,True,False
121319501021,2025-06-22,22,4.578125,23.180010071775058,0.7515904844758285,False,22,1,True,True,False
121319506081,2025-06-22,22,1.44140625,6.745621496117649,3.0476945321987334,True,22,1,True,True,True
120330038001,2025-06-22,21,21.287109375,84.41335249877207,-0.003401231754231968,False,14,2,True,True,False
120910205003,2025-06-22,21,0.130859375,1.19049761987399,17.5297625771053,True,21,1,True,True,True
120050023001,2025-06-22,21,0.140625,1.2911523395758426,16.155626536565414,True,19,1,True,True,True
121319505011,2025-06-22,20,4.216796875,23.967400215414717,0.6585279581074036,False,17,1,True,True,False
120050026081,2025-06-22,20,0.728515625,5.271357391718295,3.655886509474196,True,19,1,True,True,True
120050013012,2025-06-22,20,0.45703125,2.741667571283683,7.128132146542383,True,17,1,True,True,True
120050015011,2025-06-22,20,0.369140625,2.710865439714911,7.241546956703424,True,18,1,True,True,True
120050012002,2025-06-22,19,0.482421875,4.444447666738546,4.166452057379875,True,16,2,True,True,True
120050004021,2025-06-22,18,1.884765625,13.451092912177986,1.1980613382285112,False,15,1,True,True,False
121130108083,2025-06-22,17,4.466796875,17.043023464741115,0.735386133272004,False,12,2,True,True,False
120330036034,2025-06-22,17,1.140625,10.981203919895702,1.4442291679208368,False,14,1,True,True,False
120050007001,2025-06-22,17,6.94921875,39.802759290506025,0.25251468564385104,False,12,2,True,True,False
120050014021,2025-06-22,17,0.392578125,2.3880376196670783,6.954422216060096,True,11,2,True,True,True
120910205006,2025-06-22,16,0.283203125,1.4791013475191193,10.62590937487929,True,16,1,True,True,True
120910209002,2025-06-22,16,0.283203125,1.4016593094315901,11.212993606394678,True,13,2,True,True,True
120050025001,2025-06-22,16,0.380859375,2.847985665695295,5.484276417938645,True,15,1,True,True,True
120050016001,2025-06-22,16,0.228515625,2.1096477998200824,7.47588501566235,True,14,1,True,True,True
121130108092,2025-06-22,14,1.416015625,9.297053451517936,1.3535454475574091,False,10,2,True,True,False
120910205005,2025-06-22,14,0.80078125,4.879703498960677,2.7049222873503047,False,14,1,True,True,False
120050014042,2025-06-22,14,0.357421875,2.1678995023297474,6.292993798992487,True,13,1,True,True,True
120050003012,2025-06-22,13,2.990234375,14.025902175731852,0.7136628717059837,False,12,1,True,True,False
120330036031,2025-06-22,13,0.779296875,5.128879238622584,2.38272389666987,False,13,1,True,True,False
120330036092,2025-06-22,11,0.197265625,1.1895469149088156,9.081385727294396,True,10,1,True,True,True
120050005001,2025-06-22,11,6.83203125,32.275888581615796,0.12913567784386443,False,10,1,True,True,False
120910209004,2025-06-22,11,0.251953125,1.4661864259920043,7.330614091402462,True,10,1,True,True,True
121319501042,2025-06-22,10,3.833984375,19.130660459385076,0.3223106509098639,False,10,1,True,True,False
120050025002,2025-06-22,10,0.296875,3.3012110094870524,2.9392622804525566,False,8,1,True,True,False
120050022003,2025-06-22,10,0.103515625,0.778268528149522,12.716027973700454,True,8,1,True,True,True
120050022001,2025-06-22,10,0.12890625,1.1997163620269031,8.227856235387948,True,8,1,True,True,True
120050013022,2025-06-22,10,0.234375,2.4709169408087632,3.9522271423674744,True,9,1,True,True,True
121130107113,2025-06-22,9,0.85546875,3.9192696430872243,2.0780737207926627,False,7,1,True,True,False
120050004012,2025-06-22,9,0.85546875,4.905227988521408,1.6603777172149385,False,9,1,True,True,False
120050010002,2025-06-22,9,0.212890625,1.6300714461398762,5.390628365283309,True,9,1,True,True,True
120050020002,2025-06-22,9,0.099609375,0.7453967302515266,11.940474466525568,True,7,1,True,True,True
120050015022,2025-06-22,9,0.09375,0.7262212199281789,12.26382506542676,True,9,1,True,True,True
121130102004,2025-06-22,8,10.314453125,70.59817626033603,-0.03278346902992624,False,8,1,True,True,False
120910203051,2025-06-22,8,3.583984375,15.96941724137451,0.2765295413259493,False,5,1,True,True,False
121319503062,2025-06-22,8,3.3671875,16.49010666751634,0.2809449686050922,False,5,1,True,True,False
120050013023,2025-06-22,8,0.158203125,1.2164765350079914,6.44631988314389,True,6,1,True,True,True
121130107101,2025-06-22,7,5.873046875,30.85826281003802,0.03652030355491718,False,7,1,True,True,False
121319501043,2025-06-22,7,7.017578125,31.37641060509692,-0.0005602337762989542,False,7,1,True,True,False
120330036112,2025-06-22,7,0.2265625,1.0521795011042705,6.437530376605157,True,7,1,True,True,True
120910212002,2025-06-22,7,1.34765625,5.8520769537157795,0.9658696894631642,False,7,1,True,True,False
120050014022,2025-06-22,7,0.34765625,2.5273909210698022,2.6320992508686287,False,5,1,True,True,False
120050022002,2025-06-22,7,0.130859375,0.9218296511947951,7.451637746840557,True,6,1,True,True,True
120330036121,2025-06-22,7,1.09765625,8.054014956697099,0.7328448955873946,False,7,1,True,True,False
120330036111,2025-06-22,7,0.16015625,0.9330496129546562,7.330632428366271,True,7,1,True,True,True
120050024001,2025-06-22,7,0.0546875,0.4774130180712236,14.547807112716505,True,7,1,True,True,True
120050004022,2025-06-22,6,1.224609375,6.711436907675172,0.7115302863890268,False,6,1,True,True,False
120910206012,2025-06-22,6,1.662109375,12.468398011231727,0.34791082391598027,False,6,1,True,True,False
120330033012,2025-06-22,6,0.455078125,2.9724655526338593,1.865428472362522,False,6,1,True,True,False
120910212001,2025-06-22,6,0.171875,1.04766537583621,5.562964219704401,True,4,0,False,True,False
121130105062,2025-06-22,6,0.4375,2.1949951967816066,2.534174110337904,False,6,1,True,True,False
120050014024,2025-06-22,6,0.07421875,0.5439215572761086,10.894551191674724,True,5,1,True,True,True
120330039004,2025-06-22,5,3.39453125,19.51627875325507,0.08226305692278699,False,5,1,True,True,False
120330036143,2025-06-22,5,2.064453125,13.650435506760115,0.21505151784690144,False,5,1,True,True,False
120330033051,2025-06-22,5,1.47265625,6.335007755576106,0.5568018045274237,False,5,1,True,True,False
121130107071,2025-06-22,5,2.603515625,11.853353268265453,0.2021777568560299,False,5,1,True,True,False
120910203062,2025-06-22,5,1.427734375,6.371003013420702,0.5607069432356129,False,5,1,True,True,False
120910206013,2025-06-22,5,1.185546875,6.740271389844577,0.5659198130726836,False,5,1,True,True,False
120330036122,2025-06-22,5,0.48828125,3.296778267076822,1.368523565887383,False,5,1,True,True,False
120050014043,2025-06-22,5,0.052734375,0.3946217983684554,12.536726672105365,True,5,1,True,True,True
120050013025,2025-06-22,5,0.166015625,1.2393488852000374,3.9004225789251987,True,4,0,False,True,False
120050009004,2025-06-22,5,0.279296875,2.8727277404913,1.6432824658116245,False,5,1,True,True,False
120330036084,2025-06-22,5,0.5078125,3.601469788567548,1.2473206117846478,False,5,1,True,True,False
120050020001,2025-06-22,5,0.107421875,0.7752176600794268,6.311231512061682,True,5,1,True,True,True
120050015024,2025-06-22,5,0.076171875,0.5490238569043222,8.968331818517077,True,5,1,True,True,True
120330036113,2025-06-22,4,0.1171875,0.5435419642746941,7.143537675478745,True,4,0,False,True,False
120050015012,2025-06-22,4,0.0703125,0.41843233197060214,9.391452810286392,True,4,0,False,True,False
120330036103,2025-06-22,4,0.173828125,0.8503818606679197,4.499357349879019,True,3,0,False,True,False
120910209001,2025-06-22,4,0.171875,1.038283809033812,3.68697360653472,True,4,0,False,True,False
120050014031,2025-06-22,3,0.13671875,0.7381545819734875,3.878972399446328,True,2,0,False,True,False
120050016003,2025-06-22,3,0.041015625,0.293899725551183,10.0680065945985,True,3,0,False,True,False
120050016002,2025-06-22,3,0.052734375,0.3689944337294098,7.987290201676273,True,3,0,False,True,False
120050014023,2025-06-22,3,0.046875,0.367130407092811,8.043803898960205,True,3,0,False,True,False
120050018001,2025-06-22,3,0.076171875,0.4966212590114852,5.887440523226537,True,3,0,False,True,False
121130107044,2025-06-22,2,0.0859375,0.48098632762077687,3.979453032413638,True,2,0,False,True,False
120050017002,2025-06-22,2,0.0625,0.38565267319755836,5.023950654706019,True,2,0,False,True,False
120050009002,2025-06-22,2,0.0546875,0.411357235199621,4.729010051460479,True,1,0,False,True,False
120050019004,2025-06-22,2,0.025390625,0.22845487067563416,8.643323598924704,True,2,0,False,True,False
120050026042,2025-06-22,2,0.06640625,0.36943440003544586,5.2339298934113305,True,2,0,False,True,False
120910210012,2025-06-22,2,0.078125,0.5324591253387958,3.609431989313996,True,2,0,False,True,False
120050008031,2025-06-22,2,0.03515625,0.3108198473313885,6.321487404583697,True,2,0,False,True,False
120050016004,2025-06-22,2,0.033203125,0.3816627205278301,5.153232865604396,True,2,0,False,True,False
120050014032,2025-06-22,1,0.041015625,0.2802664090278288,3.4216885938149604,True,1,0,False,True,False
121130106014,2025-06-22,1,0.03125,0.1953470492925833,4.959122768980469,True,1,0,False,True,False
120050026041,2025-06-22,1,0.033203125,0.21867572823560855,4.4211439596000375,True,1,0,False,True,False
120050014044,2025-06-22,1,0.041015625,0.31323909662368193,3.0615091964465124,True,1,0,False,True,False
120050014041,2025-06-22,1,0.015625,0.13901385984484715,7.081128465166403,True,1,0,False,True,False
121319503053,2025-06-23,605,43.09765625,155.89971886707394,3.6042550161947333,True,524,4,True,True,True
121130108021,2025-06-23,594,21.01953125,76.84051907170081,7.456749065103855,True,288,7,True,True,True
120910208001,2025-06-23,581,66.595703125,226.04819685297892,2.2756399035094583,False,250,6,True,True,False
120330038001,2025-06-23,308,21.287109375,84.41335249877207,3.3965348151427905,True,225,4,True,True,True
121130107101,2025-06-23,263,5.873046875,30.85826281003802,8.332515498615756,True,186,3,True,True,True
121319505013,2025-06-23,219,15.85546875,68.12351084119011,2.9820032576355557,False,171,3,True,True,False
120330039001,2025-06-23,184,9.318359375,33.52182183274139,5.210982908285288,True,173,3,True,True,True
120330036032,2025-06-23,145,3.5546875,16.948550483830033,8.345569884276982,True,136,3,True,True,True
121130102004,2025-06-23,143,10.314453125,70.59817626033603,1.879447230842227,False,110,3,True,True,False
121319501043,2025-06-23,125,7.017578125,31.37641060509692,3.760226858321214,True,124,1,True,True,True
120050002013,2025-06-23,109,32.587890625,137.41519387845497,0.5560673985046168,False,71,4,True,True,False
120330038002,2025-06-23,107,6.328125,32.737193310235114,3.0751529016546897,True,57,2,True,True,True
121130102003,2025-06-23,101,12.33203125,62.835254334293744,1.4111181643074449,False,102,4,True,True,False
121130102001,2025-06-23,93,6.05859375,46.09609299080168,1.8860905688329999,False,78,3,True,True,False
121130108201,2025-06-23,90,1.4609375,9.200231719833488,9.623568753070758,True,71,2,True,True,True
120330036033,2025-06-23,81,1.181640625,6.99512094736385,11.410576025147927,True,81,1,True,True,True
121130108141,2025-06-23,80,0.3671875,3.7726403960263624,21.10797853510646,True,78,1,True,True,True
121319503052,2025-06-23,79,3.205078125,18.006819038689855,4.209234385714952,True,76,1,True,True,True
121130108231,2025-06-23,71,1.05078125,7.040097580867818,9.935830852699276,True,60,2,True,True,True
121319505011,2025-06-23,67,4.216796875,23.967400215414717,2.6195249614357743,False,54,2,True,True,False
121130108271,2025-06-23,55,1.109375,7.9732766727485185,6.7589056810470645,True,51,1,True,True,True
120330039003,2025-06-23,53,6.3203125,25.12463915485053,1.8579246934572622,False,35,4,True,True,False
120330040001,2025-06-23,53,4.2421875,25.181997761346214,1.9362170135223393,False,30,2,True,True,False
121130108094,2025-06-23,53,1.748046875,7.6145521982447875,6.730790175266507,True,53,1,True,True,True
120050002042,2025-06-23,52,6.548828125,30.588896444758674,1.4858715794824935,False,22,4,True,True,False
121130109001,2025-06-23,51,1.111328125,7.50220506356647,6.64986779917256,True,51,1,True,True,True
121319505012,2025-06-23,48,13.455078125,54.720084121427625,0.6313024263329429,False,35,2,True,True,False
121319504003,2025-06-23,47,9.2421875,42.331604195878015,0.8919532632235236,False,47,1,True,True,False
121319506101,2025-06-23,43,2.51953125,18.67613590189436,2.1674970113006076,False,25,3,True,True,False
120910232001,2025-06-23,41,0.96484375,5.748711620740289,6.964196308884334,True,41,1,True,True,True
121130108251,2025-06-23,41,0.3515625,2.8064500596621507,14.483934021934239,True,37,1,True,True,True
121319504002,2025-06-23,40,6.1875,26.67878067963113,1.2673930044267487,False,39,1,True,True,False
120910201023,2025-06-23,38,8.41796875,38.34932022114185,0.7713834581529694,False,33,2,True,True,False
121130108252,2025-06-23,38,0.86328125,6.582374271633227,5.641842474688938,True,37,1,True,True,True
120910231004,2025-06-23,38,0.373046875,2.647506690616494,14.212222110093421,True,34,2,True,True,True
121319506102,2025-06-23,32,2.091796875,11.650544912789353,2.5671076631075302,False,16,2,True,True,False
121319501031,2025-06-23,31,2.08203125,20.925857125886946,1.3819251740100136,False,31,1,True,True,False
120910232002,2025-06-23,30,0.96875,5.28919069049979,5.48878868219757,True,23,2,True,True,True
121130104001,2025-06-23,28,9.90234375,55.34798502701685,0.32697949602259313,False,131,1,True,True,False
120330036034,2025-06-23,28,1.140625,10.981203919895702,2.44594082724721,False,27,1,True,True,False
120330014012,2025-06-23,27,0.234375,1.7870347368433919,14.977674719003309,True,27,1,True,True,True
121319506062,2025-06-23,26,1.5078125,10.349089672285661,2.3666030806157607,False,21,2,True,True,False
120330040003,2025-06-23,25,2.484375,16.19812961829592,1.3900138800326933,False,14,1,True,True,False
120910208003,2025-06-23,25,1.517578125,9.640285843712489,2.435863651316472,False,21,1,True,True,False
121130108092,2025-06-23,23,1.416015625,9.297053451517936,2.3215940929624286,False,23,1,True,True,False
121130108261,2025-06-23,23,0.224609375,1.6103687522882395,14.14296607074467,True,22,1,True,True,True
120330036031,2025-06-23,23,0.779296875,5.128879238622584,4.332467599874239,True,22,1,True,True,True
120910201021,2025-06-23,21,14.96484375,70.70081622753538,0.08536190346907943,False,14,2,True,True,False
121130108144,2025-06-23,21,0.169921875,1.2777003535622702,16.302788104366616,True,21,1,True,True,True
121130105043,2025-06-23,21,0.384765625,2.6480436865173704,7.785080918401521,True,21,1,True,True,True
121319504001,2025-06-23,20,6.40625,30.31761095875755,0.44837800770292247,False,17,1,True,True,False
120330025001,2025-06-23,20,1.73828125,11.857514291832736,1.5400967100312395,False,12,2,True,True,False
121130108262,2025-06-23,20,0.162109375,1.3971910049296623,14.19840992033776,True,20,1,True,True,True
121130102002,2025-06-23,19,5.32421875,34.781964973978646,0.3931859876298315,False,28,1,True,True,False
121130105051,2025-06-23,19,1.58984375,11.621044005252527,1.4981576734526507,False,19,1,True,True,False
120910212002,2025-06-23,19,1.34765625,5.8520769537157795,3.016423722656558,True,18,1,True,True,True
121130108091,2025-06-23,18,0.357421875,2.054821925269796,8.585940177119507,True,18,1,True,True,True
121130108282,2025-06-23,16,0.46875,3.2990243472632352,4.707831275293323,True,15,1,True,True,True
121130108022,2025-06-23,16,0.2265625,1.2619051465248214,12.49970137885458,True,14,1,True,True,True
120910201012,2025-06-23,16,5.34765625,32.006301886428645,0.3328201985908538,False,16,1,True,True,False
121319505023,2025-06-23,16,3.873046875,17.55565642460506,0.6907718419462525,False,16,1,True,True,False
121319505022,2025-06-23,16,3.001953125,14.118106654664265,0.9206650150008446,False,15,1,True,True,False
120330036121,2025-06-23,16,1.09765625,8.054014956697099,1.8502999845571877,False,14,2,True,True,False
121130101004,2025-06-23,15,12.224609375,64.1884634903211,0.04323815330800834,False,286,1,True,True,False
121130103031,2025-06-23,15,6.490234375,34.901537520225176,0.24382208434424,False,11,1,True,True,False
120330036091,2025-06-23,15,0.185546875,1.2061267656040382,12.282666754004751,True,15,1,True,True,True
121130101002,2025-06-23,14,9.751953125,38.03442405252881,0.11168952812675911,False,7,2,True,True,False
120910202001,2025-06-23,14,13.890625,58.77240381418688,0.0018609924539720515,False,13,2,True,True,False
120330039002,2025-06-23,14,4.677734375,24.00088983069414,0.38841333345391166,False,14,1,True,True,False
121130108232,2025-06-23,14,0.173828125,1.1582506690176544,11.93711537997761,True,14,1,True,True,True
121319506111,2025-06-23,14,0.64453125,3.8669923099794627,3.4537096739328477,True,7,2,True,True,True
120330017001,2025-06-23,14,0.2421875,1.5640085672509736,8.796507121557417,True,14,1,True,True,True
121130105061,2025-06-23,13,2.34375,11.621518269505675,0.9169412939754615,False,12,1,True,True,False
121130108272,2025-06-23,13,0.30078125,2.4779574978309786,5.124873514221273,True,8,2,True,True,True
121130108142,2025-06-23,13,0.3671875,2.01897493415243,6.257042762793526,True,13,1,True,True,True
120910211011,2025-06-23,13,0.19921875,1.2240893316179267,10.457391400577528,True,13,1,True,True,True
121130108242,2025-06-23,12,0.373046875,2.4301385716148967,4.784481535665498,True,12,1,True,True,True
121130101001,2025-06-23,11,22.0703125,111.20237249814961,-0.09955104600114721,False,6,1,True,True,False
120910201011,2025-06-23,11,7.80859375,35.84990569214942,0.08902132902120491,False,11,1,True,True,False
121130108273,2025-06-23,11,0.138671875,1.0290822929700527,10.55438248155347,True,9,1,True,True,True
120330010021,2025-06-23,11,0.234375,1.4630979383825988,7.3581027746515755,True,11,1,True,True,True
121319506081,2025-06-23,11,1.44140625,6.745621496117649,1.4170071290690294,False,10,1,True,True,False
121319505021,2025-06-23,11,1.775390625,9.788084325293225,0.9424325606965647,False,9,1,True,True,False
121130101003,2025-06-23,10,5.4296875,43.05486121072455,0.10615090541417374,False,82,1,True,True,False
120330033051,2025-06-23,10,1.47265625,6.335007755576106,1.3460668209118116,False,7,1,True,True,False
120330013002,2025-06-23,10,0.0859375,0.6884833298628382,14.399858456958007,True,10,1,True,True,True
121130108212,2025-06-23,10,0.125,0.796273119366856,12.401523748348998,True,8,1,True,True,True
121130108241,2025-06-23,10,0.61328125,4.354503637900114,2.1556346097179024,False,9,1,True,True,False
121130108211,2025-06-23,10,0.232421875,1.4866278030510212,6.570291571941478,True,9,1,True,True,True
120910212001,2025-06-23,10,0.171875,1.04766537583621,9.380977196230745,True,10,1,True,True,True
120330010022,2025-06-23,10,0.19140625,1.2237395668185538,8.015262410367368,True,10,1,True,True,True
121130108221,2025-06-23,9,0.21875,1.4507572757666323,6.052873314290064,True,7,1,True,True,True
121130108131,2025-06-23,9,0.203125,1.3769666597256762,6.388589685789881,True,9,1,True,True,True
121319506052,2025-06-23,9,2.744140625,16.978718256217732,0.3684529821742615,False,9,1,True,True,False
121130105062,2025-06-23,9,0.4375,2.1949951967816066,3.9009196979358745,True,9,1,True,True,True
120330010014,2025-06-23,9,0.064453125,0.5645652725042588,15.827305203106686,True,9,1,True,True,True
121130108281,2025-06-23,9,0.119140625,1.0724557311397067,8.280863365392475,True,7,1,True,True,True
121319502011,2025-06-23,8,1.380859375,7.117786274665048,0.92994371698966,False,8,1,True,True,False
120330033082,2025-06-23,8,0.357421875,1.960266664272672,3.8987441169569985,True,8,1,True,True,True
121130108222,2025-06-23,8,0.1171875,0.7674502858762806,10.27143079502452,True,8,1,True,True,True
121130107092,2025-06-23,7,0.884765625,5.109409831820208,1.196857284165336,False,7,1,True,True,False
120910231001,2025-06-23,7,0.15234375,0.9793535823871982,6.992016339296653,True,7,1,True,True,True
121319503062,2025-06-23,7,3.3671875,16.49010666751634,0.2203025470512106,False,7,1,True,True,False
121319506061,2025-06-23,7,0.630859375,4.70109127146161,1.3548217333418797,False,7,1,True,True,False
120050027071,2025-06-23,7,0.7265625,5.362353141420958,1.1699038341099661,False,7,1,True,True,False
120050027061,2025-06-23,7,0.283203125,1.8736694153540716,3.5848356278637934,True,7,1,True,True,True
120910231002,2025-06-23,7,0.17578125,1.0891563796690429,6.265600493543126,True,6,1,True,True,True
120910209004,2025-06-23,7,0.251953125,1.4661864259920043,4.602448062110759,True,7,1,True,True,True
120330013003,2025-06-23,7,0.052734375,0.47558013162338064,14.607981206627969,True,7,1,True,True,True
120330038003,2025-06-23,6,3.66796875,26.015558896018575,0.08963986740861041,False,5,1,True,True,False
120330027011,2025-06-23,6,0.623046875,4.707542361142082,1.1421996261538716,False,6,1,True,True,False
121130104002,2025-06-23,6,3.611328125,15.867704915626064,0.1505366962456999,False,6,1,True,True,False
120330010012,2025-06-23,6,0.07421875,0.5256245702451524,11.273790430375435,True,6,1,True,True,True
121130105033,2025-06-23,6,0.626953125,6.137649372337854,0.8754242135785913,False,6,1,True,True,False
121130108083,2025-06-23,6,4.466796875,17.043023464741115,0.08996074717446206,False,5,1,True,True,False
121319503051,2025-06-23,5,1.0,5.748819329137132,0.6957950443365871,False,5,1,True,True,False
121130105032,2025-06-23,5,0.404296875,3.0620812495771133,1.500842972613704,False,5,1,True,True,False
121130109003,2025-06-23,5,1.0078125,7.076872941223625,0.5641174475162658,False,5,1,True,True,False
120910206012,2025-06-23,5,1.662109375,12.468398011231727,0.26770805856479524,False,5,1,True,True,False
121130108143,2025-06-23,5,0.064453125,0.43088460157308744,11.454451741791528,True,5,1,True,True,True
120330010011,2025-06-23,5,0.24609375,1.524100060084863,3.119156264409109,True,5,1,True,True,True
121319501032,2025-06-23,5,1.8984375,9.761411982614241,0.31773707589886585,False,5,1,True,True,False
120330016001,2025-06-23,5,0.1640625,1.1210656361113154,4.313697025603788,True,5,1,True,True,True
120330036092,2025-06-23,4,0.197265625,1.1895469149088156,3.196792263793562,True,4,1,False,True,False
120330028021,2025-06-23,4,0.099609375,0.7374785437523648,5.288819123000408,True,4,0,False,True,False
120330015001,2025-06-23,4,0.056640625,0.4497388280480258,8.768109687382617,True,4,0,False,True,False
120330036103,2025-06-23,3,0.173828125,0.8503818606679197,3.3234150511867995,True,3,0,False,True,False
120330008022,2025-06-23,3,0.078125,0.7824831266194989,3.734106079223906,True,3,0,False,True,False
120330015002,2025-06-23,3,0.037109375,0.3377574306320476,8.772244090842129,True,3,0,False,True,False
120330004003,2025-06-23,3,0.037109375,0.2737537921173516,10.823194820731032,True,3,0,False,True,False
120330011013,2025-06-23,3,0.044921875,0.4149052585016122,7.1222961494196575,True,3,0,False,True,False
120910220012,2025-06-23,3,0.0546875,0.6598178453490756,4.463826676954739,True,3,0,False,True,False
120330036113,2025-06-23,2,0.1171875,0.5435419642746941,3.463968973421283,True,2,0,False,True,False
120330010013,2025-06-23,2,0.09375,0.605745485294765,3.146948753687185,True,2,0,False,True,False
120330032034,2025-06-23,2,0.076171875,0.4597908502552804,4.184137470182088,True,1,0,False,True,False
120330018002,2025-06-23,2,0.046875,0.3028727426473822,6.44866547886719,True,2,0,False,True,False
120910231003,2025-06-23,2,0.05859375,0.4602436764182369,4.218213849473485,True,2,0,False,True,False
120910229001,2025-06-23,2,0.0234375,0.20616121406305557,9.587460517163317,True,1,0,False,True,False
120910219022,2025-06-23,2,0.05859375,0.37599753168819666,5.163348390302597,True,2,0,False,True,False
120910223002,2025-06-23,2,0.080078125,0.5796901744772964,3.3119793288392088,True,1,0,False,True,False
120910220011,2025-06-23,2,0.046875,0.33943374049712116,5.754068517583228,True,2,0,False,True,False
120910226003,2025-06-23,1,0.0234375,0.1753874659415357,5.568029019391448,True,1,0,False,True,False
121319506082,2025-06-23,1,0.037109375,0.2513950192904993,3.8301897456740486,True,1,0,False,True,False
120330010023,2025-06-23,1,0.013671875,0.1320046912156361,7.4719172168569745,True,1,0,False,True,False
120910226002,2025-06-23,1,0.01953125,0.19686728272079862,4.980353954448194,True,1,0,False,True,False
120330005002,2025-06-23,1,0.021484375,0.15804376437533252,6.191421906884969,True,1,0,False,True,False
121130106014,2025-06-23,1,0.03125,0.1953470492925833,4.959122768980469,True,1,0,False,True,False
120910227002,2025-06-23,1,0.03125,0.20512036464518152,4.722836767942324,True,1,0,False,True,False
120910233052,2025-06-23,1,0.048828125,0.29931198625751165,3.1778609566997553,True,1,0,False,True,False
120330009001,2025-06-23,1,0.021484375,0.15804376437533255,6.191421906884968,True,1,0,False,True,False
121319505013,2025-06-24,392,15.85546875,68.12351084119011,5.5215083104990015,True,286,4,True,True,True
120330039001,2025-06-24,333,9.318359375,33.52182183274139,9.655848725645756,True,225,3,True,True,True
120910208001,2025-06-24,318,66.595703125,226.04819685297892,1.1121712111621602,False,193,3,True,True,False
120330038001,2025-06-24,266,21.287109375,84.41335249877207,2.8989831985237138,False,241,3,True,True,False
120330038002,2025-06-24,237,6.328125,32.737193310235114,7.0461713933149435,True,200,3,True,True,True
120050002013,2025-06-24,212,32.587890625,137.41519387845497,1.3056206108743091,False,180,4,True,True,False
121319505011,2025-06-24,196,4.216796875,23.967400215414717,8.001835885464706,True,170,3,True,True,True
121130102004,2025-06-24,153,10.314453125,70.59817626033603,2.0210939493512754,False,119,2,True,True,False
120330038003,2025-06-24,136,3.66796875,26.015558896018575,5.08664956147654,True,136,1,True,True,True
121130103031,2025-06-24,136,6.490234375,34.901537520225176,3.71071806077168,True,104,3,True,True,True
120910201011,2025-06-24,119,7.80859375,35.84990569214942,3.1015815551880017,True,115,2,True,True,True
121130104001,2025-06-24,110,9.90234375,55.34798502701685,1.8085149116293868,False,82,2,True,True,False
121319505012,2025-06-24,67,13.455078125,54.720084121427625,0.9785241147689053,False,62,2,True,True,False
120330039003,2025-06-24,58,6.3203125,25.12463915485053,2.0569325267313454,False,26,3,True,True,False
120330039002,2025-06-24,43,4.677734375,24.00088983069414,1.5967018679445215,False,39,1,True,True,False
120330039004,2025-06-24,29,3.39453125,19.51627875325507,1.312005688878026,False,29,1,True,True,False
121130108021,2025-06-24,28,21.01953125,76.84051907170081,0.0908435918227783,False,22,1,True,True,False
120330040001,2025-06-24,26,4.2421875,25.181997761346214,0.864022493616362,False,23,2,True,True,False
121319503053,2025-06-24,25,43.09765625,155.89971886707394,-0.11608523980361217,False,22,1,True,True,False
121319504003,2025-06-24,24,9.2421875,42.331604195878015,0.34862398390838734,False,24,1,True,True,False
121319505023,2025-06-24,20,3.873046875,17.55565642460506,0.9186186340715424,False,15,2,True,True,False
120910201012,2025-06-24,17,5.34765625,32.006301886428645,0.36406404561661787,False,15,1,True,True,False
120050003021,2025-06-24,16,5.4453125,21.350511973861146,0.4943528994958912,False,16,1,True,True,False
121319506053,2025-06-24,16,1.599609375,9.622921909181514,1.4964675761589796,False,16,1,True,True,False
120330036121,2025-06-24,15,1.09765625,8.054014956697099,1.7261383080049884,False,12,0,True,True,False
120910209004,2025-06-24,14,0.251953125,1.4661864259920043,9.37673861337124,True,14,1,True,True,True
121130103021,2025-06-24,13,4.54296875,25.73571287523765,0.3286107243657188,False,11,1,True,True,False
121319506043,2025-06-24,13,0.490234375,2.549682905680734,4.906400555585968,True,13,1,True,True,True
121319505021,2025-06-24,13,1.775390625,9.788084325293225,1.14676263525792,False,10,2,True,True,False
120330036032,2025-06-24,12,3.5546875,16.948550483830033,0.49829113752573423,False,12,1,True,True,False
120330036131,2025-06-24,11,1.935546875,10.023150604322845,0.9043516837001958,False,9,1,True,True,False
121319504001,2025-06-24,11,6.40625,30.31761095875755,0.1515208439823669,False,11,1,True,True,False
121319503062,2025-06-24,11,3.3671875,16.49010666751634,0.4628722332667371,False,8,1,True,True,False
120050003023,2025-06-24,10,8.814453125,41.20264875320031,0.028773559731591666,False,10,1,True,True,False
121319506052,2025-06-24,10,2.744140625,16.978718256217732,0.42735024313998793,False,10,1,True,True,False
120050003011,2025-06-24,9,1.71484375,6.352706742019331,1.1467798760193157,False,9,1,True,True,False
120050003022,2025-06-24,8,7.248046875,35.08913720788649,0.021429798075257155,False,8,1,True,True,False
121130102003,2025-06-24,8,12.33203125,62.835254334293744,-0.06894268664773585,False,11,0,True,True,False
120330027011,2025-06-24,8,0.623046875,4.707542361142082,1.5670497595289405,False,8,1,True,True,False
120330026011,2025-06-24,7,1.0234375,5.597685912355705,1.0676845027706905,False,7,1,True,True,False
121130107101,2025-06-24,7,5.873046875,30.85826281003802,0.03652030355491718,False,77,1,True,True,False
121319506051,2025-06-24,7,0.3359375,2.5297520240780145,2.6342749947709847,False,7,1,True,True,False
120330033051,2025-06-24,6,1.47265625,6.335007755576106,0.7146548078043014,False,6,1,True,True,False
120330026041,2025-06-24,6,1.4921875,7.282121466498447,0.6190246236262724,False,6,1,True,True,False
121319506041,2025-06-24,6,0.337890625,2.8807155972094614,1.9655218239818135,False,6,1,True,True,False
121319506061,2025-06-24,6,0.630859375,4.70109127146161,1.142105165580137,False,6,1,True,True,False
121319506091,2025-06-24,5,0.4921875,2.362446222169275,1.9081122176236376,False,5,1,True,True,False
120330036112,2025-06-24,4,0.2265625,1.0521795011042705,3.586305849942665,True,4,0,False,True,False
120330010021,2025-06-24,2,0.234375,1.4630979383825988,1.2067715726206503,False,11,0,True,True,False
120330016001,2025-06-24,2,0.1640625,1.1210656361113154,1.6376717302373025,False,7,0,True,True,False
120330028012,2025-06-24,2,0.072265625,0.4892707378755567,3.940015671835066,True,3,0,False,True,False
120330036092,2025-06-24,1,0.197265625,1.1895469149088156,0.6748236365789183,False,5,0,True,True,False
121130108141,2025-06-24,1,0.3671875,3.7726403960263624,0.1677372963154737,False,14,0,True,True,False
120330010022,2025-06-24,1,0.19140625,1.2237395668185538,0.6607563994209658,False,5,0,True,True,False
120330008011,2025-06-24,1,0.333984375,2.755492175085413,0.24170477819606048,False,5,0,True,True,False
120330032042,2025-06-24,1,0.041015625,0.2346612325890982,4.086675776902708,True,1,0,False,True,False
120330021003,2025-06-24,1,0.037109375,0.27375379211735157,3.5173599516284777,True,1,0,False,True,False
120050002013,2025-06-25,1736,32.587890625,137.41519387845497,12.396097267684125,True,912,10,True,True,True
120050007001,2025-06-25,587,6.94921875,39.802759290506025,14.573129893242275,True,403,3,True,True,True
121130108021,2025-06-25,493,21.01953125,76.84051907170081,6.142338371108469,True,324,5,True,True,True
120910202001,2025-06-25,477,13.890625,58.77240381418688,7.879707906182519,True,428,2,True,True,True
120910201022,2025-06-25,452,7.45703125,36.83514484388862,12.06844633390263,True,339,2,True,True,True
120910208001,2025-06-25,448,66.595703125,226.04819685297892,1.6872698043376309,False,113,8,True,True,False
121319504001,2025-06-25,411,6.40625,30.31761095875755,13.345172564895947,True,381,2,True,True,True
120050002012,2025-06-25,323,8.04296875,38.9559702959335,8.084948952815006,True,189,5,True,True,True
121319505013,2025-06-25,306,15.85546875,68.12351084119011,4.2590953940466525,True,195,5,True,True,True
120050005001,2025-06-25,294,6.83203125,32.275888581615796,8.897290868502056,True,240,2,True,True,True
120050002041,2025-06-25,262,7.814453125,34.00786639306215,7.474316204878283,True,183,5,True,True,True
121319501021,2025-06-25,256,4.578125,23.180010071775058,10.846495502870454,True,181,3,True,True,True
120050006001,2025-06-25,219,2.99609375,16.79273863361856,12.862935043696009,True,176,2,True,True,True
120910201023,2025-06-25,210,8.41796875,38.34932022114185,5.256469478143931,True,201,2,True,True,True
120910203051,2025-06-25,206,3.583984375,15.96941724137451,12.675228692789656,True,163,2,True,True,True
120910201012,2025-06-25,191,5.34765625,32.006301886428645,5.800493428099563,True,153,2,True,True,True
120050002042,2025-06-25,191,6.548828125,30.588896444758674,6.030004129377646,True,96,5,True,True,True
120330036032,2025-06-25,184,3.5546875,16.948550483830033,10.646651622046145,True,168,2,True,True,True
121130105061,2025-06-25,183,2.34375,11.621518269505675,15.544978359155845,True,154,2,True,True,True
121130108092,2025-06-25,176,1.416015625,9.297053451517936,18.778421064847763,True,143,2,True,True,True
120910203042,2025-06-25,153,2.072265625,11.657903106362172,12.946387785006795,True,107,2,True,True,True
121319504002,2025-06-25,145,6.1875,26.67878067963113,5.203105106897984,True,144,1,True,True,True
121319501022,2025-06-25,137,5.3203125,21.95634651194597,5.9973405606600325,True,96,3,True,True,True
120050005003,2025-06-25,131,4.2421875,28.655384385927967,4.423525114611549,True,120,2,True,True,True
121130105033,2025-06-25,130,0.626953125,6.137649372337854,21.078598503537734,True,97,2,True,True,True
120050002011,2025-06-25,127,4.42578125,27.59687365966789,4.441597996266476,True,93,5,True,True,True
121130104002,2025-06-25,126,3.611328125,15.867704915626064,7.713067045661728,True,104,2,True,True,True
121319505012,2025-06-25,125,13.455078125,54.720084121427625,2.0384640057839487,False,58,4,True,True,False
121130104001,2025-06-25,124,9.90234375,55.34798502701685,2.061459982586644,False,107,2,True,True,False
121319505023,2025-06-25,122,3.873046875,17.55565642460506,6.728711833266436,True,117,2,True,True,True
121319501023,2025-06-25,118,12.2109375,66.86814461817453,1.58205470039686,False,99,2,True,True,False
121319505021,2025-06-25,114,1.775390625,9.788084325293225,11.465431400606375,True,105,2,True,True,True
121319502021,2025-06-25,107,3.45703125,15.665351516515923,6.609680519510528,True,105,1,True,True,True
121319502011,2025-06-25,106,1.380859375,7.117786274665048,14.698269460180331,True,106,1,True,True,True
120910203061,2025-06-25,100,4.181640625,26.602462528256105,3.601860514725862,True,85,2,True,True,True
120050026071,2025-06-25,98,1.5703125,9.99231297013613,9.650387031330775,True,88,2,True,True,True
120910201011,2025-06-25,93,7.80859375,35.84990569214942,2.376335574814514,False,72,4,True,True,False
120910201021,2025-06-25,87,14.96484375,70.70081622753538,1.018873049756177,False,79,2,True,True,False
121319503053,2025-06-25,86,43.09765625,155.89971886707394,0.27519192505138623,False,43,6,True,True,False
121319505011,2025-06-25,83,4.216796875,23.967400215414717,3.287098409377347,True,76,2,True,True,True
120050012002,2025-06-25,82,0.482421875,4.444447666738546,18.341441780283073,True,82,1,True,True,True
120910203052,2025-06-25,77,4.34375,21.287405204774263,3.4131097379451827,True,40,3,True,True,True
120050003012,2025-06-25,74,2.990234375,14.025902175731852,5.0627592247052595,True,37,4,True,True,True
121319506052,2025-06-25,71,2.744140625,16.978718256217732,4.0200831620493025,True,67,2,True,True,True
121319506102,2025-06-25,65,2.091796875,11.650544912789353,5.3995932032280045,True,40,3,True,True,True
120330036143,2025-06-25,63,2.064453125,13.650435506760115,4.464000203130724,True,63,1,True,True,True
121319506053,2025-06-25,62,1.599609375,9.622921909181514,6.276720438453335,True,48,3,True,True,True
120050009004,2025-06-25,62,0.279296875,2.8727277404913,21.485051386890007,True,50,2,True,True,True
121319501024,2025-06-25,61,7.08203125,31.342079361827466,1.720306050136177,False,45,3,True,True,False
121319505022,2025-06-25,61,3.001953125,14.118106654664265,4.108061250255459,True,56,2,True,True,True
120910203032,2025-06-25,60,0.87109375,4.343267995825453,13.613920740518878,True,44,2,True,True,True
120330036121,2025-06-25,60,1.09765625,8.054014956697099,7.313413752853953,True,52,3,True,True,True
121319501032,2025-06-25,58,1.8984375,9.761411982614241,5.7472794509565635,True,43,3,True,True,True
121319506101,2025-06-25,55,2.51953125,18.67613590189436,2.8100282106362697,False,48,2,True,True,False
120050013022,2025-06-25,53,0.234375,2.4709169408087632,21.35467369563994,True,53,1,True,True,True
121130103021,2025-06-25,52,4.54296875,25.73571287523765,1.8440146375607935,False,51,2,True,True,False
120910206012,2025-06-25,50,1.662109375,12.468398011231727,3.8768324993681205,True,50,1,True,True,True
121319501043,2025-06-25,50,7.017578125,31.37641060509692,1.369896079445676,False,42,2,True,True,False
121130103031,2025-06-25,47,6.490234375,34.901537520225176,1.1606871359614142,False,44,2,True,True,False
121319503041,2025-06-25,46,0.49609375,2.9062292862717443,15.65736965935495,True,46,1,True,True,True
121130107101,2025-06-25,46,5.873046875,30.85826281003802,1.3003633215524668,False,33,2,True,True,False
120050026081,2025-06-25,46,0.728515625,5.271357391718295,8.588202432664678,True,44,1,True,True,True
121319504003,2025-06-25,44,9.2421875,42.331604195878015,0.8210842267911146,False,36,2,True,True,False
121130105051,2025-06-25,44,1.58984375,11.621044005252527,3.6494273862857147,True,38,2,True,True,True
121130107113,2025-06-25,44,0.85546875,3.9192696430872243,11.008308990961613,True,27,3,True,True,True
120330036083,2025-06-25,44,0.4921875,2.7505447779199064,15.817889186629673,True,37,2,True,True,True
121130105043,2025-06-25,44,0.384765625,2.6480436865173704,16.470738227269006,True,37,2,True,True,True
121130108083,2025-06-25,43,4.466796875,17.043023464741115,2.2609370458661937,False,21,3,True,True,False
120050002031,2025-06-25,42,1.123046875,5.232976883043129,7.811414810078208,True,37,2,True,True,True
121130103032,2025-06-25,39,1.19140625,6.670207469480236,5.66827852401811,True,38,1,True,True,True
120330033051,2025-06-25,38,1.47265625,6.335007755576106,5.765950912664384,True,37,1,True,True,True
121130105032,2025-06-25,38,0.404296875,3.0620812495771133,12.277826765763361,True,34,2,True,True,True
121319501033,2025-06-25,38,3.810546875,18.033813806426075,1.8958526184193556,False,35,1,True,True,False
121319503062,2025-06-25,36,3.3671875,16.49010666751634,1.9789327721137777,False,26,2,True,True,False
120910205002,2025-06-25,36,0.28125,2.2336599541126776,15.991131476496067,True,25,2,True,True,True
121130107072,2025-06-25,35,0.455078125,2.6017331258360072,13.277657701306232,True,32,2,True,True,True
121130108094,2025-06-25,35,1.748046875,7.6145521982447875,4.366895420674223,True,27,2,True,True,True
120050025001,2025-06-25,35,0.380859375,2.847985665695295,12.155658310361696,True,33,1,True,True,True
121130108091,2025-06-25,32,0.357421875,2.054821925269796,15.399182642479039,True,24,2,True,True,True
120910204004,2025-06-25,32,0.6328125,3.1013439262242404,10.114062885694935,True,17,2,True,True,True
121319503061,2025-06-25,32,2.716796875,14.833580111273319,1.9741156824808035,False,31,1,True,True,False
121130107092,2025-06-25,30,0.884765625,5.109409831820208,5.698355648371979,True,22,2,True,True,True
121319501031,2025-06-25,29,2.08203125,20.925857125886946,1.286349638538836,False,20,2,True,True,False
120050008062,2025-06-25,29,0.49609375,3.0224185788136158,9.430826838415143,True,26,1,True,True,True
121319506062,2025-06-25,28,1.5078125,10.349089672285661,2.559856793099855,False,19,1,True,True,False
121319501041,2025-06-25,27,6.0078125,27.330189781327274,0.768095196848667,False,25,2,True,True,False
120910203062,2025-06-25,27,1.427734375,6.371003013420702,4.013852382604636,True,20,2,True,True,True
120910203041,2025-06-25,27,0.623046875,3.2224287514953387,8.185426322540108,True,23,2,True,True,True
120910205001,2025-06-25,24,0.267578125,1.5976632868752294,14.854457800940505,True,18,2,True,True,True
121130107071,2025-06-25,23,2.603515625,11.853353268265453,1.7207353829238143,False,18,2,True,True,False
120330036033,2025-06-25,23,1.181640625,6.99512094736385,3.119082506103396,True,23,1,True,True,True
121130103011,2025-06-25,22,0.33203125,1.887000896285736,11.482754879793635,True,19,2,True,True,True
120910205005,2025-06-25,22,0.80078125,4.879703498960677,4.344366159647855,True,18,2,True,True,True
120330036034,2025-06-25,22,1.140625,10.981203919895702,1.8995526494328248,False,21,1,True,True,False
120330036031,2025-06-25,22,0.779296875,5.128879238622584,4.137493229553802,True,20,2,True,True,True
120050005002,2025-06-25,21,8.80859375,45.03147936099073,0.27073075153202736,False,15,2,True,True,False
120330033012,2025-06-25,20,0.455078125,2.9724655526338593,6.575323255699809,True,19,1,True,True,True
120910207012,2025-06-25,20,0.380859375,2.54921515179993,7.696149385879599,True,15,2,True,True,True
120910203031,2025-06-25,20,0.568359375,2.765317568764112,7.026911066017085,True,10,2,True,True,True
121130103012,2025-06-25,19,0.19140625,1.2157175065667987,15.4711877129381,True,16,2,True,True,True
120050013023,2025-06-25,19,0.158203125,1.2164765350079914,15.488828869910115,True,19,1,True,True,True
120050003021,2025-06-25,18,5.4453125,21.350511973861146,0.5880274681642466,False,9,2,True,True,False
121319501042,2025-06-25,18,3.833984375,19.130660459385076,0.740487535967451,False,16,1,True,True,False
121130106021,2025-06-25,18,0.228515625,1.389268114540974,12.7919759972839,True,13,2,True,True,True
121319506111,2025-06-25,18,0.64453125,3.8669923099794627,4.488105317719697,True,15,1,True,True,True
120050027102,2025-06-25,18,0.4609375,2.571566165594677,6.820381577055039,True,16,1,True,True,True
120330035092,2025-06-25,18,0.2734375,1.5129698571517245,11.71640162968715,True,17,1,True,True,True
120330036131,2025-06-25,17,1.935546875,10.023150604322845,1.5029658557163563,False,17,1,True,True,False
120050014042,2025-06-25,17,0.357421875,2.1678995023297474,7.676821783996419,True,16,1,True,True,True
121130108081,2025-06-25,16,4.806640625,19.27085026929318,0.580844084126162,False,7,2,True,True,False
120330033082,2025-06-25,15,0.357421875,1.960266664272672,7.469686850198471,True,15,1,True,True,True
120330014021,2025-06-25,15,0.337890625,1.7928674306879266,8.178022046713249,True,15,1,True,True,True
120330036122,2025-06-25,15,0.48828125,3.296778267076822,4.401787919715695,True,14,1,True,True,True
120050010002,2025-06-25,15,0.212890625,1.6300714461398762,9.071448622707253,True,15,1,True,True,True
120050013012,2025-06-25,15,0.45703125,2.741667571283683,5.304424541590503,True,14,1,True,True,True
120050023002,2025-06-25,15,0.291015625,2.458914319745467,5.9819019544050605,True,15,1,True,True,True
120330036091,2025-06-25,15,0.185546875,1.2061267656040382,12.282666754004751,True,15,1,True,True,True
121130107042,2025-06-25,15,0.126953125,0.9244959983836583,16.08773526440707,True,13,1,True,True,True
121130105041,2025-06-25,14,0.58984375,3.164092567534893,4.238231329764064,True,12,1,True,True,True
121130107043,2025-06-25,14,0.279296875,1.4450540160645982,9.49494134646012,True,11,1,True,True,True
120910205006,2025-06-25,14,0.283203125,1.4791013475191193,9.273736987669597,True,13,1,True,True,True
120050027071,2025-06-25,14,0.7265625,5.362353141420958,2.4753008893559554,False,11,1,True,True,False
120050024003,2025-06-25,14,0.548828125,5.283134057861544,2.546059162550313,False,13,1,True,True,False
121130105062,2025-06-25,14,0.4375,2.1949951967816066,6.178829010599158,True,14,1,True,True,True
120330035121,2025-06-25,14,0.806640625,4.063068697963865,3.2471415956150627,True,11,1,True,True,True
120050003022,2025-06-25,13,7.248046875,35.08913720788649,0.1639240398224216,False,8,1,True,True,False
120050003011,2025-06-25,13,1.71484375,6.352706742019331,1.7764327409221465,False,10,1,True,True,False
120330036112,2025-06-25,13,0.2265625,1.0521795011042705,12.13997942993014,True,13,1,True,True,True
120910207023,2025-06-25,13,0.560546875,6.332923175201471,1.9642513861072157,False,13,1,True,True,False
121130101002,2025-06-25,12,9.751953125,38.03442405252881,0.059105584769609074,False,8,1,True,True,False
121130102004,2025-06-25,12,10.314453125,70.59817626033603,0.023875218373693115,False,12,1,True,True,False
121130107084,2025-06-25,12,0.208984375,1.4063308576449516,8.384240138729012,True,11,1,True,True,True
121130108093,2025-06-25,12,0.49609375,2.632772599497602,4.369502421969611,True,12,1,True,True,True
120910206013,2025-06-25,12,1.185546875,6.740271389844577,1.6044536635859954,False,11,2,True,True,False
120050025002,2025-06-25,12,0.296875,3.3012110094870524,3.545100560481425,True,12,1,True,True,True
120050013021,2025-06-25,12,0.283203125,2.748397699680061,4.263137345939397,True,12,1,True,True,True
120050027061,2025-06-25,12,0.283203125,1.8736694153540716,6.253396025459406,True,12,1,True,True,True
120330036123,2025-06-25,12,0.322265625,1.988138097730084,5.873703837944062,True,9,1,True,True,True
120050015021,2025-06-25,12,0.087890625,0.7064767767977934,16.861289381645822,True,12,1,True,True,True
120050019003,2025-06-25,11,0.087890625,0.9539750207757994,11.438569288875053,True,11,1,True,True,True
120910207022,2025-06-25,11,0.23828125,1.7633636729978683,6.102949105049988,True,10,1,True,True,True
120050009003,2025-06-25,11,0.056640625,0.5442411940036233,20.10755432622975,True,10,1,True,True,True
120050011001,2025-06-25,11,0.166015625,1.4651120004708438,7.394645850636864,True,11,1,True,True,True
120050020001,2025-06-25,11,0.107421875,0.7752176600794268,14.050993270566067,True,11,1,True,True,True
121319506071,2025-06-25,10,0.76171875,4.097856269189469,2.2544180769491153,False,10,1,True,True,False
120050015011,2025-06-25,10,0.369140625,2.710865439714911,3.552688095065623,True,10,1,True,True,True
120910204001,2025-06-25,10,0.17578125,0.9734033416614768,10.092649500495137,True,8,1,True,True,True
120330036142,2025-06-25,9,1.052734375,5.338553087151484,1.4886553519767391,False,9,1,True,True,False
120330036071,2025-06-25,9,0.232421875,1.326636490319102,6.6088775553664245,True,7,1,True,True,True
121319503031,2025-06-25,9,0.498046875,2.3773219350617283,3.5762733686210835,True,5,1,True,True,True
121319506091,2025-06-25,9,0.4921875,2.362446222169275,3.6012724523260684,True,14,0,True,True,True
121319506051,2025-06-25,9,0.3359375,2.5297520240780145,3.424866317937892,True,9,1,True,True,True
121319506061,2025-06-25,9,0.630859375,4.70109127146161,1.7802548688653648,False,9,1,True,True,False
120050012001,2025-06-25,9,0.458984375,3.541517434310392,2.411682501476409,False,9,1,True,True,False
120330036133,2025-06-25,9,0.427734375,3.775325745558688,2.2706029102480643,False,9,1,True,True,False
121130108201,2025-06-25,8,1.4609375,9.200231719833488,0.7107497614330032,False,8,1,True,True,False
121130108082,2025-06-25,8,1.833984375,10.62276924176307,0.5804527505651268,False,7,1,True,True,False
121130108085,2025-06-25,8,0.494140625,2.2582670138453333,3.3237253739181036,True,8,1,True,True,True
121130107081,2025-06-25,8,0.341796875,2.366260538726256,3.236415855171369,True,7,1,True,True,True
121130107122,2025-06-25,8,0.1875,0.9931270663228412,7.866566389058969,True,8,1,True,True,True
120050026091,2025-06-25,8,0.18359375,1.131943402272887,6.905297768691472,True,8,1,True,True,True
120050008032,2025-06-25,8,0.26953125,1.8604992109888199,4.155050808052428,True,8,1,True,True,True
120050016004,2025-06-25,8,0.033203125,0.3816627205278301,20.87391942284045,True,8,1,True,True,True
121319503042,2025-06-25,7,0.748046875,3.5347030053952624,1.7687350579262842,False,5,1,True,True,False
120330036132,2025-06-25,7,1.86328125,9.96946705501637,0.5152450699373484,False,6,1,True,True,False
121130107093,2025-06-25,7,0.353515625,1.65107666460321,4.025545583370773,True,7,1,True,True,True
121319503052,2025-06-25,7,3.205078125,18.006819038689855,0.21074915379813314,False,7,1,True,True,False
120050022002,2025-06-25,7,0.130859375,0.9218296511947951,7.451637746840557,True,7,1,True,True,True
121130107053,2025-06-25,7,0.333984375,1.5091946971170622,4.416935493964927,True,5,1,True,True,True
120910204003,2025-06-25,7,0.357421875,2.3713851042938874,2.8011385046537685,False,7,1,True,True,False
120330033011,2025-06-25,7,0.203125,1.164439678629315,5.837034862982972,True,7,1,True,True,True
120050015022,2025-06-25,7,0.09375,0.7262212199281789,9.50984329634847,True,7,1,True,True,True
120050015024,2025-06-25,7,0.076171875,0.5490238569043222,12.6111607682043,True,7,1,True,True,True
120050023001,2025-06-25,7,0.140625,1.2911523395758426,5.312599288054095,True,7,1,True,True,True
120330036092,2025-06-25,6,0.197265625,1.1895469149088156,4.878104681936658,True,6,1,True,True,True
120330036141,2025-06-25,6,0.869140625,5.312583817112478,0.9657935858767778,False,6,1,True,True,False
120050004021,2025-06-25,6,1.884765625,13.451092912177986,0.3059405211062263,False,6,1,True,True,False
120050026051,2025-06-25,6,0.08984375,0.6063383209819365,9.74729131490284,True,6,1,True,True,True
120050011003,2025-06-25,6,0.056640625,0.40870522938951087,14.541921530775824,True,6,1,True,True,True
120050009002,2025-06-25,6,0.0546875,0.411357235199621,14.452918269724597,True,6,1,True,True,True
120050013024,2025-06-25,6,0.09375,0.7395719923700732,7.986037952941546,True,6,1,True,True,True
120050008041,2025-06-25,6,0.275390625,2.153670657988865,2.6580709328815106,False,5,1,True,True,False
120330036144,2025-06-25,6,0.642578125,3.440745776824243,1.5570525178250223,False,6,1,True,True,False
120330036103,2025-06-25,6,0.173828125,0.8503818606679197,6.851241947263458,True,6,1,True,True,True
120330036111,2025-06-25,6,0.16015625,0.9330496129546562,6.258878058485194,True,6,1,True,True,True
121130105042,2025-06-25,6,0.119140625,1.427800863914882,4.11882323622868,True,5,1,True,True,True
121130107091,2025-06-25,5,0.259765625,1.5903643146699857,2.9805965408521127,False,5,1,True,True,False
120050026092,2025-06-25,5,0.216796875,1.2843598898149844,3.7241922322013914,True,5,1,True,True,True
120050024002,2025-06-25,5,0.130859375,1.5629219097693852,3.115408770306675,True,5,1,True,True,True
120050013025,2025-06-25,5,0.166015625,1.2393488852000374,3.9004225789251987,True,5,1,True,True,True
121130105031,2025-06-25,5,0.05859375,0.4769484447845357,10.360462024846962,True,5,1,True,True,True
121130107111,2025-06-25,5,0.10546875,0.9133760170555656,5.358725386482575,True,5,1,True,True,True
120330037003,2025-06-25,5,0.150390625,1.0685139028653015,4.5386488299266885,True,5,1,True,True,True
120050011002,2025-06-25,5,0.060546875,0.4359640707538392,11.329954591118108,True,5,1,True,True,True
120330036082,2025-06-25,5,0.091796875,0.5357759463861992,9.160924744953105,True,4,0,False,True,False
120050017001,2025-06-25,5,0.080078125,0.522894242832972,9.409019017582814,True,5,1,True,True,True
121319502012,2025-06-25,4,0.078125,0.42170792426218234,9.299979379950445,True,4,0,False,True,False
120330032013,2025-06-25,4,0.125,0.6318363879478842,6.1329168023789435,True,4,0,False,True,False
120330011012,2025-06-25,4,0.185546875,1.2012493878174912,3.1754048440601905,True,3,0,False,True,False
121130106011,2025-06-25,4,0.0703125,0.39928691330789107,9.841763827029835,True,4,0,False,True,False
120910207021,2025-06-25,4,0.142578125,1.0474008431227124,3.6828516038802426,True,3,0,False,True,False
121319506043,2025-06-25,4,0.490234375,2.549682905680734,1.3765498514266956,False,17,0,True,True,False
121319506044,2025-06-25,4,0.15234375,0.9652648232794284,3.9861146466809205,True,4,0,False,True,False
120050027103,2025-06-25,4,0.1875,1.0412246289751046,3.661553802998984,True,3,0,False,True,False
120050017002,2025-06-25,4,0.0625,0.38565267319755836,10.209964233757395,True,4,0,False,True,False
120050008052,2025-06-25,4,0.056640625,0.5584389443349225,7.0613975171383805,True,4,0,False,True,False
121130107112,2025-06-25,4,0.115234375,0.688458347350936,5.642702481490536,True,4,0,False,True,False
120330035073,2025-06-25,4,0.140625,0.7660545217754942,5.037989973683699,True,4,0,False,True,False
120330035071,2025-06-25,4,0.080078125,0.41901197007548163,9.355154876109763,True,4,0,False,True,False
120330035052,2025-06-25,4,0.05078125,0.35022969119552366,11.27608209492227,True,2,0,False,True,False
120330035112,2025-06-25,4,0.0703125,0.40415830248034795,9.723139363668224,True,4,0,False,True,False
120330035061,2025-06-25,4,0.041015625,0.3430571428754785,11.540305914682605,True,3,0,False,True,False
120050019001,2025-06-25,4,0.033203125,0.3765003823581741,10.535970375791779,True,4,0,False,True,False
120330036113,2025-06-25,3,0.1171875,0.5435419642746941,5.303753324450014,True,3,0,False,True,False
121130107044,2025-06-25,3,0.0859375,0.48098632762077687,6.058514208531784,True,3,0,False,True,False
121130107082,2025-06-25,3,0.103515625,0.5551990032584518,5.217020127919163,True,3,0,False,True,False
120330014024,2025-06-25,3,0.060546875,0.36779090586950774,7.99218544583296,True,3,0,False,True,False
121319506042,2025-06-25,3,0.0859375,0.5838980120312209,4.990704609290887,True,3,0,False,True,False
120050027101,2025-06-25,3,0.09765625,0.5473958764887337,5.302092826524489,True,3,0,False,True,False
120050026082,2025-06-25,3,0.115234375,0.6740960053381978,4.2794581219224055,True,3,0,False,True,False
120050026061,2025-06-25,3,0.046875,0.29634102637652837,9.965292474379787,True,2,0,False,True,False
120050008033,2025-06-25,3,0.052734375,0.4545404162125146,6.484056246435175,True,2,0,False,True,False
120050019004,2025-06-25,3,0.025390625,0.22845487067563416,13.020555728152644,True,3,0,False,True,False
120330035123,2025-06-25,3,0.109375,0.8484762444392242,3.406842582741341,True,2,0,False,True,False
121130106013,2025-06-25,3,0.06640625,0.602899367034862,4.865809968300013,True,3,0,False,True,False
120050026044,2025-06-25,3,0.03125,0.23198285920889053,12.797281704881346,True,3,0,False,True,False
120330014023,2025-06-25,3,0.025390625,0.2011217167808118,14.790095384089298,True,3,0,False,True,False
120050018001,2025-06-25,3,0.076171875,0.4966212590114852,5.887440523226537,True,3,0,False,True,False
120050010001,2025-06-25,3,0.046875,0.3394337404971211,8.700151598585842,True,2,0,False,True,False
120330034003,2025-06-25,2,0.099609375,0.5629109446916275,3.3760058192527547,True,2,0,False,True,False
120330036081,2025-06-25,2,0.060546875,0.3569907026668995,5.432783292425582,True,2,0,False,True,False
120050026045,2025-06-25,2,0.044921875,0.3538073510175432,5.525826751132311,True,2,0,False,True,False
120050014043,2025-06-25,2,0.052734375,0.3946217983684554,4.934511050962909,True,2,0,False,True,False
120050014032,2025-06-25,2,0.041015625,0.2802664090278288,6.989722320970276,True,2,0,False,True,False
120050016003,2025-06-25,2,0.041015625,0.293899725551183,6.665485554047721,True,2,0,False,True,False
120050009001,2025-06-25,2,0.048828125,0.3747909968776048,5.206026535469828,True,2,0,False,True,False
120050008051,2025-06-25,2,0.05078125,0.6076480717164053,3.2078086654568,True,2,0,False,True,False
121130107121,2025-06-25,2,0.083984375,0.5185194032775847,3.695166685930706,True,2,0,False,True,False
120330035102,2025-06-25,2,0.04296875,0.3098345227808698,6.316375697694955,True,2,0,False,True,False
120050016002,2025-06-25,2,0.052734375,0.3689944337294098,5.277222220723157,True,2,0,False,True,False
121319502022,2025-06-25,2,0.068359375,0.539274394491168,3.5819253514207703,True,2,0,False,True,False
120330032042,2025-06-25,2,0.041015625,0.2346612325890982,8.348138094161744,True,2,0,False,True,False
120910218022,2025-06-25,2,0.041015625,0.2802664090278288,6.989722320970276,True,2,0,False,True,False
120050027132,2025-06-25,2,0.076171875,0.6130180973040757,3.1382892829112063,True,2,0,False,True,False
120050008031,2025-06-25,2,0.03515625,0.3108198473313885,6.321487404583697,True,2,0,False,True,False
120050019002,2025-06-25,2,0.015625,0.1524426041296069,13.01719431605145,True,2,0,False,True,False
120050026062,2025-06-25,2,0.02734375,0.26400938243127225,7.471917216856973,True,2,0,False,True,False
120330011041,2025-06-25,1,0.05078125,0.2956954305890317,3.2101231598646476,True,1,0,False,True,False
120330011044,2025-06-25,1,0.03125,0.2402705585201506,4.031913048217909,True,1,0,False,True,False
121130106012,2025-06-25,1,0.029296875,0.1800225408532614,5.392119900092023,True,1,0,False,True,False
120050026041,2025-06-25,1,0.033203125,0.21867572823560855,4.4211439596000375,True,1,0,False,True,False
120330033113,2025-06-25,1,0.0234375,0.1753874659415358,5.568029019391445,True,1,0,False,True,False
120330004003,2025-06-25,1,0.037109375,0.2737537921173516,3.517359951628477,True,1,0,False,True,False
120330012011,2025-06-25,1,0.029296875,0.2600637693700206,3.7325580850859565,True,1,0,False,True,False
120050014044,2025-06-25,1,0.041015625,0.31323909662368193,3.0615091964465124,True,1,0,False,True,False
121130101001,2025-06-26,312,22.0703125,111.20237249814961,2.607225736166954,False,206,4,True,True,False
121130101002,2025-06-26,246,9.751953125,38.03442405252881,6.211426957556164,True,151,3,True,True,True
120910201021,2025-06-26,207,14.96484375,70.70081622753538,2.7161660430054457,False,213,3,True,True,False
120910201023,2025-06-26,101,8.41796875,38.34932022114185,2.414176593382217,False,212,2,True,True,False
120050006001,2025-06-26,98,2.99609375,16.79273863361856,5.657439701931943,True,62,2,True,True,True
121130107071,2025-06-26,72,2.603515625,11.853353268265453,5.854586698330561,True,68,1,True,True,True
120050004023,2025-06-26,71,0.662109375,4.521430795890327,15.556555833815342,True,70,1,True,True,True
120910202001,2025-06-26,63,13.890625,58.77240381418688,0.8355856118334511,False,427,2,True,True,False
121130101004,2025-06-26,61,12.224609375,64.1884634903211,0.7598778343144915,False,51,2,True,True,False
120910201022,2025-06-26,55,7.45703125,36.83514484388862,1.2906958545023322,False,248,2,True,True,False
120050003023,2025-06-26,51,8.814453125,41.20264875320031,1.0238552168742148,False,44,2,True,True,False
121130104002,2025-06-26,47,3.611328125,15.867704915626064,2.734401232296176,False,30,2,True,True,False
121130105061,2025-06-26,44,2.34375,11.621518269505675,3.5844068764495316,True,39,2,True,True,True
121130103032,2025-06-26,43,1.19140625,6.670207469480236,6.267960020928384,True,41,1,True,True,True
120910208001,2025-06-26,40,66.595703125,226.04819685297892,-0.11765501116692281,False,21,4,True,True,False
121130104001,2025-06-26,39,9.90234375,55.34798502701685,0.525722051774724,False,36,2,True,True,False
121130105041,2025-06-26,39,0.58984375,3.164092567534893,12.139390814322761,True,38,2,True,True,True
121130105033,2025-06-26,37,0.626953125,6.137649372337854,5.926217786068377,True,33,2,True,True,True
120330036132,2025-06-26,35,1.86328125,9.96946705501637,3.323820477778347,True,34,1,True,True,True
120050005002,2025-06-26,33,8.80859375,45.03147936099073,0.5372110042415398,False,30,1,True,True,False
121130103021,2025-06-26,31,4.54296875,25.73571287523765,1.028027915071138,False,30,1,True,True,False
121319501023,2025-06-26,27,12.2109375,66.86814461817453,0.22116753178134965,False,85,1,True,True,False
121130105032,2025-06-26,24,0.404296875,3.0620812495771133,7.705773035336234,True,22,1,True,True,True
120910201011,2025-06-26,24,7.80859375,35.84990569214942,0.451644319207949,False,74,1,True,True,False
121130108081,2025-06-26,24,4.806640625,19.27085026929318,0.9959788544246718,False,11,2,True,True,False
121319503053,2025-06-26,23,43.09765625,155.89971886707394,-0.12891399930705474,False,11,2,True,True,False
121130107084,2025-06-26,21,0.208984375,1.4063308576449516,14.783872167760533,True,18,1,True,True,True
121130103011,2025-06-26,21,0.33203125,1.887000896285736,10.952813425092504,True,19,1,True,True,True
121130102003,2025-06-26,20,12.33203125,62.835254334293744,0.12203290702390035,False,16,2,True,True,False
121130108021,2025-06-26,19,21.01953125,76.84051907170081,-0.026282113582751194,False,10,2,True,True,False
120910201012,2025-06-26,19,5.34765625,32.006301886428645,0.42655173966814597,False,94,1,True,True,False
120050004021,2025-06-26,18,1.884765625,13.451092912177986,1.1980613382285112,False,17,1,True,True,False
121130102004,2025-06-26,17,10.314453125,70.59817626033603,0.0946985776282173,False,11,2,True,True,False
120330036131,2025-06-26,17,1.935546875,10.023150604322845,1.5029658557163563,False,16,1,True,True,False
121130105043,2025-06-26,17,0.384765625,2.6480436865173704,6.274531821207176,True,17,1,True,True,True
121130103031,2025-06-26,15,6.490234375,34.901537520225176,0.24382208434424,False,15,1,True,True,False
121130107043,2025-06-26,14,0.279296875,1.4450540160645982,9.49494134646012,True,12,1,True,True,True
120910203051,2025-06-26,14,3.583984375,15.96941724137451,0.65224769743091,False,143,2,True,True,False
121130105051,2025-06-26,13,1.58984375,11.621044005252527,0.9818529423727155,False,9,1,True,True,False
120330036133,2025-06-26,13,0.427734375,3.775325745558688,3.3301141338042353,True,13,1,True,True,True
121130103012,2025-06-26,12,0.19140625,1.2157175065667987,9.713271122785438,True,10,1,True,True,True
121319501024,2025-06-26,11,7.08203125,31.342079361827466,0.12500666292013227,False,26,0,True,True,False
120330039002,2025-06-26,10,4.677734375,24.00088983069414,0.2217528459379655,False,5,1,True,True,False
120910206013,2025-06-26,10,1.185546875,6.740271389844577,1.3077297062964777,False,9,0,True,True,False
121130105062,2025-06-26,10,0.4375,2.1949951967816066,4.356501560468531,True,8,1,True,True,True
120330038001,2025-06-26,9,21.287109375,84.41335249877207,-0.14555883650253953,False,6,1,True,True,False
120330040001,2025-06-26,9,4.2421875,25.181997761346214,0.18893705515704287,False,5,1,True,True,False
121319501041,2025-06-26,9,6.0078125,27.330189781327274,0.1094828657956976,False,8,1,True,True,False
121130107042,2025-06-26,9,0.126953125,0.9244959983836583,9.59771258124771,True,7,1,True,True,True
120330036143,2025-06-26,8,2.064453125,13.650435506760115,0.4348247257064095,False,8,1,True,True,False
121130107101,2025-06-26,8,5.873046875,30.85826281003802,0.06892653478562358,False,5,1,True,True,False
120910206012,2025-06-26,8,1.662109375,12.468398011231727,0.5083163546183502,False,7,1,True,True,False
121130108083,2025-06-26,8,4.466796875,17.043023464741115,0.20731081737401513,False,21,0,True,True,False
120330036144,2025-06-26,8,0.642578125,3.440745776824243,2.1383218500353114,False,8,1,True,True,False
121319501021,2025-06-26,7,4.578125,23.180010071775058,0.10448118842489096,False,121,0,True,True,False
121130102001,2025-06-26,7,6.05859375,46.09609299080168,0.020422690708035807,False,7,1,True,True,False
120910203052,2025-06-26,7,4.34375,21.287405204774263,0.12478035601089915,False,36,0,True,True,False
120050002013,2025-06-26,6,32.587890625,137.41519387845497,-0.1934858138650755,False,8,0,True,True,False
120050004022,2025-06-26,6,1.224609375,6.711436907675172,0.7115302863890268,False,6,1,True,True,False
121319501022,2025-06-26,6,5.3203125,21.95634651194597,0.030956311407737934,False,35,0,True,True,False
120910203061,2025-06-26,6,4.181640625,26.602462528256105,0.06835304713120484,False,16,0,True,True,False
121130106021,2025-06-26,6,0.228515625,1.389268114540974,4.154334440265296,True,5,1,True,True,True
120050005003,2025-06-26,6,4.2421875,28.655384385927967,0.06134318340755615,False,6,1,True,True,False
120330036121,2025-06-26,6,1.09765625,8.054014956697099,0.6086832190351954,False,5,1,True,True,False
120330037001,2025-06-26,5,0.486328125,3.325141227339295,1.3574376444190135,False,5,1,True,True,False
120910203042,2025-06-26,5,2.072265625,11.657903106362172,0.2511373055933379,False,81,0,True,True,False
120910203032,2025-06-26,5,0.87109375,4.343267995825453,0.9506450566643625,False,26,0,True,True,False
120330036141,2025-06-26,5,0.869140625,5.312583817112478,0.7775612615642882,False,5,1,True,True,False
121130107112,2025-06-26,5,0.115234375,0.688458347350936,7.095223180597199,True,5,1,True,True,True
120330037002,2025-06-26,5,0.2890625,1.6840559731042033,2.7973758445310914,False,5,1,True,True,False
121130107082,2025-06-26,4,0.103515625,0.5551990032584518,7.018176099257404,True,4,0,False,True,False
121130107122,2025-06-26,4,0.1875,0.9931270663228412,3.838884397860777,True,4,0,False,True,False
120330037003,2025-06-26,4,0.150390625,1.0685139028653015,3.6027695705942424,True,4,0,False,True,False
121319501032,2025-06-26,3,1.8984375,9.761411982614241,0.11284868438725464,False,7,0,True,True,False
120910203031,2025-06-26,3,0.568359375,2.765317568764112,0.8793350364047916,False,11,0,True,True,False
121130107041,2025-06-26,2,0.07421875,0.5293345663852446,3.638117312366174,True,2,0,False,True,False
120910205002,2025-06-26,2,0.28125,2.2336599541126776,0.7694770176791633,False,11,0,True,True,False
121130105031,2025-06-26,2,0.05859375,0.4769484447845357,4.0704740129240635,True,2,0,False,True,False
120910207012,2025-06-26,1,0.380859375,2.54921515179993,0.2428749980411979,False,5,0,True,True,False
120330011044,2025-06-26,1,0.03125,0.2402705585201506,4.031913048217909,True,1,0,False,True,False
121130106014,2025-06-26,1,0.03125,0.1953470492925833,4.959122768980469,True,1,0,False,True,False
120910206021,2025-06-26,1,0.02734375,0.23247661540965528,4.183888552773568,True,1,0,False,True,False
120050005001,2025-06-27,223,6.83203125,32.275888581615796,6.697506350704418,True,209,2,True,True,True
121319505012,2025-06-27,214,13.455078125,54.720084121427625,3.6649234937208255,True,133,4,True,True,True
120050002013,2025-06-27,139,32.587890625,137.41519387845497,0.7743838681268573,False,77,5,True,True,False
121319505013,2025-06-27,136,15.85546875,68.12351084119011,1.7636280010594516,False,95,3,True,True,False
120910208001,2025-06-27,122,66.595703125,226.04819685297892,0.24509948606683551,False,84,4,True,True,False
121319503053,2025-06-27,83,43.09765625,155.89971886707394,0.2559487857962224,False,39,5,True,True,False
120330038001,2025-06-27,48,21.287109375,84.41335249877207,0.31645337892946,False,39,2,True,True,False
120050003012,2025-06-27,47,2.990234375,14.025902175731852,3.1377493635416456,True,44,2,True,True,True
121319504003,2025-06-27,45,9.2421875,42.331604195878015,0.8447072389352509,False,32,2,True,True,False
120050002012,2025-06-27,43,8.04296875,38.9559702959335,0.8973472097972378,False,26,3,True,True,False
121130102001,2025-06-27,40,6.05859375,46.09609299080168,0.73631850440715,False,33,2,True,True,False
120050003021,2025-06-27,39,5.4453125,21.350511973861146,1.5716104391819783,False,26,2,True,True,False
120910202001,2025-06-27,37,13.890625,58.77240381418688,0.39320111991780915,False,23,3,True,True,False
121130102002,2025-06-27,34,5.32421875,34.781964973978646,0.8244439689204779,False,34,1,True,True,False
120050005002,2025-06-27,31,8.80859375,45.03147936099073,0.49279762878995437,False,28,2,True,True,False
120050003011,2025-06-27,30,1.71484375,6.352706742019331,4.452457416759177,True,22,2,True,True,True
121319501043,2025-06-27,30,7.017578125,31.37641060509692,0.7324745384121993,False,18,2,True,True,False
121130102003,2025-06-27,27,12.33203125,62.835254334293744,0.23343533666568814,False,26,1,True,True,False
121319501042,2025-06-27,17,3.833984375,19.130660459385076,0.6882154253352526,False,16,1,True,True,False
121319501032,2025-06-27,17,1.8984375,9.761411982614241,1.5470674249685332,False,17,1,True,True,False
120050002011,2025-06-27,16,4.42578125,27.59687365966789,0.41940325896101116,False,16,1,True,True,False
121319504002,2025-06-27,15,6.1875,26.67878067963113,0.3303186943145501,False,15,1,True,True,False
121130101003,2025-06-27,15,5.4296875,43.05486121072455,0.2222818104826715,False,15,1,True,True,False
121319503062,2025-06-27,13,3.3671875,16.49010666751634,0.5841570763745003,False,13,1,True,True,False
121319501031,2025-06-27,12,2.08203125,20.925857125886946,0.4739575870338274,False,12,1,True,True,False
120050003022,2025-06-27,11,7.248046875,35.08913720788649,0.10692634312355583,False,8,1,True,True,False
120050002041,2025-06-27,10,7.814453125,34.00786639306215,0.0642659215882437,False,10,1,True,True,False
120330040003,2025-06-27,10,2.484375,16.19812961829592,0.46398103837316135,False,8,1,True,True,False
121319501033,2025-06-27,10,3.810546875,18.033813806426075,0.34321376451133606,False,10,1,True,True,False
121319503061,2025-06-27,10,2.716796875,14.833580111273319,0.49099428933308314,False,10,1,True,True,False
121319505011,2025-06-27,10,4.216796875,23.967400215414717,0.2412945531439206,False,9,1,True,True,False
121130108021,2025-06-27,9,21.01953125,76.84051907170081,-0.15642178625556175,False,7,1,True,True,False
121130108083,2025-06-27,9,4.466796875,17.043023464741115,0.2659858524737917,False,6,1,True,True,False
120910203052,2025-06-27,8,4.34375,21.287405204774263,0.17175649003853177,False,8,1,True,True,False
120910201022,2025-06-27,7,7.45703125,36.83514484388862,-0.01240747801961818,False,7,1,True,True,False
121319505022,2025-06-27,7,3.001953125,14.118106654664265,0.28318576794992173,False,7,1,True,True,False
121319501024,2025-06-27,6,7.08203125,31.342079361827466,-0.03452327580147222,False,6,1,True,True,False
120910203061,2025-06-27,6,4.181640625,26.602462528256105,0.06835304713120484,False,6,1,True,True,False
120910208003,2025-06-27,6,1.517578125,9.640285843712489,0.46496773515522777,False,6,1,True,True,False
120910203051,2025-06-27,6,3.583984375,15.96941724137451,0.15129015595762907,False,6,1,True,True,False
120330019001,2025-06-27,3,0.111328125,0.9201530299799122,3.139338545745008,True,3,0,False,True,False
120330009002,2025-06-27,3,0.05078125,0.3502296911955238,8.420813038245608,True,3,0,False,True,False
120330004002,2025-06-27,2,0.03125,0.23198285920889045,8.486618393763422,True,2,0,False,True,False
120330004001,2025-06-27,1,0.029296875,0.23641379224652606,4.105949639299286,True,1,0,False,True,False
120330029001,2025-06-27,1,0.03515625,0.23142199532827923,4.169196400849191,True,1,0,False,True,False
120330004003,2025-06-27,1,0.037109375,0.2737537921173516,3.517359951628477,True,1,0,False,True,False
120330036132,2025-06-28,62,1.86328125,9.96946705501637,6.032089621053595,True,46,2,True,True,True
120330036131,2025-06-28,46,1.935546875,10.023150604322845,4.396267687127799,True,41,2,True,True,True
121130101001,2025-06-28,43,22.0703125,111.20237249814961,0.1882125986147307,False,35,2,True,True,False
120910208001,2025-06-28,39,66.595703125,226.04819685297892,-0.12207884649904181,False,15,3,True,True,False
120050002012,2025-06-28,26,8.04296875,38.9559702959335,0.460957103971159,False,22,1,True,True,False
120050002013,2025-06-28,24,32.587890625,137.41519387845497,-0.06249593209173121,False,20,2,True,True,False
120050005002,2025-06-28,23,8.80859375,45.03147936099073,0.31514412698361277,False,18,1,True,True,False
120050006001,2025-06-28,23,2.99609375,16.79273863361856,1.1912235810038025,False,15,2,True,True,False
120330038001,2025-06-28,22,21.287109375,84.41335249877207,0.008445235308126995,False,21,1,True,True,False
121319501023,2025-06-28,21,12.2109375,66.86814461817453,0.13143870747703032,False,19,2,True,True,False
120910201021,2025-06-28,20,14.96484375,70.70081622753538,0.07121779519200219,False,18,1,True,True,False
120910202001,2025-06-28,20,13.890625,58.77240381418688,0.10394972135758174,False,17,1,True,True,False
120050005001,2025-06-28,19,6.83203125,32.275888581615796,0.37699872210275326,False,7,3,True,True,False
121130108021,2025-06-28,15,21.01953125,76.84051907170081,-0.07833798265187542,False,6,2,True,True,False
121319505012,2025-06-28,14,13.455078125,54.720084121427625,0.009958352289641604,False,7,1,True,True,False
121319503053,2025-06-28,14,43.09765625,155.89971886707394,-0.1866434170725463,False,7,1,True,True,False
121319504001,2025-06-28,14,6.40625,30.31761095875755,0.2504732318892188,False,14,1,True,True,False
121319501044,2025-06-28,14,2.0859375,13.879987335528877,0.8583626347772911,False,12,1,True,True,False
120050005003,2025-06-28,14,4.2421875,28.655384385927967,0.3405228270046117,False,9,2,True,True,False
120050003023,2025-06-28,13,8.814453125,41.20264875320031,0.10158441269324703,False,8,1,True,True,False
121319506081,2025-06-28,13,1.44140625,6.745621496117649,1.7134957478198847,False,8,2,True,True,False
120330036032,2025-06-28,11,3.5546875,16.948550483830033,0.43928904168549926,False,8,1,True,True,False
121130101004,2025-06-28,10,12.224609375,64.1884634903211,-0.034657464192696344,False,7,1,True,True,False
121319504003,2025-06-28,6,9.2421875,42.331604195878015,-0.0765902346860671,False,6,1,True,True,False
121130101002,2025-06-28,6,9.751953125,38.03442405252881,-0.09864624530184103,False,5,1,True,True,False
120330038003,2025-06-28,6,3.66796875,26.015558896018575,0.08963986740861041,False,6,1,True,True,False
121319505023,2025-06-28,6,3.873046875,17.55565642460506,0.1211548616330277,False,5,1,True,True,False
120050007001,2025-06-28,6,6.94921875,39.802759290506025,-0.023848063976469415,False,5,1,True,True,False
121319503052,2025-06-28,5,3.205078125,18.006819038689855,0.09968011957822148,False,5,1,True,True,False
121319506071,2025-06-28,5,0.76171875,4.097856269189469,1.0342679126806724,False,5,1,True,True,False
120910217001,2025-06-28,3,0.119140625,0.7658723865472225,3.7615396841603856,True,3,0,False,True,False
120910233032,2025-06-28,1,0.044921875,0.265301943238465,3.5999665639144376,True,1,0,False,True,False
121319506082,2025-06-28,1,0.037109375,0.2513950192904993,3.8301897456740486,True,1,0,False,True,False
121319506072,2025-06-28,1,0.01171875,0.10772225920023012,9.174345741886267,True,1,0,False,True,False
121319503053,2025-06-29,133,43.09765625,155.89971886707394,0.5766677733822867,False,93,3,True,True,False
120910208001,2025-06-29,109,66.595703125,226.04819685297892,0.18758962674928847,False,38,5,True,True,False
120050005002,2025-06-29,52,8.80859375,45.03147936099073,0.959138071031601,False,27,2,True,True,False
121130101002,2025-06-29,51,9.751953125,38.03442405252881,1.0844924802340348,False,33,2,True,True,False
121130109001,2025-06-29,46,1.111328125,7.50220506356647,5.983397080545862,True,39,1,True,True,True
121130105051,2025-06-29,37,1.58984375,11.621044005252527,3.0470718666924568,True,28,2,True,True,True
120330025001,2025-06-29,35,1.73828125,11.857514291832736,2.8051173231905895,False,21,2,True,True,False
121319503052,2025-06-29,33,3.205078125,18.006819038689855,1.6546465986569845,False,22,2,True,True,False
121130108021,2025-06-29,31,21.01953125,76.84051907170081,0.12988549362462146,False,19,2,True,True,False
120910201022,2025-06-29,30,7.45703125,36.83514484388862,0.6119962021471497,False,28,1,True,True,False
121319505013,2025-06-29,27,15.85546875,68.12351084119011,0.16359302555589347,False,15,3,True,True,False
121130109003,2025-06-29,27,1.0078125,7.076872941223625,3.6728351230657856,True,24,1,True,True,True
121130108231,2025-06-29,27,1.05078125,7.040097580867818,3.6859174822405367,True,21,2,True,True,True
121130105061,2025-06-29,26,2.34375,11.621518269505675,2.035555893077491,False,23,1,True,True,False
120330036032,2025-06-29,25,3.5546875,16.948550483830033,1.2653183834487884,False,22,1,True,True,False
121130107071,2025-06-29,25,2.603515625,11.853353268265453,1.889464008042457,False,22,1,True,True,False
120910203061,2025-06-29,24,4.181640625,26.602462528256105,0.7449821366706073,False,19,2,True,True,False
121319505012,2025-06-29,23,13.455078125,54.720084121427625,0.17443178365404488,False,11,2,True,True,False
120910201021,2025-06-29,23,14.96484375,70.70081622753538,0.11365012002323391,False,16,2,True,True,False
121319506102,2025-06-29,23,2.091796875,11.650544912789353,1.794611606711037,False,22,1,True,True,False
120330023001,2025-06-29,22,1.599609375,8.89434833658072,2.2936352223914116,False,11,3,True,True,False
120910202001,2025-06-29,20,13.890625,58.77240381418688,0.10394972135758174,False,12,2,True,True,False
121130108201,2025-06-29,20,1.4609375,9.200231719833488,2.015064735819016,False,18,2,True,True,False
120050005001,2025-06-29,19,6.83203125,32.275888581615796,0.37699872210275326,False,8,2,True,True,False
120050007001,2025-06-29,18,6.94921875,39.802759290506025,0.2776385719729711,False,6,2,True,True,False
121130101001,2025-06-29,17,22.0703125,111.20237249814961,-0.04559536263567011,False,10,2,True,True,False
120050002013,2025-06-29,16,32.587890625,137.41519387845497,-0.12071365732432866,False,8,1,True,True,False
121130108131,2025-06-29,14,0.203125,1.3769666597256762,10.019759667055888,True,13,1,True,True,True
120330025002,2025-06-29,14,1.279296875,9.38782370663819,1.3550215175009208,False,9,2,True,True,False
121130108142,2025-06-29,14,0.3671875,2.01897493415243,6.752343612291097,True,13,1,True,True,True
120050003023,2025-06-29,13,8.814453125,41.20264875320031,0.10158441269324703,False,9,1,True,True,False
121130103021,2025-06-29,13,4.54296875,25.73571287523765,0.3286107243657188,False,13,1,True,True,False
121319506081,2025-06-29,13,1.44140625,6.745621496117649,1.7134957478198847,False,13,1,True,True,False
121319506052,2025-06-29,13,2.744140625,16.978718256217732,0.6040420260371674,False,13,1,True,True,False
120050026071,2025-06-29,13,1.5703125,9.99231297013613,1.1438480293961697,False,12,1,True,True,False
121130104001,2025-06-29,12,9.90234375,55.34798502701685,0.03789941492858461,False,11,1,True,True,False
121130108121,2025-06-29,12,0.1171875,0.9579911610131148,12.403885321273153,True,11,1,True,True,True
120910201011,2025-06-29,12,7.80859375,35.84990569214942,0.11691540518941598,False,12,1,True,True,False
121130104002,2025-06-29,11,3.611328125,15.867704915626064,0.46564212747136774,False,10,1,True,True,False
121319503062,2025-06-29,11,3.3671875,16.49010666751634,0.4628722332667371,False,10,1,True,True,False
120330035121,2025-06-29,11,0.806640625,4.063068697963865,2.508783417840861,False,11,1,True,True,False
120330033051,2025-06-29,10,1.47265625,6.335007755576106,1.3460668209118116,False,6,1,True,True,False
121130108132,2025-06-29,10,0.16015625,1.0495243424528908,9.375526942998631,True,10,1,True,True,True
120050002042,2025-06-29,10,6.548828125,30.588896444758674,0.11282433419043299,False,6,1,True,True,False
121130105062,2025-06-29,10,0.4375,2.1949951967816066,4.356501560468531,True,10,1,True,True,True
121130108252,2025-06-29,9,0.86328125,6.582374271633227,1.2361373592907392,False,6,1,True,True,False
121130105041,2025-06-29,8,0.58984375,3.164092567534893,2.341953053469976,False,8,1,True,True,False
121130107113,2025-06-29,8,0.85546875,3.9192696430872243,1.8229241416449786,False,8,1,True,True,False
120910203042,2025-06-29,8,2.072265625,11.657903106362172,0.508473463959827,False,5,1,True,True,False
121130108094,2025-06-29,8,1.748046875,7.6145521982447875,0.8210532887857966,False,8,1,True,True,False
121319501032,2025-06-29,8,1.8984375,9.761411982614241,0.6250696631662828,False,8,1,True,True,False
121319505022,2025-06-29,8,3.001953125,14.118106654664265,0.35401679540002423,False,7,1,True,True,False
121130108092,2025-06-29,7,1.416015625,9.297053451517936,0.600618723353505,False,5,1,True,True,False
121130107101,2025-06-29,7,5.873046875,30.85826281003802,0.03652030355491718,False,6,1,True,True,False
120910203062,2025-06-29,7,1.427734375,6.371003013420702,0.8746292559055241,False,6,1,True,True,False
121130108122,2025-06-29,7,0.2421875,1.5362347227190483,4.398945291406417,True,7,1,True,True,True
121130108241,2025-06-29,7,0.61328125,4.354503637900114,1.4666927119803457,False,5,1,True,True,False
120910203051,2025-06-29,7,3.583984375,15.96941724137451,0.2139098486417892,False,5,1,True,True,False
121319506091,2025-06-29,7,0.4921875,2.362446222169275,2.754692334974853,False,6,1,True,True,False
120330031001,2025-06-29,7,0.126953125,0.995830885440525,6.901821358914345,True,7,1,True,True,True
120330038003,2025-06-29,6,3.66796875,26.015558896018575,0.08963986740861041,False,5,1,True,True,False
121130103031,2025-06-29,6,6.490234375,34.901537520225176,-0.014046211423090255,False,6,1,True,True,False
121319501023,2025-06-29,6,12.2109375,66.86814461817453,-0.09288335328376808,False,5,1,True,True,False
121130105033,2025-06-29,6,0.626953125,6.137649372337854,0.8754242135785913,False,6,1,True,True,False
121130108081,2025-06-29,6,4.806640625,19.27085026929318,0.061925621253024775,False,5,1,True,True,False
120330034003,2025-06-29,6,0.099609375,0.5629109446916275,10.481925570362355,True,6,1,True,True,True
120330036083,2025-06-29,6,0.4921875,2.7505447779199064,2.002444222764216,False,5,1,True,True,False
120050003021,2025-06-29,5,5.4453125,21.350511973861146,-0.020857228180063508,False,5,1,True,True,False
121130107072,2025-06-29,5,0.455078125,2.6017331258360072,1.7468824261287728,False,5,1,True,True,False
120330010011,2025-06-29,5,0.24609375,1.524100060084863,3.119156264409109,True,4,0,False,True,False
120910208003,2025-06-29,5,1.517578125,9.640285843712489,0.36123637114674123,False,5,1,True,True,False
120910203052,2025-06-29,5,4.34375,21.287405204774263,0.030828087955633906,False,5,1,True,True,False
120050010002,2025-06-29,5,0.212890625,1.6300714461398762,2.936748193667346,False,5,1,True,True,False
120330017001,2025-06-29,5,0.2421875,1.5640085672509736,3.0420629398230927,True,5,1,True,True,True
121130105043,2025-06-29,5,0.384765625,2.6480436865173704,1.7428845296241398,False,5,1,True,True,False
120330010013,2025-06-29,4,0.09375,0.605745485294765,6.448665478867183,True,4,0,False,True,False
120330028022,2025-06-29,4,0.072265625,0.844373772833176,4.651653688651468,True,4,0,False,True,False
120330031003,2025-06-29,4,0.078125,0.4658073814722679,8.419520935035871,True,4,0,False,True,False
121130108212,2025-06-29,3,0.125,0.796273119366856,3.610570205215531,True,2,0,False,True,False
121130108143,2025-06-29,3,0.064453125,0.43088460157308744,6.8128377395776285,True,3,0,False,True,False
121130109006,2025-06-29,3,0.04296875,0.38324673218429545,7.71573767412588,True,3,0,False,True,False
121130109004,2025-06-29,2,0.02734375,0.29878156843421255,6.602335814547914,True,1,0,False,True,False
121130109002,2025-06-29,2,0.046875,0.3724226498710657,5.244377592705976,True,2,0,False,True,False
120330035112,2025-06-29,2,0.0703125,0.40415830248034795,4.774583345578631,True,2,0,False,True,False
121130108133,2025-06-29,1,0.02734375,0.20567861759981043,4.72901005146048,True,1,0,False,True,False
120330030022,2025-06-29,1,0.03515625,0.2228053984913043,4.33043255025823,True,1,0,False,True,False
121319506082,2025-06-29,1,0.037109375,0.2513950192904993,3.8301897456740486,True,1,0,False,True,False
120910233081,2025-06-29,1,0.033203125,0.20953562893818448,4.613997533017245,True,1,0,False,True,False
120330018002,2025-06-29,1,0.046875,0.3028727426473822,3.1469487536871887,True,1,0,False,True,False
120910233042,2025-06-29,1,0.021484375,0.18112321802472506,5.402485863885342,True,1,0,False,True,False
120330013001,2025-06-29,1,0.044921875,0.2999243116360724,3.18439715603612,True,1,0,False,True,False
120910228002,2025-06-29,1,0.025390625,0.2368660428602502,4.114601498936742,True,1,0,False,True,False
121319506072,2025-06-29,1,0.01171875,0.10772225920023012,9.174345741886267,True,1,0,False,True,False
120330004003,2025-06-29,1,0.037109375,0.2737537921173516,3.517359951628477,True,1,0,False,True,False
120330001002,2025-06-29,1,0.01171875,0.12457118226963564,7.933466087372077,True,1,0,False,True,False
120910208001,2025-06-30,78,66.595703125,226.04819685297892,0.050450731453599344,False,35,5,True,True,False
120050006001,2025-06-30,69,2.99609375,16.79273863361856,3.9305028018397286,True,60,2,True,True,True
121319501023,2025-06-30,43,12.2109375,66.86814461817453,0.46044439659286795,False,22,2,True,True,False
121319503053,2025-06-30,28,43.09765625,155.89971886707394,-0.09684210054844831,False,8,3,True,True,False
121130101001,2025-06-30,25,22.0703125,111.20237249814961,0.02634554851829937,False,18,2,True,True,False
121130101002,2025-06-30,22,9.751953125,38.03442405252881,0.32202530155535924,False,21,1,True,True,False
121319501041,2025-06-30,22,6.0078125,27.330189781327274,0.5851473271117311,False,12,2,True,True,False
120050007001,2025-06-30,20,6.94921875,39.802759290506025,0.32788634463121114,False,13,1,True,True,False
121319501021,2025-06-30,17,4.578125,23.180010071775058,0.5358873857921826,False,16,1,True,True,False
121319501033,2025-06-30,16,3.810546875,18.033813806426075,0.6759220903487688,False,14,1,True,True,False
121319501042,2025-06-30,15,3.833984375,19.130660459385076,0.5836712040708558,False,8,2,True,True,False
121319505012,2025-06-30,14,13.455078125,54.720084121427625,0.009958352289641604,False,7,2,True,True,False
120050005001,2025-06-30,13,6.83203125,32.275888581615796,0.19110143890858663,False,11,1,True,True,False
121319504001,2025-06-30,11,6.40625,30.31761095875755,0.1515208439823669,False,8,1,True,True,False
121319504003,2025-06-30,10,9.2421875,42.331604195878015,0.017901813890478336,False,5,1,True,True,False
121319501024,2025-06-30,10,7.08203125,31.342079361827466,0.09310067517581136,False,9,1,True,True,False
121319501043,2025-06-30,10,7.017578125,31.37641060509692,0.09505299737872255,False,6,1,True,True,False
120050003023,2025-06-30,9,8.814453125,41.20264875320031,0.004503275411039882,False,9,1,True,True,False
121319504002,2025-06-30,9,6.1875,26.67878067963113,0.10542085988762236,False,6,1,True,True,False
120050003012,2025-06-30,9,2.990234375,14.025902175731852,0.4284762256076707,False,9,1,True,True,False
121319503062,2025-06-30,8,3.3671875,16.49010666751634,0.2809449686050922,False,5,1,True,True,False
120910203052,2025-06-30,7,4.34375,21.287405204774263,0.12478035601089915,False,7,1,True,True,False
120910220021,2025-06-30,6,0.1171875,0.7091362817856759,8.295743217631584,True,6,1,True,True,True
121130101003,2025-06-30,5,5.4296875,43.05486121072455,-0.009979999654324027,False,5,1,True,True,False
121319506081,2025-06-30,5,1.44140625,6.745621496117649,0.5275412728164633,False,5,1,True,True,False
120910220011,2025-06-30,2,0.046875,0.33943374049712116,5.754068517583228,True,2,0,False,True,False
120910215013,2025-06-30,2,0.03515625,0.25553438691550245,7.689155943813209,True,2,0,False,True,False
120910226003,2025-06-30,1,0.0234375,0.1753874659415357,5.568029019391448,True,1,0,False,True,False
120910233032,2025-06-30,1,0.044921875,0.265301943238465,3.5999665639144376,True,1,0,False,True,False
120910233052,2025-06-30,1,0.048828125,0.29931198625751165,3.1778609566997553,True,1,0,False,True,False
120910233072,2025-06-30,1,0.0078125,0.088128508729472,11.258416990190053,True,1,0,False,True,False
120330039001,2025-07-01,256,9.318359375,33.52182183274139,7.35883753143934,True,152,4,True,True,True
120330039002,2025-07-01,219,4.677734375,24.00088983069414,8.929763318646152,True,130,4,True,True,True
120330040001,2025-07-01,150,4.2421875,25.181997761346214,5.7881751035549245,True,120,4,True,True,True
120330038001,2025-07-01,123,21.287109375,84.41335249877207,1.2049384086063823,False,48,5,True,True,False
120910208001,2025-07-01,120,66.595703125,226.04819685297892,0.23625181540259751,False,48,4,True,True,False
120330039003,2025-07-01,113,6.3203125,25.12463915485053,4.246018692746262,True,69,3,True,True,True
121130101001,2025-07-01,86,22.0703125,111.20237249814961,0.5748949960673166,False,67,2,True,True,False
121130108021,2025-07-01,63,21.01953125,76.84051907170081,0.5463324461776152,False,40,4,True,True,False
121130102003,2025-07-01,58,12.33203125,62.835254334293744,0.7267889536507484,False,48,2,True,True,False
121319503053,2025-07-01,54,43.09765625,155.89971886707394,0.06993177299630511,False,30,4,True,True,False
120330040003,2025-07-01,53,2.484375,16.19812961829592,3.118608517797153,True,44,2,True,True,True
121319501033,2025-07-01,28,3.810546875,18.033813806426075,1.3413387420236345,False,17,2,True,True,False
121130102001,2025-07-01,21,6.05859375,46.09609299080168,0.3241360662167509,False,19,1,True,True,False
120330040002,2025-07-01,19,0.96875,6.790332139705296,2.6554297535116693,False,18,1,True,True,False
120050005003,2025-07-01,16,4.2421875,28.655384385927967,0.4103177379038756,False,16,1,True,True,False
121130102004,2025-07-01,15,10.314453125,70.59817626033603,0.06636923392640763,False,9,2,True,True,False
120330038002,2025-07-01,15,6.328125,32.737193310235114,0.26489366140281745,False,11,2,True,True,False
121319501024,2025-07-01,11,7.08203125,31.342079361827466,0.12500666292013227,False,10,1,True,True,False
121319501043,2025-07-01,9,7.017578125,31.37641060509692,0.06318192032704872,False,6,1,True,True,False
121319501023,2025-07-01,8,12.2109375,66.86814461817453,-0.0629737451823283,False,8,1,True,True,False
121130108252,2025-07-01,8,0.86328125,6.582374271633227,1.0842164932425256,False,6,1,True,True,False
121130108271,2025-07-01,8,1.109375,7.9732766727485185,0.8642149624070037,False,6,1,True,True,False
120330040004,2025-07-01,7,0.423828125,3.0975747399883815,2.123006683294643,False,7,1,True,True,False
120330026042,2025-07-01,7,0.857421875,5.840105586544332,1.0517923064871582,False,6,1,True,True,False
121130101004,2025-07-01,6,12.224609375,64.1884634903211,-0.09697395819326009,False,6,1,True,True,False
121130103031,2025-07-01,6,6.490234375,34.901537520225176,-0.014046211423090255,False,5,1,True,True,False
121319501032,2025-07-01,6,1.8984375,9.761411982614241,0.4201812716546715,False,5,1,True,True,False
120330026011,2025-07-01,5,1.0234375,5.597685912355705,0.7103940024970999,False,5,1,True,True,False
120050008062,2025-07-01,5,0.49609375,3.0224185788136158,1.4901662799359543,False,5,1,True,True,False
120910218022,2025-07-01,1,0.041015625,0.2802664090278288,3.4216885938149604,True,1,0,False,True,False
120050002013,2025-07-02,415,32.587890625,137.41519387845497,2.7828953886514696,False,214,5,True,True,False
120050002012,2025-07-02,95,8.04296875,38.9559702959335,2.2321875335005377,False,30,5,True,True,False
120050002042,2025-07-02,71,6.548828125,30.588896444758674,2.1070119999717587,False,62,2,True,True,False
121319504001,2025-07-02,65,6.40625,30.31761095875755,1.9326638263057003,False,62,1,True,True,False
121319505012,2025-07-02,55,13.455078125,54.720084121427625,0.7592262062830343,False,28,4,True,True,False
120050003021,2025-07-02,43,5.4453125,21.350511973861146,1.758959576518689,False,27,3,True,True,False
120050002041,2025-07-02,39,7.814453125,34.00786639306215,0.9170098033954307,False,15,3,True,True,False
120050003022,2025-07-02,28,7.248046875,35.08913720788649,0.591406765063915,False,12,4,True,True,False
121319505013,2025-07-02,20,15.85546875,68.12351084119011,0.060838485844655794,False,8,3,True,True,False
121319503062,2025-07-02,19,3.3671875,16.49010666751634,0.9480116056977901,False,15,1,True,True,False
120050002011,2025-07-02,18,4.42578125,27.59687365966789,0.4918752362097583,False,10,2,True,True,False
121319505011,2025-07-02,14,4.216796875,23.967400215414717,0.4081879151293138,False,12,1,True,True,False
121319504003,2025-07-02,9,9.2421875,42.331604195878015,-0.0057211982536580245,False,5,1,True,True,False
121319504002,2025-07-02,8,6.1875,26.67878067963113,0.06793788748313441,False,5,1,True,True,False
120050003023,2025-07-02,7,8.814453125,41.20264875320031,-0.04403729323006369,False,5,1,True,True,False
120050003012,2025-07-02,7,2.990234375,14.025902175731852,0.2858829025585141,False,5,1,True,True,False
120050003011,2025-07-02,6,1.71484375,6.352706742019331,0.6745402273421928,False,6,1,True,True,False
120050002042,2025-07-03,109,6.548828125,30.588896444758674,3.34929284095029,True,90,2,True,True,True
120050002013,2025-07-03,35,32.587890625,137.41519387845497,0.0175534401030903,False,225,1,True,True,False
120050002041,2025-07-03,22,7.814453125,34.00786639306215,0.41712545888776936,False,30,0,True,True,False
120050027092,2025-07-03,17,0.34375,2.828945991132323,5.887793564179399,True,13,1,True,True,True
121319506081,2025-07-03,13,1.44140625,6.745621496117649,1.7134957478198847,False,13,1,True,True,False
120050027062,2025-07-03,12,0.58203125,4.200119904983984,2.7184863785557902,False,12,1,True,True,False
120050027031,2025-07-03,8,0.2109375,1.2156986426840637,6.4070668721016455,True,7,1,True,True,True
120050027032,2025-07-03,5,0.14453125,0.7754863223832661,6.261191989921774,True,4,0,False,True,False
120330038001,2025-07-03,2,21.287109375,84.41335249877207,-0.22848410593905227,False,6,0,True,True,False
120050002013,2025-07-04,319,32.587890625,137.41519387845497,2.0842826858603,False,307,2,True,True,False
120050002041,2025-07-04,105,7.814453125,34.00786639306215,2.857737258542822,False,80,2,True,True,False
120050005002,2025-07-04,51,8.80859375,45.03147936099073,0.9369313833058083,False,27,2,True,True,False
120050002012,2025-07-04,31,8.04296875,38.9559702959335,0.5893071350964764,False,27,2,True,True,False
120050002042,2025-07-04,17,6.548828125,30.588896444758674,0.34166554173910973,False,16,1,True,True,False
120050005001,2025-07-04,16,6.83203125,32.275888581615796,0.28405008050566993,False,13,1,True,True,False
120050003022,2025-07-04,15,7.248046875,35.08913720788649,0.22092173652128738,False,12,1,True,True,False
120050002011,2025-07-04,12,4.42578125,27.59687365966789,0.27445930446351696,False,10,1,True,True,False
120910208001,2025-07-04,9,66.595703125,226.04819685297892,-0.2547939064626119,False,9,1,True,True,False
120910212002,2025-07-04,5,1.34765625,5.8520769537157795,0.6241106839309319,False,5,1,True,True,False
120330038002,2025-07-05,565,6.328125,32.737193310235114,17.065356510734663,True,431,3,True,True,True
120330038003,2025-07-05,467,3.66796875,26.015558896018575,17.809805013295655,True,317,3,True,True,True
121130108021,2025-07-05,367,21.01953125,76.84051907170081,4.502578495431056,True,353,2,True,True,True
120330039004,2025-07-05,282,3.39453125,19.51627875325507,14.275542600739504,True,251,2,True,True,True
120330038001,2025-07-05,197,21.287109375,84.41335249877207,2.0815769712209455,False,108,3,True,True,False
120330039001,2025-07-05,188,9.318359375,33.52182183274139,5.33030816512718,True,147,2,True,True,True
120330036131,2025-07-05,102,1.935546875,10.023150604322845,9.983333292611965,True,75,2,True,True,True
120330036143,2025-07-05,32,2.064453125,13.650435506760115,2.193010388582474,False,28,1,True,True,False
120330036144,2025-07-05,29,0.642578125,3.440745776824243,8.241649838243347,True,25,2,True,True,True
121130103031,2025-07-05,24,6.490234375,34.901537520225176,0.5016903801115703,False,17,2,True,True,False
121130103021,2025-07-05,24,4.54296875,25.73571287523765,0.7560323409079194,False,21,1,True,True,False
120330036132,2025-07-05,22,1.86328125,9.96946705501637,2.019839038423598,False,15,2,True,True,False
121130102004,2025-07-05,11,10.314453125,70.59817626033603,0.009710546522788278,False,9,2,True,True,False
120910208001,2025-07-05,8,66.595703125,226.04819685297892,-0.25921774179473095,False,8,1,True,True,False
120330036142,2025-07-05,6,1.052734375,5.338553087151484,0.9267053346171247,False,5,1,True,True,False
120330038001,2025-07-06,248,21.287109375,84.41335249877207,2.6857467914012525,False,300,1,True,True,False
120910201022,2025-07-06,60,7.45703125,36.83514484388862,1.4264357849733686,False,58,1,True,True,False
121130102004,2025-07-06,53,10.314453125,70.59817626033603,0.6046267642607915,False,49,1,True,True,False
121130108083,2025-07-06,22,4.466796875,17.043023464741115,1.0287613087708867,False,22,1,True,True,False
121130103031,2025-07-06,21,6.490234375,34.901537520225176,0.41573428152246017,False,17,1,True,True,False
121130101001,2025-07-06,20,22.0703125,111.20237249814961,-0.018617520952931555,False,17,1,True,True,False
121130108021,2025-07-06,15,21.01953125,76.84051907170081,-0.07833798265187542,False,9,2,True,True,False
120910208001,2025-07-06,10,66.595703125,226.04819685297892,-0.2503700711304929,False,8,1,True,True,False
120910203042,2025-07-06,10,2.072265625,11.657903106362172,0.6800309028708196,False,10,1,True,True,False
120330039001,2025-07-06,9,9.318359375,33.52182183274139,-0.009497078547474782,False,7,1,True,True,False
120330035091,2025-07-06,8,0.140625,1.002809165839631,7.83735856006014,True,8,1,True,True,True
121319503053,2025-07-06,6,43.09765625,155.89971886707394,-0.2379584550863166,False,6,1,True,True,False
121130102002,2025-07-06,6,5.32421875,34.781964973978646,0.019429070511271306,False,6,1,True,True,False
120910201021,2025-07-06,5,14.96484375,70.70081622753538,-0.1409438289641564,False,5,1,True,True,False
121130107092,2025-07-06,5,0.884765625,5.109409831820208,0.805422643799541,False,5,1,True,True,False
120330035073,2025-07-06,5,0.140625,0.7660545217754942,6.343380088322389,True,5,1,True,True,True
120330014024,2025-07-06,2,0.060546875,0.36779090586950774,5.27324926758281,True,2,0,False,True,False
120330035102,2025-07-06,2,0.04296875,0.3098345227808698,6.316375697694955,True,2,0,False,True,False
120330035071,2025-07-06,2,0.080078125,0.41901197007548163,4.582021546196262,True,2,0,False,True,False
120910208001,2025-07-07,408,66.595703125,226.04819685297892,1.5103163910528707,False,136,6,True,True,False
121319503053,2025-07-07,105,43.09765625,155.89971886707394,0.3970651403340907,False,48,4,True,True,False
121319505013,2025-07-07,91,15.85546875,68.12351084119011,1.103063102915781,False,79,2,True,True,False
120050005002,2025-07-07,72,8.80859375,45.03147936099073,1.403271825547455,False,45,4,True,True,False
121319505012,2025-07-07,63,13.455078125,54.720084121427625,0.9054248119402817,False,54,2,True,True,False
120050003022,2025-07-07,54,7.248046875,35.08913720788649,1.33237682214917,False,45,2,True,True,False
120910201023,2025-07-07,50,8.41796875,38.34932022114185,1.0842964362918737,False,40,2,True,True,False
120910201012,2025-07-07,49,5.34765625,32.006301886428645,1.3638671504410675,False,41,2,True,True,False
120910201011,2025-07-07,39,7.80859375,35.84990569214942,0.8700554617311153,False,26,2,True,True,False
120050003023,2025-07-07,25,8.814453125,41.20264875320031,0.3928278245398685,False,15,3,True,True,False
120050003021,2025-07-07,24,5.4453125,21.350511973861146,0.8690511741693128,False,21,2,True,True,False
120050005001,2025-07-07,17,6.83203125,32.275888581615796,0.315032961038031,False,11,2,True,True,False
121130107072,2025-07-07,15,0.455078125,2.6017331258360072,5.590474184521259,True,14,1,True,True,True
120050002012,2025-07-07,13,8.04296875,38.9559702959335,0.12724702304533408,False,11,1,True,True,False
120050003012,2025-07-07,11,2.990234375,14.025902175731852,0.5710695486568272,False,8,1,True,True,False
120910206012,2025-07-07,10,1.662109375,12.468398011231727,0.6687218853207203,False,8,1,True,True,False
120910203061,2025-07-07,9,4.181640625,26.602462528256105,0.18112456205443858,False,7,1,True,True,False
120050004011,2025-07-07,9,0.390625,2.501613960435344,3.441528203856742,True,7,1,True,True,True
120050004023,2025-07-07,9,0.662109375,4.521430795890327,1.844082327341729,False,8,1,True,True,False
120910203062,2025-07-07,8,1.427734375,6.371003013420702,1.0315904122404798,False,8,1,True,True,False
120050003011,2025-07-07,6,1.71484375,6.352706742019331,0.6745402273421928,False,5,1,True,True,False
121319505011,2025-07-07,6,4.216796875,23.967400215414717,0.07440119115852735,False,6,1,True,True,False
120050002011,2025-07-07,5,4.42578125,27.59687365966789,0.020807384092902007,False,5,1,True,True,False
121319503062,2025-07-07,5,3.3671875,16.49010666751634,0.09901770394344735,False,5,1,True,True,False
120910208001,2025-07-08,157,66.595703125,226.04819685297892,0.3999337226910007,False,117,2,True,True,False
121319504003,2025-07-08,93,9.2421875,42.331604195878015,1.9786118218537962,False,69,4,True,True,False
121319504002,2025-07-08,89,6.1875,26.67878067963113,3.1040586522466582,True,70,2,True,True,True
121319504001,2025-07-08,47,6.40625,30.31761095875755,1.3389494988645891,False,43,2,True,True,False
121319503053,2025-07-08,37,43.09765625,155.89971886707394,-0.039112682782956744,False,22,2,True,True,False
121319502011,2025-07-08,21,1.380859375,7.117786274665048,2.7563542747598513,False,19,1,True,True,False
121319505012,2025-07-08,8,13.455078125,54.720084121427625,-0.0996906019532939,False,6,1,True,True,False
121319503041,2025-07-08,7,0.49609375,2.9062292862717443,2.2379191761375217,False,7,1,True,True,False
121319502021,2025-07-08,6,3.45703125,15.665351516515923,0.1623307812351965,False,6,1,True,True,False
121319502012,2025-07-08,2,0.078125,0.42170792426218234,4.557360413282489,True,2,0,False,True,False
121319504001,2025-07-09,149,6.40625,30.31761095875755,4.7033306876975525,True,147,1,True,True,True
121319503053,2025-07-09,103,43.09765625,155.89971886707394,0.3842363808306481,False,68,2,True,True,False
121319504003,2025-07-09,89,9.2421875,42.331604195878015,1.8841197732772508,False,88,1,True,True,False
120910203042,2025-07-09,56,2.072265625,11.657903106362172,4.625851997823651,True,54,1,True,True,True
120910203052,2025-07-09,55,4.34375,21.287405204774263,2.379634789337265,False,49,2,True,True,False
120910203051,2025-07-09,49,3.583984375,15.96941724137451,2.8439369413765148,False,45,2,True,True,False
120910204002,2025-07-09,38,0.208984375,2.0304138915954923,18.612469005176056,True,38,1,True,True,True
121319503052,2025-07-09,27,3.205078125,18.006819038689855,1.3214394959972495,False,27,1,True,True,False
121319504002,2025-07-09,17,6.1875,26.67878067963113,0.40528463912352597,False,17,1,True,True,False
120910205002,2025-07-09,16,0.28125,2.2336599541126776,7.037217088956712,True,16,1,True,True,True
120910203041,2025-07-09,14,0.623046875,3.2224287514953387,4.151202138695091,True,14,1,True,True,True
120910204001,2025-07-09,14,0.17578125,0.9734033416614768,14.201942975050612,True,14,1,True,True,True
120910208001,2025-07-09,10,66.595703125,226.04819685297892,-0.2503700711304929,False,8,1,True,True,False
120910204004,2025-07-09,10,0.6328125,3.1013439262242404,3.020363985043145,True,10,1,True,True,True
121319503061,2025-07-09,10,2.716796875,14.833580111273319,0.49099428933308314,False,10,1,True,True,False
120910205003,2025-07-09,10,0.130859375,1.19049761987399,8.289928900525323,True,10,1,True,True,True
120910203061,2025-07-09,9,4.181640625,26.602462528256105,0.18112456205443858,False,9,1,True,True,False
120910203031,2025-07-09,8,0.568359375,2.765317568764112,2.6874456333495838,False,8,1,True,True,False
120910205001,2025-07-09,8,0.267578125,1.5976632868752294,4.839831983698746,True,8,1,True,True,True
121319501042,2025-07-09,5,3.833984375,19.130660459385076,0.06095009774887195,False,5,1,True,True,False
120910205006,2025-07-09,5,0.283203125,1.4791013475191193,3.188961245225983,True,5,1,True,True,True
120910205004,2025-07-09,5,0.16015625,1.7588841794590868,2.751655740907515,False,5,1,True,True,False
120910209004,2025-07-09,5,0.251953125,1.4661864259920043,3.2383650474649075,True,5,1,True,True,True
120910207011,2025-07-09,3,0.08203125,0.5674723154191078,5.142046000684506,True,2,0,False,True,False
121319503053,2025-07-10,37,43.09765625,155.89971886707394,-0.039112682782956744,False,21,3,True,True,False
120910201023,2025-07-10,12,8.41796875,38.34932022114185,0.09340533885201016,False,12,1,True,True,False
121319503052,2025-07-10,12,3.205078125,18.006819038689855,0.4884217393479122,False,12,1,True,True,False
121319501023,2025-07-10,8,12.2109375,66.86814461817453,-0.0629737451823283,False,7,1,True,True,False
121319501024,2025-07-10,6,7.08203125,31.342079361827466,-0.03452327580147222,False,6,1,True,True,False
121319504002,2025-07-10,6,6.1875,26.67878067963113,-0.007028057325841491,False,6,1,True,True,False
120910201021,2025-07-11,213,14.96484375,70.70081622753538,2.801030692667909,False,186,2,True,True,False
120910202001,2025-07-11,165,13.890625,58.77240381418688,2.5710940031948155,False,156,2,True,True,False
121130101001,2025-07-11,120,22.0703125,111.20237249814961,0.8806438684716869,False,99,3,True,True,False
121130101002,2025-07-11,83,9.751953125,38.03442405252881,1.9258355739484354,False,83,1,True,True,False
120330038001,2025-07-11,74,21.287109375,84.41335249877207,0.6244615225507931,False,65,2,True,True,False
120910203051,2025-07-11,43,3.583984375,15.96941724137451,2.468218785271554,False,43,1,True,True,False
120330039001,2025-07-11,42,9.318359375,33.52182183274139,0.974936290398132,False,39,1,True,True,False
121130101004,2025-07-11,27,12.224609375,64.1884634903211,0.2301876353096996,False,25,1,True,True,False
121319501023,2025-07-11,21,12.2109375,66.86814461817453,0.13143870747703032,False,21,1,True,True,False
121319501041,2025-07-11,19,6.0078125,27.330189781327274,0.4753786052695695,False,19,1,True,True,False
120330039003,2025-07-11,17,6.3203125,25.12463915485053,0.42506829388386236,False,17,1,True,True,False
121130102001,2025-07-11,17,6.05859375,46.09609299080168,0.23736081607140372,False,17,1,True,True,False
120050005002,2025-07-11,13,8.80859375,45.03147936099073,0.09307724972568579,False,7,2,True,True,False
121130105061,2025-07-11,13,2.34375,11.621518269505675,0.9169412939754615,False,13,1,True,True,False
120910201023,2025-07-11,11,8.41796875,38.34932022114185,0.06732925734043481,False,11,1,True,True,False
121130103031,2025-07-11,9,6.490234375,34.901537520225176,0.07190988716601983,False,9,1,True,True,False
121130104001,2025-07-11,8,9.90234375,55.34798502701685,-0.03437060534491752,False,8,1,True,True,False
121130101003,2025-07-11,7,5.4296875,43.05486121072455,0.03647236237307508,False,6,1,True,True,False
121319501044,2025-07-11,7,2.0859375,13.879987335528877,0.3540394080491253,False,7,1,True,True,False
120050003023,2025-07-11,6,8.814453125,41.20264875320031,-0.06830757755061548,False,5,1,True,True,False
120330039002,2025-07-11,6,4.677734375,24.00088983069414,0.055092358422019316,False,6,1,True,True,False
120910201022,2025-07-11,5,7.45703125,36.83514484388862,-0.06670345020803278,False,5,1,True,True,False
121130108021,2025-07-12,285,21.01953125,76.84051907170081,3.4354331795140096,True,203,5,True,True,True
121319501023,2025-07-12,174,12.2109375,66.86814461817453,2.419523727237174,False,142,1,True,True,False
121319501041,2025-07-12,160,6.0078125,27.330189781327274,5.634508531851163,True,151,1,True,True,True
120910208001,2025-07-12,151,66.595703125,226.04819685297892,0.37339071069828667,False,49,6,True,True,False
121319501021,2025-07-12,137,4.578125,23.180010071775058,5.712761754199683,True,123,2,True,True,True
121319505012,2025-07-12,121,13.455078125,54.720084121427625,1.965364702955325,False,109,3,True,True,False
121319501043,2025-07-12,84,7.017578125,31.37641060509692,2.4535126992025864,False,59,1,True,True,False
120910202001,2025-07-12,83,13.890625,58.77240381418688,1.1758813748454833,False,198,1,True,True,False
120330038001,2025-07-12,80,21.287109375,84.41335249877207,0.6955403249249469,False,64,4,True,True,False
121319501022,2025-07-12,76,5.3203125,21.95634651194597,3.219100566733392,True,69,2,True,True,True
121319501024,2025-07-12,69,7.08203125,31.342079361827466,1.9755539520907441,False,58,2,True,True,False
121319503053,2025-07-12,62,43.09765625,155.89971886707394,0.1212468110100754,False,36,2,True,True,False
121130104001,2025-07-12,59,9.90234375,55.34798502701685,0.8870721531422346,False,55,1,True,True,False
121130108082,2025-07-12,58,1.833984375,10.62276924176307,5.2873233284768295,True,47,2,True,True,True
121319501044,2025-07-12,56,2.0859375,13.879987335528877,3.884301995146286,True,58,1,True,True,True
120330040001,2025-07-12,47,4.2421875,25.181997761346214,1.6979515646543444,False,37,1,True,True,False
121319501042,2025-07-12,45,3.833984375,19.130660459385076,2.1518345230368077,False,37,1,True,True,False
120330039003,2025-07-12,38,6.3203125,25.12463915485053,1.2609011936350123,False,23,2,True,True,False
120330039002,2025-07-12,35,4.677734375,24.00088983069414,1.2633808929126291,False,30,1,True,True,False
121319504002,2025-07-12,33,6.1875,26.67878067963113,1.0050121975953332,False,29,1,True,True,False
121130104002,2025-07-12,33,3.611328125,15.867704915626064,1.8521060248643062,False,30,2,True,True,False
121130108083,2025-07-12,31,4.466796875,17.043023464741115,1.5568366246688754,False,20,2,True,True,False
121130101002,2025-07-12,30,9.751953125,38.03442405252881,0.5323610749839593,False,83,2,True,True,False
121130101004,2025-07-12,29,12.224609375,64.1884634903211,0.26134588230998146,False,20,2,True,True,False
121130105061,2025-07-12,28,2.34375,11.621518269505675,2.2076504467854954,False,23,1,True,True,False
121130102003,2025-07-12,24,12.33203125,62.835254334293744,0.1856914382477791,False,18,2,True,True,False
120050002013,2025-07-12,17,32.587890625,137.41519387845497,-0.11343644167025399,False,13,1,True,True,False
121319501033,2025-07-12,16,3.810546875,18.033813806426075,0.6759220903487688,False,9,2,True,True,False
121130108081,2025-07-12,16,4.806640625,19.27085026929318,0.580844084126162,False,9,2,True,True,False
120910203061,2025-07-12,16,4.181640625,26.602462528256105,0.44425809687531737,False,16,1,True,True,False
120910201011,2025-07-12,15,7.80859375,35.84990569214942,0.20059763369404923,False,9,1,True,True,False
120910203052,2025-07-12,14,4.34375,21.287405204774263,0.4536132942043275,False,7,2,True,True,False
121319504003,2025-07-12,13,9.2421875,42.331604195878015,0.08877085032288741,False,11,1,True,True,False
121319505013,2025-07-12,13,15.85546875,68.12351084119011,-0.04191605386658189,False,13,1,True,True,False
120330039004,2025-07-12,13,3.39453125,19.51627875325507,0.49217726757453334,False,12,1,True,True,False
121319503062,2025-07-12,12,3.3671875,16.49010666751634,0.5235146548206188,False,10,1,True,True,False
120330038003,2025-07-12,11,3.66796875,26.015558896018575,0.28183254794968465,False,8,1,True,True,False
121319505011,2025-07-12,11,4.216796875,23.967400215414717,0.2830178936402689,False,11,1,True,True,False
120910203062,2025-07-12,10,1.427734375,6.371003013420702,1.3455127249103909,False,10,1,True,True,False
120050002012,2025-07-12,8,8.04296875,38.9559702959335,-0.0011030080799831954,False,6,1,True,True,False
120330040003,2025-07-12,8,2.484375,16.19812961829592,0.3405099928185571,False,7,1,True,True,False
121130102001,2025-07-12,8,6.05859375,46.09609299080168,0.0421165032443726,False,6,1,True,True,False
121319501031,2025-07-12,8,2.08203125,20.925857125886946,0.28280651609147245,False,8,1,True,True,False
120330039001,2025-07-12,7,9.318359375,33.52182183274139,-0.06915970696842065,False,36,1,True,True,False
121130108092,2025-07-12,7,1.416015625,9.297053451517936,0.600618723353505,False,5,1,True,True,False
120330035121,2025-07-12,7,0.806640625,4.063068697963865,1.5243058474752575,False,7,1,True,True,False
121130102004,2025-07-12,6,10.314453125,70.59817626033603,-0.06111281273173591,False,5,1,True,True,False
120330026041,2025-07-12,6,1.4921875,7.282121466498447,0.6190246236262724,False,6,1,True,True,False
120330010011,2025-07-12,6,0.24609375,1.524100060084863,3.775281164728527,True,6,1,True,True,True
121130101001,2025-07-12,5,22.0703125,111.20237249814961,-0.15350672936662432,False,33,0,True,True,False
120910203051,2025-07-12,5,3.583984375,15.96941724137451,0.08867046327346893,False,47,0,True,True,False
120330010022,2025-07-12,5,0.19140625,1.2237395668185538,3.9294257376193666,True,3,0,False,True,False
120910201023,2025-07-12,4,8.41796875,38.34932022114185,-0.11520331324059269,False,13,0,True,True,False
120330011013,2025-07-12,3,0.044921875,0.4149052585016122,7.1222961494196575,True,3,0,False,True,False
120910201021,2025-07-12,2,14.96484375,70.70081622753538,-0.1833761537953881,False,145,0,True,True,False
120910201022,2025-07-12,2,7.45703125,36.83514484388862,-0.1481474084906547,False,7,0,True,True,False
120330033133,2025-07-12,2,0.09765625,0.543809112899017,3.4981829191105462,True,2,0,False,True,False
120330022004,2025-07-12,2,0.0390625,0.4131373685868856,4.746453962049674,True,1,0,False,True,False
120330004002,2025-07-12,1,0.03125,0.23198285920889045,4.175955082645493,True,1,0,False,True,False
121319504003,2025-07-13,484,9.2421875,42.331604195878015,11.215209570211112,True,389,3,True,True,True
121319501024,2025-07-13,474,7.08203125,31.342079361827466,14.897478988540707,True,335,3,True,True,True
120910208001,2025-07-13,458,66.595703125,226.04819685297892,1.731508157658821,False,153,7,True,True,False
120050002012,2025-07-13,409,8.04296875,38.9559702959335,10.292569488170463,True,201,4,True,True,True
120050003022,2025-07-13,400,7.248046875,35.08913720788649,11.19297835105295,True,347,4,True,True,True
121319504001,2025-07-13,370,6.40625,30.31761095875755,11.992823263502306,True,314,3,True,True,True
121319501042,2025-07-13,228,3.833984375,19.130660459385076,11.717630768729114,True,217,2,True,True,True
121319503053,2025-07-13,197,43.09765625,155.89971886707394,0.987188077492449,False,121,3,True,True,False
120910201011,2025-07-13,180,7.80859375,35.84990569214942,4.803120201448878,True,96,2,True,True,True
120050003023,2025-07-13,146,8.814453125,41.20264875320031,3.3295322273266343,True,81,4,True,True,True
121319501023,2025-07-13,130,12.2109375,66.86814461817453,1.7615123490054987,False,122,1,True,True,False
121319501033,2025-07-13,116,3.810546875,18.033813806426075,6.221060854305981,True,71,3,True,True,True
121319501022,2025-07-13,106,5.3203125,21.95634651194597,4.585448104730101,True,64,3,True,True,True
121319502021,2025-07-13,103,3.45703125,15.665351516515923,6.354339935816455,True,70,3,True,True,True
120050003021,2025-07-13,99,5.4453125,21.350511973861146,4.38184749923264,True,73,3,True,True,True
120050002013,2025-07-13,79,32.587890625,137.41519387845497,0.33775092888237634,False,72,3,True,True,False
121319501043,2025-07-13,67,7.017578125,31.37641060509692,1.9117043893241312,False,59,2,True,True,False
121319505012,2025-07-13,42,13.455078125,54.720084121427625,0.5216534720900073,False,38,2,True,True,False
121319501032,2025-07-13,36,1.8984375,9.761411982614241,3.49350714432884,True,32,1,True,True,True
121319504002,2025-07-13,28,6.1875,26.67878067963113,0.8175973355728934,False,22,2,True,True,False
120910202001,2025-07-13,25,13.890625,58.77240381418688,0.1890236621105898,False,23,1,True,True,False
121319505013,2025-07-13,23,15.85546875,68.12351084119011,0.10487614572090051,False,23,1,True,True,False
120050004012,2025-07-13,22,0.85546875,4.905227988521408,4.3106113109278,True,17,2,True,True,True
121319501041,2025-07-13,17,6.0078125,27.330189781327274,0.4021994573747951,False,16,1,True,True,False
120330036141,2025-07-13,17,0.869140625,5.312583817112478,3.0363491533141636,True,17,1,True,True,True
120330036101,2025-07-13,15,0.43359375,3.0333250785713104,4.8021250188129345,True,15,1,True,True,True
121319503042,2025-07-13,14,0.748046875,3.5347030053952624,3.7490994589284092,True,10,1,True,True,True
120050002011,2025-07-13,13,4.42578125,27.59687365966789,0.3106952930878905,False,9,2,True,True,False
121130108081,2025-07-13,13,4.806640625,19.27085026929318,0.4251685452642208,False,10,1,True,True,False
120910201012,2025-07-13,13,5.34765625,32.006301886428645,0.23908865751356165,False,12,1,True,True,False
120330036132,2025-07-13,12,1.86328125,9.96946705501637,1.0167763927660982,False,12,1,True,True,False
120910201021,2025-07-13,11,14.96484375,70.70081622753538,-0.05607917930169296,False,11,1,True,True,False
120330036142,2025-07-13,11,1.052734375,5.338553087151484,1.8632886968831488,False,11,1,True,True,False
120910206012,2025-07-13,11,1.662109375,12.468398011231727,0.7489246506719053,False,11,1,True,True,False
120330036103,2025-07-13,11,0.173828125,0.8503818606679197,12.730953440724553,True,11,1,True,True,True
121130108021,2025-07-13,10,21.01953125,76.84051907170081,-0.1434078189882807,False,7,1,True,True,False
121319503032,2025-07-13,10,1.091796875,6.01704778806884,1.4804939961859718,False,8,1,True,True,False
120050004022,2025-07-13,9,1.224609375,6.711436907675172,1.1585284540346485,False,9,1,True,True,False
120330036034,2025-07-13,9,1.140625,10.981203919895702,0.715711597501656,False,9,1,True,True,False
121319503052,2025-07-13,9,3.205078125,18.006819038689855,0.3218181880180448,False,8,1,True,True,False
120050004023,2025-07-13,9,0.662109375,4.521430795890327,1.844082327341729,False,9,1,True,True,False
120330036091,2025-07-13,9,0.185546875,1.2061267656040382,7.308065268401244,True,9,1,True,True,True
120330036102,2025-07-13,8,0.150390625,0.8433229422247345,9.307951891231939,True,8,1,True,True,True
120050005002,2025-07-13,7,8.80859375,45.03147936099073,-0.040162876629070386,False,5,1,True,True,False
120330036032,2025-07-13,7,3.5546875,16.948550483830033,0.20328065832455947,False,5,1,True,True,False
121319501021,2025-07-13,6,4.578125,23.180010071775058,0.06134056868816179,False,6,1,True,True,False
120330036143,2025-07-13,6,2.064453125,13.650435506760115,0.28830925380007083,False,6,1,True,True,False
120330036092,2025-07-13,6,0.197265625,1.1895469149088156,4.878104681936658,True,6,1,True,True,True
120050004011,2025-07-13,6,0.390625,2.501613960435344,2.2423024050536666,False,6,1,True,True,False
120330037001,2025-07-13,5,0.486328125,3.325141227339295,1.3574376444190135,False,5,1,True,True,False
120330036112,2025-07-13,5,0.2265625,1.0521795011042705,4.536714025496829,True,5,1,True,True,True
120330036113,2025-07-13,2,0.1171875,0.5435419642746941,3.463968973421283,True,2,0,False,True,False
120050006001,2025-07-14,29,2.99609375,16.79273863361856,1.5485208706780538,False,26,2,True,True,False
120050002013,2025-07-15,412,32.587890625,137.41519387845497,2.7610637416892456,False,236,5,True,True,False
120050002012,2025-07-15,347,8.04296875,38.9559702959335,8.701029102216529,True,234,3,True,True,True
120910208001,2025-07-15,309,66.595703125,226.04819685297892,1.0723566931730892,False,148,6,True,True,False
121319505013,2025-07-15,265,15.85546875,68.12351084119011,3.657247375737975,True,183,6,True,True,True
120050002041,2025-07-15,217,7.814453125,34.00786639306215,6.151092940005062,True,129,5,True,True,True
120050002042,2025-07-15,213,6.548828125,30.588896444758674,6.749219353102059,True,105,5,True,True,True
120050002011,2025-07-15,209,4.42578125,27.59687365966789,7.412949063465109,True,161,2,True,True,True
121319501043,2025-07-15,204,7.017578125,31.37641060509692,6.278041945403447,True,203,1,True,True,True
121319504003,2025-07-15,178,9.2421875,42.331604195878015,3.986567854105387,True,154,3,True,True,True
121319501021,2025-07-15,175,4.578125,23.180010071775058,7.352105304195391,True,160,4,True,True,True
121319503053,2025-07-15,162,43.09765625,155.89971886707394,0.7626847861822039,False,131,4,True,True,False
120050026071,2025-07-15,146,1.5703125,9.99231297013613,14.454079644187964,True,128,3,True,True,True
120050006001,2025-07-15,143,2.99609375,16.79273863361856,8.337169374488827,True,133,2,True,True,True
120050003022,2025-07-15,136,7.248046875,35.08913720788649,3.669282386802667,True,113,2,True,True,True
120050007001,2025-07-15,132,6.94921875,39.802759290506025,3.1417616134926556,True,98,3,True,True,True
121319501023,2025-07-15,126,12.2109375,66.86814461817453,1.701693132802619,False,119,2,True,True,False
121319506102,2025-07-15,115,2.091796875,11.650544912789353,9.6912379609863,True,86,4,True,True,True
121319506101,2025-07-15,113,2.51953125,18.67613590189436,5.9155956740919695,True,88,3,True,True,True
120050005003,2025-07-15,103,4.2421875,28.655384385927967,3.4463963620218547,True,92,3,True,True,True
120050024003,2025-07-15,100,0.548828125,5.283134057861544,18.824275663990036,True,93,2,True,True,True
121319505012,2025-07-15,95,13.455078125,54.720084121427625,1.490219234569271,False,69,4,True,True,False
121319501031,2025-07-15,78,2.08203125,20.925857125886946,3.6279502575826847,True,77,2,True,True,True
120050005001,2025-07-15,73,6.83203125,32.275888581615796,2.050074270850253,False,47,3,True,True,False
121319501032,2025-07-15,72,1.8984375,9.761411982614241,7.181498191537843,True,66,2,True,True,True
121319501022,2025-07-15,68,5.3203125,21.95634651194597,2.854741223267603,False,64,1,True,True,False
120050026081,2025-07-15,64,0.728515625,5.271357391718295,12.002882687181167,True,62,1,True,True,True
120050003021,2025-07-15,58,5.4453125,21.350511973861146,2.4615188415313547,False,35,2,True,True,False
121319502021,2025-07-15,56,3.45703125,15.665351516515923,3.3540880774111033,True,52,2,True,True,True
121319501024,2025-07-15,53,7.08203125,31.342079361827466,1.4650581481816098,False,48,2,True,True,False
120050003012,2025-07-15,53,2.990234375,14.025902175731852,3.565529332689115,True,25,3,True,True,True
120050003011,2025-07-15,51,1.71484375,6.352706742019331,7.758134957499039,True,44,2,True,True,True
121319501033,2025-07-15,51,3.810546875,18.033813806426075,2.616720657733793,False,42,2,True,True,False
121319504001,2025-07-15,47,6.40625,30.31761095875755,1.3389494988645891,False,29,3,True,True,False
121319503042,2025-07-15,36,0.748046875,3.5347030053952624,9.973101862077945,True,36,1,True,True,True
120050002031,2025-07-15,36,1.123046875,5.232976883043129,6.66483989983117,True,27,2,True,True,True
121319506111,2025-07-15,32,0.64453125,3.8669923099794627,8.108490070973668,True,26,1,True,True,True
120050023002,2025-07-15,32,0.291015625,2.458914319745467,12.895522271911588,True,28,1,True,True,True
120910232002,2025-07-15,31,0.96875,5.28919069049979,5.677853523780263,True,31,1,True,True,True
121319503032,2025-07-15,31,1.091796875,6.01704778806884,4.970577628501598,True,31,1,True,True,True
121319501042,2025-07-15,29,3.833984375,19.130660459385076,1.3154807529216332,False,28,2,True,True,False
120050027121,2025-07-15,25,0.162109375,1.4828074880853932,16.750583487456474,True,19,2,True,True,True
120050026093,2025-07-15,24,0.166015625,1.2934341732830623,18.426901706565655,True,18,2,True,True,True
120050027102,2025-07-15,21,0.4609375,2.571566165594677,7.986985820079152,True,19,1,True,True,True
120050027061,2025-07-15,21,0.283203125,1.8736694153540716,11.056804741131508,True,20,1,True,True,True
121319504002,2025-07-15,18,6.1875,26.67878067963113,0.4427676115280139,False,15,2,True,True,False
120050004021,2025-07-15,18,1.884765625,13.451092912177986,1.1980613382285112,False,17,2,True,True,False
120050004022,2025-07-15,17,1.224609375,6.711436907675172,2.3505235677563068,False,17,1,True,True,False
120050003023,2025-07-15,17,8.814453125,41.20264875320031,0.19866554997545416,False,13,1,True,True,False
120050005002,2025-07-15,17,8.80859375,45.03147936099073,0.1819040006288566,False,10,2,True,True,False
120910202001,2025-07-15,17,13.890625,58.77240381418688,0.05290535690577689,False,16,1,True,True,False
120910232001,2025-07-15,17,0.96484375,5.748711620740289,2.7893478239799196,False,17,1,True,True,False
120910231004,2025-07-15,17,0.373046875,2.647506690616494,6.2802308239411,True,16,1,True,True,True
120910208003,2025-07-15,16,1.517578125,9.640285843712489,1.5022813752400932,False,15,1,True,True,False
121319503041,2025-07-15,15,0.49609375,2.9062292862717443,4.990626967566738,True,15,1,True,True,True
120910203052,2025-07-15,15,4.34375,21.287405204774263,0.5005894282319601,False,15,1,True,True,False
120050026092,2025-07-15,14,0.216796875,1.2843598898149844,10.731573941463953,True,14,1,True,True,True
121319505011,2025-07-15,13,4.216796875,23.967400215414717,0.3664645746329655,False,7,1,True,True,False
120050014021,2025-07-15,13,0.392578125,2.3880376196670783,5.2794067275864895,True,12,1,True,True,True
120050022001,2025-07-15,12,0.12890625,1.1997163620269031,9.894916936819934,True,11,1,True,True,True
121130108271,2025-07-15,11,1.109375,7.9732766727485185,1.2404718167882842,False,11,1,True,True,False
120050025001,2025-07-15,11,0.380859375,2.847985665695295,3.7286496041431056,True,6,2,True,True,True
120050014031,2025-07-15,11,0.13671875,0.7381545819734875,14.716810699672903,True,5,2,True,True,True
120050008032,2025-07-15,11,0.26953125,1.8604992109888199,5.767521258069742,True,11,1,True,True,True
120910217001,2025-07-15,11,0.119140625,0.7658723865472225,14.207144122344074,True,11,1,True,True,True
121319503031,2025-07-15,10,0.498046875,2.3773219350617283,3.996914757257425,True,9,1,True,True,True
120050027071,2025-07-15,10,0.7265625,5.362353141420958,1.7293597149296758,False,10,1,True,True,False
120050027103,2025-07-15,10,0.1875,1.0412246289751046,9.42399913230886,True,7,1,True,True,True
120050027132,2025-07-15,10,0.076171875,0.6130180973040757,16.1884749710374,True,7,1,True,True,True
120050023001,2025-07-15,10,0.140625,1.2911523395758426,7.636105127020805,True,10,1,True,True,True
120910203061,2025-07-15,9,4.181640625,26.602462528256105,0.18112456205443858,False,9,1,True,True,False
120050008041,2025-07-15,9,0.275390625,2.153670657988865,4.051041575292293,True,9,1,True,True,True
121319503052,2025-07-15,8,3.205078125,18.006819038689855,0.26628367090808897,False,7,1,True,True,False
120050027112,2025-07-15,8,0.126953125,0.764613721177252,10.296763786658333,True,6,1,True,True,True
120050027031,2025-07-15,8,0.2109375,1.2156986426840637,6.4070668721016455,True,7,1,True,True,True
121319506062,2025-07-15,7,1.5078125,10.349089672285661,0.5306928120168676,False,5,1,True,True,False
120050022003,2025-07-15,7,0.103515625,0.778268528149522,8.861317303164851,True,6,1,True,True,True
121319501041,2025-07-15,6,6.0078125,27.330189781327274,-0.0002858560464639624,False,6,1,True,True,False
120910217002,2025-07-15,6,0.103515625,0.6153828329312869,9.581814862973918,True,6,1,True,True,True
120050026091,2025-07-15,6,0.18359375,1.131943402272887,5.13842497630265,True,5,1,True,True,True
120910216001,2025-07-15,6,0.119140625,0.673415254824635,8.732887075050657,True,6,1,True,True,True
120910224001,2025-07-15,6,0.173828125,1.0005177689664546,5.8231568251091606,True,5,1,True,True,True
120050016001,2025-07-15,6,0.228515625,2.1096477998200824,2.73575730294517,False,5,1,True,True,False
120910203062,2025-07-15,5,1.427734375,6.371003013420702,0.5607069432356129,False,5,1,True,True,False
120910229003,2025-07-15,5,0.263671875,2.2571496741285872,2.0983668824835657,False,5,1,True,True,False
120050026051,2025-07-15,5,0.08984375,0.6063383209819365,8.098047047477111,True,4,0,False,True,False
120050014042,2025-07-15,5,0.357421875,2.1678995023297474,2.1415098439806934,False,5,1,True,True,False
120050022002,2025-07-15,5,0.130859375,0.9218296511947951,5.28203949470387,True,5,1,True,True,True
120910231002,2025-07-15,5,0.17578125,1.0891563796690429,4.42931689154308,True,5,1,True,True,True
120910220021,2025-07-15,4,0.1171875,0.7091362817856759,5.4754108621021205,True,4,0,False,True,False
120050020002,2025-07-15,4,0.099609375,0.7453967302515266,5.232637153752811,True,4,0,False,True,False
120910220022,2025-07-15,4,0.072265625,0.5314496142765346,7.390605373468654,True,4,0,False,True,False
120050026062,2025-07-15,4,0.02734375,0.26400938243127225,15.047405563452557,True,4,0,False,True,False
120050024001,2025-07-15,4,0.0546875,0.4774130180712236,8.263939923421637,True,4,0,False,True,False
120910225001,2025-07-15,3,0.060546875,0.3834212219151059,7.666380880844489,True,3,0,False,True,False
120910227001,2025-07-15,3,0.072265625,0.4430948175818648,6.60746697733399,True,3,0,False,True,False
120910224002,2025-07-15,3,0.0625,0.515892250465172,5.694018464807917,True,3,0,False,True,False
120910225002,2025-07-15,3,0.076171875,0.47238682131599874,6.189478607499367,True,3,0,False,True,False
120050026042,2025-07-15,3,0.06640625,0.36943440003544586,7.940770403943251,True,2,0,False,True,False
120910219022,2025-07-15,3,0.05859375,0.37599753168819666,7.8229403177019226,True,2,0,False,True,False
120050027111,2025-07-15,3,0.0546875,0.3324249690957012,8.86008204501654,True,3,0,False,True,False
120910218011,2025-07-15,2,0.083984375,0.5109154361786657,3.7501619432965705,True,2,0,False,True,False
120910216002,2025-07-15,2,0.03515625,0.2630811989123036,7.468582924677062,True,2,0,False,True,False
120050017002,2025-07-15,2,0.0625,0.38565267319755836,5.023950654706019,True,2,0,False,True,False
120050026045,2025-07-15,2,0.044921875,0.3538073510175432,5.525826751132311,True,2,0,False,True,False
120050015012,2025-07-15,2,0.0703125,0.41843233197060214,4.611707443619759,True,2,0,False,True,False
120910227003,2025-07-15,2,0.05859375,0.40117778535193405,4.839266581764734,True,2,0,False,True,False
120910225003,2025-07-15,2,0.0703125,0.51488366250055,3.747812643012224,True,2,0,False,True,False
120910221002,2025-07-15,2,0.064453125,0.6238461707545908,3.102602798152635,True,2,0,False,True,False
120910226001,2025-07-15,2,0.05078125,0.36660949192495246,5.316880203415516,True,2,0,False,True,False
120910226003,2025-07-15,1,0.0234375,0.1753874659415357,5.568029019391448,True,1,0,False,True,False
120050026061,2025-07-15,1,0.046875,0.29634102637652837,3.216311327709878,True,1,0,False,True,False
120050014032,2025-07-15,1,0.041015625,0.2802664090278288,3.4216885938149604,True,1,0,False,True,False
120910229001,2025-07-15,1,0.0234375,0.20616121406305557,4.736887607294129,True,1,0,False,True,False
120910218024,2025-07-15,1,0.03515625,0.2630811989123034,3.6674751141058355,True,1,0,False,True,False
120910227002,2025-07-15,1,0.03125,0.20512036464518152,4.722836767942324,True,1,0,False,True,False
120910215022,2025-07-15,1,0.041015625,0.2584716175033432,3.710211528302894,True,1,0,False,True,False
120050026044,2025-07-15,1,0.03125,0.23198285920889053,4.175955082645492,True,1,0,False,True,False
120050026041,2025-07-15,1,0.033203125,0.21867572823560855,4.4211439596000375,True,1,0,False,True,False
120050008031,2025-07-15,1,0.03515625,0.3108198473313885,3.104189640024201,True,1,0,False,True,False
120910208001,2025-07-16,174,66.595703125,226.04819685297892,0.47513892333702373,False,149,1,True,True,False
121319503053,2025-07-16,30,43.09765625,155.89971886707394,-0.08401334104500574,False,128,0,True,True,False
120910212002,2025-07-16,15,1.34765625,5.8520769537157795,2.332905711592093,False,13,1,True,True,False
120050002013,2025-07-16,12,32.587890625,137.41519387845497,-0.1498225199406274,False,9,1,True,True,False
120050002041,2025-07-16,10,7.814453125,34.00786639306215,0.0642659215882437,False,10,1,True,True,False
120330036032,2025-07-16,7,3.5546875,16.948550483830033,0.20328065832455947,False,7,1,True,True,False
120910203061,2025-07-16,7,4.181640625,26.602462528256105,0.10594355210561608,False,13,0,True,True,False
120910232002,2025-07-16,7,0.96875,5.28919069049979,1.1402973257956202,False,6,1,True,True,False
120910214001,2025-07-16,7,0.40625,2.425201990901622,2.718845698105595,False,7,1,True,True,False
121319501022,2025-07-16,6,5.3203125,21.95634651194597,0.030956311407737934,False,6,1,True,True,False
120330036031,2025-07-16,5,0.779296875,5.128879238622584,0.8229289341063751,False,5,1,True,True,False
120330034001,2025-07-16,4,0.19921875,1.1834472247039547,3.211618710712499,True,3,0,False,True,False
120910223002,2025-07-16,3,0.080078125,0.5796901744772964,5.0370387554573925,True,3,0,False,True,False
121319505013,2025-07-16,2,15.85546875,68.12351084119011,-0.20338747341281252,False,15,0,True,True,False
120910203062,2025-07-16,2,1.427734375,6.371003013420702,0.08982347423074608,False,7,0,True,True,False
120910203052,2025-07-16,2,4.34375,21.287405204774263,-0.11010031412726395,False,12,0,True,True,False
120330032034,2025-07-16,2,0.076171875,0.4597908502552804,4.184137470182088,True,2,0,False,True,False
120330035101,2025-07-16,2,0.0546875,0.32648501612390224,5.958351544261213,True,2,0,False,True,False
120910226003,2025-07-16,1,0.0234375,0.1753874659415357,5.568029019391448,True,1,0,False,True,False
120330035102,2025-07-16,1,0.04296875,0.3098345227808698,3.0888463990723833,True,1,0,False,True,False
120910228002,2025-07-16,1,0.025390625,0.2368660428602502,4.114601498936742,True,1,0,False,True,False
120910215022,2025-07-16,1,0.041015625,0.2584716175033432,3.710211528302894,True,1,0,False,True,False
120910228001,2025-07-16,1,0.01953125,0.13851806879105943,7.078273315223146,True,1,0,False,True,False
120330032042,2025-07-16,1,0.041015625,0.2346612325890982,4.086675776902708,True,1,0,False,True,False
120330039001,2025-07-17,20,9.318359375,33.52182183274139,0.3186473777677275,False,19,1,True,True,False
120330038001,2025-07-17,15,21.287109375,84.41335249877207,-0.07448003412838575,False,9,1,True,True,False
121319504003,2025-07-17,9,9.2421875,42.331604195878015,-0.0057211982536580245,False,8,1,True,True,False
120910202001,2025-07-17,9,13.890625,58.77240381418688,-0.08321294829903601,False,9,1,True,True,False
120910201023,2025-07-17,8,8.41796875,38.34932022114185,-0.010898987194291263,False,8,1,True,True,False
120910208001,2025-07-17,7,66.595703125,226.04819685297892,-0.26364157712684994,False,7,1,True,True,False
120050003021,2025-07-17,5,5.4453125,21.350511973861146,-0.020857228180063508,False,5,1,True,True,False
120050003011,2025-07-17,5,1.71484375,6.352706742019331,0.5171270111164851,False,5,1,True,True,False
120330036032,2025-07-17,2,3.5546875,16.948550483830033,-0.09172982087661527,False,5,0,True,True,False
120910208001,2025-07-18,109,66.595703125,226.04819685297892,0.18758962674928847,False,67,4,True,True,False
120910201021,2025-07-18,38,14.96484375,70.70081622753538,0.3258117441793925,False,20,3,True,True,False
121130108021,2025-07-18,26,21.01953125,76.84051907170081,0.06481565728821619,False,13,3,True,True,False
120910201022,2025-07-18,22,7.45703125,36.83514484388862,0.3948123133934913,False,15,2,True,True,False
121319501023,2025-07-18,19,12.2109375,66.86814461817453,0.10152909937559053,False,18,1,True,True,False
121130101001,2025-07-18,17,22.0703125,111.20237249814961,-0.04559536263567011,False,17,1,True,True,False
121130104001,2025-07-18,17,9.90234375,55.34798502701685,0.12823694027046229,False,12,1,True,True,False
120330039003,2025-07-18,14,6.3203125,25.12463915485053,0.30566359391941234,False,13,1,True,True,False
120910203052,2025-07-18,14,4.34375,21.287405204774263,0.4536132942043275,False,14,1,True,True,False
121130105061,2025-07-18,13,2.34375,11.621518269505675,0.9169412939754615,False,9,1,True,True,False
120910201023,2025-07-18,13,8.41796875,38.34932022114185,0.11948142036358551,False,9,1,True,True,False
121130105051,2025-07-18,13,1.58984375,11.621044005252527,0.9818529423727155,False,9,2,True,True,False
121130104002,2025-07-18,12,3.611328125,15.867704915626064,0.5286632137165013,False,8,2,True,True,False
121130108083,2025-07-18,11,4.466796875,17.043023464741115,0.38333592267334476,False,9,1,True,True,False
120910206013,2025-07-18,11,1.185546875,6.740271389844577,1.4560916849412364,False,8,1,True,True,False
120330039001,2025-07-18,10,9.318359375,33.52182183274139,0.020334235662998152,False,10,1,True,True,False
120330040001,2025-07-18,9,4.2421875,25.181997761346214,0.18893705515704287,False,6,1,True,True,False
120330039002,2025-07-18,8,4.677734375,24.00088983069414,0.13842260217999242,False,7,1,True,True,False
120910201011,2025-07-18,8,7.80859375,35.84990569214942,0.005339100516571653,False,7,1,True,True,False
120910205005,2025-07-18,8,0.80078125,4.879703498960677,1.4753393831271415,False,6,1,True,True,False
121130108092,2025-07-18,7,1.416015625,9.297053451517936,0.600618723353505,False,6,1,True,True,False
120910201012,2025-07-18,7,5.34765625,32.006301886428645,0.05162557535897732,False,5,1,True,True,False
121130103031,2025-07-18,6,6.490234375,34.901537520225176,-0.014046211423090255,False,6,1,True,True,False
121130107071,2025-07-18,6,2.603515625,11.853353268265453,0.28654206941535126,False,6,1,True,True,False
120910203042,2025-07-18,6,2.072265625,11.657903106362172,0.3369160250488342,False,6,1,True,True,False
121319501024,2025-07-18,5,7.08203125,31.342079361827466,-0.06642926354579312,False,5,1,True,True,False
120330038001,2025-07-18,5,21.287109375,84.41335249877207,-0.19294470475197537,False,5,1,True,True,False
120910207021,2025-07-18,4,0.142578125,1.0474008431227124,3.6828516038802426,True,4,0,False,True,False
120910207011,2025-07-18,2,0.08203125,0.5674723154191078,3.379845497103203,True,2,0,False,True,False
120910201021,2025-07-19,306,14.96484375,70.70081622753538,4.116432762436093,True,244,2,True,True,True
120330038001,2025-07-19,174,21.287109375,84.41335249877207,1.8091082287866893,False,92,4,True,True,False
121130101001,2025-07-19,142,22.0703125,111.20237249814961,1.078481374145103,False,118,3,True,True,False
121130103021,2025-07-19,115,4.54296875,25.73571287523765,4.29197480502976,True,110,2,True,True,True
121130101004,2025-07-19,79,12.224609375,64.1884634903211,1.0403020573170283,False,54,2,True,True,False
120330036132,2025-07-19,68,1.86328125,9.96946705501637,6.633927208448095,True,61,2,True,True,True
121130104001,2025-07-19,54,9.90234375,55.34798502701685,0.796734627800357,False,53,1,True,True,False
121130103031,2025-07-19,44,6.490234375,34.901537520225176,1.0747310373723042,False,42,2,True,True,False
120330036143,2025-07-19,43,2.064453125,13.650435506760115,2.998845484067337,False,40,2,True,True,False
120330039002,2025-07-19,41,4.677734375,24.00088983069414,1.5133716241865485,False,32,2,True,True,False
120330039001,2025-07-19,40,9.318359375,33.52182183274139,0.9152736619771862,False,22,2,True,True,False
121130107071,2025-07-19,40,2.603515625,11.853353268265453,3.1549286964322776,True,40,1,True,True,True
120330039004,2025-07-19,31,3.39453125,19.51627875325507,1.4144842415409626,False,30,1,True,True,False
120330036131,2025-07-19,24,1.935546875,10.023150604322845,2.201349056401877,False,22,1,True,True,False
121130101003,2025-07-19,12,5.4296875,43.05486121072455,0.15260326744157285,False,8,1,True,True,False
120330038003,2025-07-19,10,3.66796875,26.015558896018575,0.2433940118414698,False,8,1,True,True,False
120330036144,2025-07-19,10,0.642578125,3.440745776824243,2.7195911822456007,False,10,1,True,True,False
121130102002,2025-07-19,9,5.32421875,34.781964973978646,0.10568066676940058,False,9,1,True,True,False
121130103032,2025-07-19,7,1.19140625,6.670207469480236,0.8708265487359158,False,6,1,True,True,False
121130101002,2025-07-19,6,9.751953125,38.03442405252881,-0.09864624530184103,False,6,1,True,True,False
121130102003,2025-07-19,6,12.33203125,62.835254334293744,-0.10077195225967522,False,5,1,True,True,False
120330040001,2025-07-19,6,4.2421875,25.181997761346214,0.0698043307230454,False,5,1,True,True,False
121130107072,2025-07-19,5,0.455078125,2.6017331258360072,1.7468824261287728,False,5,1,True,True,False
120330036123,2025-07-19,5,0.322265625,1.988138097730084,2.3528216577815733,False,5,1,True,True,False
121319504003,2025-07-20,40,9.2421875,42.331604195878015,0.7265921782145691,False,38,1,True,True,False
121319504002,2025-07-20,16,6.1875,26.67878067963113,0.367801666719038,False,13,1,True,True,False
121319503053,2025-07-21,1229,43.09765625,155.89971886707394,7.6068279812688155,True,572,4,True,True,True
120910208001,2025-07-21,729,66.595703125,226.04819685297892,2.930367532663071,False,559,3,True,True,False
121319505012,2025-07-21,229,13.455078125,54.720084121427625,3.939045879328164,True,208,3,True,True,True
121319505013,2025-07-21,182,15.85546875,68.12351084119011,2.4388721191618705,False,173,2,True,True,False
120050003021,2025-07-21,125,5.4453125,21.350511973861146,5.5996168919212606,True,123,1,True,True,True
121319501023,2025-07-21,92,12.2109375,66.86814461817453,1.1932297950781428,False,69,3,True,True,False
121319503062,2025-07-21,65,3.3671875,16.49010666751634,3.737562997176345,True,47,3,True,True,True
120050003011,2025-07-21,25,1.71484375,6.352706742019331,3.665391335630639,True,25,1,True,True,True
121319505022,2025-07-21,23,3.001953125,14.118106654664265,1.4164822071515624,False,13,3,True,True,False
121319503052,2025-07-21,12,3.205078125,18.006819038689855,0.4884217393479122,False,9,1,True,True,False
120050002013,2025-07-21,8,32.587890625,137.41519387845497,-0.17893138255692612,False,8,1,True,True,False
121319504003,2025-07-21,7,9.2421875,42.331604195878015,-0.052967222541930745,False,7,1,True,True,False
121319506081,2025-07-21,5,1.44140625,6.745621496117649,0.5275412728164633,False,5,1,True,True,False
121319505021,2025-07-21,5,1.775390625,9.788084325293225,0.32944233701249803,False,5,1,True,True,False
120910218023,2025-07-21,3,0.04296875,0.3222192113399755,9.17707928618824,True,3,0,False,True,False
120910220021,2025-07-21,3,0.1171875,0.7091362817856759,4.065244684337389,True,3,0,False,True,False
120910220011,2025-07-21,3,0.046875,0.33943374049712116,8.70015159858584,True,3,0,False,True,False
120910220022,2025-07-21,3,0.072265625,0.5314496142765346,5.5089594504373505,True,3,0,False,True,False
120910218011,2025-07-21,2,0.083984375,0.5109154361786657,3.7501619432965705,True,2,0,False,True,False
120910225001,2025-07-21,2,0.060546875,0.3834212219151059,5.058283199121979,True,2,0,False,True,False
120910219021,2025-07-21,2,0.07421875,0.601985767267111,3.1990478092906462,True,2,0,False,True,False
120910219022,2025-07-21,2,0.05859375,0.37599753168819666,5.163348390302597,True,2,0,False,True,False
120910218024,2025-07-21,1,0.03515625,0.2630811989123034,3.6674751141058355,True,1,0,False,True,False
120910227002,2025-07-21,1,0.03125,0.20512036464518152,4.722836767942324,True,1,0,False,True,False
120910218022,2025-07-21,1,0.041015625,0.2802664090278288,3.4216885938149604,True,1,0,False,True,False
120050002013,2025-07-22,1062,32.587890625,137.41519387845497,7.491253916837789,True,634,5,True,True,True
120050005002,2025-07-22,487,8.80859375,45.03147936099073,10.619047231751424,True,330,4,True,True,True
120050003023,2025-07-22,436,8.814453125,41.20264875320031,10.367914680286653,True,325,3,True,True,True
121319505012,2025-07-22,419,13.455078125,54.720084121427625,7.411262763687789,True,286,3,True,True,True
120050002011,2025-07-22,404,4.42578125,27.59687365966789,14.478966845217952,True,254,3,True,True,True
121319505013,2025-07-22,384,15.85546875,68.12351084119011,5.404074550829015,True,284,3,True,True,True
120050003022,2025-07-22,183,7.248046875,35.08913720788649,5.008728259226013,True,171,3,True,True,True
120050002041,2025-07-22,175,7.814453125,34.00786639306215,4.9160845594567215,True,62,5,True,True,True
120050002012,2025-07-22,158,8.04296875,38.9559702959335,3.8493979256795354,True,120,2,True,True,True
121319503053,2025-07-22,149,43.09765625,155.89971886707394,0.6792978494098273,False,132,2,True,True,False
121319505022,2025-07-22,113,3.001953125,14.118106654664265,7.791274677660792,True,113,1,True,True,True
120050004022,2025-07-22,91,1.224609375,6.711436907675172,13.376478369681644,True,73,3,True,True,True
120050004021,2025-07-22,84,1.884765625,13.451092912177986,6.104725832401078,True,73,2,True,True,True
121319503062,2025-07-22,78,3.3671875,16.49010666751634,4.525914477376806,True,77,1,True,True,True
120050005003,2025-07-22,67,4.2421875,28.655384385927967,2.1900879658351045,False,48,3,True,True,False
120050002042,2025-07-22,63,6.548828125,30.588896444758674,1.8454791913446997,False,32,3,True,True,False
120050005001,2025-07-22,54,6.83203125,32.275888581615796,1.4613995407353917,False,27,5,True,True,False
121319505023,2025-07-22,52,3.873046875,17.55565642460506,2.741392971073862,False,52,1,True,True,False
120050002031,2025-07-22,46,1.123046875,5.232976883043129,8.575798083576235,True,30,2,True,True,True
120050004011,2025-07-22,38,0.390625,2.501613960435344,15.034044258953136,True,33,2,True,True,True
120050004023,2025-07-22,34,0.662109375,4.521430795890327,7.373305515435927,True,24,2,True,True,True
120050007001,2025-07-22,29,6.94921875,39.802759290506025,0.5540013215932915,False,23,1,True,True,False
121319503061,2025-07-22,20,2.716796875,14.833580111273319,1.1651403771275015,False,20,1,True,True,False
121319506102,2025-07-22,18,2.091796875,11.650544912789353,1.3654471309352074,False,18,1,True,True,False
121319504003,2025-07-22,16,9.2421875,42.331604195878015,0.1596398867552965,False,12,2,True,True,False
120050004012,2025-07-22,15,0.85546875,4.905227988521408,2.883562452774721,False,13,2,True,True,False
120050014021,2025-07-22,15,0.392578125,2.3880376196670783,6.116914471823293,True,9,2,True,True,True
120050026071,2025-07-22,14,1.5703125,9.99231297013613,1.2439249588306944,False,7,2,True,True,False
121319506071,2025-07-22,12,0.76171875,4.097856269189469,2.7424781426564926,False,12,1,True,True,False
121319506081,2025-07-22,11,1.44140625,6.745621496117649,1.4170071290690294,False,11,1,True,True,False
121319505011,2025-07-22,11,4.216796875,23.967400215414717,0.2830178936402689,False,7,2,True,True,False
121319506052,2025-07-22,11,2.744140625,16.978718256217732,0.48624750410571443,False,11,1,True,True,False
120050006001,2025-07-22,11,2.99609375,16.79273863361856,0.4766290016553,False,6,1,True,True,False
120050027102,2025-07-22,9,0.4609375,2.571566165594677,3.320568847982698,True,8,1,True,True,True
120050013012,2025-07-22,8,0.45703125,2.741667571283683,2.751233894657873,False,6,1,True,True,False
120050014022,2025-07-22,8,0.34765625,2.5273909210698022,3.0277641999128853,True,7,1,True,True,True
121319505021,2025-07-22,7,1.775390625,9.788084325293225,0.5337724115738536,False,6,2,True,True,False
120050026081,2025-07-22,7,0.728515625,5.271357391718295,1.1897285478789543,False,6,1,True,True,False
120910208001,2025-07-22,6,66.595703125,226.04819685297892,-0.2680654124589689,False,6,1,True,True,False
120050026093,2025-07-22,6,0.166015625,1.2934341732830623,4.510460984799772,True,6,1,True,True,True
120050008032,2025-07-22,6,0.26953125,1.8604992109888199,3.080070508040885,True,5,1,True,True,True
121319506101,2025-07-22,5,2.51953125,18.67613590189436,0.1328148800710109,False,5,1,True,True,False
120050026092,2025-07-22,5,0.216796875,1.2843598898149844,3.7241922322013914,True,5,1,True,True,True
120050014031,2025-07-22,3,0.13671875,0.7381545819734875,3.878972399446328,True,3,0,False,True,False
120050026043,2025-07-22,3,0.060546875,0.6812028139460266,4.315092458254144,True,3,0,False,True,False
120050027132,2025-07-22,3,0.076171875,0.6130180973040757,4.769562493926981,True,3,0,False,True,False
120050027101,2025-07-22,2,0.09765625,0.5473958764887337,3.475261381584692,True,2,0,False,True,False
120050009001,2025-07-22,2,0.048828125,0.3747909968776048,5.206026535469828,True,2,0,False,True,False
120050008031,2025-07-22,2,0.03515625,0.3108198473313885,6.321487404583697,True,2,0,False,True,False
120050010001,2025-07-22,2,0.046875,0.3394337404971211,5.754068517583229,True,2,0,False,True,False
120050014032,2025-07-22,1,0.041015625,0.2802664090278288,3.4216885938149604,True,1,0,False,True,False
120050019004,2025-07-22,1,0.025390625,0.22845487067563416,4.266091469696763,True,1,0,False,True,False
120050026044,2025-07-22,1,0.03125,0.23198285920889053,4.175955082645492,True,1,0,False,True,False
120330038001,2025-07-23,270,21.287109375,84.41335249877207,2.94636906677315,False,158,6,True,True,False
120050002013,2025-07-23,190,32.587890625,137.41519387845497,1.145521866484666,False,86,5,True,True,False
120910208001,2025-07-23,102,66.595703125,226.04819685297892,0.15662277942445543,False,38,4,True,True,False
121130108021,2025-07-23,92,21.01953125,76.84051907170081,0.9237374969287658,False,52,4,True,True,False
120330036143,2025-07-23,79,2.064453125,13.650435506760115,5.636123978381434,True,76,1,True,True,True
121319506052,2025-07-23,73,2.744140625,16.978718256217732,4.137877683980755,True,81,0,True,True,True
120050002041,2025-07-23,47,7.814453125,34.00786639306215,1.1522494949284479,False,27,3,True,True,False
121319503053,2025-07-23,44,43.09765625,155.89971886707394,0.005787975479092254,False,126,2,True,True,False
120330036121,2025-07-23,42,1.09765625,8.054014956697099,5.078503574914367,True,39,2,True,True,True
120330036032,2025-07-23,40,3.5546875,16.948550483830033,2.1503498210523126,False,24,3,True,True,False
121319505023,2025-07-23,40,3.873046875,17.55565642460506,2.057852594697992,False,82,1,True,True,False
121130108083,2025-07-23,39,4.466796875,17.043023464741115,2.026236905467088,False,30,2,True,True,False
121130102004,2025-07-23,38,10.314453125,70.59817626033603,0.3921566864972189,False,19,4,True,True,False
120050002042,2025-07-23,38,6.548828125,30.588896444758674,1.02818916438514,False,31,2,True,True,False
120330036131,2025-07-23,36,1.935546875,10.023150604322845,3.398577400434198,True,33,1,True,True,True
120330036132,2025-07-23,36,1.86328125,9.96946705501637,3.4241267423440966,True,33,2,True,True,True
121130107071,2025-07-23,31,2.603515625,11.853353268265453,2.3956498833983852,False,26,2,True,True,False
121319505013,2025-07-23,30,15.85546875,68.12351084119011,0.2076306854321382,False,25,2,True,True,False
120330033051,2025-07-23,30,1.47265625,6.335007755576106,4.503126886449364,True,29,1,True,True,True
121319506081,2025-07-23,29,1.44140625,6.745621496117649,4.0854046978267275,True,30,1,True,True,True
121130108081,2025-07-23,25,4.806640625,19.27085026929318,1.0478707007119854,False,23,2,True,True,False
121130101002,2025-07-23,19,9.751953125,38.03442405252881,0.2431493865196342,False,11,2,True,True,False
121130107101,2025-07-23,19,5.873046875,30.85826281003802,0.425395078323394,False,18,1,True,True,False
120330038002,2025-07-23,18,6.328125,32.737193310235114,0.35653254967190023,False,14,1,True,True,False
120050002012,2025-07-23,16,8.04296875,38.9559702959335,0.20425704172052447,False,7,2,True,True,False
121130102003,2025-07-23,16,12.33203125,62.835254334293744,0.05837437580002162,False,9,2,True,True,False
120330039001,2025-07-23,16,9.318359375,33.52182183274139,0.19932212092583576,False,6,1,True,True,False
120330026011,2025-07-23,16,1.0234375,5.597685912355705,2.675491754001848,False,15,2,True,True,False
121319506071,2025-07-23,16,0.76171875,4.097856269189469,3.718598274071247,True,26,1,True,True,True
120330038003,2025-07-23,15,3.66796875,26.015558896018575,0.43558669238254405,False,14,1,True,True,False
120050002011,2025-07-23,14,4.42578125,27.59687365966789,0.34693128171226406,False,12,1,True,True,False
120910212002,2025-07-23,14,1.34765625,5.8520769537157795,2.162026208825977,False,6,1,True,True,False
121130108094,2025-07-23,13,1.748046875,7.6145521982447875,1.4776907206169867,False,12,1,True,True,False
120330026041,2025-07-23,12,1.4921875,7.282121466498447,1.4429603445014496,False,11,1,True,True,False
120330033082,2025-07-23,11,0.357421875,1.960266664272672,5.429148145489059,True,10,1,True,True,True
121319506091,2025-07-23,11,0.4921875,2.362446222169275,4.447852569677283,True,11,1,True,True,True
120330036144,2025-07-23,11,0.642578125,3.440745776824243,3.010225848350745,True,10,1,True,True,True
120330036084,2025-07-23,11,0.5078125,3.601469788567548,2.91330709848136,False,9,1,True,True,False
120910209002,2025-07-23,10,0.283203125,1.4016593094315901,6.932352826123217,True,5,2,True,True,True
121319506051,2025-07-23,9,0.3359375,2.5297520240780145,3.424866317937892,True,9,1,True,True,True
120910208002,2025-07-23,9,0.15234375,1.087301897290385,8.137258172775047,True,6,1,True,True,True
120330036123,2025-07-23,9,0.322265625,1.988138097730084,4.364754332160138,True,9,1,True,True,True
120330040003,2025-07-23,8,2.484375,16.19812961829592,0.3405099928185571,False,8,1,True,True,False
120330039002,2025-07-23,8,4.677734375,24.00088983069414,0.13842260217999242,False,5,1,True,True,False
120330039004,2025-07-23,8,3.39453125,19.51627875325507,0.23598088591719188,False,6,1,True,True,False
120330036142,2025-07-23,8,1.052734375,5.338553087151484,1.3013386795235342,False,7,1,True,True,False
121130108092,2025-07-23,8,1.416015625,9.297053451517936,0.7081796839540627,False,8,1,True,True,False
120910210011,2025-07-23,8,0.158203125,1.1855172575938473,6.614662776749356,True,4,0,False,True,False
121319506061,2025-07-23,8,0.630859375,4.70109127146161,1.5675383011036221,False,8,0,True,True,False
121319504003,2025-07-23,7,9.2421875,42.331604195878015,-0.052967222541930745,False,7,1,True,True,False
120330039003,2025-07-23,7,6.3203125,25.12463915485053,0.0270526273356957,False,5,1,True,True,False
120910201021,2025-07-23,7,14.96484375,70.70081622753538,-0.11265561241000191,False,6,1,True,True,False
120330036034,2025-07-23,7,1.140625,10.981203919895702,0.5335822048968608,False,5,1,True,True,False
121319506043,2025-07-23,7,0.490234375,2.549682905680734,2.55316675281312,False,7,1,True,True,False
120050002031,2025-07-23,7,1.123046875,5.232976883043129,1.1230611669704873,False,7,1,True,True,False
120910210023,2025-07-23,7,0.10546875,0.6857576658856533,10.053888702936685,True,6,1,True,True,True
120910232002,2025-07-23,6,0.96875,5.28919069049979,0.9512324842129266,False,6,1,True,True,False
121319506062,2025-07-23,6,1.5078125,10.349089672285661,0.43406595577482054,False,9,0,True,True,False
120330036133,2025-07-23,6,0.427734375,3.775325745558688,1.4759694925809357,False,6,1,True,True,False
121130108082,2025-07-23,5,1.833984375,10.62276924176307,0.29804051589042463,False,5,1,True,True,False
121319505011,2025-07-23,5,4.216796875,23.967400215414717,0.03267785066217904,False,8,0,True,True,False
121319505021,2025-07-23,5,1.775390625,9.788084325293225,0.32944233701249803,False,7,0,True,True,False
120330037003,2025-07-23,5,0.150390625,1.0685139028653015,4.5386488299266885,True,5,1,True,True,True
121319503061,2025-07-23,3,2.716796875,14.833580111273319,0.019092027876990363,False,23,0,True,True,False
121319505022,2025-07-23,3,3.001953125,14.118106654664265,-0.00013834185048848153,False,116,0,True,True,False
121319506042,2025-07-23,3,0.0859375,0.5838980120312209,4.990704609290887,True,3,0,False,True,False
121319503062,2025-07-23,3,3.3671875,16.49010666751634,-0.02226713916431591,False,80,0,True,True,False
121319506101,2025-07-23,3,2.51953125,18.67613590189436,0.025726346848400534,False,7,0,True,True,False
120330033132,2025-07-23,3,0.048828125,0.40004720092105994,7.377059177530267,True,3,0,False,True,False
120910210013,2025-07-23,3,0.05078125,0.3086479812358074,9.555282811802336,True,3,0,False,True,False
120910212003,2025-07-23,3,0.08203125,0.5605328180556575,5.205705457392619,True,2,0,False,True,False
120330036113,2025-07-23,2,0.1171875,0.5435419642746941,3.463968973421283,True,2,0,False,True,False
120910233061,2025-07-23,2,0.056640625,0.40870522938951087,4.754916833099554,True,2,0,False,True,False
121319506092,2025-07-23,2,0.08203125,0.5054588264583163,3.794510352977621,True,2,0,False,True,False
120910210012,2025-07-23,2,0.078125,0.5324591253387958,3.609431989313996,True,2,0,False,True,False
120910233032,2025-07-23,1,0.044921875,0.265301943238465,3.5999665639144376,True,1,0,False,True,False
121319506102,2025-07-23,1,2.091796875,11.650544912789353,-0.09371208670261277,False,18,0,True,True,False
121130106012,2025-07-23,1,0.029296875,0.1800225408532614,5.392119900092023,True,1,0,False,True,False
120910233052,2025-07-23,1,0.048828125,0.29931198625751165,3.1778609566997553,True,1,0,False,True,False
120910233072,2025-07-23,1,0.0078125,0.088128508729472,11.258416990190053,True,1,0,False,True,False
121319501023,2025-07-24,421,12.2109375,66.86814461817453,6.113360327764988,True,386,3,True,True,True
121319501022,2025-07-24,226,5.3203125,21.95634651194597,10.050838256716936,True,210,2,True,True,True
121319501021,2025-07-24,213,4.578125,23.180010071775058,8.9914488541911,True,203,2,True,True,True
121319501024,2025-07-24,152,7.08203125,31.342079361827466,4.623750934869379,True,124,3,True,True,True
121319501041,2025-07-24,126,6.0078125,27.330189781327274,4.390463017639998,True,111,2,True,True,True
120910202001,2025-07-24,123,13.890625,58.77240381418688,1.856472900869548,False,74,4,True,True,False
120910208001,2025-07-24,48,66.595703125,226.04819685297892,-0.08226432850997077,False,21,4,True,True,False
121319503053,2025-07-24,43,43.09765625,155.89971886707394,-0.0006264042726290318,False,29,2,True,True,False
121319501044,2025-07-24,41,2.0859375,13.879987335528877,2.8036093664430735,False,39,1,True,True,False
121130101001,2025-07-24,37,22.0703125,111.20237249814961,0.1342569152492536,False,19,3,True,True,False
120910201021,2025-07-24,37,14.96484375,70.70081622753538,0.3116676359023153,False,16,3,True,True,False
120330038001,2025-07-24,27,21.287109375,84.41335249877207,0.06767757061992181,False,22,2,True,True,False
121319501043,2025-07-24,26,7.017578125,31.37641060509692,0.6049902302055039,False,19,2,True,True,False
121319501042,2025-07-24,25,3.833984375,19.130660459385076,1.1063923103928397,False,16,2,True,True,False
121130104001,2025-07-24,24,9.90234375,55.34798502701685,0.25470947574909103,False,15,2,True,True,False
121319504001,2025-07-24,19,6.40625,30.31761095875755,0.4153938784006385,False,18,1,True,True,False
121319501033,2025-07-24,17,3.810546875,18.033813806426075,0.731373477988341,False,14,1,True,True,False
120330039001,2025-07-24,16,9.318359375,33.52182183274139,0.19932212092583576,False,16,1,True,True,False
120910203051,2025-07-24,16,3.583984375,15.96941724137451,0.7774870827992303,False,12,1,True,True,False
121319502021,2025-07-24,14,3.45703125,15.665351516515923,0.6730119486233416,False,7,2,True,True,False
121130102001,2025-07-24,13,6.05859375,46.09609299080168,0.15058556592605657,False,12,1,True,True,False
121130101002,2025-07-24,12,9.751953125,38.03442405252881,0.059105584769609074,False,6,1,True,True,False
120910203052,2025-07-24,11,4.34375,21.287405204774263,0.31268489212142964,False,8,1,True,True,False
121130101004,2025-07-24,10,12.224609375,64.1884634903211,-0.034657464192696344,False,6,1,True,True,False
120910201011,2025-07-24,10,7.80859375,35.84990569214942,0.06112725285299382,False,5,1,True,True,False
121130102004,2025-07-24,9,10.314453125,70.59817626033603,-0.018618797179021398,False,7,1,True,True,False
121130104002,2025-07-24,9,3.611328125,15.867704915626064,0.3395999549811006,False,5,1,True,True,False
121319503032,2025-07-24,9,1.091796875,6.01704778806884,1.3142995375042754,False,8,1,True,True,False
121130105051,2025-07-24,8,1.58984375,11.621044005252527,0.5515989998061027,False,5,1,True,True,False
121319505012,2025-07-24,7,13.455078125,54.720084121427625,-0.11796542766044983,False,7,1,True,True,False
121319504003,2025-07-24,7,9.2421875,42.331604195878015,-0.052967222541930745,False,6,1,True,True,False
120050003023,2025-07-24,7,8.814453125,41.20264875320031,-0.04403729323006369,False,7,1,True,True,False
120330038003,2025-07-24,7,3.66796875,26.015558896018575,0.12807840351682526,False,6,1,True,True,False
121130108081,2025-07-24,7,4.806640625,19.27085026929318,0.1138174675403385,False,6,1,True,True,False
121130102003,2025-07-24,6,12.33203125,62.835254334293744,-0.10077195225967522,False,6,1,True,True,False
121319503042,2025-07-24,5,0.748046875,3.5347030053952624,1.2029166576399626,False,5,1,True,True,False
120330039004,2025-07-24,5,3.39453125,19.51627875325507,0.08226305692278699,False,5,1,True,True,False
121130108021,2025-07-24,5,21.01953125,76.84051907170081,-0.20847765532468596,False,12,0,True,True,False
121130107101,2025-07-24,4,5.873046875,30.85826281003802,-0.06069839013720203,False,13,0,True,True,False
120910216002,2025-07-24,1,0.03515625,0.2630811989123036,3.6674751141058333,True,1,0,False,True,False
121130106014,2025-07-24,1,0.03125,0.1953470492925833,4.959122768980469,True,1,0,False,True,False
120910202001,2025-07-25,184,13.890625,58.77240381418688,2.894374978056246,False,97,5,True,True,False
120330038001,2025-07-25,89,21.287109375,84.41335249877207,0.8021585284861775,False,44,4,True,True,False
120910201021,2025-07-25,77,14.96484375,70.70081622753538,0.8774319669854048,False,62,3,True,True,False
120910208001,2025-07-25,71,66.595703125,226.04819685297892,0.019483884128766317,False,29,5,True,True,False
120050003021,2025-07-25,55,5.4453125,21.350511973861146,2.3210069885288216,False,49,2,True,True,False
121130101001,2025-07-25,53,22.0703125,111.20237249814961,0.27813873755719254,False,47,2,True,True,False
121130101002,2025-07-25,47,9.751953125,38.03442405252881,0.9793245935197347,False,23,3,True,True,False
120050003023,2025-07-25,46,8.814453125,41.20264875320031,0.902503795271456,False,36,3,True,True,False
121319501043,2025-07-25,38,7.017578125,31.37641060509692,0.98744315482559,False,26,2,True,True,False
121319504001,2025-07-25,34,6.40625,30.31761095875755,0.9101558179348977,False,22,2,True,True,False
120330038002,2025-07-25,30,6.328125,32.737193310235114,0.7230881027482313,False,22,2,True,True,False
120050005001,2025-07-25,29,6.83203125,32.275888581615796,0.6868275274263642,False,16,2,True,True,False
121130108021,2025-07-25,28,21.01953125,76.84051907170081,0.0908435918227783,False,10,2,True,True,False
121319501041,2025-07-25,28,6.0078125,27.330189781327274,0.8046847707960542,False,13,3,True,True,False
121130108081,2025-07-25,26,4.806640625,19.27085026929318,1.0997625469992993,False,11,3,True,True,False
120910203051,2025-07-25,23,3.583984375,15.96941724137451,1.2158249315883511,False,15,2,True,True,False
120910201022,2025-07-25,22,7.45703125,36.83514484388862,0.3948123133934913,False,20,1,True,True,False
121319506062,2025-07-25,22,1.5078125,10.349089672285661,1.9800956556475728,False,21,1,True,True,False
120050005002,2025-07-25,21,8.80859375,45.03147936099073,0.27073075153202736,False,19,1,True,True,False
120050003012,2025-07-25,19,2.990234375,14.025902175731852,1.1414428408534536,False,12,2,True,True,False
121319501042,2025-07-25,19,3.833984375,19.130660459385076,0.7927596465996494,False,13,2,True,True,False
120050002012,2025-07-25,15,8.04296875,38.9559702959335,0.178587035495461,False,11,2,True,True,False
120910201023,2025-07-25,14,8.41796875,38.34932022114185,0.14555750187516087,False,11,1,True,True,False
120910203052,2025-07-25,14,4.34375,21.287405204774263,0.4536132942043275,False,9,2,True,True,False
120050003022,2025-07-25,13,7.248046875,35.08913720788649,0.1639240398224216,False,13,1,True,True,False
121130102003,2025-07-25,13,12.33203125,62.835254334293744,0.010630477382112563,False,9,1,True,True,False
121130104002,2025-07-25,13,3.611328125,15.867704915626064,0.5916842999616349,False,5,2,True,True,False
120330039001,2025-07-25,12,9.318359375,33.52182183274139,0.07999686408394402,False,8,1,True,True,False
120910203061,2025-07-25,12,4.181640625,26.602462528256105,0.29389607697767234,False,9,1,True,True,False
120910203042,2025-07-25,12,2.072265625,11.657903106362172,0.8515883417818123,False,7,2,True,True,False
120050003011,2025-07-25,11,1.71484375,6.352706742019331,1.4616063084707311,False,8,1,True,True,False
121319501023,2025-07-25,11,12.2109375,66.86814461817453,-0.01810933303016862,False,9,1,True,True,False
121130101004,2025-07-25,10,12.224609375,64.1884634903211,-0.034657464192696344,False,8,1,True,True,False
121130102004,2025-07-25,10,10.314453125,70.59817626033603,-0.004454125328116561,False,10,1,True,True,False
120910201012,2025-07-25,10,5.34765625,32.006301886428645,0.14535711643626947,False,8,1,True,True,False
120050002042,2025-07-25,10,6.548828125,30.588896444758674,0.11282433419043299,False,7,1,True,True,False
120330039002,2025-07-25,8,4.677734375,24.00088983069414,0.13842260217999242,False,7,1,True,True,False
121130103021,2025-07-25,8,4.54296875,25.73571287523765,0.1343281713919913,False,8,1,True,True,False
121319506053,2025-07-25,8,1.599609375,9.622921909181514,0.6651192522817002,False,6,1,True,True,False
120050002013,2025-07-25,7,32.587890625,137.41519387845497,-0.1862085982110008,False,6,1,True,True,False
120050002041,2025-07-25,7,7.814453125,34.00786639306215,-0.023948962736637727,False,6,1,True,True,False
121130102002,2025-07-25,7,5.32421875,34.781964973978646,0.0481796025973144,False,7,1,True,True,False
120910201011,2025-07-25,7,7.80859375,35.84990569214942,-0.02255497565163943,False,6,1,True,True,False
121319501033,2025-07-25,7,3.810546875,18.033813806426075,0.17685960159261968,False,6,1,True,True,False
120910204004,2025-07-25,6,0.6328125,3.1013439262242404,1.7306005485610014,False,6,1,True,True,False
121319505013,2025-07-25,5,15.85546875,68.12351084119011,-0.15934981353656782,False,5,1,True,True,False
120050002011,2025-07-25,5,4.42578125,27.59687365966789,0.020807384092902007,False,5,1,True,True,False
120910203032,2025-07-25,5,0.87109375,4.343267995825453,0.9506450566643625,False,5,1,True,True,False
121319501031,2025-07-25,5,2.08203125,20.925857125886946,0.1394432128847062,False,5,1,True,True,False
121319506061,2025-07-25,5,0.630859375,4.70109127146161,0.9293885978183946,False,5,1,True,True,False
120050027101,2025-07-25,3,0.09765625,0.5473958764887337,5.302092826524489,True,3,0,False,True,False
120330012022,2025-07-25,2,0.08984375,0.5342793077307749,3.5752016264918387,True,1,0,False,True,False
120330036081,2025-07-25,2,0.060546875,0.3569907026668995,5.432783292425582,True,2,0,False,True,False
120330011041,2025-07-25,2,0.05078125,0.2956954305890317,6.591981303590367,True,2,0,False,True,False
120910202001,2025-07-26,156,13.890625,58.77240381418688,2.417960909839401,False,119,3,True,True,False
121130102001,2025-07-26,39,6.05859375,46.09609299080168,0.7146246918708131,False,35,1,True,True,False
120330038001,2025-07-26,38,21.287109375,84.41335249877207,0.1979887083058704,False,33,2,True,True,False
121130101004,2025-07-26,26,12.224609375,64.1884634903211,0.21460851180955864,False,14,2,True,True,False
120910201021,2025-07-26,23,14.96484375,70.70081622753538,0.11365012002323391,False,18,1,True,True,False
121130101003,2025-07-26,23,5.4296875,43.05486121072455,0.4080912585922679,False,12,2,True,True,False
120330039002,2025-07-26,21,4.677734375,24.00088983069414,0.6800691866068175,False,9,3,True,True,False
121319501023,2025-07-26,19,12.2109375,66.86814461817453,0.10152909937559053,False,16,1,True,True,False
120910203051,2025-07-26,19,3.583984375,15.96941724137451,0.9653461608517108,False,12,2,True,True,False
121319502021,2025-07-26,17,3.45703125,15.665351516515923,0.864517386393896,False,14,2,True,True,False
121130102003,2025-07-26,14,12.33203125,62.835254334293744,0.026545110188082248,False,9,1,True,True,False
120050003011,2025-07-26,13,1.71484375,6.352706742019331,1.7764327409221465,False,13,1,True,True,False
120910201023,2025-07-26,13,8.41796875,38.34932022114185,0.11948142036358551,False,10,1,True,True,False
121130102002,2025-07-26,12,5.32421875,34.781964973978646,0.19193226302752986,False,9,1,True,True,False
121130101001,2025-07-26,11,22.0703125,111.20237249814961,-0.09955104600114721,False,5,2,True,True,False
120910201022,2025-07-26,10,7.45703125,36.83514484388862,0.06903648026300371,False,8,1,True,True,False
121130101002,2025-07-26,9,9.751953125,38.03442405252881,-0.01977033026611598,False,7,1,True,True,False
120330039003,2025-07-26,8,6.3203125,25.12463915485053,0.06685419399051236,False,8,1,True,True,False
120330040003,2025-07-26,8,2.484375,16.19812961829592,0.3405099928185571,False,6,1,True,True,False
120330040001,2025-07-26,8,4.2421875,25.181997761346214,0.14922614701237705,False,8,1,True,True,False
120330040002,2025-07-26,8,0.96875,6.790332139705296,1.0354795399308936,False,5,1,True,True,False
121319501033,2025-07-26,8,3.810546875,18.033813806426075,0.23231098923219182,False,8,1,True,True,False
121319503042,2025-07-26,7,0.748046875,3.5347030053952624,1.7687350579262842,False,7,1,True,True,False
121319504002,2025-07-26,6,6.1875,26.67878067963113,-0.007028057325841491,False,6,1,True,True,False
120910203042,2025-07-26,6,2.072265625,11.657903106362172,0.3369160250488342,False,5,1,True,True,False
121319501032,2025-07-26,6,1.8984375,9.761411982614241,0.4201812716546715,False,6,1,True,True,False
121319501024,2025-07-26,5,7.08203125,31.342079361827466,-0.06642926354579312,False,5,1,True,True,False
120050003012,2025-07-26,5,2.990234375,14.025902175731852,0.14328957950935753,False,5,1,True,True,False
121319501043,2025-07-26,5,7.017578125,31.37641060509692,-0.06430238787964662,False,5,1,True,True,False
120050006001,2025-07-27,38,2.99609375,16.79273863361856,2.0844668051894306,False,38,1,True,True,False
120330038001,2025-07-27,10,21.287109375,84.41335249877207,-0.13371236944018056,False,10,1,True,True,False
120050002013,2025-07-29,1040,32.587890625,137.41519387845497,7.331155172448146,True,770,4,True,True,True
120910208001,2025-07-29,1029,66.595703125,226.04819685297892,4.257518132298772,True,362,7,True,True,True
121319503053,2025-07-29,754,43.09765625,155.89971886707394,4.559997599201205,True,468,7,True,True,True
121130101001,2025-07-29,652,22.0703125,111.20237249814961,5.664714460210657,True,376,3,True,True,True
120050005002,2025-07-29,475,8.80859375,45.03147936099073,10.352566979041912,True,410,4,True,True,True
120910203061,2025-07-29,475,4.181640625,26.602462528256105,17.698299880130083,True,386,3,True,True,True
121319505013,2025-07-29,339,15.85546875,68.12351084119011,4.743509652685344,True,198,6,True,True,True
120910201011,2025-07-29,304,7.80859375,35.84990569214942,8.261985646307052,True,284,2,True,True,True
120910203052,2025-07-29,298,4.34375,21.287405204774263,13.794835358051992,True,245,2,True,True,True
120050002042,2025-07-29,270,6.548828125,30.588896444758674,8.612640614569855,True,204,4,True,True,True
120050005001,2025-07-29,249,6.83203125,32.275888581615796,7.5030612445458065,True,208,2,True,True,True
120910201023,2025-07-29,214,8.41796875,38.34932022114185,5.360773804190232,True,153,3,True,True,True
120050002041,2025-07-29,192,7.814453125,34.00786639306215,5.415968903964383,True,128,3,True,True,True
120910202001,2025-07-29,175,13.890625,58.77240381418688,2.7412418847008317,False,156,2,True,True,False
120050003023,2025-07-29,163,8.814453125,41.20264875320031,3.742127060776015,True,93,3,True,True,True
121319505011,2025-07-29,152,4.216796875,23.967400215414717,6.1660089036253805,True,94,4,True,True,True
120050002011,2025-07-29,149,4.42578125,27.59687365966789,5.238789746002695,True,144,2,True,True,True
120050005003,2025-07-29,149,4.2421875,28.655384385927967,5.051679312704924,True,92,3,True,True,True
121130108021,2025-07-29,140,21.01953125,76.84051907170081,1.5484079257582564,False,110,4,True,True,False
121130108083,2025-07-29,94,4.466796875,17.043023464741115,5.253363835954797,True,88,2,True,True,True
121319501042,2025-07-29,91,3.833984375,19.130660459385076,4.5563516121179335,True,88,2,True,True,True
120050004021,2025-07-29,91,1.884765625,13.451092912177986,6.625129642389078,True,55,3,True,True,True
120050002012,2025-07-29,86,8.04296875,38.9559702959335,2.0011574774749663,False,70,2,True,True,False
121319501024,2025-07-29,84,7.08203125,31.342079361827466,2.4541437682555576,False,82,1,True,True,False
121319501043,2025-07-29,84,7.017578125,31.37641060509692,2.4535126992025864,False,57,3,True,True,False
121319505012,2025-07-29,83,13.455078125,54.720084121427625,1.2709213260834,False,44,3,True,True,False
121319504001,2025-07-29,76,6.40625,30.31761095875755,2.295489248630824,False,67,2,True,True,False
121319504002,2025-07-29,75,6.1875,26.67878067963113,2.579297038583827,False,70,1,True,True,False
120330026042,2025-07-29,73,0.857421875,5.840105586544332,12.352957845696713,True,69,2,True,True,True
121319501023,2025-07-29,73,12.2109375,66.86814461817453,0.9090885181144648,False,57,2,True,True,False
120050027071,2025-07-29,72,0.7265625,5.362353141420958,13.291447918537012,True,69,2,True,True,True
121319505021,2025-07-29,69,1.775390625,9.788084325293225,6.868004722975875,True,56,3,True,True,True
120910203062,2025-07-29,68,1.427734375,6.371003013420702,10.449259792337816,True,53,2,True,True,True
120910201012,2025-07-29,62,5.34765625,32.006301886428645,1.7700371617760002,False,56,2,True,True,False
121319505023,2025-07-29,60,3.873046875,17.55565642460506,3.1970865553244416,True,41,2,True,True,True
120330026041,2025-07-29,59,1.4921875,7.282121466498447,7.897123491357004,True,58,1,True,True,True
120910203051,2025-07-29,59,3.583984375,15.96941724137451,3.4701338682181158,True,50,2,True,True,True
120330023001,2025-07-29,56,1.599609375,8.89434833658072,6.1162873958131145,True,53,1,True,True,True
121130108201,2025-07-29,55,1.4609375,9.200231719833488,5.819316744444888,True,53,1,True,True,True
121319501041,2025-07-29,55,6.0078125,27.330189781327274,1.7926032673755083,False,55,1,True,True,False
121319501033,2025-07-29,55,3.810546875,18.033813806426075,2.8385262082920817,False,50,2,True,True,False
120050026081,2025-07-29,52,0.728515625,5.271357391718295,9.726429184170176,True,50,2,True,True,True
121319505022,2025-07-29,50,3.001953125,14.118106654664265,3.328919948304331,True,32,3,True,True,True
121319501021,2025-07-29,48,4.578125,23.180010071775058,1.8732465976307868,False,42,1,True,True,False
120050003022,2025-07-29,46,7.248046875,35.08913720788649,1.104386035353707,False,22,4,True,True,False
120330026061,2025-07-29,46,0.302734375,2.4694121613161246,18.505321363868514,True,46,1,True,True,True
121319506081,2025-07-29,46,1.44140625,6.745621496117649,6.6055579572089975,True,29,2,True,True,True
121130101002,2025-07-29,44,9.751953125,38.03442405252881,0.9004486784840097,False,38,2,True,True,False
120050024003,2025-07-29,44,0.548828125,5.283134057861544,8.224506779331612,True,43,1,True,True,True
121130108081,2025-07-29,42,4.806640625,19.27085026929318,1.9300320875963188,False,38,2,True,True,False
120050004022,2025-07-29,40,1.224609375,6.711436907675172,5.777509519706073,True,29,2,True,True,True
120050026071,2025-07-29,40,1.5703125,9.99231297013613,3.8459251241283385,True,39,1,True,True,True
120050013012,2025-07-29,39,0.45703125,2.741667571283683,14.058221045359522,True,34,2,True,True,True
120330039001,2025-07-29,38,9.318359375,33.52182183274139,0.8556110335562402,False,38,1,True,True,False
121319506053,2025-07-29,38,1.599609375,9.622921909181514,3.7826754668214977,True,26,2,True,True,True
121319503061,2025-07-29,37,2.716796875,14.833580111273319,2.3111887263780124,False,21,2,True,True,False
121319506062,2025-07-29,35,1.5078125,10.349089672285661,3.2362447867941837,True,27,2,True,True,True
121319501022,2025-07-29,34,5.3203125,21.95634651194597,1.3062140135379994,False,32,2,True,True,False
120050007001,2025-07-29,34,6.94921875,39.802759290506025,0.6796207532388917,False,15,3,True,True,False
120910204003,2025-07-29,34,0.357421875,2.3713851042938874,14.186889368615454,True,27,2,True,True,True
120050014021,2025-07-29,34,0.392578125,2.3880376196670783,14.073238042072925,True,23,2,True,True,True
120050003021,2025-07-29,33,5.4453125,21.350511973861146,1.290586733176912,False,21,1,True,True,False
120910203042,2025-07-29,33,2.072265625,11.657903106362172,2.6529414503472353,False,27,2,True,True,False
120050002031,2025-07-29,33,1.123046875,5.232976883043129,6.091552444707651,True,23,2,True,True,True
120050027102,2025-07-29,33,0.4609375,2.571566165594677,12.653402792175605,True,30,2,True,True,True
120910205005,2025-07-29,32,0.80078125,4.879703498960677,6.393671000019793,True,22,2,True,True,True
120050027062,2025-07-29,32,0.58203125,4.200119904983984,7.480255197647698,True,29,1,True,True,True
120050023002,2025-07-29,31,0.291015625,2.458914319745467,12.488838723822967,True,29,1,True,True,True
121319503052,2025-07-29,30,3.205078125,18.006819038689855,1.4880430473271171,False,28,1,True,True,False
120910211013,2025-07-29,30,0.171875,1.7183680192864554,17.358403243785922,True,29,2,True,True,True
120330026021,2025-07-29,29,1.03125,5.591001296639227,5.002458149457437,True,28,1,True,True,True
120330039002,2025-07-29,28,4.677734375,24.00088983069414,0.9717250397597232,False,28,1,True,True,False
120910204004,2025-07-29,28,0.6328125,3.1013439262242404,8.824299449212791,True,21,2,True,True,True
120050003011,2025-07-29,27,1.71484375,6.352706742019331,3.9802177680820545,True,28,0,True,True,True
121319506061,2025-07-29,25,0.630859375,4.70109127146161,5.183719953053245,True,17,2,True,True,True
121319504003,2025-07-29,24,9.2421875,42.331604195878015,0.34862398390838734,False,17,2,True,True,False
121319506091,2025-07-29,24,0.4921875,2.362446222169275,9.950623332460184,True,19,1,True,True,True
120910212002,2025-07-29,23,1.34765625,5.8520769537157795,3.699941733721022,True,20,1,True,True,True
121319506041,2025-07-29,23,0.337890625,2.8807155972094614,7.866833295502237,True,17,2,True,True,True
120050014042,2025-07-29,23,0.357421875,2.1678995023297474,10.444477754004282,True,18,2,True,True,True
120910201022,2025-07-29,22,7.45703125,36.83514484388862,0.3948123133934913,False,20,1,True,True,False
121319506052,2025-07-29,22,2.744140625,16.978718256217732,1.1341173747287057,False,14,2,True,True,False
120050022001,2025-07-29,21,0.12890625,1.1997163620269031,17.396690093263874,True,20,1,True,True,True
120910206013,2025-07-29,20,1.185546875,6.740271389844577,2.791349492744066,False,14,2,True,True,False
121319506101,2025-07-29,20,2.51953125,18.67613590189436,0.9359788792405885,False,8,2,True,True,False
120050027121,2025-07-29,20,0.162109375,1.4828074880853932,13.378601594880507,True,20,1,True,True,True
120050015011,2025-07-29,20,0.369140625,2.710865439714911,7.241546956703424,True,16,2,True,True,True
120910211024,2025-07-29,20,0.279296875,1.662914558100936,11.859119898211263,True,15,1,True,True,True
121130101004,2025-07-29,19,12.224609375,64.1884634903211,0.1055546473085721,False,13,2,True,True,False
120050027092,2025-07-29,19,0.34375,2.828945991132323,6.594770652561165,True,19,1,True,True,True
120050014022,2025-07-29,19,0.34765625,2.5273909210698022,7.3800786393997075,True,14,2,True,True,True
120330039003,2025-07-29,18,6.3203125,25.12463915485053,0.464869860538679,False,18,1,True,True,False
121319503062,2025-07-29,18,3.3671875,16.49010666751634,0.8873691841439085,False,8,3,True,True,False
121319506102,2025-07-29,17,2.091796875,11.650544912789353,1.2796142357800415,False,7,1,True,True,False
120050025001,2025-07-29,17,0.380859375,2.847985665695295,5.835401780697754,True,16,1,True,True,True
120330025001,2025-07-29,16,1.73828125,11.857514291832736,1.202757879855413,False,16,1,True,True,False
120050027061,2025-07-29,15,0.283203125,1.8736694153540716,7.854532264016774,True,13,1,True,True,True
120050023001,2025-07-29,15,0.140625,1.2911523395758426,11.50861485863199,True,15,1,True,True,True
120910214001,2025-07-29,14,0.40625,2.425201990901622,5.605203216473621,True,14,1,True,True,True
120050006001,2025-07-29,14,2.99609375,16.79273863361856,0.6552776464924256,False,13,1,True,True,False
120050013011,2025-07-29,14,0.13671875,0.9696264815374169,14.29754809090889,True,14,1,True,True,True
121130107101,2025-07-29,13,5.873046875,30.85826281003802,0.23095769093915558,False,13,1,True,True,False
120910207012,2025-07-29,13,0.380859375,2.54921515179993,4.950206190360188,True,9,2,True,True,True
120910209002,2025-07-29,13,0.283203125,1.4016593094315901,9.072673216258947,True,12,1,True,True,True
120050012001,2025-07-29,13,0.458984375,3.541517434310392,3.541141857301629,True,7,2,True,True,True
121319503042,2025-07-29,12,0.748046875,3.5347030053952624,3.1832810586420877,True,12,1,True,True,True
120330026022,2025-07-29,12,0.1953125,1.2778932867990904,9.23761602157624,True,12,1,True,True,True
121319506043,2025-07-29,12,0.490234375,2.549682905680734,4.5141949217904935,True,11,1,True,True,True
120050013025,2025-07-29,12,0.166015625,1.2393488852000374,9.54854965887183,True,10,1,True,True,True
121319502021,2025-07-29,11,3.45703125,15.665351516515923,0.4815065108527872,False,8,2,True,True,False
120050026093,2025-07-29,11,0.166015625,1.2934341732830623,8.376138963068072,True,11,1,True,True,True
120050013021,2025-07-29,11,0.283203125,2.748397699680061,3.8992889843589715,True,8,1,True,True,True
120050020002,2025-07-29,11,0.099609375,0.7453967302515266,14.62360939163467,True,10,1,True,True,True
120330026011,2025-07-29,10,1.0234375,5.597685912355705,1.6036202531810764,False,10,1,True,True,False
120910203031,2025-07-29,10,0.568359375,2.765317568764112,3.410689872127501,True,7,1,True,True,True
120050025002,2025-07-29,10,0.296875,3.3012110094870524,2.9392622804525566,False,10,1,True,True,False
120050022002,2025-07-29,10,0.130859375,0.9218296511947951,10.70603512504559,True,10,1,True,True,True
120910210023,2025-07-29,10,0.10546875,0.6857576658856533,14.428611945914234,True,9,1,True,True,True
120050022003,2025-07-29,10,0.103515625,0.778268528149522,12.716027973700454,True,8,1,True,True,True
120910209003,2025-07-29,10,0.1484375,1.3611313571542505,7.2377749937352815,True,7,1,True,True,True
120050013022,2025-07-29,10,0.234375,2.4709169408087632,3.9522271423674744,True,7,1,True,True,True
120910210011,2025-07-29,9,0.158203125,1.1855172575938473,7.458176435951267,True,9,1,True,True,True
120910233041,2025-07-29,9,0.162109375,0.9847615085482369,8.974650763948997,True,9,1,True,True,True
120910206022,2025-07-29,9,0.2890625,2.0287651329749714,4.293714121173959,True,7,1,True,True,True
120910208002,2025-07-29,9,0.15234375,1.087301897290385,8.137258172775047,True,9,1,True,True,True
120050016001,2025-07-29,9,0.228515625,2.1096477998200824,4.157795616760324,True,9,1,True,True,True
121130104001,2025-07-29,8,9.90234375,55.34798502701685,-0.03437060534491752,False,7,1,True,True,False
121130108241,2025-07-29,8,0.61328125,4.354503637900114,1.696340011226198,False,8,1,True,True,False
120910207023,2025-07-29,8,0.560546875,6.332923175201471,1.1747265708403807,False,8,1,True,True,False
121319506071,2025-07-29,8,0.76171875,4.097856269189469,1.7663580112417383,False,7,1,True,True,False
120050012002,2025-07-29,8,0.482421875,4.444447666738546,1.6914538517936017,False,7,1,True,True,False
120050015023,2025-07-29,8,0.125,1.4591636346620473,5.396927262255892,True,8,1,True,True,True
120910206012,2025-07-29,7,1.662109375,12.468398011231727,0.42811358926716525,False,7,1,True,True,False
120910215021,2025-07-29,7,0.220703125,1.537566473114764,4.409108154697643,True,6,1,True,True,True
120910210012,2025-07-29,7,0.078125,0.5324591253387958,12.999824156634961,True,7,1,True,True,True
120910209004,2025-07-29,7,0.251953125,1.4661864259920043,4.602448062110759,True,5,1,True,True,True
120050015022,2025-07-29,7,0.09375,0.7262212199281789,9.50984329634847,True,7,1,True,True,True
120050027132,2025-07-29,7,0.076171875,0.6130180973040757,11.294655337990077,True,7,1,True,True,True
121319502011,2025-07-29,6,1.380859375,7.117786274665048,0.6489574773327076,False,6,1,True,True,False
120910201021,2025-07-29,6,14.96484375,70.70081622753538,-0.12679972068707915,False,5,1,True,True,False
120050027103,2025-07-29,6,0.1875,1.0412246289751046,5.582368912768942,True,6,1,True,True,True
120050026092,2025-07-29,6,0.216796875,1.2843598898149844,4.502790199897231,True,6,1,True,True,True
120050013023,2025-07-29,6,0.158203125,1.2164765350079914,4.802227340095486,True,5,1,True,True,True
120050014023,2025-07-29,6,0.046875,0.367130407092811,16.21528722488803,True,4,0,False,True,False
121130108022,2025-07-29,5,0.2265625,1.2619051465248214,3.782722903655348,True,5,1,True,True,True
120050026091,2025-07-29,5,0.18359375,1.131943402272887,4.254988580108239,True,4,0,False,True,False
120050013024,2025-07-29,5,0.09375,0.7395719923700732,6.633904542919697,True,5,1,True,True,True
120050014043,2025-07-29,5,0.052734375,0.3946217983684554,12.536726672105365,True,5,1,True,True,True
120050014031,2025-07-29,5,0.13671875,0.7381545819734875,6.588431974502972,True,3,0,False,True,False
120050008032,2025-07-29,5,0.26953125,1.8604992109888199,2.5425803580351136,False,5,1,True,True,False
120910205001,2025-07-29,5,0.267578125,1.5976632868752294,2.962089642965916,False,5,1,True,True,False
120910211021,2025-07-29,5,0.158203125,0.9933098586511376,4.874407349157799,True,5,1,True,True,True
120050026043,2025-07-29,5,0.060546875,0.6812028139460266,7.251075632508126,True,5,1,True,True,True
120050014044,2025-07-29,5,0.041015625,0.31323909662368193,15.831307229689807,True,5,1,True,True,True
121130108212,2025-07-29,4,0.125,0.796273119366856,4.8664207113774545,True,4,0,False,True,False
120910207021,2025-07-29,4,0.142578125,1.0474008431227124,3.6828516038802426,True,4,0,False,True,False
120050027032,2025-07-29,4,0.14453125,0.7754863223832661,4.97167859537634,True,3,0,False,True,False
120050027131,2025-07-29,4,0.115234375,0.6912950096464135,5.619548196922463,True,4,0,False,True,False
120050027031,2025-07-29,4,0.2109375,1.2156986426840637,3.116777766268102,True,3,0,False,True,False
120910206011,2025-07-29,4,0.0859375,0.6534849375469819,5.989522137560517,True,3,0,False,True,False
120910210021,2025-07-29,4,0.0546875,0.34399730918712773,11.469021398227937,True,4,0,False,True,False
120050026042,2025-07-29,4,0.06640625,0.36943440003544586,10.647610914475171,True,3,0,False,True,False
120050015021,2025-07-29,4,0.087890625,0.7064767767977934,5.537491823485257,True,4,0,False,True,False
120050017001,2025-07-29,4,0.080078125,0.522894242832972,7.496586410594961,True,4,0,False,True,False
120050024001,2025-07-29,4,0.0546875,0.4774130180712236,8.263939923421637,True,4,0,False,True,False
120050026051,2025-07-29,3,0.08984375,0.6063383209819365,4.799558512625655,True,3,0,False,True,False
120050026082,2025-07-29,3,0.115234375,0.6740960053381978,4.2794581219224055,True,3,0,False,True,False
120050015012,2025-07-29,3,0.0703125,0.41843233197060214,7.001580126953075,True,3,0,False,True,False
120050015024,2025-07-29,3,0.076171875,0.5490238569043222,5.325502868829855,True,3,0,False,True,False
120910207011,2025-07-29,3,0.08203125,0.5674723154191078,5.142046000684506,True,3,0,False,True,False
120050014024,2025-07-29,3,0.07421875,0.5439215572761086,5.3790499950984625,True,2,0,False,True,False
120910217002,2025-07-29,2,0.103515625,0.6153828329312869,3.0817960357561027,True,2,0,False,True,False
121319506042,2025-07-29,2,0.0859375,0.5838980120312209,3.2780767540918694,True,2,0,False,True,False
120050017002,2025-07-29,2,0.0625,0.38565267319755836,5.023950654706019,True,2,0,False,True,False
120050014032,2025-07-29,2,0.041015625,0.2802664090278288,6.989722320970276,True,2,0,False,True,False
120050016003,2025-07-29,2,0.041015625,0.293899725551183,6.665485554047721,True,2,0,False,True,False
120050009001,2025-07-29,2,0.048828125,0.3747909968776048,5.206026535469828,True,2,0,False,True,False
120910210013,2025-07-29,2,0.05078125,0.3086479812358074,6.31534585839651,True,2,0,False,True,False
121319506092,2025-07-29,2,0.08203125,0.5054588264583163,3.794510352977621,True,2,0,False,True,False
120910212003,2025-07-29,2,0.08203125,0.5605328180556575,3.421688593814961,True,2,0,False,True,False
120910210022,2025-07-29,2,0.017578125,0.18154477851124418,10.919740524937303,True,2,0,False,True,False
120050011002,2025-07-29,2,0.060546875,0.4359640707538392,4.448653582040444,True,1,0,False,True,False
120910206021,2025-07-29,2,0.02734375,0.23247661540965528,8.485396462452417,True,2,0,False,True,False
120050014041,2025-07-29,2,0.015625,0.13901385984484715,14.274655794859257,True,2,0,False,True,False
120050018001,2025-07-29,2,0.076171875,0.4966212590114852,3.8738336108070404,True,2,0,False,True,False
120050019002,2025-07-29,2,0.015625,0.1524426041296069,13.01719431605145,True,2,0,False,True,False
120050026061,2025-07-29,1,0.046875,0.29634102637652837,3.216311327709878,True,1,0,False,True,False
120330018002,2025-07-29,1,0.046875,0.3028727426473822,3.1469487536871887,True,1,0,False,True,False
120910233042,2025-07-29,1,0.021484375,0.18112321802472506,5.402485863885342,True,1,0,False,True,False
120050026041,2025-07-29,1,0.033203125,0.21867572823560855,4.4211439596000375,True,1,0,False,True,False
120330029001,2025-07-29,1,0.03515625,0.23142199532827923,4.169196400849191,True,1,0,False,True,False
120050008031,2025-07-29,1,0.03515625,0.3108198473313885,3.104189640024201,True,1,0,False,True,False
120330022001,2025-07-29,1,0.01171875,0.10772225920023014,9.174345741886265,True,1,0,False,True,False
120910208001,2025-07-30,373,66.595703125,226.04819685297892,1.3554821544287055,False,152,5,True,True,False
120910202001,2025-07-30,372,13.890625,58.77240381418688,6.093155150369349,True,300,3,True,True,True
121130101004,2025-07-30,346,12.224609375,64.1884634903211,5.199928031854658,True,237,2,True,True,True
121130101001,2025-07-30,338,22.0703125,111.20237249814961,2.841033697417355,False,221,3,True,True,False
121319501043,2025-07-30,247,7.017578125,31.37641060509692,7.6484982586254215,True,133,3,True,True,True
120910201012,2025-07-30,219,5.34765625,32.006301886428645,6.675321144820956,True,192,3,True,True,True
121319501042,2025-07-30,199,3.833984375,19.130660459385076,10.20173956039536,True,120,3,True,True,True
120910201023,2025-07-30,191,8.41796875,38.34932022114185,4.761023929423999,True,182,2,True,True,True
120330036132,2025-07-30,165,1.86328125,9.96946705501637,16.36363487132584,True,148,2,True,True,True
121130102003,2025-07-30,159,12.33203125,62.835254334293744,2.3341668670536864,False,147,2,True,True,False
120910201022,2025-07-30,145,7.45703125,36.83514484388862,3.7340146029809893,True,134,2,True,True,True
121130101002,2025-07-30,144,9.751953125,38.03442405252881,3.5296458463415115,True,134,2,True,True,True
121130102004,2025-07-30,132,10.314453125,70.59817626033603,1.7236358404822738,False,110,2,True,True,False
121319501021,2025-07-30,123,4.578125,23.180010071775058,5.108793077885474,True,61,4,True,True,True
121130108021,2025-07-30,120,21.01953125,76.84051907170081,1.2881285804126354,False,62,3,True,True,False
121130108083,2025-07-30,118,4.466796875,17.043023464741115,6.661564678349434,True,108,2,True,True,True
120910201011,2025-07-30,115,7.80859375,35.84990569214942,2.9900052505151575,False,96,2,True,True,False
121319501041,2025-07-30,107,6.0078125,27.330189781327274,3.695261112639642,True,75,3,True,True,True
120330038003,2025-07-30,106,3.66796875,26.015558896018575,3.933493478230095,True,93,2,True,True,True
120330036143,2025-07-30,105,2.064453125,13.650435506760115,7.540825113163837,True,99,3,True,True,True
121319501022,2025-07-30,90,5.3203125,21.95634651194597,3.8567294177985225,True,39,3,True,True,True
121319501032,2025-07-30,90,1.8984375,9.761411982614241,9.025493715142344,True,65,2,True,True,True
121319501023,2025-07-30,86,12.2109375,66.86814461817453,1.1035009707738233,False,69,3,True,True,False
121319501033,2025-07-30,85,3.810546875,18.033813806426075,4.502067837479245,True,58,4,True,True,True
120910201021,2025-07-30,76,14.96484375,70.70081622753538,0.8632878587083276,False,59,2,True,True,False
121130104001,2025-07-30,74,9.90234375,55.34798502701685,1.1580847291678678,False,66,2,True,True,False
121130103021,2025-07-30,72,4.54296875,25.73571287523765,2.6211448494557037,False,66,2,True,True,False
120910203052,2025-07-30,69,4.34375,21.287405204774263,3.0373006657241217,True,56,3,True,True,True
121130101003,2025-07-30,68,5.4296875,43.05486121072455,1.453269404208748,False,63,2,True,True,False
120330039004,2025-07-30,68,3.39453125,19.51627875325507,3.3103374658052895,True,66,1,True,True,True
121130107101,2025-07-30,61,5.873046875,30.85826281003802,1.7864567900130628,False,55,2,True,True,False
121130102002,2025-07-30,59,5.32421875,34.781964973978646,1.5432072710715552,False,57,1,True,True,False
120330036131,2025-07-30,59,1.935546875,10.023150604322845,5.693265059829481,True,54,2,True,True,True
121130108081,2025-07-30,58,4.806640625,19.27085026929318,2.7603016281933384,False,57,1,True,True,False
120910206013,2025-07-30,53,1.185546875,6.740271389844577,7.687294788021107,True,44,2,True,True,True
120330036032,2025-07-30,52,3.5546875,16.948550483830033,2.8583749711351323,False,37,2,True,True,False
120330036142,2025-07-30,51,1.052734375,5.338553087151484,9.355955595011341,True,40,2,True,True,True
120910206012,2025-07-30,46,1.662109375,12.468398011231727,3.5560214379633805,True,45,1,True,True,True
120330036141,2025-07-30,45,0.869140625,5.312583817112478,8.306854234063872,True,44,1,True,True,True
120330036033,2025-07-30,44,1.181640625,6.99512094736385,6.121174987136761,True,35,2,True,True,True
121319501031,2025-07-30,43,2.08203125,20.925857125886946,1.9553783868370784,False,30,3,True,True,False
120330038002,2025-07-30,42,6.328125,32.737193310235114,1.0896436558245626,False,33,2,True,True,False
120330026021,2025-07-30,42,1.03125,5.591001296639227,7.327623054680112,True,25,3,True,True,True
121130103031,2025-07-30,36,6.490234375,34.901537520225176,0.8455147744680106,False,19,2,True,True,False
120330039003,2025-07-30,34,6.3203125,25.12463915485053,1.1016949270157457,False,33,1,True,True,False
121319501044,2025-07-30,33,2.0859375,13.879987335528877,2.2272399644680267,False,30,1,True,True,False
120330026041,2025-07-30,31,1.4921875,7.282121466498447,4.052090127272844,True,16,3,True,True,True
120330026052,2025-07-30,30,1.076171875,7.9558504481898655,3.6355419591353453,True,26,1,True,True,True
120910203061,2025-07-30,30,4.181640625,26.602462528256105,0.9705251665170749,False,18,2,True,True,False
120330039001,2025-07-30,29,9.318359375,33.52182183274139,0.5871292056619839,False,21,2,True,True,False
121130107071,2025-07-30,29,2.603515625,11.853353268265453,2.2269212582797424,False,28,1,True,True,False
121130102001,2025-07-30,28,6.05859375,46.09609299080168,0.47599275397110846,False,24,2,True,True,False
120330036144,2025-07-30,28,0.642578125,3.440745776824243,7.951015172138202,True,28,1,True,True,True
120330038001,2025-07-30,25,21.287109375,84.41335249877207,0.043984636495203885,False,19,2,True,True,False
121130108082,2025-07-30,21,1.833984375,10.62276924176307,1.8042391008221694,False,14,2,True,True,False
120910203051,2025-07-30,21,3.583984375,15.96941724137451,1.090585546220031,False,17,1,True,True,False
120330026071,2025-07-30,20,0.8515625,7.389461839795936,2.59131692065532,False,11,2,True,True,False
120910205005,2025-07-30,20,0.80078125,4.879703498960677,3.9345051915734675,True,15,2,True,True,True
120910203031,2025-07-30,18,0.568359375,2.765317568764112,6.3036668272391685,True,17,1,True,True,True
120330040001,2025-07-30,16,4.2421875,25.181997761346214,0.46691341216970367,False,16,1,True,True,False
121130104002,2025-07-30,16,3.611328125,15.867704915626064,0.7807475586970356,False,16,1,True,True,False
120330026061,2025-07-30,16,0.302734375,2.4694121613161246,6.356681104475413,True,8,2,True,True,True
120330036034,2025-07-30,16,1.140625,10.981203919895702,1.3531644716184392,False,12,2,True,True,False
120330024001,2025-07-30,15,1.236328125,10.438376085254413,1.3185644742617586,False,15,1,True,True,False
121319503053,2025-07-30,14,43.09765625,155.89971886707394,-0.1866434170725463,False,10,1,True,True,False
120330033051,2025-07-30,14,1.47265625,6.335007755576106,1.9774788340193221,False,13,1,True,True,False
120910203042,2025-07-30,14,2.072265625,11.657903106362172,1.023145780692805,False,14,1,True,True,False
121130108094,2025-07-30,14,1.748046875,7.6145521982447875,1.6090182069832246,False,6,2,True,True,False
120910206022,2025-07-30,13,0.2890625,2.0287651329749714,6.26535683869958,True,12,1,True,True,True
120330036031,2025-07-30,9,0.779296875,5.128879238622584,1.6028264153881224,False,8,1,True,True,False
120330036121,2025-07-30,9,1.09765625,8.054014956697099,0.9811682486917931,False,8,1,True,True,False
120330027042,2025-07-30,8,0.41796875,3.308222185165137,2.291874857740707,False,7,1,True,True,False
120910204004,2025-07-30,8,0.6328125,3.1013439262242404,2.375482266802073,False,8,1,True,True,False
120910204002,2025-07-30,8,0.208984375,2.0304138915954923,3.837156383360757,True,8,1,True,True,True
120910204003,2025-07-30,8,0.357421875,2.3713851042938874,3.2228329810967935,True,6,1,True,True,True
120330034004,2025-07-30,8,0.103515625,0.5827152716533213,13.551188306075336,True,8,1,True,True,True
120330026062,2025-07-30,7,0.251953125,2.032272905920594,3.3204432610113552,True,5,1,True,True,True
120910207023,2025-07-30,7,0.560546875,6.332923175201471,1.0168216077870138,False,6,1,True,True,False
121319505021,2025-07-30,7,1.775390625,9.788084325293225,0.5337724115738536,False,12,1,True,True,False
120910205001,2025-07-30,7,0.267578125,1.5976632868752294,4.2139178701211355,True,7,1,True,True,True
120330040003,2025-07-30,6,2.484375,16.19812961829592,0.21703894726395281,False,6,1,True,True,False
120330039002,2025-07-30,6,4.677734375,24.00088983069414,0.055092358422019316,False,5,1,True,True,False
120330036113,2025-07-30,6,0.1171875,0.5435419642746941,10.823106377536208,True,6,1,True,True,True
120330037001,2025-07-30,6,0.486328125,3.325141227339295,1.6581767504088598,False,6,1,True,True,False
120910203032,2025-07-30,6,0.87109375,4.343267995825453,1.1808864327344446,False,5,1,True,True,False
120330033012,2025-07-30,6,0.455078125,2.9724655526338593,1.865428472362522,False,6,1,True,True,False
120330026022,2025-07-30,5,0.1953125,1.2778932867990904,3.759850333070409,True,3,0,False,True,False
120330036122,2025-07-30,5,0.48828125,3.296778267076822,1.368523565887383,False,5,1,True,True,False
120330036112,2025-07-30,4,0.2265625,1.0521795011042705,3.586305849942665,True,4,0,False,True,False
120910207021,2025-07-30,4,0.142578125,1.0474008431227124,3.6828516038802426,True,4,0,False,True,False
120910204001,2025-07-30,4,0.17578125,0.9734033416614768,3.9287092886619237,True,4,0,False,True,False
120330037003,2025-07-30,4,0.150390625,1.0685139028653015,3.6027695705942424,True,4,0,False,True,False
120330036111,2025-07-30,4,0.16015625,0.9330496129546562,4.11536931872304,True,3,0,False,True,False
120910207011,2025-07-30,3,0.08203125,0.5674723154191078,5.142046000684506,True,3,0,False,True,False
121319505012,2025-07-30,2,13.455078125,54.720084121427625,-0.20933955619622943,False,7,0,True,True,False
121319505022,2025-07-30,2,3.001953125,14.118106654664265,-0.07096936930059103,False,8,0,True,True,False
121319505011,2025-07-30,2,4.216796875,23.967400215414717,-0.09249217082686588,False,25,0,True,True,False
120330009003,2025-07-30,1,0.02734375,0.26400938243127225,3.6841730435591806,True,1,0,False,True,False
120910206021,2025-07-30,1,0.02734375,0.23247661540965528,4.183888552773568,True,1,0,False,True,False
120910208001,2025-07-31,214,66.595703125,226.04819685297892,0.6520923366217839,False,102,5,True,True,False
121319502021,2025-07-31,64,3.45703125,15.665351516515923,3.8647692447992483,True,48,2,True,True,True
121319504002,2025-07-31,47,6.1875,26.67878067963113,1.5297738112581645,False,27,2,True,True,False
121319503053,2025-07-31,35,43.09765625,155.89971886707394,-0.05194144228639932,False,30,1,True,True,False
121319501024,2025-07-31,31,7.08203125,31.342079361827466,0.7631264178065502,False,31,1,True,True,False
121319504001,2025-07-31,29,6.40625,30.31761095875755,0.7452351714234781,False,25,1,True,True,False
120910201023,2025-07-31,24,8.41796875,38.34932022114185,0.4063183169909144,False,22,1,True,True,False
121319503042,2025-07-31,20,0.748046875,3.5347030053952624,5.446554659787373,True,19,1,True,True,True
121130108021,2025-07-31,17,21.01953125,76.84051907170081,-0.0523100481173133,False,17,1,True,True,False
120910201011,2025-07-31,17,7.80859375,35.84990569214942,0.2563857860304714,False,17,1,True,True,False
121130108083,2025-07-31,17,4.466796875,17.043023464741115,0.735386133272004,False,14,1,True,True,False
121319502011,2025-07-31,16,1.380859375,7.117786274665048,2.05388867561747,False,9,2,True,True,False
120910203061,2025-07-31,16,4.181640625,26.602462528256105,0.44425809687531737,False,14,1,True,True,False
121319503052,2025-07-31,16,3.205078125,18.006819038689855,0.7105598077877355,False,16,1,True,True,False
121319501032,2025-07-31,15,1.8984375,9.761411982614241,1.3421790334569221,False,15,1,True,True,False
121319501022,2025-07-31,12,5.3203125,21.95634651194597,0.3042258190070797,False,9,1,True,True,False
121130108082,2025-07-31,11,1.833984375,10.62276924176307,0.8628649852398289,False,11,1,True,True,False
121319503041,2025-07-31,10,0.49609375,2.9062292862717443,3.270184597923478,True,10,1,True,True,True
121130108092,2025-07-31,9,1.416015625,9.297053451517936,0.8157406445546205,False,9,1,True,True,False
121130107101,2025-07-31,9,5.873046875,30.85826281003802,0.10133276601632998,False,8,1,True,True,False
121319503032,2025-07-31,8,1.091796875,6.01704778806884,1.1481050788225788,False,8,1,True,True,False
121319503051,2025-07-31,7,1.0,5.748819329137132,1.0436925665048808,False,5,1,True,True,False
120910201022,2025-07-31,6,7.45703125,36.83514484388862,-0.03955546411382548,False,6,1,True,True,False
120910201012,2025-07-31,6,5.34765625,32.006301886428645,0.020381728333213268,False,6,1,True,True,False
120910203062,2025-07-31,5,1.427734375,6.371003013420702,0.5607069432356129,False,5,1,True,True,False
120910205005,2025-07-31,5,0.80078125,4.879703498960677,0.86054793101556,False,5,1,True,True,False
121319501031,2025-07-31,5,2.08203125,20.925857125886946,0.1394432128847062,False,5,1,True,True,False
120910211013,2025-07-31,5,0.171875,1.7183680192864554,2.8097153495703773,False,5,1,True,True,False
120910208001,2025-08-01,175,66.595703125,226.04819685297892,0.4795627586691427,False,135,2,True,True,False
120050002013,2025-08-01,148,32.587890625,137.41519387845497,0.8398788090135294,False,111,4,True,True,False
121319503053,2025-08-01,46,43.09765625,155.89971886707394,0.018616734982534824,False,34,2,True,True,False
120050003012,2025-08-01,25,2.990234375,14.025902175731852,1.5692228100009231,False,24,1,True,True,False
120050003021,2025-08-01,23,5.4453125,21.350511973861146,0.8222138898351351,False,22,1,True,True,False
121319505013,2025-08-01,20,15.85546875,68.12351084119011,0.060838485844655794,False,16,1,True,True,False
121319505012,2025-08-01,18,13.455078125,54.720084121427625,0.08305765511826528,False,7,3,True,True,False
121319502021,2025-08-01,17,3.45703125,15.665351516515923,0.864517386393896,False,17,1,True,True,False
120050002041,2025-08-01,16,7.814453125,34.00786639306215,0.24069569023800652,False,16,1,True,True,False
120910203061,2025-08-01,15,4.181640625,26.602462528256105,0.40666759190090607,False,15,1,True,True,False
121130107071,2025-08-01,11,2.603515625,11.853353268265453,0.7083636322119581,False,11,1,True,True,False
120050002012,2025-08-01,10,8.04296875,38.9559702959335,0.050237004370143716,False,9,1,True,True,False
121319503062,2025-08-01,9,3.3671875,16.49010666751634,0.3415873901589738,False,5,1,True,True,False
120050014021,2025-08-01,8,0.392578125,2.3880376196670783,3.1856373669944813,True,5,1,True,True,True
120050003022,2025-08-01,7,7.248046875,35.08913720788649,-0.007069050274175736,False,6,1,True,True,False
120050003011,2025-08-01,7,1.71484375,6.352706742019331,0.8319534435679005,False,7,1,True,True,False
120050005001,2025-08-01,7,6.83203125,32.275888581615796,0.005204155714420029,False,6,1,True,True,False
120050014024,2025-08-01,6,0.07421875,0.5439215572761086,10.894551191674724,True,6,1,True,True,True
120330036092,2025-08-01,5,0.197265625,1.1895469149088156,4.037448472865109,True,5,1,True,True,True
121130107113,2025-08-01,5,0.85546875,3.9192696430872243,1.0574754042019259,False,5,1,True,True,False
120330036083,2025-08-01,5,0.4921875,2.7505447779199064,1.638879881609862,False,5,1,True,True,False
120330036103,2025-08-01,4,0.173828125,0.8503818606679197,4.499357349879019,True,4,0,False,True,False
120330036081,2025-08-01,2,0.060546875,0.3569907026668995,5.432783292425582,True,2,0,False,True,False
120330036082,2025-08-01,2,0.091796875,0.5357759463861992,3.5615692303299573,True,2,0,False,True,False
120050014023,2025-08-01,2,0.046875,0.367130407092811,5.319976123650929,True,2,0,False,True,False
120330038001,2025-08-02,184,21.287109375,84.41335249877207,1.927572899410279,False,91,4,True,True,False
120910201021,2025-08-02,90,14.96484375,70.70081622753538,1.0613053745874088,False,57,4,True,True,False
120910201023,2025-08-02,81,8.41796875,38.34932022114185,1.8926549631507097,False,41,3,True,True,False
120910201012,2025-08-02,79,5.34765625,32.006301886428645,2.301182561213989,False,37,3,True,True,False
120910208001,2025-08-02,63,66.595703125,226.04819685297892,-0.015906798528185717,False,40,4,True,True,False
120330040001,2025-08-02,63,4.2421875,25.181997761346214,2.3333260949689976,False,30,3,True,True,False
120330039003,2025-08-02,61,6.3203125,25.12463915485053,2.1763372266957957,False,48,2,True,True,False
120330039002,2025-08-02,54,4.677734375,24.00088983069414,2.0550182086133733,False,37,3,True,True,False
120050002013,2025-08-02,42,32.587890625,137.41519387845497,0.06849394968161307,False,31,2,True,True,False
121130107071,2025-08-02,32,2.603515625,11.853353268265453,2.4800141959577067,False,17,2,True,True,False
120910201022,2025-08-02,31,7.45703125,36.83514484388862,0.639144188241357,False,20,3,True,True,False
120050003021,2025-08-02,28,5.4453125,21.350511973861146,1.0564003115060236,False,28,1,True,True,False
121319501022,2025-08-02,26,5.3203125,21.95634651194597,0.9418546700722105,False,23,1,True,True,False
120330039001,2025-08-02,24,9.318359375,33.52182183274139,0.4379726346096192,False,14,2,True,True,False
120330036083,2025-08-02,23,0.4921875,2.7505447779199064,8.183038022388235,True,14,2,True,True,True
120330040003,2025-08-02,21,2.484375,16.19812961829592,1.1430717889234847,False,15,2,True,True,False
120330036121,2025-08-02,20,1.09765625,8.054014956697099,2.3469466907659844,False,20,1,True,True,False
120910206012,2025-08-02,18,1.662109375,12.468398011231727,1.3103440081302002,False,17,1,True,True,False
120050003023,2025-08-02,17,8.814453125,41.20264875320031,0.19866554997545416,False,15,1,True,True,False
121130102003,2025-08-02,17,12.33203125,62.835254334293744,0.0742890086059913,False,16,1,True,True,False
121319501024,2025-08-02,16,7.08203125,31.342079361827466,0.2845366016417367,False,15,1,True,True,False
120330040002,2025-08-02,13,0.96875,6.790332139705296,1.7718205461039735,False,11,1,True,True,False
120330036071,2025-08-02,13,0.232421875,1.326636490319102,9.624021514687083,True,5,2,True,True,True
120330033051,2025-08-02,12,1.47265625,6.335007755576106,1.661772827465567,False,9,2,True,True,False
120330036084,2025-08-02,12,0.5078125,3.601469788567548,3.190971512930812,True,7,1,True,True,True
120330037001,2025-08-02,10,0.486328125,3.325141227339295,2.8611331743682453,False,8,1,True,True,False
120910201011,2025-08-02,10,7.80859375,35.84990569214942,0.06112725285299382,False,9,1,True,True,False
120910202001,2025-08-02,9,13.890625,58.77240381418688,-0.08321294829903601,False,9,1,True,True,False
120330032013,2025-08-02,9,0.125,0.6318363879478842,14.046357837706614,True,9,1,True,True,True
121130101001,2025-08-02,8,22.0703125,111.20237249814961,-0.12652888768388576,False,5,1,True,True,False
120330036132,2025-08-02,8,1.86328125,9.96946705501637,0.6155513345030983,False,8,1,True,True,False
120330036112,2025-08-02,8,0.2265625,1.0521795011042705,7.38793855215932,True,8,1,True,True,True
121319503042,2025-08-02,7,0.748046875,3.5347030053952624,1.7687350579262842,False,7,1,True,True,False
121319503043,2025-08-02,6,0.35546875,2.2510292003572623,2.507533553587023,False,6,1,True,True,False
120330036092,2025-08-02,6,0.197265625,1.1895469149088156,4.878104681936658,True,3,0,False,True,False
120330032033,2025-08-02,6,0.109375,0.6063509282098118,9.714877517201893,True,6,1,True,True,True
120330036122,2025-08-02,6,0.48828125,3.296778267076822,1.6718500012702142,False,5,1,True,True,False
120330033011,2025-08-02,6,0.203125,1.164439678629315,4.978252722222259,True,5,1,True,True,True
120330032041,2025-08-02,6,0.07421875,0.6428588415937548,9.217857586447742,True,5,1,True,True,True
121319502021,2025-08-02,5,3.45703125,15.665351516515923,0.09849563531167836,False,5,1,True,True,False
121130101002,2025-08-02,5,9.751953125,38.03442405252881,-0.12493821698041604,False,5,1,True,True,False
121130105061,2025-08-02,5,2.34375,11.621518269505675,0.22856307914344348,False,5,1,True,True,False
120330027042,2025-08-02,5,0.41796875,3.308222185165137,1.38504338388967,False,5,1,True,True,False
120330036082,2025-08-02,5,0.091796875,0.5357759463861992,9.160924744953105,True,4,0,False,True,False
120330036081,2025-08-02,4,0.060546875,0.3569907026668995,11.035170091462637,True,3,0,False,True,False
120330036091,2025-08-02,4,0.185546875,1.2061267656040382,3.1625640303983227,True,3,0,False,True,False
120330035071,2025-08-02,3,0.080078125,0.41901197007548163,6.968588211153012,True,3,0,False,True,False
120330020002,2025-08-02,3,0.091796875,0.577946880452059,5.0319557443155665,True,3,0,False,True,False
120330036111,2025-08-02,3,0.16015625,0.9330496129546562,3.043614948841964,True,3,0,False,True,False
120330031003,2025-08-02,3,0.078125,0.4658073814722679,6.272710816142263,True,3,0,False,True,False
120330036102,2025-08-02,3,0.150390625,0.8433229422247345,3.379025083181736,True,2,0,False,True,False
120330032011,2025-08-02,3,0.08203125,0.6629039587396656,4.401797140490361,True,3,0,False,True,False
120330035112,2025-08-02,3,0.0703125,0.40415830248034795,7.248861354623427,True,1,0,False,True,False
120330036113,2025-08-02,2,0.1171875,0.5435419642746941,3.463968973421283,True,2,0,False,True,False
120330033101,2025-08-02,2,0.072265625,0.4688457990821988,4.111659694453243,True,1,0,False,True,False
120330031002,2025-08-02,2,0.0625,0.3906940985851665,4.959122768980471,True,2,0,False,True,False
120330032034,2025-08-02,2,0.076171875,0.4597908502552804,4.184137470182088,True,1,0,False,True,False
120330014022,2025-08-02,2,0.09375,0.5551749076482041,3.433602588552016,True,2,0,False,True,False
120330032042,2025-08-02,2,0.041015625,0.2346612325890982,8.348138094161744,True,2,0,False,True,False
120330033083,2025-08-02,2,0.076171875,0.42896429420698984,4.484821116770356,True,2,0,False,True,False
120330030022,2025-08-02,1,0.03515625,0.2228053984913043,4.33043255025823,True,1,0,False,True,False
120330013001,2025-08-02,1,0.044921875,0.2999243116360724,3.18439715603612,True,1,0,False,True,False
120330004003,2025-08-02,1,0.037109375,0.2737537921173516,3.517359951628477,True,1,0,False,True,False
121130108021,2025-08-03,264,21.01953125,76.84051907170081,3.162139866901107,True,161,6,True,True,True
121130101004,2025-08-03,194,12.224609375,64.1884634903211,2.831901259833236,False,137,3,True,True,False
121130104001,2025-08-03,183,9.90234375,55.34798502701685,3.127442781620801,True,65,5,True,True,True
120910208001,2025-08-03,145,66.595703125,226.04819685297892,0.34684769870557264,False,54,7,True,True,False
120330038001,2025-08-03,124,21.287109375,84.41335249877207,1.2167848756687412,False,89,3,True,True,False
121130102003,2025-08-03,114,12.33203125,62.835254334293744,1.6180083907850507,False,75,5,True,True,False
121130101002,2025-08-03,108,9.751953125,38.03442405252881,2.5831348659128106,False,35,5,True,True,False
120910201023,2025-08-03,108,8.41796875,38.34932022114185,2.5967091639632445,False,87,4,True,True,False
121130104002,2025-08-03,97,3.611328125,15.867704915626064,5.885455544552855,True,46,4,True,True,True
120050007001,2025-08-03,73,6.94921875,39.802759290506025,1.6594523200745732,False,26,5,True,True,False
120910201021,2025-08-03,71,14.96484375,70.70081622753538,0.7925673173229414,False,56,3,True,True,False
121130101001,2025-08-03,70,22.0703125,111.20237249814961,0.43101317375937764,False,22,6,True,True,False
120050002041,2025-08-03,60,7.814453125,34.00786639306215,1.5345139936696006,False,34,4,True,True,False
121130107101,2025-08-03,60,5.873046875,30.85826281003802,1.7540505587823565,False,27,4,True,True,False
120050002042,2025-08-03,59,6.548828125,30.588896444758674,1.7147127870311702,False,31,3,True,True,False
121130103031,2025-08-03,57,6.490234375,34.901537520225176,1.4472074645917812,False,34,4,True,True,False
121130102004,2025-08-03,53,10.314453125,70.59817626033603,0.6046267642607915,False,16,5,True,True,False
120050002013,2025-08-03,51,32.587890625,137.41519387845497,0.13398889056828522,False,16,5,True,True,False
120330026011,2025-08-03,51,1.0234375,5.597685912355705,8.928075508789682,True,41,3,True,True,True
120050005001,2025-08-03,50,6.83203125,32.275888581615796,1.3374680186059473,False,33,2,True,True,False
120330038002,2025-08-03,44,6.328125,32.737193310235114,1.150736248003951,False,23,4,True,True,False
120050006001,2025-08-03,43,2.99609375,16.79273863361856,2.38221454658464,False,34,1,True,True,False
120910201012,2025-08-03,42,5.34765625,32.006301886428645,1.1451602212607193,False,37,2,True,True,False
121130108083,2025-08-03,35,4.466796875,17.043023464741115,1.7915367650679817,False,18,3,True,True,False
120330025001,2025-08-03,35,1.73828125,11.857514291832736,2.8051173231905895,False,22,3,True,True,False
120910202001,2025-08-03,34,13.890625,58.77240381418688,0.3421567554660043,False,13,3,True,True,False
121130101003,2025-08-03,34,5.4296875,43.05486121072455,0.663579249742963,False,31,1,True,True,False
120910201011,2025-08-03,34,7.80859375,35.84990569214942,0.7305850808900598,False,25,2,True,True,False
121130105061,2025-08-03,32,2.34375,11.621518269505675,2.5518395542015044,False,20,2,True,True,False
121130108081,2025-08-03,31,4.806640625,19.27085026929318,1.3592217784358678,False,12,3,True,True,False
120330039001,2025-08-03,28,9.318359375,33.52182183274139,0.557297891451511,False,17,3,True,True,False
120330036032,2025-08-03,27,3.5546875,16.948550483830033,1.3833225751292584,False,18,2,True,True,False
120330039004,2025-08-03,26,3.39453125,19.51627875325507,1.1582878598836213,False,13,3,True,True,False
121130102002,2025-08-03,26,5.32421875,34.781964973978646,0.5944397122321331,False,21,1,True,True,False
120910201022,2025-08-03,25,7.45703125,36.83514484388862,0.47625627167611323,False,21,1,True,True,False
121130105051,2025-08-03,23,1.58984375,11.621044005252527,1.8423608275059409,False,13,2,True,True,False
121130108094,2025-08-03,20,1.748046875,7.6145521982447875,2.3969831251806526,False,15,2,True,True,False
120050026071,2025-08-03,20,1.5703125,9.99231297013613,1.844386535437843,False,9,2,True,True,False
120910203051,2025-08-03,18,3.583984375,15.96941724137451,0.9027264681675506,False,9,2,True,True,False
121130109001,2025-08-03,16,1.111328125,7.50220506356647,1.9845727687856722,False,8,2,True,True,False
121130108082,2025-08-03,15,1.833984375,10.62276924176307,1.2394146314727652,False,13,1,True,True,False
120910203062,2025-08-03,14,1.427734375,6.371003013420702,1.9733573502502133,False,14,1,True,True,False
120050027062,2025-08-03,12,0.58203125,4.200119904983984,2.7184863785557902,False,11,1,True,True,False
121130108092,2025-08-03,11,1.416015625,9.297053451517936,1.030862565755736,False,8,2,True,True,False
120330026041,2025-08-03,11,1.4921875,7.282121466498447,1.3056377243555868,False,9,2,True,True,False
120330038003,2025-08-03,10,3.66796875,26.015558896018575,0.2433940118414698,False,7,1,True,True,False
121130109003,2025-08-03,10,1.0078125,7.076872941223625,1.2706441919593385,False,6,1,True,True,False
121130107092,2025-08-03,10,0.884765625,5.109409831820208,1.7840092447140286,False,6,1,True,True,False
120330026071,2025-08-03,10,0.8515625,7.389461839795936,1.238038398240465,False,6,1,True,True,False
120050026081,2025-08-03,10,0.728515625,5.271357391718295,1.7588419236317026,False,6,1,True,True,False
120050002012,2025-08-03,9,8.04296875,38.9559702959335,0.024566998145080263,False,8,1,True,True,False
120330039003,2025-08-03,9,6.3203125,25.12463915485053,0.10665576064532903,False,6,1,True,True,False
120330023001,2025-08-03,9,1.599609375,8.89434833658072,0.8320329207889955,False,7,1,True,True,False
121130108282,2025-08-03,9,0.46875,3.2990243472632352,2.5859918272737974,False,9,1,True,True,False
121130108093,2025-08-03,9,0.49609375,2.632772599497602,3.2300192776325445,True,8,1,True,True,True
120910203052,2025-08-03,8,4.34375,21.287405204774263,0.17175649003853177,False,5,1,True,True,False
120330036131,2025-08-03,7,1.935546875,10.023150604322845,0.5052755690227554,False,7,1,True,True,False
121130108201,2025-08-03,7,1.4609375,9.200231719833488,0.6020568469008355,False,7,1,True,True,False
120330033051,2025-08-03,7,1.47265625,6.335007755576106,0.8725078110811789,False,5,1,True,True,False
121319501041,2025-08-03,7,6.0078125,27.330189781327274,0.036303717900923224,False,7,1,True,True,False
121130107093,2025-08-03,7,0.353515625,1.65107666460321,4.025545583370773,True,5,1,True,True,True
120910205005,2025-08-03,7,0.80078125,4.879703498960677,1.2704088990899478,False,7,1,True,True,False
120050027081,2025-08-03,7,0.25,2.11323293194516,3.1941580589447143,True,7,1,True,True,True
121130108232,2025-08-03,6,0.173828125,1.1582506690176544,5.030147644931942,True,5,1,True,True,True
121130108084,2025-08-03,6,0.212890625,0.9608734222625619,6.022759336368296,True,4,0,False,True,False
121130108231,2025-08-03,6,1.05078125,7.040097580867818,0.7030042827034111,False,5,1,True,True,False
121130108271,2025-08-03,6,1.109375,7.9732766727485185,0.61337705948615,False,6,1,True,True,False
120910204004,2025-08-03,6,0.6328125,3.1013439262242404,1.7306005485610014,False,5,1,True,True,False
121130108251,2025-08-03,6,0.3515625,2.8064500596621507,2.0126627518467144,False,6,1,True,True,False
120050002031,2025-08-03,6,1.123046875,5.232976883043129,0.931965348595981,False,6,1,True,True,False
120910203061,2025-08-03,5,4.181640625,26.602462528256105,0.030762542156793582,False,5,1,True,True,False
121130107122,2025-08-03,5,0.1875,0.9931270663228412,4.845804895660325,True,5,1,True,True,True
120330003001,2025-08-03,5,0.34765625,2.6246301342260177,1.7725711860623512,False,5,1,True,True,False
120050027032,2025-08-03,4,0.14453125,0.7754863223832661,4.97167859537634,True,3,0,False,True,False
120330001001,2025-08-03,3,0.13671875,0.856001819204498,3.344947622495607,True,2,0,False,True,False
120050027112,2025-08-03,3,0.126953125,0.764613721177252,3.757514147897397,True,1,0,False,True,False
120050026082,2025-08-03,3,0.115234375,0.6740960053381978,4.2794581219224055,True,2,0,False,True,False
120050014031,2025-08-03,3,0.13671875,0.7381545819734875,3.878972399446328,True,1,0,False,True,False
120330036082,2025-08-03,3,0.091796875,0.5357759463861992,5.4280210685376735,True,3,0,False,True,False
120330010013,2025-08-03,2,0.09375,0.605745485294765,3.146948753687185,True,2,0,False,True,False
121130106011,2025-08-03,2,0.0703125,0.39928691330789107,4.832834324605108,True,2,0,False,True,False
120330034003,2025-08-03,2,0.099609375,0.5629109446916275,3.3760058192527547,True,2,0,False,True,False
120050026042,2025-08-03,2,0.06640625,0.36943440003544586,5.2339298934113305,True,1,0,False,True,False
120050018001,2025-08-03,2,0.076171875,0.4966212590114852,3.8738336108070404,True,1,0,False,True,False
120050026062,2025-08-03,2,0.02734375,0.26400938243127225,7.471917216856973,True,2,0,False,True,False
121130108133,2025-08-03,1,0.02734375,0.20567861759981043,4.72901005146048,True,1,0,False,True,False
120330018002,2025-08-03,1,0.046875,0.3028727426473822,3.1469487536871887,True,1,0,False,True,False
121130109004,2025-08-03,1,0.02734375,0.29878156843421255,3.2554091442028326,True,1,0,False,True,False
120330013001,2025-08-03,1,0.044921875,0.2999243116360724,3.18439715603612,True,1,0,False,True,False
121130106012,2025-08-03,1,0.029296875,0.1800225408532614,5.392119900092023,True,1,0,False,True,False
120050026044,2025-08-03,1,0.03125,0.23198285920889053,4.175955082645492,True,1,0,False,True,False
120330032042,2025-08-03,1,0.041015625,0.2346612325890982,4.086675776902708,True,1,0,False,True,False
120050026041,2025-08-03,1,0.033203125,0.21867572823560855,4.4211439596000375,True,1,0,False,True,False
120050002042,2025-08-04,95,6.548828125,30.588896444758674,2.8916104258529365,False,43,6,True,True,False
120050007001,2025-08-04,79,6.94921875,39.802759290506025,1.8101956380492936,False,28,4,True,True,False
120050002013,2025-08-04,66,32.587890625,137.41519387845497,0.24314712537940544,False,41,5,True,True,False
120050005002,2025-08-04,40,8.80859375,45.03147936099073,0.6926578183220886,False,20,2,True,True,False
121319505013,2025-08-04,34,15.85546875,68.12351084119011,0.26634756526713116,False,28,2,True,True,False
120910201021,2025-08-04,32,14.96484375,70.70081622753538,0.24094709451692906,False,56,1,True,True,False
120050005001,2025-08-04,28,6.83203125,32.275888581615796,0.6558446468940031,False,11,2,True,True,False
120330039003,2025-08-04,21,6.3203125,25.12463915485053,0.584274560503129,False,16,2,True,True,False
121319503053,2025-08-04,18,43.09765625,155.89971886707394,-0.1609858980656612,False,10,2,True,True,False
120330039002,2025-08-04,18,4.677734375,24.00088983069414,0.5550738209698578,False,16,1,True,True,False
120050026071,2025-08-04,18,1.5703125,9.99231297013613,1.6442326765687936,False,11,2,True,True,False
120050002041,2025-08-04,16,7.814453125,34.00786639306215,0.24069569023800652,False,10,2,True,True,False
121130102004,2025-08-04,16,10.314453125,70.59817626033603,0.08053390577731247,False,15,1,True,True,False
120050006001,2025-08-04,16,2.99609375,16.79273863361856,0.7743767430505094,False,6,1,True,True,False
121130101001,2025-08-04,13,22.0703125,111.20237249814961,-0.08156581821265485,False,17,1,True,True,False
120330039001,2025-08-04,13,9.318359375,33.52182183274139,0.10982817829441695,False,18,1,True,True,False
120910202001,2025-08-04,11,13.890625,58.77240381418688,-0.04918337199783279,False,10,1,True,True,False
120050027062,2025-08-04,11,0.58203125,4.200119904983984,2.480397937601195,False,7,1,True,True,False
121319505012,2025-08-04,9,13.455078125,54.720084121427625,-0.081415776246138,False,7,1,True,True,False
121130108021,2025-08-04,9,21.01953125,76.84051907170081,-0.15642178625556175,False,20,0,True,True,False
120910201023,2025-08-04,8,8.41796875,38.34932022114185,-0.010898987194291263,False,6,0,True,True,False
120330025001,2025-08-04,8,1.73828125,11.857514291832736,0.5280802195037598,False,9,1,True,True,False
120050027071,2025-08-04,8,0.7265625,5.362353141420958,1.356389127716536,False,7,1,True,True,False
121130107101,2025-08-04,7,5.873046875,30.85826281003802,0.03652030355491718,False,26,0,True,True,False
121130104001,2025-08-04,6,9.90234375,55.34798502701685,-0.07050561548166859,False,25,0,True,True,False
121319505023,2025-08-04,6,3.873046875,17.55565642460506,0.1211548616330277,False,5,1,True,True,False
120050027101,2025-08-04,6,0.09765625,0.5473958764887337,10.78258716134388,True,2,0,False,True,False
120050027131,2025-08-04,5,0.115234375,0.6912950096464135,7.066108617648608,True,5,1,True,True,True
120050027031,2025-08-04,5,0.2109375,1.2156986426840637,3.9393500427264883,True,2,0,False,True,False
120050027121,2025-08-04,5,0.162109375,1.4828074880853932,3.2626559171526055,True,4,0,False,True,False
121130108231,2025-08-04,3,1.05078125,7.040097580867818,0.2768738256266789,False,7,0,True,True,False
121130103031,2025-08-04,2,6.490234375,34.901537520225176,-0.12865434287523703,False,6,0,True,True,False
120330038002,2025-08-04,1,6.328125,32.737193310235114,-0.16275448385290223,False,10,0,True,True,False
121130108232,2025-08-04,1,0.173828125,1.1582506690176544,0.713292810528398,False,6,0,True,True,False
120050026061,2025-08-04,1,0.046875,0.29634102637652837,3.216311327709878,True,1,0,False,True,False
120050026044,2025-08-04,1,0.03125,0.23198285920889053,4.175955082645492,True,1,0,False,True,False
120050026041,2025-08-04,1,0.033203125,0.21867572823560855,4.4211439596000375,True,1,0,False,True,False
120330004003,2025-08-04,1,0.037109375,0.2737537921173516,3.517359951628477,True,1,0,False,True,False
120050019002,2025-08-04,1,0.015625,0.1524426041296069,6.457348361505837,True,1,0,False,True,False
121319505013,2025-08-05,183,15.85546875,68.12351084119011,2.453551339120619,False,157,2,True,True,False
120050002013,2025-08-05,71,32.587890625,137.41519387845497,0.27953320364977885,False,55,2,True,True,False
120330038001,2025-08-05,56,21.287109375,84.41335249877207,0.41122511542833173,False,40,3,True,True,False
121319505011,2025-08-05,43,4.216796875,23.967400215414717,1.6181647895234148,False,41,1,True,True,False
121319501023,2025-08-05,37,12.2109375,66.86814461817453,0.37071557228854857,False,37,1,True,True,False
121319505012,2025-08-05,34,13.455078125,54.720084121427625,0.37545486643276,False,29,2,True,True,False
120050007001,2025-08-05,33,6.94921875,39.802759290506025,0.6544968669097717,False,25,2,True,True,False
120050005001,2025-08-05,29,6.83203125,32.275888581615796,0.6868275274263642,False,17,3,True,True,False
120330036032,2025-08-05,28,3.5546875,16.948550483830033,1.4423246709694935,False,21,2,True,True,False
121130107101,2025-08-05,24,5.873046875,30.85826281003802,0.587426234476926,False,21,1,True,True,False
121319506101,2025-08-05,21,2.51953125,18.67613590189436,0.9895231458518937,False,21,1,True,True,False
120330035121,2025-08-05,20,0.806640625,4.063068697963865,4.723857951163468,True,19,1,True,True,True
121319506111,2025-08-05,17,0.64453125,3.8669923099794627,4.229506406772984,True,17,1,True,True,True
121319503053,2025-08-05,16,43.09765625,155.89971886707394,-0.17381465756910375,False,16,1,True,True,False
121130108021,2025-08-05,15,21.01953125,76.84051907170081,-0.07833798265187542,False,13,1,True,True,False
121130108083,2025-08-05,15,4.466796875,17.043023464741115,0.6180360630724508,False,15,1,True,True,False
121319504003,2025-08-05,11,9.2421875,42.331604195878015,0.041524826034614694,False,10,1,True,True,False
120330026011,2025-08-05,11,1.0234375,5.597685912355705,1.7822655033178716,False,11,1,True,True,False
120050002042,2025-08-05,11,6.548828125,30.588896444758674,0.14551593526881537,False,6,2,True,True,False
121130108082,2025-08-05,9,1.833984375,10.62276924176307,0.6745901621233609,False,8,1,True,True,False
120050005002,2025-08-05,8,8.80859375,45.03147936099073,-0.01795618890327769,False,5,1,True,True,False
121319506102,2025-08-05,8,2.091796875,11.650544912789353,0.5071181793835485,False,8,1,True,True,False
120050026071,2025-08-05,7,1.5703125,9.99231297013613,0.5433864527890212,False,7,1,True,True,False
120050003023,2025-08-05,6,8.814453125,41.20264875320031,-0.06830757755061548,False,5,1,True,True,False
120330033051,2025-08-05,6,1.47265625,6.335007755576106,0.7146548078043014,False,6,1,True,True,False
120330035111,2025-08-05,6,0.166015625,1.1111326636513201,5.250484092357435,True,6,1,True,True,True
120050003022,2025-08-05,5,7.248046875,35.08913720788649,-0.06406674697304152,False,5,1,True,True,False
120330035073,2025-08-05,3,0.140625,0.7660545217754942,3.732599859045007,True,2,0,False,True,False
120330035071,2025-08-05,2,0.080078125,0.41901197007548163,4.582021546196262,True,2,0,False,True,False
120330011043,2025-08-05,2,0.025390625,0.19114405728666492,10.330477457840159,True,2,0,False,True,False
120050010001,2025-08-05,2,0.046875,0.3394337404971211,5.754068517583229,True,2,0,False,True,False
120330011044,2025-08-05,1,0.03125,0.2402705585201506,4.031913048217909,True,1,0,False,True,False
120910224003,2025-08-05,1,0.037109375,0.2808113833580887,3.428958660739649,True,1,0,False,True,False
120910228001,2025-08-05,1,0.01953125,0.13851806879105943,7.078273315223146,True,1,0,False,True,False
120910233052,2025-08-05,1,0.048828125,0.29931198625751165,3.1778609566997553,True,1,0,False,True,False
120330032042,2025-08-05,1,0.041015625,0.2346612325890982,4.086675776902708,True,1,0,False,True,False
120330035051,2025-08-05,1,0.033203125,0.26702516748144384,3.620620798102055,True,1,0,False,True,False
120330014023,2025-08-05,1,0.025390625,0.2011217167808118,4.845868415404176,True,1,0,False,True,False
121319501023,2025-08-06,373,12.2109375,66.86814461817453,5.395529733330433,True,314,2,True,True,True
121319505013,2025-08-06,140,15.85546875,68.12351084119011,1.8223448808944447,False,106,3,True,True,False
121319501024,2025-08-06,133,7.08203125,31.342079361827466,4.017537167727282,True,82,4,True,True,True
120050007001,2025-08-06,122,6.94921875,39.802759290506025,2.8905227502014554,False,59,3,True,True,False
121319505012,2025-08-06,119,13.455078125,54.720084121427625,1.9288150515410132,False,84,2,True,True,False
120050002013,2025-08-06,88,32.587890625,137.41519387845497,0.40324586976904847,False,60,3,True,True,False
121319501021,2025-08-06,75,4.578125,23.180010071775058,3.0380433305224743,True,58,2,True,True,True
121319503061,2025-08-06,74,2.716796875,14.833580111273319,4.805529251217361,True,72,1,True,True,True
120050005001,2025-08-06,51,6.83203125,32.275888581615796,1.3684508991383084,False,30,3,True,True,False
120050003023,2025-08-06,39,8.814453125,41.20264875320031,0.7326118050275935,False,31,2,True,True,False
121319504003,2025-08-06,37,9.2421875,42.331604195878015,0.6557231417821601,False,16,3,True,True,False
120050003022,2025-08-06,37,7.248046875,35.08913720788649,0.847896400208811,False,21,3,True,True,False
121319501022,2025-08-06,33,5.3203125,21.95634651194597,1.260669095604776,False,14,4,True,True,False
120910208001,2025-08-06,32,66.595703125,226.04819685297892,-0.15304569382387484,False,24,1,True,True,False
120050003021,2025-08-06,32,5.4453125,21.350511973861146,1.2437494488427343,False,20,2,True,True,False
121319503053,2025-08-06,30,43.09765625,155.89971886707394,-0.08401334104500574,False,23,2,True,True,False
120050003012,2025-08-06,30,2.990234375,14.025902175731852,1.9257061176238146,False,25,1,True,True,False
121319505023,2025-08-06,30,3.873046875,17.55565642460506,1.4882356143847673,False,29,1,True,True,False
120050006001,2025-08-06,28,2.99609375,16.79273863361856,1.4889713223990118,False,16,3,True,True,False
121319504001,2025-08-06,23,6.40625,30.31761095875755,0.5473303956097744,False,16,1,True,True,False
121319505022,2025-08-06,22,3.001953125,14.118106654664265,1.3456511797014599,False,21,1,True,True,False
120050005002,2025-08-06,21,8.80859375,45.03147936099073,0.27073075153202736,False,19,1,True,True,False
121319504002,2025-08-06,18,6.1875,26.67878067963113,0.4427676115280139,False,12,1,True,True,False
120050002012,2025-08-06,16,8.04296875,38.9559702959335,0.20425704172052447,False,12,1,True,True,False
121319505011,2025-08-06,15,4.216796875,23.967400215414717,0.44991125562566214,False,12,1,True,True,False
121319501033,2025-08-06,14,3.810546875,18.033813806426075,0.5650193150696246,False,8,2,True,True,False
120050003011,2025-08-06,12,1.71484375,6.352706742019331,1.619019524696439,False,7,1,True,True,False
121319506053,2025-08-06,11,1.599609375,9.622921909181514,0.9768748737356799,False,11,1,True,True,False
121319506052,2025-08-06,10,2.744140625,16.978718256217732,0.42735024313998793,False,10,1,True,True,False
120910208003,2025-08-06,9,1.517578125,9.640285843712489,0.7761618271806874,False,9,1,True,True,False
121319503062,2025-08-06,9,3.3671875,16.49010666751634,0.3415873901589738,False,7,1,True,True,False
121319502011,2025-08-06,8,1.380859375,7.117786274665048,0.92994371698966,False,7,1,True,True,False
120050004021,2025-08-06,7,1.884765625,13.451092912177986,0.38028392253308335,False,6,1,True,True,False
121319501042,2025-08-06,6,3.833984375,19.130660459385076,0.11322220838107035,False,5,1,True,True,False
121319505021,2025-08-06,6,1.775390625,9.788084325293225,0.4316073742931758,False,6,1,True,True,False
121319502012,2025-08-06,3,0.078125,0.42170792426218234,6.9286698966164675,True,2,0,False,True,False
120050015012,2025-08-06,2,0.0703125,0.41843233197060214,4.611707443619759,True,2,0,False,True,False
120910219024,2025-08-06,2,0.087890625,0.5613879254904733,3.4060393681061605,True,2,0,False,True,False
121319502022,2025-08-06,2,0.068359375,0.539274394491168,3.5819253514207703,True,2,0,False,True,False
120050026041,2025-08-06,1,0.033203125,0.21867572823560855,4.4211439596000375,True,1,0,False,True,False
120050014044,2025-08-06,1,0.041015625,0.31323909662368193,3.0615091964465124,True,1,0,False,True,False
120050014041,2025-08-06,1,0.015625,0.13901385984484715,7.081128465166403,True,1,0,False,True,False
120910208001,2025-08-07,239,66.595703125,226.04819685297892,0.762688219924759,False,185,4,True,True,False
120330036032,2025-08-07,44,3.5546875,16.948550483830033,2.3863582044132525,False,41,2,True,True,False
120330036121,2025-08-07,30,1.09765625,8.054014956697099,3.5885634562879765,True,25,2,True,True,True
121130108201,2025-08-07,21,1.4609375,9.200231719833488,2.123757650351184,False,20,1,True,True,False
120330026011,2025-08-07,19,1.0234375,5.597685912355705,3.211427504412234,True,16,2,True,True,True
120330036144,2025-08-07,19,0.642578125,3.440745776824243,5.335303177191902,True,19,1,True,True,True
120330038003,2025-08-07,18,3.66796875,26.015558896018575,0.5509023007071886,False,18,1,True,True,False
120330033012,2025-08-07,14,0.455078125,2.9724655526338593,4.556796919983829,True,14,1,True,True,True
120330036034,2025-08-07,10,1.140625,10.981203919895702,0.8067762938040536,False,8,1,True,True,False
120910232002,2025-08-07,10,0.96875,5.28919069049979,1.7074918505437005,False,10,1,True,True,False
120330033082,2025-08-07,10,0.357421875,1.960266664272672,4.919013469311705,True,10,1,True,True,True
120910223001,2025-08-07,10,0.201171875,2.0001366376392906,4.899079363180559,True,10,1,True,True,True
120910224001,2025-08-07,10,0.173828125,1.0005177689664546,9.821086821027215,True,9,1,True,True,True
120330036131,2025-08-07,9,1.935546875,10.023150604322845,0.7048136263614756,False,9,1,True,True,False
120330033051,2025-08-07,9,1.47265625,6.335007755576106,1.1882138176349342,False,9,1,True,True,False
120330038001,2025-08-07,8,21.287109375,84.41335249877207,-0.15740530356489849,False,8,1,True,True,False
120330036143,2025-08-07,8,2.064453125,13.650435506760115,0.4348247257064095,False,8,1,True,True,False
121130102003,2025-08-07,6,12.33203125,62.835254334293744,-0.10077195225967522,False,5,1,True,True,False
120330040001,2025-08-07,6,4.2421875,25.181997761346214,0.0698043307230454,False,6,1,True,True,False
120330036033,2025-08-07,6,1.181640625,6.99512094736385,0.688817164314482,False,5,1,True,True,False
120910215012,2025-08-07,6,0.154296875,1.0950971924044617,5.338067858766783,True,6,1,True,True,True
120330039004,2025-08-07,5,3.39453125,19.51627875325507,0.08226305692278699,False,5,1,True,True,False
120910215011,2025-08-07,5,0.189453125,1.315735749077001,3.6561649087779493,True,5,1,True,True,True
120330033011,2025-08-07,5,0.203125,1.164439678629315,4.119470581461546,True,5,1,True,True,True
120910216001,2025-08-07,5,0.119140625,0.673415254824635,7.247919229675055,True,5,1,True,True,True
120330036111,2025-08-07,5,0.16015625,0.9330496129546562,5.187123688604117,True,4,0,False,True,False
120910215021,2025-08-07,5,0.220703125,1.537566473114764,3.108351384196235,True,5,1,True,True,True
120910223002,2025-08-07,5,0.080078125,0.5796901744772964,8.48715760869376,True,5,1,True,True,True
120910217001,2025-08-07,5,0.119140625,0.7658723865472225,6.372940793706308,True,5,1,True,True,True
120910224002,2025-08-07,3,0.0625,0.515892250465172,5.694018464807917,True,3,0,False,True,False
120910224003,2025-08-07,3,0.037109375,0.2808113833580887,10.551177055460544,True,3,0,False,True,False
120910216002,2025-08-07,2,0.03515625,0.2630811989123036,7.468582924677062,True,2,0,False,True,False
120910224004,2025-08-07,2,0.046875,0.6393413318031758,3.0549018229299754,True,2,0,False,True,False
120910215022,2025-08-07,1,0.041015625,0.2584716175033432,3.710211528302894,True,1,0,False,True,False
120910215013,2025-08-07,1,0.03515625,0.25553438691550245,3.7757883064052935,True,1,0,False,True,False
120330034004,2025-08-08,3,0.103515625,0.5827152716533213,4.970668379398893,True,3,0,False,True,False
120050002013,2025-08-10,25,32.587890625,137.41519387845497,-0.05521871643765652,False,20,1,True,True,False
120050002042,2025-08-10,11,6.548828125,30.588896444758674,0.14551593526881537,False,11,1,True,True,False
121130108021,2025-08-11,106,21.01953125,76.84051907170081,1.1059330386707007,False,45,5,True,True,False
121130107101,2025-08-11,106,5.873046875,30.85826281003802,3.244737195394851,True,68,4,True,True,True
120910208001,2025-08-11,66,66.595703125,226.04819685297892,-0.0026352925318287035,False,44,2,True,True,False
121130108083,2025-08-11,44,4.466796875,17.043023464741115,2.3196120809659706,False,34,3,True,True,False
121130103021,2025-08-11,36,4.54296875,25.73571287523765,1.2223104680448653,False,33,1,True,True,False
121130107092,2025-08-11,25,0.884765625,5.109409831820208,4.719769047457491,True,18,2,True,True,True
120330035121,2025-08-11,24,0.806640625,4.063068697963865,5.7083355215290705,True,21,1,True,True,True
121130101001,2025-08-11,20,22.0703125,111.20237249814961,-0.018617520952931555,False,7,2,True,True,False
121130107113,2025-08-11,18,0.85546875,3.9192696430872243,4.374419933121821,True,14,1,True,True,True
120330033051,2025-08-11,17,1.47265625,6.335007755576106,2.4510378438499547,False,10,2,True,True,False
121130101002,2025-08-11,16,9.751953125,38.03442405252881,0.16427347148390914,False,12,1,True,True,False
120910201011,2025-08-11,15,7.80859375,35.84990569214942,0.20059763369404923,False,14,1,True,True,False
121130103031,2025-08-11,13,6.490234375,34.901537520225176,0.1865180186181666,False,13,1,True,True,False
121130108081,2025-08-11,12,4.806640625,19.27085026929318,0.37327669897690713,False,11,1,True,True,False
121130108131,2025-08-11,12,0.203125,1.3769666597256762,8.567291674549486,True,12,1,True,True,True
120050002042,2025-08-11,11,6.548828125,30.588896444758674,0.14551593526881537,False,7,1,True,True,False
121130104001,2025-08-11,10,9.90234375,55.34798502701685,0.0017644047918335482,False,9,1,True,True,False
121319503053,2025-08-11,9,43.09765625,155.89971886707394,-0.21871531583115275,False,6,1,True,True,False
120050002041,2025-08-11,9,7.814453125,34.00786639306215,0.03486096014661655,False,8,1,True,True,False
120050002013,2025-08-11,8,32.587890625,137.41519387845497,-0.17893138255692612,False,6,1,True,True,False
120910202001,2025-08-11,8,13.890625,58.77240381418688,-0.10022773644963763,False,7,1,True,True,False
121130107053,2025-08-11,8,0.333984375,1.5091946971170622,5.079540525582285,True,8,1,True,True,True
121130107093,2025-08-11,7,0.353515625,1.65107666460321,4.025545583370773,True,5,1,True,True,True
120910201022,2025-08-11,7,7.45703125,36.83514484388862,-0.01240747801961818,False,6,1,True,True,False
121130107122,2025-08-11,7,0.1875,0.9931270663228412,6.8596458912594205,True,3,0,False,True,False
120330038003,2025-08-11,6,3.66796875,26.015558896018575,0.08963986740861041,False,6,1,True,True,False
121130109001,2025-08-11,6,1.111328125,7.50220506356647,0.6516313315322757,False,5,1,True,True,False
120330011031,2025-08-11,6,0.345703125,1.9413164309504716,2.9126096008117788,False,5,1,True,True,False
121319501044,2025-08-11,6,2.0859375,13.879987335528877,0.2819932328022445,False,6,1,True,True,False
121319504003,2025-08-11,5,9.2421875,42.331604195878015,-0.10021324683020347,False,5,1,True,True,False
121130101004,2025-08-11,5,12.224609375,64.1884634903211,-0.11255308169340103,False,5,1,True,True,False
120910203051,2025-08-11,5,3.583984375,15.96941724137451,0.08867046327346893,False,5,1,True,True,False
120330036091,2025-08-11,4,0.185546875,1.2061267656040382,3.1625640303983227,True,4,0,False,True,False
120330033102,2025-08-11,4,0.095703125,0.5635895351574083,6.927553887084766,True,4,0,False,True,False
121130107042,2025-08-11,4,0.126953125,0.9244959983836583,4.189360345281578,True,2,0,False,True,False
120330001001,2025-08-11,3,0.13671875,0.856001819204498,3.344947622495607,True,3,0,False,True,False
120330015001,2025-08-11,3,0.056640625,0.4497388280480258,6.5445969781503734,True,2,0,False,True,False
120330010012,2025-08-11,2,0.07421875,0.5256245702451524,3.6637960989947853,True,2,0,False,True,False
120330010013,2025-08-11,2,0.09375,0.605745485294765,3.146948753687185,True,2,0,False,True,False
121130107044,2025-08-11,2,0.0859375,0.48098632762077687,3.979453032413638,True,1,0,False,True,False
120330030022,2025-08-11,2,0.03515625,0.2228053984913043,8.81865414080927,True,1,0,False,True,False
120330011042,2025-08-11,2,0.021484375,0.16997566232487185,11.639993619901263,True,2,0,False,True,False
120330013001,2025-08-11,2,0.044921875,0.2999243116360724,6.518571683419542,True,2,0,False,True,False
120330033083,2025-08-11,2,0.076171875,0.42896429420698984,4.484821116770356,True,2,0,False,True,False
120330011044,2025-08-11,1,0.03125,0.2402705585201506,4.031913048217909,True,1,0,False,True,False
120330009003,2025-08-11,1,0.02734375,0.26400938243127225,3.6841730435591806,True,1,0,False,True,False
120330005002,2025-08-11,1,0.021484375,0.15804376437533252,6.191421906884969,True,1,0,False,True,False
120330032042,2025-08-11,1,0.041015625,0.2346612325890982,4.086675776902708,True,1,0,False,True,False
120330021003,2025-08-11,1,0.037109375,0.27375379211735157,3.5173599516284777,True,1,0,False,True,False
120330010015,2025-08-11,1,0.017578125,0.14565995891162747,6.744625512327925,True,1,0,False,True,False
120330038001,2025-08-12,12,21.287109375,84.41335249877207,-0.11001943531546264,False,12,1,True,True,False
120910201021,2025-08-12,11,14.96484375,70.70081622753538,-0.05607917930169296,False,10,1,True,True,False
121130103021,2025-08-12,8,4.54296875,25.73571287523765,0.1343281713919913,False,6,1,True,True,False
121319501041,2025-08-12,7,6.0078125,27.330189781327274,0.036303717900923224,False,5,1,True,True,False
121130108021,2025-08-12,6,21.01953125,76.84051907170081,-0.1954636880574049,False,5,1,True,True,False
121319503053,2025-08-12,5,43.09765625,155.89971886707394,-0.2443728348380379,False,5,1,True,True,False
120910202001,2025-08-12,5,13.890625,58.77240381418688,-0.15127210090144247,False,5,1,True,True,False
121130107101,2025-08-12,5,5.873046875,30.85826281003802,-0.02829215890649563,False,5,1,True,True,False
120050008031,2025-08-12,1,0.03515625,0.3108198473313885,3.104189640024201,True,1,0,False,True,False
120050002013,2025-08-14,408,32.587890625,137.41519387845497,2.731954879072947,False,198,4,True,True,False
120330038001,2025-08-14,355,21.287109375,84.41335249877207,3.953318767073662,True,220,3,True,True,True
120910208001,2025-08-14,302,66.595703125,226.04819685297892,1.0413898458482562,False,209,3,True,True,False
120330039001,2025-08-14,149,9.318359375,33.52182183274139,4.166886910918736,True,105,3,True,True,True
120910203061,2025-08-14,133,4.181640625,26.602462528256105,4.842347178881433,True,91,2,True,True,True
120330036131,2025-08-14,115,1.935546875,10.023150604322845,11.280330665313647,True,108,2,True,True,True
121130102004,2025-08-14,91,10.314453125,70.59817626033603,1.1428842945951754,False,81,2,True,True,False
120330038002,2025-08-14,87,6.328125,32.737193310235114,2.464226979860804,False,86,1,True,True,False
120330038003,2025-08-14,82,3.66796875,26.015558896018575,3.0109686116329386,True,81,1,True,True,True
120050005002,2025-08-14,73,8.80859375,45.03147936099073,1.4254785132732477,False,44,4,True,True,False
120330039003,2025-08-14,73,6.3203125,25.12463915485053,2.6539560265535953,False,51,2,True,True,False
121319504001,2025-08-14,63,6.40625,30.31761095875755,1.8666955677011323,False,42,3,True,True,False
120910203062,2025-08-14,56,1.427734375,6.371003013420702,8.565725916318348,True,37,2,True,True,True
121130103031,2025-08-14,55,6.490234375,34.901537520225176,1.389903398865708,False,47,2,True,True,False
121130102003,2025-08-14,54,12.33203125,62.835254334293744,0.6631304224268696,False,45,2,True,True,False
121319504003,2025-08-14,49,9.2421875,42.331604195878015,0.9391992875117964,False,24,2,True,True,False
120050003021,2025-08-14,49,5.4453125,21.350511973861146,2.0399832825237554,False,44,2,True,True,False
120330036132,2025-08-14,42,1.86328125,9.96946705501637,4.0259643297385965,True,41,1,True,True,True
120050002012,2025-08-14,39,8.04296875,38.9559702959335,0.794667184896984,False,30,2,True,True,False
120910203052,2025-08-14,39,4.34375,21.287405204774263,1.628016644895143,False,27,2,True,True,False
120050005001,2025-08-14,39,6.83203125,32.275888581615796,0.9966563327499752,False,24,2,True,True,False
120330039004,2025-08-14,36,3.39453125,19.51627875325507,1.670680623198304,False,33,2,True,True,False
121319505013,2025-08-14,25,15.85546875,68.12351084119011,0.134234585638397,False,20,1,True,True,False
120330036144,2025-08-14,23,0.642578125,3.440745776824243,6.4978418416124795,True,21,1,True,True,True
120050003022,2025-08-14,22,7.248046875,35.08913720788649,0.4204136749673176,False,19,1,True,True,False
120050003011,2025-08-14,22,1.71484375,6.352706742019331,3.1931516869535157,True,22,1,True,True,True
120050003023,2025-08-14,19,8.814453125,41.20264875320031,0.24720611861655775,False,14,1,True,True,False
120330036133,2025-08-14,15,0.427734375,3.775325745558688,3.859869745582321,True,15,1,True,True,True
120050003012,2025-08-14,14,2.990234375,14.025902175731852,0.7849595332305621,False,13,1,True,True,False
121319501032,2025-08-14,14,1.8984375,9.761411982614241,1.2397348377011164,False,14,1,True,True,False
120330039002,2025-08-14,13,4.677734375,24.00088983069414,0.34674821157492514,False,10,1,True,True,False
121130102002,2025-08-14,13,5.32421875,34.781964973978646,0.22068279511357294,False,12,1,True,True,False
121130104001,2025-08-14,13,9.90234375,55.34798502701685,0.05596691999696015,False,13,1,True,True,False
120910201022,2025-08-14,13,7.45703125,36.83514484388862,0.15048043854562562,False,13,1,True,True,False
121130103021,2025-08-14,9,4.54296875,25.73571287523765,0.1731846819867368,False,6,1,True,True,False
120330036143,2025-08-14,8,2.064453125,13.650435506760115,0.4348247257064095,False,6,1,True,True,False
120910203051,2025-08-14,8,3.583984375,15.96941724137451,0.2765295413259493,False,7,1,True,True,False
121319505011,2025-08-14,7,4.216796875,23.967400215414717,0.11612453165487566,False,7,1,True,True,False
120910208001,2025-08-15,1395,66.595703125,226.04819685297892,5.876641863854328,True,525,8,True,True,True
121319503053,2025-08-15,351,43.09765625,155.89971886707394,1.9750025592575269,False,233,5,True,True,False
121319501024,2025-08-15,167,7.08203125,31.342079361827466,5.102340751034192,True,151,2,True,True,True
120050003012,2025-08-15,164,2.990234375,14.025902175731852,11.479458761917305,True,128,4,True,True,True
121319504002,2025-08-15,144,6.1875,26.67878067963113,5.165622134493495,True,85,5,True,True,True
121319504003,2025-08-15,115,9.2421875,42.331604195878015,2.4983180890247962,False,47,4,True,True,False
120330040001,2025-08-15,113,4.2421875,25.181997761346214,4.318871502202289,True,97,2,True,True,True
120330039003,2025-08-15,101,6.3203125,25.12463915485053,3.768399892888462,True,84,2,True,True,True
121130102003,2025-08-15,101,12.33203125,62.835254334293744,1.4111181643074449,False,78,3,True,True,False
120330038001,2025-08-15,99,21.287109375,84.41335249877207,0.9206231991097672,False,59,3,True,True,False
121319502021,2025-08-15,97,3.45703125,15.665351516515923,5.971329060275346,True,56,3,True,True,True
121130102004,2025-08-15,91,10.314453125,70.59817626033603,1.1428842945951754,False,56,3,True,True,False
120330039001,2025-08-15,80,9.318359375,33.52182183274139,2.1085262303961034,False,49,3,True,True,False
121130103031,2025-08-15,70,6.490234375,34.901537520225176,1.8196838918112583,False,53,3,True,True,False
121319501022,2025-08-15,68,5.3203125,21.95634651194597,2.854741223267603,False,49,3,True,True,False
120050003021,2025-08-15,65,5.4453125,21.350511973861146,2.7893798318705985,False,51,3,True,True,False
121319505023,2025-08-15,58,3.873046875,17.55565642460506,3.083163159261797,True,58,1,True,True,True
120330039002,2025-08-15,56,4.677734375,24.00088983069414,2.1383484523713467,False,48,3,True,True,False
121319506081,2025-08-15,51,1.44140625,6.745621496117649,7.346779504086136,True,51,1,True,True,True
121319501023,2025-08-15,50,12.2109375,66.86814461817453,0.5651280249479071,False,49,1,True,True,False
121130101002,2025-08-15,49,9.751953125,38.03442405252881,1.0319085368768848,False,42,3,True,True,False
120910201011,2025-08-15,44,7.80859375,35.84990569214942,1.0095258425721707,False,41,2,True,True,False
120050003011,2025-08-15,42,1.71484375,6.352706742019331,6.34141601146767,True,19,3,True,True,True
121319503052,2025-08-15,36,3.205078125,18.006819038689855,1.8212501499868519,False,31,1,True,True,False
121319502011,2025-08-15,34,1.380859375,7.117786274665048,4.582764832530042,True,25,2,True,True,True
121130108092,2025-08-15,34,1.416015625,9.297053451517936,3.504764659568564,True,24,2,True,True,True
121130104002,2025-08-15,31,3.611328125,15.867704915626064,1.726063852374039,False,25,2,True,True,False
120910201012,2025-08-15,31,5.34765625,32.006301886428645,0.8014779039773146,False,24,2,True,True,False
121130102001,2025-08-15,30,6.05859375,46.09609299080168,0.519380379043782,False,11,3,True,True,False
120910201023,2025-08-15,30,8.41796875,38.34932022114185,0.5627748060603666,False,27,2,True,True,False
121130105051,2025-08-15,28,1.58984375,11.621044005252527,2.2726147700725536,False,21,2,True,True,False
121319501021,2025-08-15,27,4.578125,23.180010071775058,0.9672935831594743,False,27,1,True,True,False
121130104001,2025-08-15,26,9.90234375,55.34798502701685,0.29084448588584205,False,25,2,True,True,False
121319504001,2025-08-15,25,6.40625,30.31761095875755,0.6132986542143423,False,15,2,True,True,False
120910203052,2025-08-15,25,4.34375,21.287405204774263,0.9703507685082863,False,20,2,True,True,False
121319503061,2025-08-15,25,2.716796875,14.833580111273319,1.5022134210247107,False,25,1,True,True,False
121319506071,2025-08-15,25,0.76171875,4.097856269189469,5.914868569754445,True,25,1,True,True,True
121130108021,2025-08-15,24,21.01953125,76.84051907170081,0.03878772275365408,False,19,2,True,True,False
121319501033,2025-08-15,24,3.810546875,18.033813806426075,1.119533191465346,False,23,1,True,True,False
121319505012,2025-08-15,22,13.455078125,54.720084121427625,0.15615695794688897,False,9,3,True,True,False
120330039004,2025-08-15,21,3.39453125,19.51627875325507,0.9020914782262797,False,19,1,True,True,False
120330040003,2025-08-15,20,2.484375,16.19812961829592,1.0813362661461827,False,9,3,True,True,False
120910203061,2025-08-15,19,4.181640625,26.602462528256105,0.557029611798551,False,14,1,True,True,False
120910212002,2025-08-15,19,1.34765625,5.8520769537157795,3.016423722656558,True,16,2,True,True,True
121319503043,2025-08-15,17,0.35546875,2.2510292003572623,7.394187177740003,True,17,1,True,True,True
121319503051,2025-08-15,15,1.0,5.748819329137132,2.4352826551780553,False,14,1,True,True,False
121319503042,2025-08-15,15,0.748046875,3.5347030053952624,4.03200865907157,True,14,1,True,True,True
120910211024,2025-08-15,15,0.279296875,1.662914558100936,8.85235086390198,True,15,1,True,True,True
121319503041,2025-08-15,14,0.49609375,2.9062292862717443,4.646538493638086,True,13,1,True,True,True
121130101001,2025-08-15,14,22.0703125,111.20237249814961,-0.07257320431840866,False,14,1,True,True,False
120910203051,2025-08-15,14,3.583984375,15.96941724137451,0.65224769743091,False,9,1,True,True,False
121130101003,2025-08-15,12,5.4296875,43.05486121072455,0.15260326744157285,False,8,1,True,True,False
121130108081,2025-08-15,12,4.806640625,19.27085026929318,0.37327669897690713,False,8,2,True,True,False
120910206012,2025-08-15,12,1.662109375,12.468398011231727,0.8291274160230903,False,10,1,True,True,False
120910204004,2025-08-15,12,0.6328125,3.1013439262242404,3.6652457032842167,True,12,1,True,True,True
121319503062,2025-08-15,11,3.3671875,16.49010666751634,0.4628722332667371,False,8,1,True,True,False
121319506052,2025-08-15,11,2.744140625,16.978718256217732,0.48624750410571443,False,11,1,True,True,False
121130108085,2025-08-15,10,0.494140625,2.2582670138453333,4.209360238058655,True,8,1,True,True,True
120910203062,2025-08-15,10,1.427734375,6.371003013420702,1.3455127249103909,False,7,1,True,True,False
121319503032,2025-08-15,10,1.091796875,6.01704778806884,1.4804939961859718,False,7,1,True,True,False
120050003023,2025-08-15,9,8.814453125,41.20264875320031,0.004503275411039882,False,9,1,True,True,False
121319501032,2025-08-15,9,1.8984375,9.761411982614241,0.7275138589220883,False,8,1,True,True,False
120330040002,2025-08-15,8,0.96875,6.790332139705296,1.0354795399308936,False,6,1,True,True,False
121130105061,2025-08-15,8,2.34375,11.621518269505675,0.4867049097054503,False,8,1,True,True,False
121130108094,2025-08-15,8,1.748046875,7.6145521982447875,0.8210532887857966,False,7,1,True,True,False
121130108091,2025-08-15,7,0.357421875,2.054821925269796,3.232678240051306,True,4,0,False,True,False
120910209002,2025-08-15,7,0.283203125,1.4016593094315901,4.792032435987486,True,7,1,True,True,True
121130107111,2025-08-15,7,0.10546875,0.9133760170555656,7.54840407593116,True,7,1,True,True,True
120910209004,2025-08-15,7,0.251953125,1.4661864259920043,4.602448062110759,True,7,1,True,True,True
121130108083,2025-08-15,6,4.466796875,17.043023464741115,0.08996074717446206,False,5,1,True,True,False
120910203041,2025-08-15,6,0.623046875,3.2224287514953387,1.6686026409443107,False,5,1,True,True,False
120910203031,2025-08-15,6,0.568359375,2.765317568764112,1.964201394571667,False,6,1,True,True,False
120910212005,2025-08-15,5,0.166015625,1.114649534554508,4.336775125404775,True,5,1,True,True,True
120910208002,2025-08-15,5,0.15234375,1.087301897290385,4.45842710481847,True,5,1,True,True,True
121130107121,2025-08-15,4,0.083984375,0.5185194032775847,7.552302961560719,True,4,0,False,True,False
120910210023,2025-08-15,4,0.10546875,0.6857576658856533,5.679165459959136,True,4,1,False,True,False
120910211021,2025-08-15,4,0.158203125,0.9933098586511376,3.867672148363611,True,4,1,False,True,False
120910233062,2025-08-15,4,0.068359375,0.5606248643281314,7.012961563365172,True,4,0,False,True,False
121130107112,2025-08-15,3,0.115234375,0.688458347350936,4.190181782383872,True,3,0,False,True,False
120910211012,2025-08-15,3,0.099609375,0.6590034608400908,4.4011766209886245,True,3,0,False,True,False
120910233081,2025-08-15,2,0.033203125,0.20953562893818448,9.386455587370435,True,2,0,False,True,False
120910210021,2025-08-15,2,0.0546875,0.34399730918712773,5.655022431997538,True,2,0,False,True,False
120910233061,2025-08-15,2,0.056640625,0.40870522938951087,4.754916833099554,True,2,0,False,True,False
120910210012,2025-08-15,2,0.078125,0.5324591253387958,3.609431989313996,True,2,0,False,True,False
120910233032,2025-08-15,1,0.044921875,0.265301943238465,3.5999665639144376,True,1,0,False,True,False
120910210013,2025-08-15,1,0.05078125,0.3086479812358074,3.0754089049906854,True,1,0,False,True,False
121130106012,2025-08-15,1,0.029296875,0.1800225408532614,5.392119900092023,True,1,0,False,True,False
121130106014,2025-08-15,1,0.03125,0.1953470492925833,4.959122768980469,True,1,0,False,True,False
121130108021,2025-08-16,203,21.01953125,76.84051907170081,2.368287863596963,False,131,2,True,True,False
121319505023,2025-08-16,106,3.873046875,17.55565642460506,5.817324664765276,True,148,1,True,True,True
121319503053,2025-08-16,78,43.09765625,155.89971886707394,0.22387688703761596,False,236,1,True,True,False
121319503061,2025-08-16,50,2.716796875,14.833580111273319,3.1875786405107562,True,71,1,True,True,True
121319506052,2025-08-16,50,2.744140625,16.978718256217732,2.7832406817690467,False,52,1,True,True,False
121319506081,2025-08-16,49,1.44140625,6.745621496117649,7.050290885335281,True,90,1,True,True,True
121130108201,2025-08-16,45,1.4609375,9.200231719833488,4.73238759912321,True,45,1,True,True,True
121319506071,2025-08-16,32,0.76171875,4.097856269189469,7.623078799730265,True,53,1,True,True,True
120910208001,2025-08-16,20,66.595703125,226.04819685297892,-0.2061317178093029,False,391,1,True,True,False
121130101002,2025-08-16,16,9.751953125,38.03442405252881,0.16427347148390914,False,15,0,True,True,False
120330038001,2025-08-16,15,21.287109375,84.41335249877207,-0.07448003412838575,False,22,1,True,True,False
121319505022,2025-08-16,15,3.001953125,14.118106654664265,0.8498339875507421,False,14,1,True,True,False
121319506043,2025-08-16,15,0.490234375,2.549682905680734,5.690811823176918,True,15,0,True,True,True
121130107113,2025-08-16,8,0.85546875,3.9192696430872243,1.8229241416449786,False,8,1,True,True,False
121319506073,2025-08-16,8,0.123046875,0.8500581848106639,9.26636936829737,True,8,1,True,True,True
121319506091,2025-08-16,7,0.4921875,2.362446222169275,2.754692334974853,False,8,0,True,True,False
121319506042,2025-08-16,7,0.0859375,0.5838980120312209,11.841216030086956,True,8,0,True,True,True
121319506051,2025-08-16,7,0.3359375,2.5297520240780145,2.6342749947709847,False,7,1,True,True,False
120330039001,2025-08-16,6,9.318359375,33.52182183274139,-0.09899102117889358,False,39,0,True,True,False
121130104002,2025-08-16,6,3.611328125,15.867704915626064,0.1505366962456999,False,23,0,True,True,False
121130108261,2025-08-16,6,0.224609375,1.6103687522882395,3.586377726712288,True,6,1,True,True,True
121319503062,2025-08-16,6,3.3671875,16.49010666751634,0.15966012549732897,False,6,1,True,True,False
121319506092,2025-08-16,6,0.08203125,0.5054588264583163,11.708112392588792,True,6,1,True,True,True
121130101001,2025-08-16,5,22.0703125,111.20237249814961,-0.15350672936662432,False,5,1,True,True,False
120330038002,2025-08-16,5,6.328125,32.737193310235114,-0.04056929949412519,False,5,1,True,True,False
121130107101,2025-08-16,5,5.873046875,30.85826281003802,-0.02829215890649563,False,5,1,True,True,False
121130108022,2025-08-16,5,0.2265625,1.2619051465248214,3.782722903655348,True,5,1,True,True,True
120910212002,2025-08-16,5,1.34765625,5.8520769537157795,0.6241106839309319,False,18,0,True,True,False
121130102003,2025-08-16,4,12.33203125,62.835254334293744,-0.1326012178716146,False,26,0,True,True,False
120910233051,2025-08-16,4,0.19921875,1.8953438093330985,2.0053254883278164,False,5,0,True,True,False
120910209002,2025-08-16,4,0.283203125,1.4016593094315901,2.651712045851755,False,9,0,True,True,False
121130102004,2025-08-16,3,10.314453125,70.59817626033603,-0.10360682828445043,False,22,0,True,True,False
121130105051,2025-08-16,3,1.58984375,11.621044005252527,0.12134505723949,False,21,0,True,True,False
121130108094,2025-08-16,3,1.748046875,7.6145521982447875,0.16441585695460656,False,6,0,True,True,False
120910211021,2025-08-16,3,0.158203125,0.9933098586511376,2.860936947569422,False,6,0,True,True,False
120910211024,2025-08-16,3,0.279296875,1.662914558100936,1.6361051815596999,False,15,0,True,True,False
120910233052,2025-08-16,3,0.048828125,0.29931198625751165,9.859851962162896,True,3,0,False,True,False
120330039003,2025-08-16,2,6.3203125,25.12463915485053,-0.17195520593838762,False,5,0,True,True,False
121130104001,2025-08-16,2,9.90234375,55.34798502701685,-0.14277563575517072,False,27,0,True,True,False
120910233081,2025-08-16,2,0.033203125,0.20953562893818448,9.386455587370435,True,4,0,False,True,False
120910210023,2025-08-16,2,0.10546875,0.6857576658856533,2.762683297974103,False,6,0,True,True,False
120910210013,2025-08-16,2,0.05078125,0.3086479812358074,6.31534585839651,True,3,0,False,True,False
120330040003,2025-08-16,1,2.484375,16.19812961829592,-0.09163866662255785,False,5,0,True,True,False
121130102001,2025-08-16,1,6.05859375,46.09609299080168,-0.10974018450998495,False,6,0,True,True,False
121130103031,2025-08-16,1,6.490234375,34.901537520225176,-0.15730637573827375,False,11,0,True,True,False
121130105061,2025-08-16,1,2.34375,11.621518269505675,-0.11562602827256553,False,6,0,True,True,False
120910208002,2025-08-16,1,0.15234375,1.087301897290385,0.7795960368618919,False,5,0,True,True,False
120910209004,2025-08-16,1,0.251953125,1.4661864259920043,0.5101990181732042,False,5,0,True,True,False
120050006001,2025-08-17,113,2.99609375,16.79273863361856,6.550682926117571,True,105,2,True,True,True
120330040001,2025-08-17,86,4.2421875,25.181997761346214,3.2466769822963117,True,77,2,True,True,True
120330039003,2025-08-17,15,6.3203125,25.12463915485053,0.345465160574229,False,13,1,True,True,False
120050007001,2025-08-17,15,6.94921875,39.802759290506025,0.20226691298561095,False,15,1,True,True,False
120330040003,2025-08-17,8,2.484375,16.19812961829592,0.3405099928185571,False,7,1,True,True,False
121130102003,2025-08-17,7,12.33203125,62.835254334293744,-0.08485731945370555,False,7,1,True,True,False
120330039002,2025-08-17,5,4.677734375,24.00088983069414,0.013427236543032774,False,5,1,True,True,False
120050002041,2025-08-18,162,7.814453125,34.00786639306215,4.533820060715569,True,162,1,True,True,True
120050002013,2025-08-18,154,32.587890625,137.41519387845497,0.8835421029379775,False,154,1,True,True,False
120050007001,2025-08-18,23,6.94921875,39.802759290506025,0.4032580036185713,False,23,1,True,True,False
120050006001,2025-08-18,15,2.99609375,16.79273863361856,0.7148271947714675,False,15,1,True,True,False
120050004022,2025-08-18,10,1.224609375,6.711436907675172,1.3075278432498558,False,9,1,True,True,False
120050004021,2025-08-18,8,1.884765625,13.451092912177986,0.45462732395994043,False,7,1,True,True,False
120050002031,2025-08-18,7,1.123046875,5.232976883043129,1.1230611669704873,False,7,1,True,True,False
120050011002,2025-08-18,2,0.060546875,0.4359640707538392,4.448653582040444,True,2,0,False,True,False
121130108021,2025-08-19,414,21.01953125,76.84051907170081,5.114234956993266,True,376,3,True,True,True
121319505013,2025-08-19,276,15.85546875,68.12351084119011,3.818718795284205,True,170,6,True,True,True
120050002013,2025-08-19,250,32.587890625,137.41519387845497,1.582154805729147,False,163,9,True,True,False
120050007001,2025-08-19,219,6.94921875,39.802759290506025,5.327539724126099,True,114,4,True,True,True
120050002041,2025-08-19,158,7.814453125,34.00786639306215,4.41620021494906,True,190,5,True,True,True
121319503053,2025-08-19,135,43.09765625,155.89971886707394,0.5894965328857292,False,63,5,True,True,False
120050005001,2025-08-19,135,6.83203125,32.275888581615796,3.971012863856641,True,93,4,True,True,True
121319505012,2025-08-19,105,13.455078125,54.720084121427625,1.6729674916408304,False,37,6,True,True,False
121319505011,2025-08-19,99,4.216796875,23.967400215414717,3.95467185731892,True,94,2,True,True,True
120910208001,2025-08-19,81,66.595703125,226.04819685297892,0.06372223744995635,False,28,6,True,True,False
120050026071,2025-08-19,79,1.5703125,9.99231297013613,7.748925372074804,True,68,2,True,True,True
120050003021,2025-08-19,71,5.4453125,21.350511973861146,3.0704035378756647,True,34,3,True,True,True
120050006001,2025-08-19,70,2.99609375,16.79273863361856,3.9900523501187704,True,45,2,True,True,True
120050002042,2025-08-19,58,6.548828125,30.588896444758674,1.6820211859527878,False,30,2,True,True,False
121319506102,2025-08-19,56,2.091796875,11.650544912789353,4.627097146831511,True,45,2,True,True,True
121319506101,2025-08-19,41,2.51953125,18.67613590189436,2.0604084780779974,False,24,3,True,True,False
121130107101,2025-08-19,37,5.873046875,30.85826281003802,1.0087072404761093,False,32,2,True,True,False
121319504003,2025-08-19,36,9.2421875,42.331604195878015,0.6321001296380236,False,19,2,True,True,False
121130108094,2025-08-19,35,1.748046875,7.6145521982447875,4.366895420674223,True,35,1,True,True,True
120050005002,2025-08-19,30,8.80859375,45.03147936099073,0.47059094106416166,False,18,3,True,True,False
120050003023,2025-08-19,29,8.814453125,41.20264875320031,0.4899089618220756,False,12,3,True,True,False
121319505021,2025-08-19,29,1.775390625,9.788084325293225,2.7814032317487642,False,22,2,True,True,False
120050003022,2025-08-19,17,7.248046875,35.08913720788649,0.27791943322015317,False,12,2,True,True,False
121130108201,2025-08-19,17,1.4609375,9.200231719833488,1.688985992222513,False,17,1,True,True,False
121319504001,2025-08-19,16,6.40625,30.31761095875755,0.31644149049378667,False,10,1,True,True,False
120050027071,2025-08-19,16,0.7265625,5.362353141420958,2.8482714765690953,False,8,2,True,True,False
120330026041,2025-08-19,15,1.4921875,7.282121466498447,1.854928204939038,False,8,2,True,True,False
120910201011,2025-08-19,15,7.80859375,35.84990569214942,0.20059763369404923,False,10,2,True,True,False
120050002012,2025-08-19,13,8.04296875,38.9559702959335,0.12724702304533408,False,5,1,True,True,False
120330039001,2025-08-19,12,9.318359375,33.52182183274139,0.07999686408394402,False,12,1,True,True,False
121130104001,2025-08-19,12,9.90234375,55.34798502701685,0.03789941492858461,False,11,2,True,True,False
121319506111,2025-08-19,12,0.64453125,3.8669923099794627,2.9365118520394233,False,8,1,True,True,False
121319506052,2025-08-19,11,2.744140625,16.978718256217732,0.48624750410571443,False,8,1,True,True,False
120050003011,2025-08-19,10,1.71484375,6.352706742019331,1.3041930922450236,False,6,1,True,True,False
120050003012,2025-08-19,10,2.990234375,14.025902175731852,0.49977288713224893,False,9,1,True,True,False
120050002031,2025-08-19,10,1.123046875,5.232976883043129,1.6963486220940063,False,9,1,True,True,False
120050027062,2025-08-19,10,0.58203125,4.200119904983984,2.2423094966465995,False,8,1,True,True,False
120050005003,2025-08-19,10,4.2421875,28.655384385927967,0.20093300520608393,False,9,1,True,True,False
120910209004,2025-08-19,10,0.251953125,1.4661864259920043,6.648572584079536,True,8,1,True,True,True
120910209003,2025-08-19,10,0.1484375,1.3611313571542505,7.2377749937352815,True,8,1,True,True,True
120330038001,2025-08-19,8,21.287109375,84.41335249877207,-0.15740530356489849,False,6,1,True,True,False
120330038002,2025-08-19,8,6.328125,32.737193310235114,0.0510695887749576,False,7,1,True,True,False
120910201023,2025-08-19,8,8.41796875,38.34932022114185,-0.010898987194291263,False,7,1,True,True,False
120910205005,2025-08-19,8,0.80078125,4.879703498960677,1.4753393831271415,False,8,1,True,True,False
120910206013,2025-08-19,8,1.185546875,6.740271389844577,1.01100574900696,False,8,1,True,True,False
120050027102,2025-08-19,8,0.4609375,2.571566165594677,2.93170076697466,False,7,1,True,True,False
121130108082,2025-08-19,7,1.833984375,10.62276924176307,0.4863153390068927,False,6,1,True,True,False
120910212002,2025-08-19,7,1.34765625,5.8520769537157795,0.9658696894631642,False,5,1,True,True,False
121319503062,2025-08-19,7,3.3671875,16.49010666751634,0.2203025470512106,False,5,1,True,True,False
121319506053,2025-08-19,7,1.599609375,9.622921909181514,0.5612007117970403,False,6,1,True,True,False
120050008062,2025-08-19,7,0.49609375,3.0224185788136158,2.1518879931425534,False,5,1,True,True,False
120330026011,2025-08-19,6,1.0234375,5.597685912355705,0.8890392526338953,False,5,1,True,True,False
121319506062,2025-08-19,6,1.5078125,10.349089672285661,0.43406595577482054,False,5,1,True,True,False
121130108242,2025-08-19,5,0.373046875,2.4301385716148967,1.9039873606570745,False,5,1,True,True,False
121130108092,2025-08-19,5,1.416015625,9.297053451517936,0.3854968021523895,False,5,1,True,True,False
120910211011,2025-08-19,5,0.19921875,1.2240893316179267,3.921920668693861,True,4,0,False,True,False
120050027061,2025-08-19,5,0.283203125,1.8736694153540716,2.5174114688255482,False,5,1,True,True,False
120050014031,2025-08-19,3,0.13671875,0.7381545819734875,3.878972399446328,True,2,0,False,True,False
120050017002,2025-08-19,2,0.0625,0.38565267319755836,5.023950654706019,True,1,0,False,True,False
120050015012,2025-08-19,2,0.0703125,0.41843233197060214,4.611707443619759,True,2,0,False,True,False
120050014044,2025-08-19,2,0.041015625,0.31323909662368193,6.253958704757336,True,2,0,False,True,False
120050017001,2025-08-19,2,0.080078125,0.522894242832972,3.6717211966192562,True,1,0,False,True,False
120050024001,2025-08-19,2,0.0546875,0.4774130180712236,4.074695130558391,True,1,0,False,True,False
120910210013,2025-08-19,1,0.05078125,0.3086479812358074,3.0754089049906854,True,1,0,False,True,False
120050026062,2025-08-19,1,0.02734375,0.26400938243127225,3.6841730435591806,True,1,0,False,True,False
121319505013,2025-08-20,206,15.85546875,68.12351084119011,2.7911733981718285,False,200,2,True,True,False
120910202001,2025-08-20,135,13.890625,58.77240381418688,2.0606503586767673,False,102,3,True,True,False
121319505012,2025-08-20,85,13.455078125,54.720084121427625,1.3074709774977118,False,60,3,True,True,False
121130101001,2025-08-20,85,22.0703125,111.20237249814961,0.5659023821730704,False,60,4,True,True,False
120050002012,2025-08-20,68,8.04296875,38.9559702959335,1.5390973654238242,False,58,2,True,True,False
120910201021,2025-08-20,56,14.96484375,70.70081622753538,0.5804056931667828,False,40,2,True,True,False
120050002011,2025-08-20,55,4.42578125,27.59687365966789,1.83260681531158,False,47,2,True,True,False
120910203051,2025-08-20,53,3.583984375,15.96941724137451,3.0944157121131552,True,43,3,True,True,True
120050002013,2025-08-20,41,32.587890625,137.41519387845497,0.0612167340275384,False,29,3,True,True,False
121319501041,2025-08-20,40,6.0078125,27.330189781327274,1.2437596581647006,False,37,1,True,True,False
120050003022,2025-08-20,25,7.248046875,35.08913720788649,0.5059102200156163,False,23,2,True,True,False
120050003023,2025-08-20,21,8.814453125,41.20264875320031,0.2957466872576613,False,11,2,True,True,False
120050002031,2025-08-20,21,1.123046875,5.232976883043129,3.7984026242135758,True,20,1,True,True,True
120050005003,2025-08-20,20,4.2421875,28.655384385927967,0.5499075597024033,False,20,1,True,True,False
120050005001,2025-08-20,20,6.83203125,32.275888581615796,0.40798160263511435,False,18,1,True,True,False
120050003021,2025-08-20,17,5.4453125,21.350511973861146,0.5411901838300689,False,11,2,True,True,False
120050014021,2025-08-20,17,0.392578125,2.3880376196670783,6.954422216060096,True,17,1,True,True,True
120050003011,2025-08-20,14,1.71484375,6.352706742019331,1.9338459571478543,False,11,1,True,True,False
121319501042,2025-08-20,12,3.833984375,19.130660459385076,0.42685487217426066,False,12,1,True,True,False
120910203041,2025-08-20,12,0.623046875,3.2224287514953387,3.5305522642573957,True,10,1,True,True,True
121319501023,2025-08-20,11,12.2109375,66.86814461817453,-0.01810933303016862,False,10,1,True,True,False
121319504002,2025-08-20,10,6.1875,26.67878067963113,0.14290383229211032,False,9,1,True,True,False
120050004021,2025-08-20,10,1.884765625,13.451092912177986,0.6033141268136546,False,10,1,True,True,False
120050014022,2025-08-20,10,0.34765625,2.5273909210698022,3.8190940980013983,True,10,1,True,True,True
120050002041,2025-08-20,9,7.814453125,34.00786639306215,0.03486096014661655,False,9,1,True,True,False
121130101004,2025-08-20,9,12.224609375,64.1884634903211,-0.05023658769283728,False,5,1,True,True,False
120050004022,2025-08-20,7,1.224609375,6.711436907675172,0.8605296756042341,False,7,1,True,True,False
121319504003,2025-08-20,6,9.2421875,42.331604195878015,-0.0765902346860671,False,6,1,True,True,False
121319503062,2025-08-20,6,3.3671875,16.49010666751634,0.15966012549732897,False,6,1,True,True,False
120050013012,2025-08-20,6,0.45703125,2.741667571283683,2.0217508526771217,False,6,1,True,True,False
120050012002,2025-08-20,5,0.482421875,4.444447666738546,1.0164543411791636,False,5,1,True,True,False
120050014031,2025-08-20,4,0.13671875,0.7381545819734875,5.23370218697465,True,4,0,False,True,False
120330038001,2025-08-21,876,21.287109375,84.41335249877207,10.125328106562682,True,571,5,True,True,True
120910208001,2025-08-21,610,66.595703125,226.04819685297892,2.4039311281409095,False,336,4,True,True,False
121319503053,2025-08-21,456,43.09765625,155.89971886707394,2.648512433188262,False,382,4,True,True,False
120050002013,2025-08-21,346,32.587890625,137.41519387845497,2.2807675085203165,False,310,4,True,True,False
121130101001,2025-08-21,276,22.0703125,111.20237249814961,2.2834916359740918,False,192,2,True,True,False
120330039002,2025-08-21,246,4.677734375,24.00088983069414,10.05472160937879,True,197,4,True,True,True
120330040003,2025-08-21,214,2.484375,16.19812961829592,13.058027684942797,True,180,2,True,True,True
120330039001,2025-08-21,199,9.318359375,33.52182183274139,5.6584526214423825,True,74,7,True,True,True
120050003022,2025-08-21,160,7.248046875,35.08913720788649,4.353254747189056,True,119,4,True,True,True
120050003023,2025-08-21,147,8.814453125,41.20264875320031,3.3538025116471863,True,80,3,True,True,True
121130104001,2025-08-21,141,9.90234375,55.34798502701685,2.3686075687490282,False,78,3,True,True,False
121130102003,2025-08-21,127,12.33203125,62.835254334293744,1.8248986172626565,False,74,4,True,True,False
121130103021,2025-08-21,112,4.54296875,25.73571287523765,4.175405273245524,True,111,1,True,True,True
121319505012,2025-08-21,109,13.455078125,54.720084121427625,1.746066794469454,False,78,2,True,True,False
120330039003,2025-08-21,83,6.3203125,25.12463915485053,3.051971693101762,True,32,5,True,True,True
121130103031,2025-08-21,82,6.490234375,34.901537520225176,2.1635082861676986,False,68,3,True,True,False
120330040001,2025-08-21,79,4.2421875,25.181997761346214,2.9687006252836508,False,43,5,True,True,False
121130101002,2025-08-21,67,9.751953125,38.03442405252881,1.505164027091235,False,53,2,True,True,False
121130102001,2025-08-21,67,6.05859375,46.09609299080168,1.3220514428882433,False,50,3,True,True,False
120910201021,2025-08-21,65,14.96484375,70.70081622753538,0.707702667660478,False,31,4,True,True,False
121130102004,2025-08-21,56,10.314453125,70.59817626033603,0.647120779813506,False,39,3,True,True,False
120050002012,2025-08-21,52,8.04296875,38.9559702959335,1.1283772658228088,False,47,2,True,True,False
120050005002,2025-08-21,51,8.80859375,45.03147936099073,0.9369313833058083,False,20,3,True,True,False
121319505013,2025-08-21,45,15.85546875,68.12351084119011,0.4278189848133618,False,38,2,True,True,False
120330038002,2025-08-21,45,6.328125,32.737193310235114,1.1812825440936452,False,25,3,True,True,False
121130101004,2025-08-21,44,12.224609375,64.1884634903211,0.49503273481209553,False,26,2,True,True,False
120330039004,2025-08-21,38,3.39453125,19.51627875325507,1.7731591758612406,False,36,2,True,True,False
121130105061,2025-08-21,38,2.34375,11.621518269505675,3.068123215325518,True,38,1,True,True,True
121130104002,2025-08-21,34,3.611328125,15.867704915626064,1.9151271111094397,False,22,2,True,True,False
121319504003,2025-08-21,31,9.2421875,42.331604195878015,0.5139850689173419,False,27,2,True,True,False
120330033051,2025-08-21,30,1.47265625,6.335007755576106,4.503126886449364,True,25,1,True,True,True
120050002011,2025-08-21,27,4.42578125,27.59687365966789,0.8179991338291204,False,23,2,True,True,False
121319504002,2025-08-21,27,6.1875,26.67878067963113,0.7801143631684054,False,20,2,True,True,False
121319503052,2025-08-21,27,3.205078125,18.006819038689855,1.3214394959972495,False,16,2,True,True,False
120330040004,2025-08-21,25,0.423828125,3.0975747399883815,7.934004483485742,True,17,2,True,True,True
121319503062,2025-08-21,25,3.3671875,16.49010666751634,1.3118661350210798,False,22,1,True,True,False
121130102002,2025-08-21,22,5.32421875,34.781964973978646,0.47943758388796076,False,19,1,True,True,False
120050004022,2025-08-21,21,1.224609375,6.711436907675172,2.9465211246171354,False,18,2,True,True,False
120330040002,2025-08-21,21,0.96875,6.790332139705296,2.9499661559809014,False,16,2,True,True,False
120330036032,2025-08-21,20,3.5546875,16.948550483830033,0.9703079042476138,False,11,2,True,True,False
121319504001,2025-08-21,20,6.40625,30.31761095875755,0.44837800770292247,False,16,1,True,True,False
121319505023,2025-08-21,20,3.873046875,17.55565642460506,0.9186186340715424,False,20,1,True,True,False
121319503061,2025-08-21,19,2.716796875,14.833580111273319,1.0977257683480597,False,14,2,True,True,False
121130103032,2025-08-21,17,1.19140625,6.670207469480236,2.3700302910116013,False,17,1,True,True,False
121130108142,2025-08-21,17,0.3671875,2.01897493415243,8.238246160783808,True,17,1,True,True,True
121319505022,2025-08-21,16,3.001953125,14.118106654664265,0.9206650150008446,False,15,1,True,True,False
120050003012,2025-08-21,15,2.990234375,14.025902175731852,0.8562561947551404,False,13,1,True,True,False
120050003021,2025-08-21,14,5.4453125,21.350511973861146,0.4006783308275358,False,13,1,True,True,False
120910212002,2025-08-21,14,1.34765625,5.8520769537157795,2.162026208825977,False,10,1,True,True,False
121319506052,2025-08-21,14,2.744140625,16.978718256217732,0.6629392870028938,False,14,1,True,True,False
120050004011,2025-08-21,14,0.390625,2.501613960435344,5.440237868528534,True,12,1,True,True,True
120910220013,2025-08-21,13,0.0546875,0.6538591594459695,19.798319428558397,True,13,1,True,True,True
120330036143,2025-08-21,12,2.064453125,13.650435506760115,0.727855669519087,False,12,1,True,True,False
120050002041,2025-08-21,10,7.814453125,34.00786639306215,0.0642659215882437,False,10,1,True,True,False
120050003011,2025-08-21,10,1.71484375,6.352706742019331,1.3041930922450236,False,9,1,True,True,False
120330027041,2025-08-21,9,0.451171875,2.54923314392085,3.353490105597587,True,8,1,True,True,True
121130108271,2025-08-21,9,1.109375,7.9732766727485185,0.9896339138674305,False,7,1,True,True,False
120910218021,2025-08-21,9,0.083984375,0.6929737838601234,12.866310144280574,True,9,1,True,True,True
120330036131,2025-08-21,8,1.935546875,10.023150604322845,0.6050445976921155,False,7,1,True,True,False
120330036034,2025-08-21,8,1.140625,10.981203919895702,0.6246469011992585,False,6,1,True,True,False
120330038003,2025-08-21,7,3.66796875,26.015558896018575,0.12807840351682526,False,6,1,True,True,False
120330027011,2025-08-21,7,0.623046875,4.707542361142082,1.354624692841406,False,6,1,True,True,False
121130107072,2025-08-21,7,0.455078125,2.6017331258360072,2.51560077780727,False,7,1,True,True,False
121319505011,2025-08-21,7,4.216796875,23.967400215414717,0.11612453165487566,False,7,1,True,True,False
120330036031,2025-08-21,7,0.779296875,5.128879238622584,1.2128776747472487,False,5,1,True,True,False
120910201023,2025-08-21,6,8.41796875,38.34932022114185,-0.06305115021744198,False,6,1,True,True,False
121130108081,2025-08-21,6,4.806640625,19.27085026929318,0.061925621253024775,False,6,1,True,True,False
120330036033,2025-08-21,6,1.181640625,6.99512094736385,0.688817164314482,False,5,1,True,True,False
120050004021,2025-08-21,6,1.884765625,13.451092912177986,0.3059405211062263,False,6,1,True,True,False
120050005003,2025-08-21,6,4.2421875,28.655384385927967,0.06134318340755615,False,6,1,True,True,False
121130107084,2025-08-21,5,0.208984375,1.4063308576449516,3.4067485605933854,True,5,1,True,True,True
120330025001,2025-08-21,5,1.73828125,11.857514291832736,0.27507609687188983,False,5,1,True,True,False
120910218023,2025-08-21,5,0.04296875,0.3222192113399755,15.38403383642388,True,5,1,True,True,True
120330014011,2025-08-21,4,0.0546875,0.3606602718661207,10.939138041421218,True,3,0,False,True,False
121130103012,2025-08-21,4,0.19140625,1.2157175065667987,3.132795019753821,True,4,0,False,True,False
120910212005,2025-08-21,4,0.166015625,1.114649534554508,3.439632149967504,True,2,0,False,True,False
120910220011,2025-08-21,4,0.046875,0.33943374049712116,11.646234679588453,True,4,0,False,True,False
120330033071,2025-08-21,3,0.078125,0.478244915925523,6.109578800948556,True,3,0,False,True,False
121130107082,2025-08-21,2,0.103515625,0.5551990032584518,3.4158641565809216,True,2,0,False,True,False
120910218011,2025-08-21,2,0.083984375,0.5109154361786657,3.7501619432965705,True,2,0,False,True,False
120330031002,2025-08-21,2,0.0625,0.3906940985851665,4.959122768980471,True,2,0,False,True,False
120910223002,2025-08-21,2,0.080078125,0.5796901744772964,3.3119793288392088,True,2,0,False,True,False
120330033133,2025-08-21,2,0.09765625,0.543809112899017,3.4981829191105462,True,2,0,False,True,False
120330035102,2025-08-21,1,0.04296875,0.3098345227808698,3.0888463990723833,True,1,0,False,True,False
121130106012,2025-08-21,1,0.029296875,0.1800225408532614,5.392119900092023,True,1,0,False,True,False
120910218024,2025-08-21,1,0.03515625,0.2630811989123034,3.6674751141058355,True,1,0,False,True,False
120910218022,2025-08-21,1,0.041015625,0.2802664090278288,3.4216885938149604,True,1,0,False,True,False
120330022001,2025-08-21,1,0.01171875,0.10772225920023014,9.174345741886265,True,1,0,False,True,False
120910208001,2025-08-22,371,66.595703125,226.04819685297892,1.3466344837644675,False,199,6,True,True,False
121319503053,2025-08-22,153,43.09765625,155.89971886707394,0.7049553684167124,False,88,3,True,True,False
120050002012,2025-08-22,109,8.04296875,38.9559702959335,2.591567620651426,False,85,2,True,True,False
121130101001,2025-08-22,92,22.0703125,111.20237249814961,0.6288506794327937,False,48,4,True,True,False
121130108021,2025-08-22,88,21.01953125,76.84051907170081,0.8716816278596417,False,44,5,True,True,False
121130107071,2025-08-22,88,2.603515625,11.853353268265453,7.204415699279703,True,79,1,True,True,True
121130105061,2025-08-22,82,2.34375,11.621518269505675,6.854203396901617,True,78,2,True,True,True
121319501021,2025-08-22,76,4.578125,23.180010071775058,3.0811839502592036,True,65,2,True,True,True
121130107101,2025-08-22,74,5.873046875,30.85826281003802,2.207737796012246,False,49,3,True,True,False
120330038001,2025-08-22,73,21.287109375,84.41335249877207,0.6126150554884341,False,28,5,True,True,False
120330036033,2025-08-22,72,1.181640625,6.99512094736385,10.123964961847914,True,70,1,True,True,True
121130102004,2025-08-22,71,10.314453125,70.59817626033603,0.8595908575770785,False,48,3,True,True,False
121130101004,2025-08-22,64,12.224609375,64.1884634903211,0.8066152048149143,False,44,2,True,True,False
121319501022,2025-08-22,62,5.3203125,21.95634651194597,2.5814717156682607,False,33,2,True,True,False
120330038002,2025-08-22,58,6.328125,32.737193310235114,1.5783843932596706,False,37,3,True,True,False
120050002013,2025-08-22,49,32.587890625,137.41519387845497,0.11943445926013585,False,27,3,True,True,False
120330039001,2025-08-22,49,9.318359375,33.52182183274139,1.1837554898714426,False,34,1,True,True,False
121130102001,2025-08-22,47,6.05859375,46.09609299080168,0.8881751921615075,False,43,1,True,True,False
120330039004,2025-08-22,45,3.39453125,19.51627875325507,2.1318341101815186,False,38,1,True,True,False
120330036032,2025-08-22,45,3.5546875,16.948550483830033,2.4453603002534874,False,42,1,True,True,False
120330035121,2025-08-22,44,0.806640625,4.063068697963865,10.630723373357085,True,38,2,True,True,True
121130102002,2025-08-22,39,5.32421875,34.781964973978646,0.9681966293506933,False,32,2,True,True,False
121130107113,2025-08-22,36,0.85546875,3.9192696430872243,8.967112357780138,True,24,3,True,True,True
120050005002,2025-08-22,35,8.80859375,45.03147936099073,0.5816243796931251,False,14,3,True,True,False
120330036132,2025-08-22,35,1.86328125,9.96946705501637,3.323820477778347,True,31,1,True,True,True
121130102003,2025-08-22,34,12.33203125,62.835254334293744,0.3448377663074759,False,19,2,True,True,False
120910201023,2025-08-22,32,8.41796875,38.34932022114185,0.6149269690835173,False,29,1,True,True,False
121130103031,2025-08-22,29,6.490234375,34.901537520225176,0.6449505444267537,False,20,2,True,True,False
121319505012,2025-08-22,28,13.455078125,54.720084121427625,0.26580591218982447,False,16,3,True,True,False
120330038003,2025-08-22,28,3.66796875,26.015558896018575,0.9352876617893371,False,18,2,True,True,False
121319501023,2025-08-22,27,12.2109375,66.86814461817453,0.22116753178134965,False,26,1,True,True,False
120050005003,2025-08-22,26,4.2421875,28.655384385927967,0.759292292400195,False,12,3,True,True,False
120050002011,2025-08-22,25,4.42578125,27.59687365966789,0.7455271565803733,False,24,1,True,True,False
120330033051,2025-08-22,24,1.47265625,6.335007755576106,3.556008866788098,True,23,1,True,True,True
121130104002,2025-08-22,23,3.611328125,15.867704915626064,1.2218951624129706,False,23,1,True,True,False
121319505013,2025-08-22,21,15.85546875,68.12351084119011,0.07551770580340403,False,12,2,True,True,False
121130105051,2025-08-22,21,1.58984375,11.621044005252527,1.670259250479296,False,20,1,True,True,False
121130105041,2025-08-22,21,0.58984375,3.164092567534893,6.450555985440499,True,20,1,True,True,True
121130107092,2025-08-22,20,0.884765625,5.109409831820208,3.7411824465430032,True,12,2,True,True,True
121130101003,2025-08-22,19,5.4296875,43.05486121072455,0.31518653453746975,False,18,1,True,True,False
121130103021,2025-08-22,19,4.54296875,25.73571287523765,0.5617497879341918,False,7,3,True,True,False
121319504002,2025-08-22,18,6.1875,26.67878067963113,0.4427676115280139,False,16,2,True,True,False
120050014022,2025-08-22,18,0.34765625,2.5273909210698022,6.984413690355451,True,18,1,True,True,True
120050003022,2025-08-22,17,7.248046875,35.08913720788649,0.27791943322015317,False,9,2,True,True,False
120050003021,2025-08-22,17,5.4453125,21.350511973861146,0.5411901838300689,False,11,2,True,True,False
121130107081,2025-08-22,17,0.341796875,2.366260538726256,7.039885444722419,True,17,1,True,True,True
120050004022,2025-08-22,16,1.224609375,6.711436907675172,2.2015241785410993,False,14,1,True,True,False
121130107093,2025-08-22,16,0.353515625,1.65107666460321,9.476534137050622,True,8,2,True,True,True
121319505021,2025-08-22,16,1.775390625,9.788084325293225,1.4532577470999535,False,13,1,True,True,False
120330036131,2025-08-22,14,1.935546875,10.023150604322845,1.2036587697082761,False,9,2,True,True,False
121130105062,2025-08-22,14,0.4375,2.1949951967816066,6.178829010599158,True,12,1,True,True,True
121130107072,2025-08-22,13,0.455078125,2.6017331258360072,4.821755832842762,True,12,1,True,True,True
120330036143,2025-08-22,12,2.064453125,13.650435506760115,0.727855669519087,False,9,1,True,True,False
120330036031,2025-08-22,12,0.779296875,5.128879238622584,2.187749526349433,False,12,1,True,True,False
120330036133,2025-08-22,12,0.427734375,3.775325745558688,3.0652363279151924,True,11,1,True,True,True
121319504003,2025-08-22,11,9.2421875,42.331604195878015,0.041524826034614694,False,6,1,True,True,False
120330040003,2025-08-22,11,2.484375,16.19812961829592,0.5257165611504635,False,11,1,True,True,False
120330036142,2025-08-22,11,1.052734375,5.338553087151484,1.8632886968831488,False,11,1,True,True,False
121130104001,2025-08-22,11,9.90234375,55.34798502701685,0.019831909860209083,False,7,1,True,True,False
120330011031,2025-08-22,11,0.345703125,1.9413164309504716,5.488181475795597,True,8,1,True,True,True
120050003011,2025-08-22,10,1.71484375,6.352706742019331,1.3041930922450236,False,10,1,True,True,False
121130107122,2025-08-22,10,0.1875,0.9931270663228412,9.880407384658065,True,7,1,True,True,True
121319503062,2025-08-22,10,3.3671875,16.49010666751634,0.4022298117128555,False,10,1,True,True,False
120050003023,2025-08-22,9,8.814453125,41.20264875320031,0.004503275411039882,False,6,1,True,True,False
121130108092,2025-08-22,9,1.416015625,9.297053451517936,0.8157406445546205,False,9,1,True,True,False
121130108094,2025-08-22,9,1.748046875,7.6145521982447875,0.9523807751520347,False,7,1,True,True,False
120050003012,2025-08-22,8,2.990234375,14.025902175731852,0.35717956408309237,False,7,1,True,True,False
121130108082,2025-08-22,8,1.833984375,10.62276924176307,0.5804527505651268,False,6,1,True,True,False
120910201022,2025-08-22,8,7.45703125,36.83514484388862,0.014740508074589119,False,6,1,True,True,False
120330036034,2025-08-22,8,1.140625,10.981203919895702,0.6246469011992585,False,8,1,True,True,False
121130107053,2025-08-22,8,0.333984375,1.5091946971170622,5.079540525582285,True,7,1,True,True,True
121130101002,2025-08-22,7,9.751953125,38.03442405252881,-0.07235427362326602,False,7,1,True,True,False
120910212002,2025-08-22,7,1.34765625,5.8520769537157795,0.9658696894631642,False,7,1,True,True,False
120330036141,2025-08-22,7,0.869140625,5.312583817112478,1.1540259101892674,False,5,1,True,True,False
121319506053,2025-08-22,7,1.599609375,9.622921909181514,0.5612007117970403,False,6,1,True,True,False
120050013021,2025-08-22,7,0.283203125,2.748397699680061,2.4438955380372707,False,7,1,True,True,False
121130108091,2025-08-22,6,0.357421875,2.054821925269796,2.746018063954197,False,5,1,True,True,False
120330011011,2025-08-22,6,0.4453125,2.885441135761601,1.9250739275725552,False,5,1,True,True,False
120330036084,2025-08-22,6,0.5078125,3.601469788567548,1.5249850262340998,False,5,1,True,True,False
121130108201,2025-08-22,5,1.4609375,9.200231719833488,0.38467101783649993,False,5,1,True,True,False
121130108083,2025-08-22,5,4.466796875,17.043023464741115,0.031285712074685536,False,5,1,True,True,False
120330033012,2025-08-22,5,0.455078125,2.9724655526338593,1.5290074164098586,False,5,1,True,True,False
120050013012,2025-08-22,5,0.45703125,2.741667571283683,1.657009331686746,False,5,1,True,True,False
120330035111,2025-08-22,5,0.166015625,1.1111326636513201,4.350501549576381,True,3,0,False,True,False
120910215021,2025-08-22,5,0.220703125,1.537566473114764,3.108351384196235,True,4,0,False,True,False
120050013011,2025-08-22,4,0.13671875,0.9696264815374169,3.984298411357817,True,4,0,False,True,False
120330035122,2025-08-22,4,0.05078125,0.4118586753889625,9.588771551965799,True,4,0,False,True,False
120330035051,2025-08-22,4,0.033203125,0.26702516748144384,14.85551685039449,True,4,0,False,True,False
121130107044,2025-08-22,3,0.0859375,0.48098632762077687,6.058514208531784,True,2,0,False,True,False
121130107052,2025-08-22,3,0.091796875,0.5501921864452823,5.285795030622861,True,3,0,False,True,False
121130107121,2025-08-22,3,0.083984375,0.5185194032775847,5.623734823745712,True,3,0,False,True,False
120330036102,2025-08-22,3,0.150390625,0.8433229422247345,3.379025083181736,True,2,0,False,True,False
121130107042,2025-08-22,3,0.126953125,0.9244959983836583,3.107689898088352,True,3,0,False,True,False
120330036113,2025-08-22,2,0.1171875,0.5435419642746941,3.463968973421283,True,1,0,False,True,False
120330036081,2025-08-22,2,0.060546875,0.3569907026668995,5.432783292425582,True,2,0,False,True,False
120330004001,2025-08-22,1,0.029296875,0.23641379224652606,4.105949639299286,True,1,0,False,True,False
120330011041,2025-08-22,1,0.05078125,0.2956954305890317,3.2101231598646476,True,1,0,False,True,False
120910218024,2025-08-22,1,0.03515625,0.2630811989123034,3.6674751141058355,True,1,0,False,True,False
120910215022,2025-08-22,1,0.041015625,0.2584716175033432,3.710211528302894,True,1,0,False,True,False
120330028032,2025-08-22,1,0.02734375,0.2149827622453072,4.524345300253168,True,1,0,False,True,False
120330029002,2025-08-22,1,0.01953125,0.15199062374520972,6.450850229048431,True,1,0,False,True,False
120050007001,2025-08-23,117,6.94921875,39.802759290506025,2.764903318555855,False,69,5,True,True,False
120330023001,2025-08-23,39,1.599609375,8.89434833658072,4.204961309102263,True,38,2,True,True,True
120330027041,2025-08-23,38,0.451171875,2.54923314392085,14.729460196507565,True,37,2,True,True,True
120050005001,2025-08-23,33,6.83203125,32.275888581615796,0.8107590495558087,False,16,2,True,True,False
120050003023,2025-08-23,29,8.814453125,41.20264875320031,0.4899089618220756,False,22,2,True,True,False
121130108021,2025-08-23,29,21.01953125,76.84051907170081,0.10385755909005935,False,26,1,True,True,False
120330033051,2025-08-23,29,1.47265625,6.335007755576106,4.345273883172486,True,29,1,True,True,True
120330025002,2025-08-23,21,1.279296875,9.38782370663819,2.100668242316413,False,21,1,True,True,False
120050026071,2025-08-23,18,1.5703125,9.99231297013613,1.6442326765687936,False,9,2,True,True,False
120330027011,2025-08-23,17,0.623046875,4.707542361142082,3.4788753597167505,True,16,1,True,True,True
120050005002,2025-08-23,15,8.80859375,45.03147936099073,0.1374906251772712,False,7,1,True,True,False
120330024001,2025-08-23,13,1.236328125,10.438376085254413,1.126963790049464,False,13,1,True,True,False
120330026052,2025-08-23,13,1.076171875,7.9558504481898655,1.4987496563252944,False,13,1,True,True,False
120050026081,2025-08-23,13,0.728515625,5.271357391718295,2.3279552993844503,False,6,2,True,True,False
120330027042,2025-08-23,12,0.41796875,3.308222185165137,3.5009834895420897,True,11,1,True,True,True
121130108252,2025-08-23,11,0.86328125,6.582374271633227,1.5399790913871667,False,11,1,True,True,False
121130109003,2025-08-23,11,1.0078125,7.076872941223625,1.411949540847953,False,11,1,True,True,False
120050006001,2025-08-23,10,2.99609375,16.79273863361856,0.4170794533762581,False,8,1,True,True,False
120050004022,2025-08-23,9,1.224609375,6.711436907675172,1.1585284540346485,False,9,1,True,True,False
120330026041,2025-08-23,9,1.4921875,7.282121466498447,1.030992484063861,False,9,1,True,True,False
120050027131,2025-08-23,9,0.115234375,0.6912950096464135,12.852350300553185,True,6,1,True,True,True
120050003022,2025-08-23,8,7.248046875,35.08913720788649,0.021429798075257155,False,5,1,True,True,False
120050026051,2025-08-23,8,0.08984375,0.6063383209819365,13.045779849754297,True,6,1,True,True,True
120050024003,2025-08-23,7,0.548828125,5.283134057861544,1.2210880519680098,False,7,1,True,True,False
120050004023,2025-08-23,7,0.662109375,4.521430795890327,1.4017444722941932,False,7,1,True,True,False
120050026082,2025-08-23,6,0.115234375,0.6740960053381978,8.729862776812599,True,5,1,True,True,True
120050002011,2025-08-23,5,4.42578125,27.59687365966789,0.020807384092902007,False,5,1,True,True,False
120050026061,2025-08-23,3,0.046875,0.29634102637652837,9.965292474379787,True,2,0,False,True,False
120330033071,2025-08-23,3,0.078125,0.478244915925523,6.109578800948556,True,3,0,False,True,False
120330033121,2025-08-23,2,0.0703125,0.40897167113218214,4.718389160447041,True,2,0,False,True,False
120050026042,2025-08-23,2,0.06640625,0.36943440003544586,5.2339298934113305,True,1,0,False,True,False
120050017001,2025-08-23,2,0.080078125,0.522894242832972,3.6717211966192562,True,2,0,False,True,False
120050016003,2025-08-23,1,0.041015625,0.293899725551183,3.26296451349694,True,1,0,False,True,False
120330018002,2025-08-23,1,0.046875,0.3028727426473822,3.1469487536871887,True,1,0,False,True,False
120330029001,2025-08-23,1,0.03515625,0.23142199532827923,4.169196400849191,True,1,0,False,True,False
120330021003,2025-08-23,1,0.037109375,0.27375379211735157,3.5173599516284777,True,1,0,False,True,False
120330033113,2025-08-23,1,0.0234375,0.1753874659415358,5.568029019391445,True,1,0,False,True,False
120910208001,2025-08-24,269,66.595703125,226.04819685297892,0.8954032798883291,False,189,3,True,True,False
121130108021,2025-08-24,231,21.01953125,76.84051907170081,2.7326789470808324,False,165,3,True,True,False
120910201011,2025-08-24,219,7.80859375,35.84990569214942,5.89098917200911,True,182,3,True,True,True
121319503053,2025-08-24,109,43.09765625,155.89971886707394,0.4227226593409758,False,68,2,True,True,False
121130108083,2025-08-24,107,4.466796875,17.043023464741115,6.016139292251892,True,67,3,True,True,True
121130107071,2025-08-24,99,2.603515625,11.853353268265453,8.132423137432237,True,83,2,True,True,True
120050005002,2025-08-24,95,8.80859375,45.03147936099073,1.914025643240687,False,91,2,True,True,False
120910201012,2025-08-24,75,5.34765625,32.006301886428645,2.176207173110933,False,68,2,True,True,False
121130108081,2025-08-24,66,4.806640625,19.27085026929318,3.1754363984918483,True,44,3,True,True,True
120050003023,2025-08-24,44,8.814453125,41.20264875320031,0.8539632266303524,False,43,1,True,True,False
120910206012,2025-08-24,39,1.662109375,12.468398011231727,2.9946020805050853,False,39,1,True,True,False
120330036141,2025-08-24,36,0.869140625,5.312583817112478,6.612763315251466,True,34,2,True,True,True
120050007001,2025-08-24,36,6.94921875,39.802759290506025,0.7298685258971318,False,25,3,True,True,False
120330035121,2025-08-24,35,0.806640625,4.063068697963865,8.415648840034478,True,26,2,True,True,True
121130105061,2025-08-24,30,2.34375,11.621518269505675,2.3797450004935,False,17,2,True,True,False
120910206013,2025-08-24,30,1.185546875,6.740271389844577,4.274969279191654,True,30,1,True,True,True
121130108092,2025-08-24,27,1.416015625,9.297053451517936,2.7518379353646596,False,25,1,True,True,False
121130108082,2025-08-24,27,1.833984375,10.62276924176307,2.3690635701715737,False,25,2,True,True,False
120910201023,2025-08-24,26,8.41796875,38.34932022114185,0.45847048001406515,False,19,2,True,True,False
121130103021,2025-08-24,24,4.54296875,25.73571287523765,0.7560323409079194,False,19,2,True,True,False
120050003022,2025-08-24,23,7.248046875,35.08913720788649,0.44891252331675047,False,17,2,True,True,False
120330039004,2025-08-24,22,3.39453125,19.51627875325507,0.953330754557748,False,21,1,True,True,False
121130108094,2025-08-24,22,1.748046875,7.6145521982447875,2.659638097913129,False,17,2,True,True,False
121130107113,2025-08-24,21,0.85546875,3.9192696430872243,5.139868670564874,True,18,1,True,True,True
121130107081,2025-08-24,21,0.341796875,2.366260538726256,8.730316373411775,True,18,1,True,True,True
120330036083,2025-08-24,21,0.4921875,2.7505447779199064,7.455909340079527,True,17,1,True,True,True
120330036071,2025-08-24,20,0.232421875,1.326636490319102,14.900523443498237,True,18,1,True,True,True
120330036084,2025-08-24,20,0.5078125,3.601469788567548,5.412286828526428,True,17,1,True,True,True
120330035111,2025-08-24,19,0.166015625,1.1111326636513201,16.950257148511128,True,16,1,True,True,True
120330036142,2025-08-24,18,1.052734375,5.338553087151484,3.1745054040555827,True,16,2,True,True,True
121130107053,2025-08-24,17,0.333984375,1.5091946971170622,11.042985810138507,True,13,1,True,True,True
120330036101,2025-08-24,16,0.43359375,3.0333250785713104,5.131796245634096,True,13,1,True,True,True
120330036143,2025-08-24,16,2.064453125,13.650435506760115,1.0208866133317644,False,14,1,True,True,False
121130103032,2025-08-24,16,1.19140625,6.670207469480236,2.220109916784033,False,9,2,True,True,False
121130107101,2025-08-24,16,5.873046875,30.85826281003802,0.3281763846312748,False,12,1,True,True,False
121130101002,2025-08-24,14,9.751953125,38.03442405252881,0.11168952812675911,False,14,1,True,True,False
121130107091,2025-08-24,13,0.259765625,1.5903643146699857,8.010890496900837,True,13,1,True,True,True
121130107092,2025-08-24,13,0.884765625,5.109409831820208,2.371161205262721,False,11,1,True,True,False
120050003012,2025-08-24,12,2.990234375,14.025902175731852,0.6423662101814055,False,11,1,True,True,False
121130105041,2025-08-24,12,0.58984375,3.164092567534893,3.606138570999368,True,6,2,True,True,True
121130108093,2025-08-24,12,0.49609375,2.632772599497602,4.369502421969611,True,12,1,True,True,True
120330026042,2025-08-24,11,0.857421875,5.840105586544332,1.736711430075616,False,11,1,True,True,False
121130107043,2025-08-24,11,0.279296875,1.4450540160645982,7.418894384444071,True,9,1,True,True,True
120050003011,2025-08-24,10,1.71484375,6.352706742019331,1.3041930922450236,False,8,1,True,True,False
121130105033,2025-08-24,10,0.626953125,6.137649372337854,1.5271395132546928,False,10,1,True,True,False
120330036091,2025-08-24,10,0.185546875,1.2061267656040382,8.13716551600183,True,10,1,True,True,True
121130107072,2025-08-24,9,0.455078125,2.6017331258360072,3.2843191294857674,True,7,1,True,True,True
121130108091,2025-08-24,8,0.357421875,2.054821925269796,3.7193384161484153,True,8,1,True,True,True
121130107051,2025-08-24,8,0.203125,1.5795135370419056,4.936250824796282,True,6,1,True,True,True
120330035092,2025-08-24,8,0.2734375,1.5129698571517245,5.106884623957951,True,8,1,True,True,True
120050002041,2025-08-24,7,7.814453125,34.00786639306215,-0.023948962736637727,False,7,1,True,True,False
120050003021,2025-08-24,7,5.4453125,21.350511973861146,0.07281734048829189,False,5,1,True,True,False
120050026071,2025-08-24,7,1.5703125,9.99231297013613,0.5433864527890212,False,7,1,True,True,False
121319505013,2025-08-24,6,15.85546875,68.12351084119011,-0.14467059357781958,False,5,1,True,True,False
121130109001,2025-08-24,6,1.111328125,7.50220506356647,0.6516313315322757,False,5,1,True,True,False
121130107082,2025-08-24,6,0.103515625,0.5551990032584518,10.620488041933886,True,5,1,True,True,True
120910205005,2025-08-24,6,0.80078125,4.879703498960677,1.0654784150527539,False,6,1,True,True,False
120330036103,2025-08-24,6,0.173828125,0.8503818606679197,6.851241947263458,True,6,1,True,True,True
120330035073,2025-08-24,6,0.140625,0.7660545217754942,7.648770202961081,True,6,1,True,True,True
120330035123,2025-08-24,6,0.109375,0.8484762444392242,6.94259272266749,True,5,1,True,True,True
120330036102,2025-08-24,6,0.150390625,0.8433229422247345,6.936381168011858,True,6,1,True,True,True
120330038003,2025-08-24,5,3.66796875,26.015558896018575,0.05120133130039556,False,5,1,True,True,False
120330026041,2025-08-24,5,1.4921875,7.282121466498447,0.48170200348040954,False,5,1,True,True,False
121319505011,2025-08-24,5,4.216796875,23.967400215414717,0.03267785066217904,False,5,1,True,True,False
120050004012,2025-08-24,5,0.85546875,4.905227988521408,0.8449212268417505,False,5,1,True,True,False
121130107052,2025-08-24,5,0.091796875,0.5501921864452823,8.920888456652284,True,4,0,False,True,False
120910206022,2025-08-24,5,0.2890625,2.0287651329749714,2.3220714036483385,False,5,1,True,True,False
120330036082,2025-08-24,5,0.091796875,0.5357759463861992,9.160924744953105,True,3,0,False,True,False
120330036112,2025-08-24,4,0.2265625,1.0521795011042705,3.586305849942665,True,4,0,False,True,False
120330036081,2025-08-24,4,0.060546875,0.3569907026668995,11.035170091462637,True,3,0,False,True,False
120330035091,2025-08-24,4,0.140625,1.002809165839631,3.8485637461925535,True,4,0,False,True,False
120330011041,2025-08-24,4,0.05078125,0.2956954305890317,13.355697591041805,True,2,0,False,True,False
120330012022,2025-08-24,3,0.08984375,0.5342793077307749,5.44688182359186,True,3,0,False,True,False
120330034003,2025-08-24,3,0.099609375,0.5629109446916275,5.1524857570301545,True,3,0,False,True,False
121130107083,2025-08-24,3,0.10546875,0.8872930838421157,3.262204228467818,True,3,0,False,True,False
120330035071,2025-08-24,3,0.080078125,0.41901197007548163,6.968588211153012,True,2,0,False,True,False
120330035122,2025-08-24,3,0.05078125,0.4118586753889625,7.160754225256358,True,3,0,False,True,False
120330035112,2025-08-24,3,0.0703125,0.40415830248034795,7.248861354623427,True,2,0,False,True,False
120330010013,2025-08-24,2,0.09375,0.605745485294765,3.146948753687185,True,2,0,False,True,False
121130107044,2025-08-24,2,0.0859375,0.48098632762077687,3.979453032413638,True,2,0,False,True,False
120330023001,2025-08-24,2,1.599609375,8.89434833658072,0.04501629684923306,False,39,0,True,True,False
120330025002,2025-08-24,2,1.279296875,9.38782370663819,0.07676998924579145,False,21,0,True,True,False
120330035102,2025-08-24,2,0.04296875,0.3098345227808698,6.316375697694955,True,2,0,False,True,False
120330012012,2025-08-24,2,0.0625,0.5902004701048088,3.282782881646867,True,2,0,False,True,False
120330035051,2025-08-24,2,0.033203125,0.26702516748144384,7.3655861488662,True,2,0,False,True,False
120330012014,2025-08-24,2,0.0703125,0.5408349528127344,3.5679785301675198,True,1,0,False,True,False
120330035061,2025-08-24,2,0.041015625,0.3430571428754785,5.710373375642157,True,2,0,False,True,False
120330011044,2025-08-24,1,0.03125,0.2402705585201506,4.031913048217909,True,1,0,False,True,False
121130106012,2025-08-24,1,0.029296875,0.1800225408532614,5.392119900092023,True,1,0,False,True,False
121130106014,2025-08-24,1,0.03125,0.1953470492925833,4.959122768980469,True,1,0,False,True,False
120330010015,2025-08-24,1,0.017578125,0.14565995891162747,6.744625512327925,True,1,0,False,True,False
120050003022,2025-08-25,15,7.248046875,35.08913720788649,0.22092173652128738,False,25,0,True,True,False
120050002012,2025-08-25,11,8.04296875,38.9559702959335,0.07590701059520717,False,8,2,True,True,False
120050002013,2025-08-25,6,32.587890625,137.41519387845497,-0.1934858138650755,False,6,1,True,True,False
120330026021,2025-08-30,8,1.03125,5.591001296639227,1.246422533328501,False,8,1,True,True,False
120330025002,2025-08-30,7,1.279296875,9.38782370663819,0.6093747926854287,False,6,1,True,True,False
120910208001,2025-09-06,6,66.595703125,226.04819685297892,-0.2680654124589689,False,6,1,True,True,False
121130101002,2025-09-08,148,9.751953125,38.03442405252881,3.6348137330558115,True,138,2,True,True,True
120910208001,2025-09-08,147,66.595703125,226.04819685297892,0.3556953693698106,False,70,3,True,True,False
121130108021,2025-09-08,101,21.01953125,76.84051907170081,1.0408632023342954,False,85,2,True,True,False
121130108081,2025-09-08,59,4.806640625,19.27085026929318,2.8121934744806523,False,54,2,True,True,False
121130108083,2025-09-08,59,4.466796875,17.043023464741115,3.1997376074626183,True,35,2,True,True,True
121130108082,2025-09-08,18,1.833984375,10.62276924176307,1.5218268661474672,False,10,2,True,True,False
121130104001,2025-09-08,13,9.90234375,55.34798502701685,0.05596691999696015,False,13,1,True,True,False
121130108093,2025-09-08,12,0.49609375,2.632772599497602,4.369502421969611,True,11,1,True,True,True
121130108094,2025-09-08,10,1.748046875,7.6145521982447875,1.0837082615182727,False,8,1,True,True,False
120330039004,2025-09-08,8,3.39453125,19.51627875325507,0.23598088591719188,False,8,1,True,True,False
121130107072,2025-09-08,7,0.455078125,2.6017331258360072,2.51560077780727,False,7,1,True,True,False
121130103031,2025-09-08,6,6.490234375,34.901537520225176,-0.014046211423090255,False,6,1,True,True,False
121130103032,2025-09-08,6,1.19140625,6.670207469480236,0.7209061745083473,False,6,1,True,True,False
120910201011,2025-09-08,6,7.80859375,35.84990569214942,-0.050449051819850516,False,6,1,True,True,False
121130108084,2025-09-08,5,0.212890625,0.9608734222625619,4.982039532041408,True,5,1,True,True,True
121130107082,2025-09-08,2,0.103515625,0.5551990032584518,3.4158641565809216,True,2,0,False,True,False
120330038002,2025-09-09,8,6.328125,32.737193310235114,0.0510695887749576,False,8,1,True,True,False
121130103031,2025-09-09,1,6.490234375,34.901537520225176,-0.15730637573827375,False,7,0,True,True,False
121130104001,2025-09-19,69,9.90234375,55.34798502701685,1.06774720382599,False,63,2,True,True,False
121130102004,2025-09-19,28,10.314453125,70.59817626033603,0.25050996798817055,False,28,1,True,True,False
121130101001,2025-09-19,24,22.0703125,111.20237249814961,0.017352934624053185,False,18,2,True,True,False
121130101004,2025-09-19,21,12.224609375,64.1884634903211,0.13671289430885397,False,18,1,True,True,False
121130104002,2025-09-19,20,3.611328125,15.867704915626064,1.03283190367757,False,18,1,True,True,False
121130102003,2025-09-19,19,12.33203125,62.835254334293744,0.10611827421793067,False,19,1,True,True,False
121130101002,2025-09-19,7,9.751953125,38.03442405252881,-0.07235427362326602,False,7,1,True,True,False
120910208001,2025-09-20,41,66.595703125,226.04819685297892,-0.1132311758348038,False,39,2,True,True,False
121130101002,2025-09-20,23,9.751953125,38.03442405252881,0.34831727323393424,False,19,1,True,True,False
121319501033,2025-09-20,17,3.810546875,18.033813806426075,0.731373477988341,False,16,2,True,True,False
120910201023,2025-09-20,9,8.41796875,38.34932022114185,0.015177094317284093,False,7,1,True,True,False
120910201022,2025-09-20,8,7.45703125,36.83514484388862,0.014740508074589119,False,8,1,True,True,False
120330038001,2025-09-20,6,21.287109375,84.41335249877207,-0.18109823768961641,False,6,1,True,True,False
120330039001,2025-09-20,6,9.318359375,33.52182183274139,-0.09899102117889358,False,6,1,True,True,False
120330038001,2025-09-21,332,21.287109375,84.41335249877207,3.6808500246394056,True,288,2,True,True,True
121319505012,2025-09-21,325,13.455078125,54.720084121427625,5.693429147215133,True,280,2,True,True,True
121319504003,2025-09-21,300,9.2421875,42.331604195878015,6.868575335690022,True,267,2,True,True,True
121319504002,2025-09-21,281,6.1875,26.67878067963113,10.300789353908344,True,263,2,True,True,True
120050002013,2025-09-21,268,32.587890625,137.41519387845497,1.7131446875024914,False,186,2,True,True,False
120910203061,2025-09-21,224,4.181640625,26.602462528256105,8.263083131552857,True,193,2,True,True,True
121130101002,2025-09-21,191,9.751953125,38.03442405252881,4.765368515234537,True,106,4,True,True,True
121319505013,2025-09-21,188,15.85546875,68.12351084119011,2.5269474389143602,False,158,2,True,True,False
120910208001,2025-09-21,168,66.595703125,226.04819685297892,0.4485959113443097,False,117,4,True,True,False
121319503053,2025-09-21,168,43.09765625,155.89971886707394,0.8011710646925316,False,99,4,True,True,False
121130108083,2025-09-21,161,4.466796875,17.043023464741115,9.184591187639825,True,156,1,True,True,True
121130104001,2025-09-21,143,9.90234375,55.34798502701685,2.4047425788857795,False,91,3,True,True,False
121130108021,2025-09-21,109,21.01953125,76.84051907170081,1.1449749404725438,False,104,2,True,True,False
121130101001,2025-09-21,91,22.0703125,111.20237249814961,0.6198580655385475,False,77,2,True,True,False
121130108081,2025-09-21,87,4.806640625,19.27085026929318,4.265165170525436,True,67,2,True,True,True
120330038002,2025-09-21,72,6.328125,32.737193310235114,2.0060325385153903,False,72,1,True,True,False
120910203062,2025-09-21,68,1.427734375,6.371003013420702,10.449259792337816,True,64,2,True,True,True
120910203052,2025-09-21,67,4.34375,21.287405204774263,2.9433483976688564,False,58,2,True,True,False
121319503062,2025-09-21,65,3.3671875,16.49010666751634,3.737562997176345,True,55,2,True,True,True
121319504001,2025-09-21,57,6.40625,30.31761095875755,1.6687907918874287,False,49,2,True,True,False
121319501043,2025-09-21,56,7.017578125,31.37641060509692,1.561122541755719,False,53,1,True,True,False
120910201023,2025-09-21,54,8.41796875,38.34932022114185,1.1886007623381751,False,32,2,True,True,False
120910201012,2025-09-21,42,5.34765625,32.006301886428645,1.1451602212607193,False,42,1,True,True,False
121130104002,2025-09-21,39,3.611328125,15.867704915626064,2.2302325423351075,False,33,2,True,True,False
121319503052,2025-09-21,39,3.205078125,18.006819038689855,1.9878537013167195,False,36,2,True,True,False
121130108082,2025-09-21,38,1.833984375,10.62276924176307,3.4045750973121485,True,38,1,True,True,True
121319502021,2025-09-21,36,3.45703125,15.665351516515923,2.0773851589407406,False,32,2,True,True,False
121130101004,2025-09-21,29,12.224609375,64.1884634903211,0.26134588230998146,False,27,1,True,True,False
120050002042,2025-09-21,26,6.548828125,30.588896444758674,0.6358899514445513,False,18,2,True,True,False
120910201011,2025-09-21,25,7.80859375,35.84990569214942,0.47953839537616005,False,8,4,True,True,False
120910201022,2025-09-21,18,7.45703125,36.83514484388862,0.2862203690166621,False,18,1,True,True,False
121319501022,2025-09-21,14,5.3203125,21.95634651194597,0.39531565487352693,False,14,1,True,True,False
121130108084,2025-09-21,14,0.212890625,0.9608734222625619,14.348517770983394,True,14,1,True,True,True
120910206013,2025-09-21,14,1.185546875,6.740271389844577,1.901177620875513,False,14,1,True,True,False
121319505011,2025-09-21,14,4.216796875,23.967400215414717,0.4081879151293138,False,10,2,True,True,False
121319502011,2025-09-21,12,1.380859375,7.117786274665048,1.491916196303565,False,10,1,True,True,False
121130102003,2025-09-21,11,12.33203125,62.835254334293744,-0.021198788229826807,False,11,1,True,True,False
121130105061,2025-09-21,11,2.34375,11.621518269505675,0.744846740267457,False,9,2,True,True,False
120910203051,2025-09-21,11,3.583984375,15.96941724137451,0.4643886193784297,False,11,1,True,True,False
121319505022,2025-09-21,10,3.001953125,14.118106654664265,0.49567885030022935,False,9,1,True,True,False
120910203031,2025-09-21,9,0.568359375,2.765317568764112,3.049067752738542,True,9,1,True,True,True
120910207012,2025-09-21,8,0.380859375,2.54921515179993,2.9888181935606086,False,8,1,True,True,False
121130102004,2025-09-21,7,10.314453125,70.59817626033603,-0.046948140880831074,False,7,1,True,True,False
120910206012,2025-09-21,6,1.662109375,12.468398011231727,0.34791082391598027,False,6,1,True,True,False
121319506102,2025-09-21,6,2.091796875,11.650544912789353,0.33545238907321673,False,6,1,True,True,False
120050007001,2025-09-21,6,6.94921875,39.802759290506025,-0.023848063976469415,False,6,1,True,True,False
120050002041,2025-09-21,5,7.814453125,34.00786639306215,-0.082758885619892,False,5,1,True,True,False
121319501033,2025-09-21,5,3.810546875,18.033813806426075,0.06595682631347544,False,13,0,True,True,False
121130102004,2025-09-22,65,10.314453125,70.59817626033603,0.7746028264716496,False,52,2,True,True,False
121130104001,2025-09-22,40,9.90234375,55.34798502701685,0.5437895568430995,False,39,1,True,True,False
121130103031,2025-09-22,10,6.490234375,34.901537520225176,0.10056192002905652,False,7,1,True,True,False
121130102003,2025-09-22,6,12.33203125,62.835254334293744,-0.10077195225967522,False,6,1,True,True,False
121130102002,2025-09-24,56,5.32421875,34.781964973978646,1.4569556748134258,False,32,2,True,True,False
121130102003,2025-09-24,20,12.33203125,62.835254334293744,0.12203290702390035,False,13,2,True,True,False
121130102001,2025-09-24,14,6.05859375,46.09609299080168,0.17227937846239336,False,11,1,True,True,False
121130101003,2025-09-24,10,5.4296875,43.05486121072455,0.10615090541417374,False,6,1,True,True,False
121130102004,2025-09-24,9,10.314453125,70.59817626033603,-0.018618797179021398,False,9,1,True,True,False
120910208001,2025-09-25,238,66.595703125,226.04819685297892,0.75826438459264,False,78,6,True,True,False
121130108021,2025-09-25,81,21.01953125,76.84051907170081,0.7805838569886743,False,32,5,True,True,False
120330039002,2025-09-25,69,4.677734375,24.00088983069414,2.6799950367981715,False,37,4,True,True,False
120330038001,2025-09-25,50,21.287109375,84.41335249877207,0.340146313054178,False,15,3,True,True,False
121319505012,2025-09-25,49,13.455078125,54.720084121427625,0.6495772520400988,False,18,5,True,True,False
121130102003,2025-09-25,49,12.33203125,62.835254334293744,0.5835572583970212,False,23,2,True,True,False
121319503053,2025-09-25,46,43.09765625,155.89971886707394,0.018616734982534824,False,29,2,True,True,False
120330039003,2025-09-25,45,6.3203125,25.12463915485053,1.539512160218729,False,23,3,True,True,False
120910201022,2025-09-25,42,7.45703125,36.83514484388862,0.9377720352776373,False,35,2,True,True,False
120050002013,2025-09-25,40,32.587890625,137.41519387845497,0.05393951837346371,False,22,3,True,True,False
120910201023,2025-09-25,40,8.41796875,38.34932022114185,0.8235356211761201,False,35,1,True,True,False
121319505013,2025-09-25,31,15.85546875,68.12351084119011,0.22230990539088644,False,20,2,True,True,False
121130101001,2025-09-25,31,22.0703125,111.20237249814961,0.08030123188377647,False,30,1,True,True,False
120330039001,2025-09-25,30,9.318359375,33.52182183274139,0.6169605198724568,False,21,1,True,True,False
120330040001,2025-09-25,26,4.2421875,25.181997761346214,0.864022493616362,False,12,3,True,True,False
121130102001,2025-09-25,25,6.05859375,46.09609299080168,0.41091131636209804,False,18,2,True,True,False
120050002011,2025-09-25,22,4.42578125,27.59687365966789,0.6368191907072526,False,14,2,True,True,False
120330036032,2025-09-25,20,3.5546875,16.948550483830033,0.9703079042476138,False,10,2,True,True,False
121130101002,2025-09-25,19,9.751953125,38.03442405252881,0.2431493865196342,False,14,2,True,True,False
121130107101,2025-09-25,18,5.873046875,30.85826281003802,0.3929888470926876,False,8,2,True,True,False
121130102004,2025-09-25,16,10.314453125,70.59817626033603,0.08053390577731247,False,9,2,True,True,False
120330040003,2025-09-25,14,2.484375,16.19812961829592,0.7109231294823699,False,9,1,True,True,False
120050002041,2025-09-25,13,7.814453125,34.00786639306215,0.1524808059131251,False,12,1,True,True,False
120910202001,2025-09-25,13,13.890625,58.77240381418688,-0.015153795696629562,False,11,2,True,True,False
121130108081,2025-09-25,13,4.806640625,19.27085026929318,0.4251685452642208,False,12,1,True,True,False
121319505011,2025-09-25,13,4.216796875,23.967400215414717,0.3664645746329655,False,8,1,True,True,False
120050002012,2025-09-25,11,8.04296875,38.9559702959335,0.07590701059520717,False,6,1,True,True,False
120910201021,2025-09-25,10,14.96484375,70.70081622753538,-0.0702232875787702,False,7,1,True,True,False
120910232001,2025-09-25,10,0.96484375,5.748711620740289,1.5716836825494649,False,5,1,True,True,False
120910201012,2025-09-25,10,5.34765625,32.006301886428645,0.14535711643626947,False,8,1,True,True,False
120330011011,2025-09-25,9,0.4453125,2.885441135761601,2.9647763019577327,False,5,1,True,True,False
121130108271,2025-09-25,8,1.109375,7.9732766727485185,0.8642149624070037,False,5,1,True,True,False
121130102002,2025-09-25,7,5.32421875,34.781964973978646,0.0481796025973144,False,7,1,True,True,False
121319505023,2025-09-25,7,3.873046875,17.55565642460506,0.1781165596643502,False,7,1,True,True,False
121319505022,2025-09-25,7,3.001953125,14.118106654664265,0.28318576794992173,False,7,1,True,True,False
121319503062,2025-09-25,7,3.3671875,16.49010666751634,0.2203025470512106,False,6,1,True,True,False
120050002042,2025-09-25,7,6.548828125,30.588896444758674,0.014749530955285806,False,6,1,True,True,False
120330027042,2025-09-25,5,0.41796875,3.308222185165137,1.38504338388967,False,5,1,True,True,False
121130108241,2025-09-25,5,0.61328125,4.354503637900114,1.0073981134886412,False,5,1,True,True,False
121319503061,2025-09-25,5,2.716796875,14.833580111273319,0.15392124543587402,False,5,1,True,True,False
120330033102,2025-09-25,3,0.095703125,0.5635895351574083,5.153212921508278,True,3,0,False,True,False
120330036082,2025-09-25,3,0.091796875,0.5357759463861992,5.4280210685376735,True,3,0,False,True,False
120330032033,2025-09-25,2,0.109375,0.6063509282098118,3.1180376116218276,True,2,0,False,True,False
120910218012,2025-09-25,2,0.05859375,0.590601848162396,3.287165890253322,True,2,0,False,True,False
120910231003,2025-09-25,2,0.05859375,0.4602436764182369,4.218213849473485,True,2,0,False,True,False
120330004002,2025-09-25,1,0.03125,0.23198285920889045,4.175955082645493,True,1,0,False,True,False
120330018002,2025-09-25,1,0.046875,0.3028727426473822,3.1469487536871887,True,1,0,False,True,False
120330005002,2025-09-25,1,0.021484375,0.15804376437533252,6.191421906884969,True,1,0,False,True,False
120330035051,2025-09-25,1,0.033203125,0.26702516748144384,3.620620798102055,True,1,0,False,True,False
120330010015,2025-09-25,1,0.017578125,0.14565995891162747,6.744625512327925,True,1,0,False,True,False
120330005001,2025-09-25,1,0.005859375,0.07639661003892982,13.012889243297714,True,1,0,False,True,False
120330038003,2025-09-26,158,3.66796875,26.015558896018575,5.932297355857267,True,154,2,True,True,True
120330038002,2025-09-26,138,6.328125,32.737193310235114,4.0220880804352115,True,138,1,True,True,True
120330039001,2025-09-26,126,9.318359375,33.52182183274139,3.4807666840778584,True,126,1,True,True,True
120330039004,2025-09-26,94,3.39453125,19.51627875325507,4.6425586504234655,True,94,1,True,True,True
120910208001,2025-09-26,70,66.595703125,226.04819685297892,0.015060048796647312,False,69,3,True,True,False
120910202001,2025-09-26,64,13.890625,58.77240381418688,0.8526003999840527,False,39,2,True,True,False
120910201023,2025-09-26,49,8.41796875,38.34932022114185,1.0582203547802984,False,49,1,True,True,False
121130101004,2025-09-26,28,12.224609375,64.1884634903211,0.24576675880984053,False,28,1,True,True,False
120910201022,2025-09-26,28,7.45703125,36.83514484388862,0.5577002299587351,False,27,1,True,True,False
121130101001,2025-09-26,20,22.0703125,111.20237249814961,-0.018617520952931555,False,9,3,True,True,False
121130103021,2025-09-26,17,4.54296875,25.73571287523765,0.48403676674470086,False,14,2,True,True,False
121130108081,2025-09-26,17,4.806640625,19.27085026929318,0.6327359304134758,False,14,1,True,True,False
120050002013,2025-09-26,15,32.587890625,137.41519387845497,-0.12799087297840336,False,14,1,True,True,False
121319501041,2025-09-26,15,6.0078125,27.330189781327274,0.32902030948002076,False,9,2,True,True,False
121319501023,2025-09-26,15,12.2109375,66.86814461817453,0.04170988317271095,False,14,1,True,True,False
121130108085,2025-09-26,15,0.494140625,2.2582670138453333,6.423447398410032,True,15,1,True,True,True
121319503053,2025-09-26,14,43.09765625,155.89971886707394,-0.1866434170725463,False,13,1,True,True,False
121130101002,2025-09-26,14,9.751953125,38.03442405252881,0.11168952812675911,False,11,2,True,True,False
121319505013,2025-09-26,13,15.85546875,68.12351084119011,-0.04191605386658189,False,12,1,True,True,False
121319501042,2025-09-26,13,3.833984375,19.130660459385076,0.4791269828064591,False,13,1,True,True,False
121130108083,2025-09-26,13,4.466796875,17.043023464741115,0.5006859928728978,False,10,1,True,True,False
120910201012,2025-09-26,13,5.34765625,32.006301886428645,0.23908865751356165,False,13,1,True,True,False
121130104002,2025-09-26,11,3.611328125,15.867704915626064,0.46564212747136774,False,11,1,True,True,False
120330026042,2025-09-26,10,0.857421875,5.840105586544332,1.5654816491785015,False,10,1,True,True,False
121130108021,2025-09-26,9,21.01953125,76.84051907170081,-0.15642178625556175,False,6,1,True,True,False
120910203051,2025-09-26,9,3.583984375,15.96941724137451,0.33914923401010943,False,7,0,True,True,False
120330035121,2025-09-26,9,0.806640625,4.063068697963865,2.016544632658059,False,9,1,True,True,False
121319501024,2025-09-26,8,7.08203125,31.342079361827466,0.029288699687169573,False,6,1,True,True,False
120910201021,2025-09-26,7,14.96484375,70.70081622753538,-0.11265561241000191,False,7,1,True,True,False
121130103031,2025-09-26,7,6.490234375,34.901537520225176,0.01460582143994644,False,7,1,True,True,False
120330036143,2025-09-26,7,2.064453125,13.650435506760115,0.36156698975324014,False,7,1,True,True,False
121319504001,2025-09-26,7,6.40625,30.31761095875755,0.019584326773231096,False,7,1,True,True,False
120330026021,2025-09-26,7,1.03125,5.591001296639227,1.0675636944652185,False,7,1,True,True,False
120910203052,2025-09-26,7,4.34375,21.287405204774263,0.12478035601089915,False,7,1,True,True,False
121319504003,2025-09-26,6,9.2421875,42.331604195878015,-0.0765902346860671,False,6,1,True,True,False
121130108092,2025-09-26,6,1.416015625,9.297053451517936,0.49305776275294727,False,6,1,True,True,False
120910201011,2025-09-26,6,7.80859375,35.84990569214942,-0.050449051819850516,False,6,1,True,True,False
121130107092,2025-09-26,6,0.884765625,5.109409831820208,1.0011399639824385,False,6,1,True,True,False
120330026041,2025-09-26,5,1.4921875,7.282121466498447,0.48170200348040954,False,5,1,True,True,False
121130107091,2025-09-26,5,0.259765625,1.5903643146699857,2.9805965408521127,False,5,1,True,True,False
121130108082,2025-09-26,5,1.833984375,10.62276924176307,0.29804051589042463,False,5,1,True,True,False
121319501043,2025-09-26,5,7.017578125,31.37641060509692,-0.06430238787964662,False,5,1,True,True,False
121130108094,2025-09-26,5,1.748046875,7.6145521982447875,0.4270708296870826,False,5,1,True,True,False
120910212002,2025-09-26,5,1.34765625,5.8520769537157795,0.6241106839309319,False,5,1,True,True,False
121319506043,2025-09-26,5,0.490234375,2.549682905680734,1.7687554852221703,False,5,1,True,True,False
120050007001,2025-09-26,5,6.94921875,39.802759290506025,-0.04897195030558946,False,5,1,True,True,False
120330011014,2025-09-26,2,0.021484375,0.20157730218786685,9.81517067410722,True,2,0,False,True,False
121130107121,2025-09-26,2,0.083984375,0.5185194032775847,3.695166685930706,True,2,0,False,True,False
120330011044,2025-09-26,1,0.03125,0.2402705585201506,4.031913048217909,True,1,0,False,True,False
120330029001,2025-09-26,1,0.03515625,0.23142199532827923,4.169196400849191,True,1,0,False,True,False
120330021003,2025-09-26,1,0.037109375,0.27375379211735157,3.5173599516284777,True,1,0,False,True,False
121319505013,2025-09-27,13,15.85546875,68.12351084119011,-0.04191605386658189,False,13,1,True,True,False
121319505011,2025-09-27,6,4.216796875,23.967400215414717,0.07440119115852735,False,6,1,True,True,False
