GEOID,COUNTY_NAME,NAMELSAD,P1_001N,pop_density_per_sqkm,flash_count,flash_per_km2,drive_min_to_shelter,within_5min,within_10min,within_15min,exposure_norm,hazard_norm,gap_norm,suitability_score,suitability_rank
120910211024,OKALOOSA,Block Group 4,3291,1203.5164182532226,410,149.93671573498062,21.255804349680734,False,False,False,0.9626485568760611,0.9219015280135824,0.9728353140916808,0.9525636672325977,1
121319505022,WALTON,Block Group 2,4841,161.31784113341695,3913,130.39386745611662,16.498125490533283,False,False,False,0.9949066213921901,0.8930390492359932,0.8896434634974533,0.9265534804753819,2
120050027071,BAY,Block Group 1,2602,558.917221395231,544,116.85279340469089,19.449686064222643,False,False,False,0.8726655348047538,0.8607809847198642,0.9524617996604414,0.8950764006791172,3
120910210011,OKALOOSA,Block Group 1,2229,1014.6904784340718,275,125.18612901272756,25.225224479247725,False,False,False,0.8064516129032258,0.8845500848896435,0.9966044142614601,0.894974533106961,4
121319506071,WALTON,Block Group 1,2162,976.5973487324336,888,401.118615020537,17.743541024054032,False,False,False,0.7792869269949066,0.9830220713073005,0.9235993208828522,0.8941426146010187,5
121130108122,SANTA ROSA,Block Group 2,2494,888.2038410008284,530,188.7522196192619,14.6207947892766,False,False,True,0.8522920203735145,0.9456706281833617,0.8539898132427843,0.8836672325976231,6
120330025002,ESCAMBIA,Block Group 2,2011,227.23305060087944,1906,215.36857008715876,19.612757233872944,False,False,False,0.7317487266553481,0.9643463497453311,0.9541595925297114,0.8819015280135823,7
121130108201,SANTA ROSA,Block Group 1,3931,383.95049802706484,1776,173.46631505878076,9.608915618769862,False,True,True,0.9813242784380306,0.9371816638370118,0.7181663837011885,0.8799151103565366,8
121130108121,SANTA ROSA,Block Group 1,2582,1075.3910787521963,282,117.45169798920192,14.894873526408508,False,False,True,0.8633276740237691,0.865874363327674,0.8590831918505942,0.86276740237691,9
120050026081,BAY,Block Group 1,2309,584.0682669310868,730,184.65562358583517,11.623634084631862,False,False,True,0.8200339558573854,0.9422750424448217,0.7945670628183361,0.851969439728353,10
121130108241,SANTA ROSA,Block Group 1,2741,445.72664256609755,956,155.45956595884323,9.635919051764716,False,True,True,0.8998302207130731,0.9252971137521222,0.7198641765704584,0.8488455008488964,11
120910211021,OKALOOSA,Block Group 1,1992,1172.1556542682176,213,125.33592086301724,18.845609980486007,False,False,False,0.7215619694397284,0.8862478777589134,0.9388794567062818,0.8476230899830222,12
121130108021,SANTA ROSA,Block Group 1,3620,12.315629456091145,25488,86.71291811515223,17.007786008680675,False,False,False,0.9711375212224108,0.6621392190152802,0.9049235993208828,0.8473174872665534,13
121130108271,SANTA ROSA,Block Group 1,2616,384.795120868472,987,145.1807279423478,10.2612479883401,False,False,True,0.8743633276740238,0.9134125636672326,0.7504244482173175,0.8463497453310697,14
120910211022,OKALOOSA,Block Group 2,1967,1526.7969554100773,161,124.9691458164832,18.73999876908175,False,False,False,0.7181663837011885,0.8828522920203735,0.9371816638370118,0.8447877758913414,15
121130107101,SANTA ROSA,Block Group 1,2480,43.00509475114842,11946,207.15276689403996,9.760719853477742,False,True,True,0.8471986417657046,0.9541595925297114,0.7283531409168081,0.8432767402376911,16
121130108131,SANTA ROSA,Block Group 1,1822,1015.6590997648153,386,215.1725644946316,16.698359164939692,False,False,False,0.6629881154499151,0.9626485568760611,0.8998302207130731,0.8400339558573855,17
121319506081,WALTON,Block Group 1,1808,618.5599459170596,1858,635.6661391116685,15.751990723493712,False,False,False,0.6544991511035654,0.9949066213921901,0.8743633276740238,0.8393887945670628,18
121130108142,SANTA ROSA,Block Group 2,1808,1021.6882720584081,613,346.40205241803324,14.298943227826658,False,False,True,0.6544991511035654,0.9762308998302207,0.8522920203735145,0.8259422750424448,19
120910207023,OKALOOSA,Block Group 3,2902,350.26392302111446,914,110.31744508659496,9.517820034762604,False,True,True,0.9235993208828522,0.8370118845500849,0.7113752122241087,0.8249915110356536,20
120330011031,ESCAMBIA,Block Group 1,2789,1065.7404010760577,1495,571.2735387625336,6.241296834081353,False,True,True,0.9032258064516129,0.9915110356536503,0.565365025466893,0.8208658743633278,21
121130108082,SANTA ROSA,Block Group 2,1996,102.00020042323952,2039,104.1975995305538,16.67723554403902,False,False,False,0.7249575551782682,0.8132427843803056,0.8964346349745331,0.8106791171477081,22
120050027112,BAY,Block Group 2,2057,1038.1370260124738,230,116.07754787694164,13.206276047391976,False,False,True,0.7487266553480475,0.8573853989813243,0.8268251273344652,0.8103565365025467,23
120910210023,OKALOOSA,Block Group 3,2389,1301.4073612045509,153,83.34672510016588,21.841003155320166,False,False,False,0.830220713073005,0.599320882852292,0.9779286926994907,0.80276740237691,24
120330026042,ESCAMBIA,Block Group 2,1882,419.5334039540466,1073,239.191999172525,9.76805232403976,False,True,True,0.6935483870967742,0.966044142614601,0.7300509337860781,0.7955178268251273,25
120910209004,OKALOOSA,Block Group 4,2642,712.5196333948944,291,78.47964167975559,20.083047249622133,False,False,False,0.8845500848896435,0.5382003395585738,0.9609507640067911,0.7954668930390492,26
121130108081,SANTA ROSA,Block Group 1,2807,37.02707589425368,6297,83.06358992024062,16.12897880331565,False,False,False,0.9074702886247877,0.5942275042444821,0.8811544991511036,0.795415959252971,27
121130108132,SANTA ROSA,Block Group 2,1569,898.2298174515348,369,211.2471654809537,16.161625102093936,False,False,False,0.5517826825127334,0.9575551782682513,0.8828522920203735,0.7949405772495756,28
121319506052,WALTON,Block Group 2,2050,145.59863838994326,2901,206.0398292532807,8.779614109758333,False,True,True,0.7453310696095077,0.9524617996604414,0.6825127334465195,0.7929541595925298,29
120910201012,OKALOOSA,Block Group 2,2491,47.44608631309739,5823,110.91070277044004,8.911392361999223,False,True,True,0.8488964346349746,0.8387096774193549,0.6893039049235993,0.7928692699490663,30
121130108022,SANTA ROSA,Block Group 2,2114,848.2227046026313,282,113.14985936515708,10.479177328374996,False,False,True,0.769100169779287,0.8471986417657046,0.7589134125636672,0.7915110356536503,31
121130108092,SANTA ROSA,Block Group 2,2231,128.24479891462707,1989,114.33388840932017,9.377767201758308,False,True,True,0.8081494057724957,0.8488964346349746,0.7079796264855688,0.788539898132428,32
120050002041,BAY,Block Group 1,2547,24.914317539325445,8478,82.93034318743665,16.119640887703667,False,False,False,0.8573853989813243,0.5925297113752123,0.8794567062818336,0.7772665534804755,33
121130108144,SANTA ROSA,Block Group 4,2225,691.4679382632562,291,90.43468316162138,13.024801311420962,False,False,True,0.8047538200339559,0.7028862478777589,0.8200339558573854,0.7761799660441426,34
120910203042,OKALOOSA,Block Group 2,2716,109.17287718043279,2231,89.67772054106979,9.724076913123191,False,True,True,0.8964346349745331,0.6943972835314092,0.7266553480475382,0.7737351443123939,35
120050008062,BAY,Block Group 2,2297,411.7696936429894,591,105.94509749369035,8.905582424538313,False,True,True,0.8132427843803056,0.8183361629881154,0.6876061120543294,0.7734634974533108,36
120330026011,ESCAMBIA,Block Group 1,3278,235.93683658509428,1356,97.59925271793404,6.499962760791048,False,True,True,0.9592529711375212,0.7707979626485568,0.5823429541595926,0.7726825127334465,37
120910231004,OKALOOSA,Block Group 4,1560,1033.5417421671118,407,269.64839042436824,12.119948307851194,False,False,True,0.5449915110356537,0.967741935483871,0.8081494057724957,0.7713412563667233,38
120050002013,BAY,Block Group 3,2218,6.106456359061571,28302,77.91926414524825,22.678490334456104,False,False,False,0.8030560271646859,0.5246179966044142,0.9830220713073005,0.7705602716468591,39
121130105061,SANTA ROSA,Block Group 1,2178,67.23769311735154,2917,90.05158440005255,13.1601013385437,False,False,True,0.7860780984719864,0.6994906621392191,0.8234295415959253,0.769830220713073,40
121130107092,SANTA ROSA,Block Group 2,2887,136.78005165993514,1717,81.34788662975706,11.76190169792974,False,False,True,0.9219015280135824,0.5806451612903226,0.7962648556876061,0.7678268251273346,41
121319505021,WALTON,Block Group 1,1824,184.30931549197604,1995,201.5883138193488,8.89405553787662,False,True,True,0.668081494057725,0.9507640067911715,0.6859083191850595,0.7672495755517827,42
121319506091,WALTON,Block Group 1,1576,298.6213206906869,695,131.688970736058,13.632630643027843,False,False,True,0.5585738539898133,0.8964346349745331,0.8387096774193549,0.7625127334465196,43
120050002031,BAY,Block Group 1,2765,187.24856885207757,1253,84.85441474562502,10.277743100871186,False,False,True,0.9015280135823429,0.6247877758913413,0.7521222410865874,0.7608998302207131,44
120910231001,OKALOOSA,Block Group 1,2316,1553.4991293428886,128,85.85832839200766,12.1047394113039,False,False,True,0.8251273344651953,0.6417657045840407,0.8047538200339559,0.7578947368421052,45
120910231002,OKALOOSA,Block Group 2,3185,1263.0673938656564,185,73.36498206127047,14.12812387874717,False,False,True,0.9541595925297114,0.45500848896434637,0.8488964346349746,0.7547028862478777,46
121130105032,SANTA ROSA,Block Group 2,2840,457.61162823373513,571,92.00571821178266,6.981396837764384,False,True,True,0.9134125636672326,0.7300509337860781,0.6078098471986417,0.7520543293718166,47
120910212005,OKALOOSA,Block Group 5,1463,811.3012095763488,223,123.6638207351509,15.61802923298854,False,False,False,0.5033955857385399,0.8760611205432938,0.8726655348047538,0.7482342954159593,48
120910205005,OKALOOSA,Block Group 5,2687,299.2413169068003,757,84.30430848472194,9.507720810766822,False,True,True,0.8930390492359932,0.6162988115449916,0.7096774193548387,0.7412054329371818,49
120330036121,ESCAMBIA,Block Group 1,1712,183.81016790178438,1078,115.74028095684788,10.37802825638996,False,False,True,0.6095076400679117,0.8556876061120543,0.7572156196943973,0.7394906621392191,50
120330036032,ESCAMBIA,Block Group 2,2681,48.91524380353697,5348,97.57505552454894,5.941234515280229,False,True,True,0.8913412563667232,0.769100169779287,0.5432937181663837,0.7361460101867573,51
120910204002,OKALOOSA,Block Group 2,2987,1423.132501878373,225,107.19946867178903,4.860371115531334,True,True,True,0.9303904923599321,0.8251273344651953,0.43463497453310695,0.7320543293718167,52
121319505023,WALTON,Block Group 3,1059,88.81635972185634,4211,353.16873540012944,22.963414753190985,False,False,False,0.24448217317487267,0.9779286926994907,0.9881154499151104,0.731918505942275,53
120910209002,OKALOOSA,Block Group 2,2209,305.95847552069034,520,72.02281904516025,20.42775390153417,False,False,False,0.799660441426146,0.4295415959252971,0.9643463497453311,0.7318675721561969,54
121130105051,SANTA ROSA,Block Group 1,4394,173.07064827364982,2163,85.1961338679801,6.27074502849804,False,True,True,0.9898132427843803,0.6264855687606112,0.568760611205433,0.7309677419354839,55
120910211023,OKALOOSA,Block Group 3,1260,1271.0492309647768,120,121.05230771093112,19.116048331610944,False,False,False,0.3769100169779287,0.8709677419354839,0.9439728353140917,0.7270797962648556,56
120910203052,OKALOOSA,Block Group 2,2382,30.32759223439465,6119,77.90702639893404,13.183386498650076,False,False,True,0.8285229202037352,0.5229202037351444,0.8251273344651953,0.7265534804753822,57
121130108231,SANTA ROSA,Block Group 1,1382,514.3292041853446,1632,607.3699430032434,9.802273086393898,False,True,True,0.4567062818336163,0.9932088285229203,0.735144312393888,0.7256366723259763,58
121319505011,WALTON,Block Group 1,1823,36.45482414406803,4574,91.46701351342136,11.184555500173095,False,False,True,0.66553480475382,0.7215619694397284,0.7843803056027164,0.7232427843803056,59
120050026042,BAY,Block Group 2,2865,1443.551105488064,150,75.57859191036984,10.134599663909103,False,False,True,0.9185059422750425,0.49745331069609505,0.7470288624787776,0.7229711375212224,60
121130109003,SANTA ROSA,Block Group 3,1283,621.0254131537345,1924,931.2960989148754,10.871103554460635,False,False,True,0.399830220713073,0.99830220713073,0.7741935483870968,0.7208658743633277,61
120910207022,OKALOOSA,Block Group 2,3856,897.7195687966089,579,134.79762197438706,3.177037582193034,True,True,True,0.9779286926994907,0.9049235993208828,0.26485568760611206,0.7185229202037351,62
120910201011,OKALOOSA,Block Group 1,1933,21.295838673038116,8041,88.58760412307268,10.753245254490254,False,False,True,0.7079796264855688,0.6757215619694398,0.769100169779287,0.7175042444821732,63
121319506101,WALTON,Block Group 1,2133,60.4673471081144,2775,78.66708308720932,13.327650395991329,False,False,True,0.7724957555178268,0.5415959252971138,0.8285229202037352,0.7147877758913412,64
120910208002,OKALOOSA,Block Group 2,1715,604.5640176892259,225,79.31597899712875,21.533867499919214,False,False,False,0.6137521222410866,0.5534804753820034,0.9762308998302207,0.7134804753820034,65
120050026071,BAY,Block Group 1,1284,159.01535315526584,1448,179.32572536512848,12.101838614306926,False,False,True,0.40237691001697795,0.9405772495755518,0.8030560271646859,0.712207130730051,66
121319505012,WALTON,Block Group 2,1718,8.795510804051194,15635,80.04529186341118,19.40535147536055,False,False,False,0.6196943972835314,0.5704584040747029,0.9490662139219015,0.7121392190152802,67
120910206012,OKALOOSA,Block Group 2,2056,107.17654902042146,2130,111.0340707264094,5.990106112392615,False,True,True,0.7470288624787776,0.8404074702886248,0.5449915110356537,0.7111714770797963,68
120330011011,ESCAMBIA,Block Group 1,2020,761.8783242599408,1019,384.3336695152869,4.752083407734047,True,True,True,0.735144312393888,0.9796264855687606,0.41765704584040747,0.7110526315789474,69
120330037002,ESCAMBIA,Block Group 2,2411,435.5340114850193,519,93.75452175890707,5.990679170243514,False,True,True,0.8387096774193549,0.7436332767402377,0.5466893039049237,0.710967741935484,70
120330026062,ESCAMBIA,Block Group 2,1882,827.680958456309,262,115.22444798913548,6.57094313175346,False,True,True,0.6935483870967742,0.8522920203735145,0.5874363327674024,0.7109168081494057,71
121319506053,WALTON,Block Group 3,2846,126.56594786310117,2009,89.34328505164099,5.723439337466386,False,True,True,0.9168081494057725,0.6859083191850595,0.5229202037351444,0.7106281833616299,72
120330040001,ESCAMBIA,Block Group 1,2618,51.84192703373524,4243,84.02035767919733,7.5878460895172095,False,True,True,0.8760611205432938,0.6095076400679117,0.6400679117147708,0.7102207130730052,73
120330036034,ESCAMBIA,Block Group 4,3097,209.4877878157249,1322,89.42294332979925,5.336814327154846,False,True,True,0.9422750424448217,0.6893039049235993,0.4906621392190153,0.7097623089983023,74
120330014013,ESCAMBIA,Block Group 3,4485,5199.403198937165,114,132.1587435181353,2.812412003007416,True,True,True,0.9915110356536503,0.8998302207130731,0.21901528013582344,0.7063327674023769,75
120330036122,ESCAMBIA,Block Group 2,2813,429.37819992081006,633,96.62154303230456,4.86996679570469,True,True,True,0.9100169779286927,0.7640067911714771,0.4380305602716469,0.7060780984719865,76
120330035092,ESCAMBIA,Block Group 2,3100,843.9909883542856,330,89.84420198610137,5.059104694612684,False,True,True,0.9456706281833617,0.6960950764006791,0.4634974533106961,0.7041935483870969,77
120330036033,ESCAMBIA,Block Group 3,1613,118.97693116229324,1818,134.0979918493795,7.481257532583401,False,True,True,0.5738539898132428,0.9032258064516129,0.634974533106961,0.7027164685908319,78
121130103021,SANTA ROSA,Block Group 1,4953,71.67695686123872,5214,75.45399819796056,7.078703500888279,False,True,True,0.9966044142614601,0.4923599320882852,0.6095076400679117,0.7024617996604415,79
120330036083,ESCAMBIA,Block Group 3,3146,338.63225720895974,870,93.6459198257454,4.463616011595099,True,True,True,0.9524617996604414,0.7419354838709677,0.3938879456706282,0.6986587436332767,80
120910206013,OKALOOSA,Block Group 3,4555,210.39818792424336,2053,94.82930401942298,3.8142549311145415,True,True,True,0.9932088285229203,0.7538200339558574,0.3395585738539898,0.6985059422750426,81
120330033051,ESCAMBIA,Block Group 1,2593,154.051211185318,1660,98.62129215874582,4.90512807961617,True,True,True,0.870118845500849,0.7775891341256367,0.44142614601018676,0.6981154499151104,82
121130108251,SANTA ROSA,Block Group 1,2169,758.5632134262542,315,110.16478203285848,5.142511664297146,False,True,True,0.7826825127334465,0.833616298811545,0.47198641765704585,0.6969609507640068,83
121130108085,SANTA ROSA,Block Group 5,4221,307.30678113437773,905,65.88785523018522,10.846553806082031,False,False,True,0.9881154499151104,0.32088285229202035,0.7724957555178268,0.6967741935483871,84
120330024001,ESCAMBIA,Block Group 1,5532,263.9955206660246,1401,66.85786776086415,9.793815993020656,False,True,True,1.0,0.34465195246179964,0.733446519524618,0.6957724957555179,85
120050002012,BAY,Block Group 2,1908,21.86722291013816,7799,89.38284668562238,9.139885677082708,False,True,True,0.6994906621392191,0.6876061120543294,0.6977928692699491,0.6950084889643464,86
120050025001,BAY,Block Group 1,2200,730.3738584588581,290,96.27655406957676,5.726017489429182,False,True,True,0.7962648556876061,0.7589134125636672,0.5246179966044142,0.6942954159592529,87
120330023001,ESCAMBIA,Block Group 1,2039,789.0320291280133,2068,800.2541619601429,3.745589984673289,True,True,True,0.7419354838709677,0.9966044142614601,0.32767402376910015,0.6892699490662139,88
121130104001,SANTA ROSA,Block Group 1,1812,12.994282666222853,11016,78.99835422246741,14.8380112673164,False,False,True,0.6587436332767402,0.5483870967741935,0.8573853989813243,0.6878777589134126,89
120050026051,BAY,Block Group 1,1337,1083.2015451622938,161,130.4378824017422,9.985361231998054,False,True,True,0.432937181663837,0.8947368421052632,0.7419354838709677,0.6873005093378608,90
120910211013,OKALOOSA,Block Group 3,1052,990.4718864158476,157,147.8175724023651,17.385471070779918,False,False,False,0.23938879456706283,0.9185059422750425,0.9134125636672326,0.6859252971137522,91
121130108272,SANTA ROSA,Block Group 2,3673,728.369382627131,336,66.63003336855867,9.78250751386701,False,True,True,0.9745331069609507,0.3378607809847199,0.7317487266553481,0.6843123938879457,92
121130108252,SANTA ROSA,Block Group 2,1123,446.2642949620218,708,281.3491726029487,12.065346534240382,False,False,True,0.2928692699490662,0.969439728353141,0.801358234295416,0.6839388794567063,93
120330033071,ESCAMBIA,Block Group 1,2180,923.9809507340138,245,103.84189583937312,4.969974926209249,True,True,True,0.7877758913412564,0.8115449915110357,0.44821731748726656,0.6835653650254669,94
120910212001,OKALOOSA,Block Group 1,2043,753.9513249319857,193,71.22496608510683,15.43014349684259,False,False,False,0.7436332767402377,0.42105263157894735,0.8709677419354839,0.6792020373514431,95
121130108242,SANTA ROSA,Block Group 2,2537,546.6129174737305,421,90.7071494901224,5.103088588625607,False,True,True,0.8556876061120543,0.7079796264855688,0.466893039049236,0.6786417657045841,96
120330026041,ESCAMBIA,Block Group 1,2570,219.44523902026668,1543,131.75253066469708,3.222122288089566,True,True,True,0.8607809847198642,0.8981324278438031,0.26825127334465193,0.6775721561969441,97
121130108232,SANTA ROSA,Block Group 2,3542,579.9263614680028,358,58.61480446232214,13.4898675777697,False,False,True,0.967741935483871,0.22241086587436332,0.833616298811545,0.6775212224108659,98
121130108282,SANTA ROSA,Block Group 2,2493,321.12744199514816,558,71.87690037436529,9.824510813460629,False,True,True,0.8505942275042445,0.42614601018675724,0.7402376910016978,0.6741086587436333,99
120050014042,BAY,Block Group 2,3133,594.0904215861323,451,85.52019793659294,4.838975821703959,True,True,True,0.9507640067911715,0.634974533106961,0.42784380305602715,0.6739898132427844,100
121319502021,WALTON,Block Group 1,3663,62.162391858141994,4038,68.5262730885005,8.0963627791765,False,True,True,0.9728353140916808,0.37860780984719866,0.6604414261460102,0.6736502546689305,101
121319503053,WALTON,Block Group 3,1135,1.927790530975541,53947,91.62864825950442,28.235108768361968,False,False,False,0.30390492359932086,0.7249575551782682,1.0,0.6725636672325976,102
120330036031,ESCAMBIA,Block Group 1,3479,313.9010337440453,1025,92.48305823157416,3.4405195954257475,True,True,True,0.966044142614601,0.7368421052631579,0.30560271646859083,0.6724617996604415,103
120330038003,ESCAMBIA,Block Group 3,1681,48.4286362415368,3690,106.30676248142224,6.76199688353734,False,True,True,0.5959252971137521,0.8200339558573854,0.599320882852292,0.6710016977928693,104
121130108141,SANTA ROSA,Block Group 1,952,577.313986037734,703,426.314844731646,15.231722139953067,False,False,False,0.17402376910016978,0.9847198641765704,0.8641765704584041,0.6693039049235994,105
121130107113,SANTA ROSA,Block Group 3,1785,135.02724827176468,1822,137.82613240961078,4.932516439301604,True,True,True,0.6511035653650254,0.9100169779286927,0.4465195246179966,0.6690322580645162,106
120330034001,ESCAMBIA,Block Group 1,2402,593.4053934670562,349,86.2191849791851,5.56211121747347,False,True,True,0.833616298811545,0.6519524617996605,0.5110356536502547,0.6672156196943974,107
120910212004,OKALOOSA,Block Group 4,1040,963.4625361298451,161,149.15141184317795,13.882979087657883,False,False,True,0.23429541595925296,0.9202037351443124,0.8455008488964346,0.6623429541595925,108
121319501043,WALTON,Block Group 3,1715,16.379699582938464,8164,77.97310052192981,13.886338400706157,False,False,True,0.6137521222410866,0.5263157894736842,0.8471986417657046,0.6619354838709677,109
121319506111,WALTON,Block Group 1,1292,182.4646654774452,644,90.94987969618786,15.298491094337349,False,False,False,0.4091680814940577,0.7147707979626485,0.8692699490662139,0.6618505942275043,110
120910233041,OKALOOSA,Block Group 1,3220,490.79395524751715,229,34.90429060611224,24.183105738172724,False,False,False,0.9558573853989814,0.023769100169779286,0.9915110356536503,0.6600339558573854,111
120050027081,BAY,Block Group 1,869,736.2079613816989,190,160.96606750577996,18.254412626303232,False,False,False,0.13752122241086587,0.9269949066213922,0.9269949066213922,0.6585738539898133,112
120050014021,BAY,Block Group 1,1321,671.0257092756985,350,177.78879503898145,7.087981177459267,False,True,True,0.4219015280135823,0.9388794567062818,0.6112054329371817,0.654974533106961,113
120330036091,ESCAMBIA,Block Group 1,2409,1056.3384913697278,205,89.89181848517815,4.838944495622625,True,True,True,0.8353140916808149,0.6977928692699491,0.42614601018675724,0.6549066213921901,114
120330036101,ESCAMBIA,Block Group 1,3034,646.9983987109506,463,98.73442933525712,2.9599172052383333,True,True,True,0.9354838709677419,0.7792869269949066,0.24108658743633277,0.6547877758913413,115
120910203061,OKALOOSA,Block Group 1,1452,27.090552971919486,4835,90.2085562115914,10.684424468483416,False,False,True,0.49745331069609505,0.7011884550084889,0.765704584040747,0.6532088285229203,116
120910232002,OKALOOSA,Block Group 2,1100,179.77533966098946,1047,171.11343693186907,10.344353481496595,False,False,True,0.2699490662139219,0.9354838709677419,0.7538200339558574,0.6492529711375212,117
120050004022,BAY,Block Group 2,2309,138.62289649210229,1255,75.34505634369353,7.393699219829378,False,True,True,0.8200339558573854,0.48896434634974534,0.633276740237691,0.6491511035653651,118
120330036131,ESCAMBIA,Block Group 1,1540,46.99490901709324,2875,87.73400222346953,10.10386237205712,False,False,True,0.534804753820034,0.6706281833616299,0.7453310696095077,0.649100169779287,119
120910210021,OKALOOSA,Block Group 1,1828,1091.8275987497736,105,62.71438614262924,25.027337874424088,False,False,False,0.6714770797962648,0.2801358234295416,0.9949066213921901,0.6490662139219014,120
121319503061,WALTON,Block Group 1,1656,43.07000050664469,2800,72.82367235423015,17.540552603098927,False,False,False,0.5874363327674024,0.4431239388794567,0.9151103565365025,0.6479456706281834,121
121319503032,WALTON,Block Group 2,1661,116.62892551828251,1267,88.96378605157372,8.214145673060381,False,True,True,0.5908319185059423,0.6842105263157895,0.66723259762309,0.6468590831918506,122
120910207021,OKALOOSA,Block Group 1,1782,546.5328898095232,292,89.55533323478157,6.708729616256592,False,True,True,0.6485568760611206,0.6926994906621392,0.5925297113752123,0.644634974533107,123
120910227001,OKALOOSA,Block Group 1,1280,895.2257192753987,300,209.8185279551716,6.564358402738241,False,True,True,0.39558573853989815,0.9558573853989814,0.5857385398981324,0.643225806451613,124
121130105043,SANTA ROSA,Block Group 3,3122,457.0883094028131,497,72.76517929955097,5.790554658761553,False,True,True,0.9490662139219015,0.44142614601018676,0.5297113752122241,0.6431578947368422,125
120050003023,BAY,Block Group 3,3925,29.145111721715434,9286,68.9532503051846,6.068789043362078,False,True,True,0.9796264855687606,0.3870967741935484,0.5517826825127334,0.6429032258064517,126
120910209003,OKALOOSA,Block Group 3,1060,703.3818733182703,145,96.21733172749924,18.732577720386068,False,False,False,0.2461799660441426,0.7572156196943973,0.9354838709677419,0.6422920203735145,127
121319503042,WALTON,Block Group 2,2029,162.4254335974568,999,79.97191136710663,7.110132917048957,False,True,True,0.7385398981324278,0.568760611205433,0.6146010186757216,0.6416129032258066,128
120330039004,ESCAMBIA,Block Group 4,1535,35.357067453959914,3745,86.26203101959601,9.805727279704287,False,True,True,0.533106960950764,0.6536502546689303,0.7368421052631579,0.640118845500849,129
121130108143,SANTA ROSA,Block Group 3,1557,773.1835896376514,151,74.9844072159829,16.58308517014173,False,False,False,0.5424448217317487,0.4855687606112054,0.8930390492359932,0.6393718166383702,130
120910233051,OKALOOSA,Block Group 1,2434,521.0069175762347,214,45.80751041960322,21.452883782579647,False,False,False,0.8421052631578947,0.0865874363327674,0.9745331069609507,0.6364855687606112,131
120330027042,ESCAMBIA,Block Group 2,3685,606.3707599298355,459,75.52894947294287,4.807179683559694,True,True,True,0.9762308998302207,0.49575551782682514,0.4227504244482173,0.6350254668930391,132
121130109001,SANTA ROSA,Block Group 1,1224,182.74681906318068,2609,389.5314141632667,6.422501797089238,False,True,True,0.35059422750424446,0.9813242784380306,0.5789473684210527,0.6340916808149406,133
120330038002,ESCAMBIA,Block Group 2,1684,17.799221400329433,7878,83.26737897375017,9.204746443716612,False,True,True,0.597623089983022,0.597623089983022,0.7028862478777589,0.6323599320882852,134
121319501031,WALTON,Block Group 1,1194,63.54862550284048,2288,121.77492056155695,9.12684290993822,False,True,True,0.3378607809847199,0.8726655348047538,0.6943972835314092,0.6320033955857386,135
121130108094,SANTA ROSA,Block Group 4,1056,39.7229699013866,2694,101.33871298706012,15.081094319773928,False,False,False,0.2427843803056027,0.8030560271646859,0.8607809847198642,0.6316129032258064,136
120910215012,OKALOOSA,Block Group 2,2004,1632.6530612244899,127,103.46653631512486,3.926766738631453,True,True,True,0.7283531409168081,0.8081494057724957,0.3548387096774194,0.6314261460101868,137
120330025001,ESCAMBIA,Block Group 1,928,90.93633261217947,2901,284.2740311507895,10.957216801308714,False,False,True,0.15789473684210525,0.9711375212224108,0.7792869269949066,0.6313242784380306,138
120330036143,ESCAMBIA,Block Group 3,1857,69.25022073740932,2553,95.20506922057405,4.998308965979851,True,True,True,0.6825127334465195,0.7555178268251274,0.4533106960950764,0.630967741935484,139
120330035121,ESCAMBIA,Block Group 1,1255,640.2110707032782,1084,552.9791240178116,5.863181494974908,False,True,True,0.3701188455008489,0.9898132427843803,0.5382003395585738,0.6300848896434635,140
120330038001,ESCAMBIA,Block Group 1,1596,4.576754740671958,25977,74.49270545014751,13.810031694503833,False,False,True,0.565365025466893,0.48047538200339557,0.8438030560271647,0.6292359932088285,141
120330031001,ESCAMBIA,Block Group 1,2661,1439.728610345378,160,86.56767292568976,3.7488908997031833,True,True,True,0.8879456706281834,0.6604414261460102,0.3310696095076401,0.629100169779287,142
121130108221,SANTA ROSA,Block Group 1,3299,689.3682448860013,286,59.76335799860454,8.48991012013582,False,True,True,0.9643463497453311,0.23599320882852293,0.6757215619694398,0.6287436332767403,143
120330014024,ESCAMBIA,Block Group 4,1771,937.9909092738753,187,99.04251837053344,5.029554779481998,False,True,True,0.6426146010186757,0.7843803056027164,0.45840407470288624,0.6286078098471988,144
120050014022,BAY,Block Group 2,3098,641.2932844504181,341,70.58780180684073,5.708458245166178,False,True,True,0.9439728353140917,0.4091680814940577,0.5212224108658744,0.6279796264855688,145
120330036144,ESCAMBIA,Block Group 4,1686,109.30872024254866,1525,98.8705802905615,5.5500910110106565,False,True,True,0.599320882852292,0.7809847198641766,0.5042444821731749,0.6278947368421053,146
120910229003,OKALOOSA,Block Group 3,1860,554.8493986595912,268,79.946042387511,7.380015956295407,False,True,True,0.6842105263157895,0.565365025466893,0.631578947368421,0.6276230899830221,147
120910212003,OKALOOSA,Block Group 3,867,826.498278366908,173,164.91834158878325,13.344846217251078,False,False,True,0.13582342954159593,0.9303904923599321,0.830220713073005,0.6271816638370119,148
120050027061,BAY,Block Group 1,1102,485.9279327426355,203,89.51304024206443,18.24629162516701,False,False,False,0.27249575551782684,0.6910016977928692,0.9252971137521222,0.6260271646859084,149
120330036142,ESCAMBIA,Block Group 2,1590,115.04258493018833,1256,90.87640671214876,6.898604441874521,False,True,True,0.5636672325976231,0.7113752122241087,0.6044142614601019,0.6258573853989814,150
120910201022,OKALOOSA,Block Group 2,2309,21.69810436000713,8469,79.58477515153763,5.354579587660605,False,True,True,0.8200339558573854,0.5568760611205433,0.4940577249575552,0.6256196943972836,151
120050027121,BAY,Block Group 1,2621,999.1609487797542,163,62.13782321674931,9.550315190242964,False,True,True,0.8794567062818336,0.27164685908319186,0.7147707979626485,0.6245331069609508,152
120910233032,OKALOOSA,Block Group 2,792,813.4014043498488,101,103.72921949410951,20.800405972915904,False,False,False,0.11035653650254669,0.8098471986417657,0.967741935483871,0.624125636672326,153
120910211011,OKALOOSA,Block Group 1,1746,577.8959754145974,203,67.18950916905112,16.511185454124337,False,False,False,0.6290322580645161,0.35144312393887944,0.8913412563667232,0.6239898132427844,154
120910209001,OKALOOSA,Block Group 1,1324,616.0514914820645,168,78.16967565633446,17.571594458192543,False,False,False,0.4244482173174873,0.533106960950764,0.9168081494057725,0.6227843803056028,155
120330033131,ESCAMBIA,Block Group 1,2442,1161.2739393864458,221,105.09481597231964,2.6315258296918285,True,True,True,0.8438030560271647,0.8166383701188455,0.19864176570458403,0.6219354838709678,156
120910233082,OKALOOSA,Block Group 2,2190,513.5582906247472,201,47.13480201624392,20.492437733083648,False,False,False,0.7894736842105263,0.0967741935483871,0.966044142614601,0.619151103565365,157
120050027092,BAY,Block Group 2,1920,426.35040940742175,262,58.17906628372109,18.33087445727989,False,False,False,0.7037351443123939,0.21901528013582344,0.9303904923599321,0.6185738539898133,158
120330027011,ESCAMBIA,Block Group 1,3284,305.13050368460875,754,70.05736899457827,5.324369069734713,False,True,True,0.9609507640067911,0.39728353140916806,0.4855687606112054,0.6180645161290323,159
120910224001,OKALOOSA,Block Group 1,1198,994.9554595481673,160,132.88219827020598,7.154744837901505,False,True,True,0.3404074702886248,0.9015280135823429,0.6196943972835314,0.6177419354838709,160
120910233031,OKALOOSA,Block Group 1,725,334.6221285382829,245,113.07920205776456,19.31189313367463,False,False,False,0.07555178268251274,0.8455008488964346,0.9473684210526315,0.6173344651952462,161
120910201023,OKALOOSA,Block Group 3,1363,11.852873747936943,10679,92.86635271769524,8.363354054162144,False,True,True,0.4465195246179966,0.7385398981324278,0.6706281833616299,0.616842105263158,162
120330036133,ESCAMBIA,Block Group 3,1308,367.0538317557689,543,152.37785217383984,5.653034820767293,False,True,True,0.4159592529711375,0.9235993208828522,0.5161290322580645,0.6165365025466893,163
120910214001,OKALOOSA,Block Group 1,2979,407.0016303291221,467,63.803209588351805,7.112258907175224,False,True,True,0.9286926994906621,0.2920203735144312,0.6162988115449916,0.6155008488964346,164
121130101004,SANTA ROSA,Block Group 4,1563,7.634118307763017,14936,72.9514977893464,14.204250489025425,False,False,True,0.5475382003395586,0.44821731748726656,0.8505942275042445,0.6147707979626487,165
120910202001,OKALOOSA,Block Group 1,2064,9.358601066518691,15459,70.09428967408549,8.526644810669099,False,True,True,0.7555178268251274,0.398981324278438,0.6774193548387096,0.6120882852292021,166
120050026093,BAY,Block Group 3,2582,735.1664089882778,243,69.18878287534915,6.321233650377935,False,True,True,0.8633276740237691,0.3904923599320883,0.5721561969439728,0.6112054329371817,167
121130105033,SANTA ROSA,Block Group 3,1780,224.37804423020683,591,74.49855288766979,9.3306383864545,False,True,True,0.6451612903225806,0.48217317487266553,0.7045840407470289,0.6109847198641766,168
121319504003,WALTON,Block Group 3,870,7.171935218365766,11006,90.72910231417656,26.42528832013241,False,False,False,0.13921901528013583,0.7096774193548387,0.99830220713073,0.610967741935484,169
121130105041,SANTA ROSA,Block Group 1,1932,188.14059828710253,749,72.93856527797091,8.488394115476337,False,True,True,0.7062818336162988,0.4465195246179966,0.6740237691001698,0.6099151103565366,170
120910206022,OKALOOSA,Block Group 2,2926,587.4396724953558,413,82.91612602207175,3.4315267342967237,True,True,True,0.9252971137521222,0.5908319185059423,0.30220713073005095,0.6093039049235993,171
120910210012,OKALOOSA,Block Group 2,2000,1064.6911676947147,90,47.91110254626216,24.163560789396133,False,False,False,0.7266553480475382,0.10696095076400679,0.9898132427843803,0.6089983022071308,172
120330036123,ESCAMBIA,Block Group 3,1545,333.0101661860831,399,86.00068369465835,7.646553676172444,False,True,True,0.5365025466893039,0.6434634974533107,0.6485568760611206,0.6087775891341256,173
120910220021,OKALOOSA,Block Group 1,2375,1643.3859424420507,131,90.64570882522467,3.283060996741909,True,True,True,0.8268251273344652,0.7062818336162988,0.2835314091680815,0.6077589134125637,174
121130108281,SANTA ROSA,Block Group 1,3000,1524.8783909483218,97,49.30440130732907,10.657795628425289,False,False,True,0.9320882852292021,0.11544991511035653,0.7623089983022071,0.6065704584040748,175
120330001001,ESCAMBIA,Block Group 1,1756,919.9333205506608,316,165.54608729727153,3.000541395291953,True,True,True,0.634974533106961,0.9320882852292021,0.2495755517826825,0.6058404074702888,176
121130108093,SANTA ROSA,Block Group 3,1050,121.855659766,796,92.3781954035581,14.75858651128482,False,False,True,0.23769100169779286,0.733446519524618,0.8556876061120543,0.6052292020373515,177
120330036112,ESCAMBIA,Block Group 2,2735,492.71946193233225,443,79.80794209726625,3.8573960451055855,True,True,True,0.8981324278438031,0.5602716468590832,0.3463497453310696,0.6045500848896436,178
120050002011,BAY,Block Group 1,1306,23.29785696464459,4385,78.22442786368035,15.29029366225554,False,False,False,0.4142614601018676,0.5365025466893039,0.8675721561969439,0.6041935483870968,179
120330010021,ESCAMBIA,Block Group 1,1342,1099.0720948707237,597,488.9314758851133,4.358269270645277,True,True,True,0.4388794567062818,0.9881154499151104,0.38879456706281834,0.6035993208828523,180
120910208003,OKALOOSA,Block Group 3,1485,73.60922798988663,1491,73.906639012068,13.448545136303002,False,False,True,0.5118845500848896,0.4685908319185059,0.831918505942275,0.6032088285229202,181
121130109002,SANTA ROSA,Block Group 2,1092,1024.0453730872998,124,116.28354053372269,8.976303232705279,False,True,True,0.26485568760611206,0.8590831918505942,0.6910016977928692,0.601578947368421,182
120050013012,BAY,Block Group 2,3978,485.79922643373055,543,66.31196077262838,5.212414351297809,False,True,True,0.9847198641765704,0.3293718166383701,0.47877758913412566,0.6014940577249576,183
120910215021,OKALOOSA,Block Group 1,1951,800.4145252877246,185,75.89784068591956,6.6921802793317,False,True,True,0.7122241086587436,0.499151103565365,0.5891341256366723,0.6012903225806452,184
120050026061,BAY,Block Group 1,865,1489.9253487114297,74,127.46182173947491,11.458426652824349,False,False,True,0.13412563667232597,0.8913412563667232,0.7911714770797963,0.6008319185059423,185
121130102003,SANTA ROSA,Block Group 3,1372,9.318359300449305,12570,85.37301487364998,9.656514550667795,False,True,True,0.45161290322580644,0.631578947368421,0.7232597623089984,0.6006451612903226,186
121130107091,SANTA ROSA,Block Group 1,1220,237.40369096577768,556,108.19381325981344,7.219141010343577,False,True,True,0.34804753820033957,0.830220713073005,0.6247877758913413,0.5984889643463498,187
120910218021,OKALOOSA,Block Group 1,2410,2140.488901875903,98,87.0406275451612,3.292468937285466,True,True,True,0.8370118845500849,0.6638370118845501,0.2869269949066214,0.5983361629881155,188
120910210013,OKALOOSA,Block Group 3,1870,1044.8626005680253,87,48.61125467883326,24.283901250823764,False,False,False,0.6859083191850595,0.11035653650254669,0.9932088285229203,0.5973853989813244,189
121130107081,SANTA ROSA,Block Group 1,1766,399.5513983507079,392,88.68864561352068,5.132870024039864,False,True,True,0.6400679117147708,0.6808149405772496,0.4685908319185059,0.5969269949066214,190
120330026021,ESCAMBIA,Block Group 1,1156,148.87069472647457,1127,145.1360492705336,6.221410346912913,False,True,True,0.32088285229202035,0.9117147707979627,0.5619694397283531,0.5954159592529712,191
121130107072,SANTA ROSA,Block Group 2,2799,454.0232886858175,511,82.88885334707136,3.2698821158854323,True,True,True,0.9049235993208828,0.5891341256366723,0.2801358234295416,0.5945331069609509,192
120910229002,OKALOOSA,Block Group 2,1438,1039.4724857849608,119,86.02032392796268,7.605343164575794,False,True,True,0.4923599320882852,0.6451612903225806,0.6434634974533107,0.5926485568760611,193
120330032032,ESCAMBIA,Block Group 2,1693,623.4898416821925,211,77.70605823682375,7.762584300816512,False,True,True,0.6027164685908319,0.5212224108658744,0.6536502546689303,0.5926315789473685,194
121319506102,WALTON,Block Group 2,2399,75.50777404309633,1847,58.13374683518088,9.640604522193088,False,True,True,0.831918505942275,0.21561969439728354,0.7215619694397284,0.5921222410865875,195
121319506061,WALTON,Block Group 1,1886,177.4941385054711,748,70.39534231288039,8.386393361833976,False,True,True,0.6960950764006791,0.40407470288624786,0.6723259762308998,0.5918845500848897,196
121130105062,SANTA ROSA,Block Group 2,2005,225.51660173363214,654,73.56002869515982,6.468633880585421,False,True,True,0.7300509337860781,0.4601018675721562,0.5806451612903226,0.5916638370118846,197
120910233052,OKALOOSA,Block Group 2,2314,1145.0219256359226,45,22.26706424097516,19.004413938458665,False,False,False,0.8234295415959253,0.003395585738539898,0.9405772495755518,0.591477079796265,198
121319504001,WALTON,Block Group 1,1146,10.770505315173885,7936,74.5852793902443,22.813116679418712,False,False,False,0.3140916808149406,0.4838709677419355,0.9847198641765704,0.5914261460101868,199
121319505013,WALTON,Block Group 3,1028,5.26968532217631,16292,83.51528528102766,20.006659161063418,False,False,False,0.22495755517826826,0.601018675721562,0.9592529711375212,0.5913752122241087,200
120910211012,OKALOOSA,Block Group 2,660,773.6490446606495,100,117.21955222131052,16.09234509458062,False,False,False,0.04584040747028863,0.8641765704584041,0.8777589134125636,0.5904244482173175,201
121319506051,WALTON,Block Group 1,1881,278.3385158652954,484,71.61926724019297,7.688365717478814,False,True,True,0.6910016977928692,0.4244482173174873,0.6502546689303905,0.5895925297113752,202
120330017001,ESCAMBIA,Block Group 1,2097,754.9400512077601,352,126.72336577259492,1.9246175399912355,True,True,True,0.7623089983022071,0.8896434634974533,0.11035653650254669,0.5891850594227505,203
121130108211,SANTA ROSA,Block Group 1,2674,941.3414714427483,220,77.44769024585065,3.858992677219149,True,True,True,0.8896434634974533,0.5195246179966044,0.34804753820033957,0.5887775891341257,204
121319506043,WALTON,Block Group 3,1587,128.3875670353798,966,78.14895384762248,8.18901973834909,False,True,True,0.5619694397283531,0.5314091680814941,0.66553480475382,0.5860611205432937,205
120910215011,OKALOOSA,Block Group 1,1062,1046.3188198469536,148,145.81467545889748,6.877612761622497,False,True,True,0.24787775891341257,0.9168081494057725,0.6027164685908319,0.5857215619694398,206
120330027041,ESCAMBIA,Block Group 1,2592,252.4986849026828,660,64.29364661873868,6.395369739100727,False,True,True,0.866723259762309,0.298811544991511,0.5772495755517827,0.583786078098472,207
121130103032,SANTA ROSA,Block Group 2,3959,167.36161827820533,1555,65.73561920247772,4.869138843950756,True,True,True,0.9830220713073005,0.31918505942275044,0.4363327674023769,0.5835483870967743,208
121130102004,SANTA ROSA,Block Group 4,1172,9.083119815433486,10613,82.25183498395528,13.598099738389369,False,False,True,0.33276740237691,0.5874363327674024,0.8370118845500849,0.5832088285229202,209
120910233062,OKALOOSA,Block Group 2,1671,1017.6824611471857,102,62.1206529246038,16.171516062173737,False,False,False,0.5925297113752123,0.2699490662139219,0.8845500848896435,0.5824448217317488,210
120910203051,OKALOOSA,Block Group 1,1672,25.981562693720562,4544,70.61017995231234,9.80672641076806,False,True,True,0.5942275042444821,0.41086587436332767,0.7385398981324278,0.5813412563667233,211
120330026071,ESCAMBIA,Block Group 1,4123,294.78128451284334,845,60.41479151427423,5.492903294128367,False,True,True,0.9864176570458404,0.2461799660441426,0.499151103565365,0.5813412563667233,211
120330014022,ESCAMBIA,Block Group 2,2062,810.9435694180673,215,84.55522183554048,3.96653743642581,True,True,True,0.7521222410865874,0.6213921901528013,0.3616298811544992,0.5801188455008489,213
120330036084,ESCAMBIA,Block Group 4,1583,205.01917505619895,625,80.94566292490482,6.769146539344487,False,True,True,0.5602716468590832,0.5789473684210527,0.601018675721562,0.5798811544991511,214
120330019001,ESCAMBIA,Block Group 1,2204,1270.5161846698734,171,98.5745315692143,2.289532120468898,True,True,True,0.797962648556876,0.7758913412563667,0.15789473684210525,0.5794567062818337,215
121319501032,WALTON,Block Group 2,1157,43.79919601786947,2220,84.03994395822836,12.105927800285782,False,False,True,0.3234295415959253,0.6112054329371817,0.8064516129032258,0.577792869269949,216
120330035073,ESCAMBIA,Block Group 3,2168,1005.599444879421,195,90.44828955326896,2.8992478210877097,True,True,True,0.7809847198641766,0.7045840407470289,0.23259762308998302,0.574804753820034,217
121130103012,SANTA ROSA,Block Group 2,3070,547.4283350332737,259,46.18369341160192,8.801195497024107,False,True,True,0.9388794567062818,0.0899830220713073,0.6842105263157895,0.5747028862478778,218
121130107071,SANTA ROSA,Block Group 1,1625,39.707782001979865,3286,80.29524409754205,6.327429194524424,False,True,True,0.5755517826825127,0.5738539898132428,0.5738539898132428,0.5744312393887946,219
120330026052,ESCAMBIA,Block Group 2,2495,154.53634790907367,1073,66.45992036330102,5.7780604004540175,False,True,True,0.8539898132427843,0.33276740237691,0.5280135823429541,0.5744142614601019,220
120330039001,ESCAMBIA,Block Group 1,1405,8.730874708244306,10982,68.2437480754014,16.206559453759258,False,False,False,0.4685908319185059,0.3684210526315789,0.8862478777589134,0.5733616298811546,221
120050005002,BAY,Block Group 2,1364,9.167310411468344,10004,67.23590422018277,17.62515135257102,False,False,False,0.44821731748726656,0.3531409168081494,0.9202037351443124,0.5725976230899831,222
120330033122,ESCAMBIA,Block Group 2,1713,1096.3578901286828,134,85.76296396803474,5.070205425798409,False,True,True,0.6112054329371817,0.6400679117147708,0.46519524617996605,0.572546689303905,223
121130108262,SANTA ROSA,Block Group 2,1828,780.3258842377159,158,67.44611034439777,8.566583317156047,False,True,True,0.6714770797962648,0.3599320882852292,0.6791171477079796,0.5711884550084889,224
120050026091,BAY,Block Group 1,1207,500.4886710014707,222,92.05342581800042,7.562650393852306,False,True,True,0.34465195246179964,0.7317487266553481,0.6383701188455009,0.5693208828522921,225
120050027031,BAY,Block Group 1,2468,353.256443280155,221,31.632769029543866,13.533843212539296,False,False,True,0.8455008488964346,0.013582342954159592,0.8353140916808149,0.5676061120543294,226
120910205006,OKALOOSA,Block Group 6,2072,460.0587107742775,320,71.05153834351776,5.660208936748131,False,True,True,0.7572156196943973,0.41935483870967744,0.5178268251273345,0.5667232597623091,227
120050026045,BAY,Block Group 5,1203,1242.8212351969453,78,80.58192547411616,10.93950714339698,False,False,True,0.34295415959252973,0.5772495755517827,0.7775891341256367,0.5637011884550085,228
120330016001,ESCAMBIA,Block Group 1,2191,947.109284999492,247,106.77133427424673,1.5087108221072618,True,True,True,0.7911714770797963,0.8217317487266553,0.06960950764006792,0.5631409168081495,229
120330028022,ESCAMBIA,Block Group 2,1732,1335.7353948285754,113,87.14670878500522,4.499129613651164,True,True,True,0.6213921901528013,0.66553480475382,0.400679117147708,0.5631239388794568,230
121130108273,SANTA ROSA,Block Group 3,2807,847.4934483050131,163,49.21319275871647,7.778285653259771,False,True,True,0.9074702886247877,0.11205432937181664,0.6553480475382003,0.5617826825127334,231
121130107053,SANTA ROSA,Block Group 3,741,200.5580439609158,727,196.76882315733576,8.354809172253857,False,True,True,0.08234295415959253,0.9473684210526315,0.6689303904923599,0.5613752122241087,232
120330036132,ESCAMBIA,Block Group 2,1320,39.297421642578634,2832,84.31083188771417,7.550784657809086,False,True,True,0.41935483870967744,0.6196943972835314,0.6366723259762309,0.557181663837012,233
120050003012,BAY,Block Group 2,1518,24.674545909113895,3562,57.89903328607622,18.66981073713753,False,False,False,0.5237691001697793,0.21222410865874364,0.933786078098472,0.5562648556876062,234
120050004021,BAY,Block Group 1,2108,86.49393865413298,1626,66.71686159944034,6.124296927517076,False,True,True,0.767402376910017,0.3395585738539898,0.5551782682512734,0.5561799660441427,235
121130108083,SANTA ROSA,Block Group 3,769,11.09797602069413,5842,84.30998168126803,20.994047661383792,False,False,False,0.09507640067911714,0.6179966044142614,0.969439728353141,0.5561799660441427,235
120910228002,OKALOOSA,Block Group 2,1198,3609.553566317261,32,96.4154541921138,6.24655736804915,False,True,True,0.3404074702886248,0.7623089983022071,0.567062818336163,0.5544312393887946,237
120330035062,ESCAMBIA,Block Group 2,3005,1669.2960625722158,132,73.32681539418718,3.117048573386991,True,True,True,0.933786078098472,0.4533106960950764,0.2597623089983022,0.5528013582342954,238
121130107043,SANTA ROSA,Block Group 3,2842,376.1216484874536,364,48.17321606243249,7.193872532483364,False,True,True,0.9151103565365025,0.10865874363327674,0.6213921901528013,0.5520543293718166,239
121319506073,WALTON,Block Group 3,1920,366.31063943528636,196,37.39421110901882,17.13629391031106,False,False,False,0.7037351443123939,0.03904923599320883,0.9083191850594228,0.5519015280135824,240
120910205002,OKALOOSA,Block Group 2,1138,587.3333157855893,227,117.15699708552616,5.330828777886212,False,True,True,0.3081494057724958,0.8624787775891342,0.48896434634974534,0.5507470288624788,241
120050027131,BAY,Block Group 1,637,564.4726080140932,192,170.1393104218303,9.12985786560493,False,True,True,0.03735144312393888,0.933786078098472,0.6960950764006791,0.5505602716468592,242
121130108133,SANTA ROSA,Block Group 3,1716,1453.0846718196415,60,50.80715635733012,16.72066295415949,False,False,False,0.6171477079796265,0.1307300509337861,0.9015280135823429,0.5504753820033956,243
120330035071,ESCAMBIA,Block Group 1,2620,1584.8397376182882,126,76.21748356484898,3.065830001110782,True,True,True,0.8777589134125636,0.5042444821731749,0.2563667232597623,0.5494397283531409,244
120910216001,OKALOOSA,Block Group 1,1496,765.3802548266025,142,72.64973007043953,9.061518042451782,False,True,True,0.5178268251273345,0.4380305602716469,0.6926994906621392,0.5492020373514431,245
121130108091,SANTA ROSA,Block Group 1,987,187.6374130370931,651,123.76084689680609,6.519739271220238,False,True,True,0.19185059422750425,0.8777589134125636,0.5840407470288624,0.5476230899830221,246
120910203031,OKALOOSA,Block Group 1,3065,244.13710516797232,702,55.91655720323542,5.5202312733923895,False,True,True,0.9371816638370118,0.1867572156196944,0.5008488964346349,0.5455517826825127,247
121130108202,SANTA ROSA,Block Group 2,2965,619.5249612143944,242,50.5649378124396,6.314527077419443,False,True,True,0.9269949066213922,0.12393887945670629,0.5704584040747029,0.5443293718166384,248
120330033012,ESCAMBIA,Block Group 2,1289,222.70368143525525,620,107.11891581835395,4.593115014439022,True,True,True,0.4074702886247878,0.8234295415959253,0.4057724957555178,0.5441765704584041,249
120330035091,ESCAMBIA,Block Group 1,2194,863.4854665635521,174,68.48061585326256,5.024134793723769,False,True,True,0.7928692699490663,0.3769100169779287,0.45500848896434637,0.5441086587436333,250
120330013002,ESCAMBIA,Block Group 2,1607,1329.2889420861814,118,97.60802437222738,3.2699144819441623,True,True,True,0.5696095076400679,0.7724957555178268,0.28183361629881154,0.5415959252971139,251
120050005003,BAY,Block Group 3,5014,82.08741317381504,3504,57.36623369785558,4.602688489454935,True,True,True,0.99830220713073,0.2037351443123939,0.4074702886247878,0.5411205432937182,252
120330036111,ESCAMBIA,Block Group 1,1743,576.919066827617,222,73.48022537907687,5.860156970294756,False,True,True,0.6264855687606112,0.4567062818336163,0.5365025466893039,0.5407640067911715,253
121130104002,SANTA ROSA,Block Group 2,1011,14.316326382504345,5413,76.65111247131159,16.809744584695313,False,False,False,0.21731748726655348,0.5110356536502547,0.9032258064516129,0.5405942275042446,254
120330030012,ESCAMBIA,Block Group 2,2266,1791.6173497504305,106,83.80910815249146,2.557522619556171,True,True,True,0.8115449915110357,0.6078098471986417,0.19185059422750425,0.5398132427843804,255
120050027062,BAY,Block Group 2,1626,170.86797674556192,429,45.08140345869992,19.827791576776647,False,False,False,0.5772495755517827,0.0831918505942275,0.9575551782682513,0.5397113752122241,256
120330003001,ESCAMBIA,Block Group 1,1490,430.1795494374464,504,145.5103979305188,2.464073716557592,True,True,True,0.5152801358234296,0.9151103565365025,0.1765704584040747,0.5354499151103566,257
121130101002,SANTA ROSA,Block Group 2,1090,5.3984538352755616,14223,70.44239348543515,19.16919220332657,False,False,False,0.2614601018675722,0.4057724957555178,0.9456706281833617,0.5348726655348048,258
121130103031,SANTA ROSA,Block Group 1,1260,12.473946035214663,7780,77.02166678886515,9.56056942591542,False,True,True,0.3769100169779287,0.5144312393887945,0.7164685908319185,0.534346349745331,259
120050002042,BAY,Block Group 2,1119,11.68160358205778,6606,68.96217449783173,18.45787252490729,False,False,False,0.28862478777589134,0.38879456706281834,0.9320882852292021,0.5340237691001699,260
121130107112,SANTA ROSA,Block Group 2,1761,658.5174047159718,193,72.1714134640446,5.690834811533279,False,True,True,0.6375212224108658,0.4312393887945671,0.5195246179966044,0.530509337860781,261
120050023002,BAY,Block Group 2,1739,1158.9307980361489,242,161.277316345456,1.0015002849680208,True,True,True,0.6230899830220713,0.9286926994906621,0.030560271646859084,0.5284040747028863,262
120910218012,OKALOOSA,Block Group 2,2708,2720.2547476381096,59,59.26699782520254,4.98746990987073,True,True,True,0.8947368421052632,0.22750424448217318,0.45161290322580644,0.5283191850594228,263
121130101003,SANTA ROSA,Block Group 3,585,10.121475176805301,5453,94.34598998140054,13.118854153040957,False,False,True,0.025466893039049237,0.7504244482173175,0.8217317487266553,0.5274702886247877,264
121130109004,SANTA ROSA,Block Group 4,811,1279.694514355143,58,91.5194597196033,10.347986969455937,False,False,True,0.11375212224108659,0.7232597623089984,0.7555178268251274,0.5266723259762309,265
121130107122,SANTA ROSA,Block Group 2,2592,408.8822087968357,469,73.98370213183485,2.8674764122817678,True,True,True,0.866723259762309,0.4702886247877759,0.22920203735144312,0.5255178268251274,266
120050005001,BAY,Block Group 1,1224,9.568461001696853,8122,63.492679947534185,19.10275595672668,False,False,False,0.35059422750424446,0.28862478777589134,0.9422750424448217,0.5253989813242784,267
120330008011,ESCAMBIA,Block Group 1,1395,586.4200255502575,784,329.5722580870264,2.1212407516672376,True,True,True,0.46519524617996605,0.9745331069609507,0.13752122241086587,0.525144312393888,268
120330026051,ESCAMBIA,Block Group 1,2566,1233.8561273747282,115,55.29752714267099,5.759472016362622,False,True,True,0.8590831918505942,0.1765704584040747,0.5263157894736842,0.5240407470288625,269
120330037003,ESCAMBIA,Block Group 3,1283,406.67285815263386,318,100.79654629192328,4.258655679503856,True,True,True,0.399830220713073,0.7962648556876061,0.37860780984719866,0.5236502546689304,270
120910203062,OKALOOSA,Block Group 2,1285,46.41049326444692,1834,66.23878960855693,13.709891631181714,False,False,True,0.40492359932088284,0.32597623089983024,0.8421052631578947,0.5231409168081494,271
120050003022,BAY,Block Group 2,1274,12.113920717697885,7603,72.29367285451886,10.161240665883232,False,False,True,0.38879456706281834,0.432937181663837,0.7487266553480475,0.5221392190152802,272
120330033132,ESCAMBIA,Block Group 2,1002,1288.8321791296653,145,186.50765067245652,4.763415239824021,True,True,True,0.20543293718166383,0.9439728353140917,0.41935483870967744,0.5197453310696095,273
120910221001,OKALOOSA,Block Group 1,2211,1998.156382171131,83,75.00994107652822,3.098720092224524,True,True,True,0.801358234295416,0.4872665534804754,0.25806451612903225,0.518421052631579,274
120330028041,ESCAMBIA,Block Group 1,3568,887.9432094617715,256,63.70892982685356,3.2511053046322376,True,True,True,0.969439728353141,0.2903225806451613,0.2767402376910017,0.5167402376910017,275
120330040003,ESCAMBIA,Block Group 3,546,20.494418461492263,2498,93.76384123957448,11.768317098295016,False,False,True,0.02037351443123939,0.7453310696095077,0.797962648556876,0.516213921901528,276
120910210022,OKALOOSA,Block Group 2,1549,1958.7784000738493,28,35.4072273738333,22.50768360901838,False,False,False,0.5382003395585738,0.027164685908319185,0.9813242784380306,0.5157894736842106,277
120330032013,ESCAMBIA,Block Group 3,1637,653.6104290191851,200,79.85466451059072,4.471628142885269,True,True,True,0.5840407470288624,0.5619694397283531,0.39558573853989815,0.5145670628183362,278
121319504002,WALTON,Block Group 2,854,9.919077863053843,7236,84.04502039468105,12.257487367860897,False,False,True,0.1307300509337861,0.6129032258064516,0.8115449915110357,0.5145161290322581,279
120910208001,OKALOOSA,Block Group 1,474,0.5178053102022607,78449,85.69896367100665,17.06838361067439,False,False,False,0.013582342954159592,0.6383701188455009,0.9066213921901528,0.51446519524618,280
120330030021,ESCAMBIA,Block Group 1,1995,739.1240398334137,231,85.58278355965842,2.446623048003933,True,True,True,0.7232597623089984,0.6366723259762309,0.17487266553480477,0.5137181663837013,281
120050027102,BAY,Block Group 2,2101,168.36314640509823,540,43.27277442111045,9.16057562423364,False,True,True,0.7640067911714771,0.06960950764006792,0.6994906621392191,0.513565365025467,282
120330034002,ESCAMBIA,Block Group 2,1082,569.1804065168526,191,100.47454495815052,5.36607854304332,False,True,True,0.25806451612903225,0.7945670628183361,0.49575551782682514,0.5135483870967742,283
120330012021,ESCAMBIA,Block Group 1,1393,584.6240107977075,245,102.82331848200884,3.2249735947517544,True,True,True,0.4617996604414261,0.8064516129032258,0.27164685908319186,0.5127843803056027,284
120330033013,ESCAMBIA,Block Group 3,2074,627.617974930384,271,82.00794175802028,2.49852893517691,True,True,True,0.7606112054329371,0.5857385398981324,0.1833616298811545,0.5124108658743634,285
120330014021,ESCAMBIA,Block Group 1,1875,321.52852086591486,468,80.25351880813236,3.222367115939205,True,True,True,0.6876061120543294,0.5721561969439728,0.2699490662139219,0.5116808149405773,286
120910203032,OKALOOSA,Block Group 2,2422,157.34314343795938,1140,74.05911788574471,2.692030407312258,True,True,True,0.8404074702886248,0.47538200339558573,0.20882852292020374,0.511528013582343,287
120330011044,ESCAMBIA,Block Group 4,1688,1349.2935792650026,102,81.53314282288522,3.852585507109558,True,True,True,0.601018675721562,0.5823429541595926,0.34465195246179964,0.5102546689303905,288
121319501041,WALTON,Block Group 1,846,10.002249442055373,6616,78.2209010740406,16.024357419846535,False,False,False,0.12563667232597622,0.534804753820034,0.8760611205432938,0.50830220713073,289
120050015011,BAY,Block Group 1,3093,466.66794410666887,361,54.467225290173765,4.546298147277016,True,True,True,0.9405772495755518,0.16808149405772496,0.40237691001697795,0.5080475382003395,290
120050004011,BAY,Block Group 1,1571,228.92565235067738,445,64.84526753408748,7.960957825563137,False,True,True,0.5534804753820034,0.3073005093378608,0.6587436332767402,0.5069779286926995,291
121319503052,WALTON,Block Group 2,878,22.11239731555497,3426,86.28368246365754,9.674835350451072,False,True,True,0.14855687606112053,0.6553480475382003,0.7249575551782682,0.5060101867572157,292
121130105031,SANTA ROSA,Block Group 1,1741,1113.3671201777806,122,78.01883323474397,3.943138432193561,True,True,True,0.6247877758913413,0.5297113752122241,0.35823429541595925,0.5054499151103566,293
121319506041,WALTON,Block Group 1,1017,210.66883315152702,416,86.17328868341716,7.861061430228387,False,True,True,0.21901528013582344,0.6485568760611206,0.6570458404074703,0.505314091680815,294
120910206021,OKALOOSA,Block Group 1,1260,1474.498202516477,78,91.27846015578191,4.824999954709503,True,True,True,0.3769100169779287,0.7181663837011885,0.4244482173174873,0.5052122241086587,295
120330010022,ESCAMBIA,Block Group 2,485,1385.156265618708,417,1190.9487892020643,5.6332736182508025,False,True,True,0.015280135823429542,1.0,0.5127334465195246,0.5043972835314092,296
121130109006,SANTA ROSA,Block Group 6,989,942.8790702773819,89,84.84958266399089,9.191814327272782,False,True,True,0.19524617996604415,0.6230899830220713,0.7011884550084889,0.5033955857385399,297
120330010011,ESCAMBIA,Block Group 1,766,884.8320609540707,388,448.1916966712525,4.9121894786562645,True,True,True,0.09168081494057725,0.9864176570458404,0.4431239388794567,0.5029202037351443,298
120050014031,BAY,Block Group 1,1096,847.7768676037076,153,118.34841308701392,4.298026415578037,True,True,True,0.267402376910017,0.8675721561969439,0.38030560271646857,0.502716468590832,299
120330030011,ESCAMBIA,Block Group 1,1450,1515.5521783710844,80,83.6166719101288,4.6086337315779256,True,True,True,0.49575551782682514,0.6027164685908319,0.4091680814940577,0.5024787775891342,300
121319506092,WALTON,Block Group 2,1107,473.3020449470196,163,69.69126768415917,13.64365932098521,False,False,True,0.2775891341256367,0.3938879456706282,0.8404074702886248,0.50169779286927,301
120910225001,OKALOOSA,Block Group 1,991,1173.842385304583,91,107.78976494724223,5.3271953115751804,False,True,True,0.19779286926994907,0.8268251273344652,0.4872665534804754,0.500899830220713,302
120050004023,BAY,Block Group 3,1698,168.54586705780955,610,60.54945754138035,7.635476250247171,False,True,True,0.6044142614601019,0.24787775891341257,0.6468590831918506,0.5007640067911715,303
120330037001,ESCAMBIA,Block Group 1,1950,229.36157499653015,670,78.80628474239754,2.9659669256732024,True,True,True,0.7096774193548387,0.5432937181663837,0.2427843803056027,0.5006960950764008,304
121319506044,WALTON,Block Group 4,1751,301.7513468949683,277,47.73564996568031,10.579933326225111,False,False,True,0.631578947368421,0.10186757215619695,0.7606112054329371,0.49935483870967745,305
120330023002,ESCAMBIA,Block Group 2,1412,732.2234858090214,222,115.12295598413792,2.43663330698773,True,True,True,0.47453310696095075,0.8505942275042445,0.1731748726655348,0.49918505942275043,306
120330033082,ESCAMBIA,Block Group 2,1631,305.54606383233823,467,87.48621202311585,2.97960166939159,True,True,True,0.5797962648556876,0.6689303904923599,0.24448217317487267,0.4985568760611206,307
121130107082,SANTA ROSA,Block Group 2,2025,967.780785465223,119,56.87205603474644,6.107030524338237,False,True,True,0.7368421052631579,0.1969439728353141,0.5534804753820034,0.4981663837011885,308
121130102001,SANTA ROSA,Block Group 1,1260,20.742806143775532,6140,101.08002358950934,3.659697698825044,True,True,True,0.3769100169779287,0.801358234295416,0.3174872665534805,0.49736842105263157,309
120050003021,BAY,Block Group 1,1659,17.067910365548755,6139,63.158470002473656,7.091812089926354,False,True,True,0.5891341256366723,0.2835314091680815,0.6129032258064516,0.49612903225806454,310
120330036102,ESCAMBIA,Block Group 2,1530,655.865040978705,201,86.16266224622203,3.4836946909955397,True,True,True,0.5297113752122241,0.6468590831918506,0.3089983022071307,0.49553480475382006,311
120910217001,OKALOOSA,Block Group 1,1877,1023.2094652054268,182,99.2137041381927,0.0,True,True,True,0.6893039049235993,0.7860780984719864,0.003395585738539898,0.49488964346349745,312
120910219024,OKALOOSA,Block Group 4,1953,1314.393857816639,83,55.86005642538712,6.330629948999419,False,True,True,0.7147707979626485,0.18505942275042445,0.5755517826825127,0.49402376910016976,313
121130101001,SANTA ROSA,Block Group 1,614,1.6623897493777424,28536,77.26051121863722,19.446592196757987,False,False,False,0.028862478777589132,0.5161290322580645,0.9507640067911715,0.4938879456706282,314
120330028021,ESCAMBIA,Block Group 1,2636,991.0478601675081,171,64.2902822794552,3.3005288639934185,True,True,True,0.8828522920203735,0.29711375212224106,0.28862478777589134,0.49346349745331075,315
120910207011,OKALOOSA,Block Group 1,1073,769.7251944757691,161,115.49464707418343,4.203414499057591,True,True,True,0.2529711375212224,0.8539898132427843,0.3735144312393888,0.49108658743633277,316
120910232001,OKALOOSA,Block Group 1,877,71.8228836224416,967,79.19353302497267,11.248845518752203,False,False,True,0.14516129032258066,0.5517826825127334,0.7860780984719864,0.490848896434635,317
121130102002,SANTA ROSA,Block Group 2,952,16.532399387064768,5096,88.4969614248761,7.296110389208544,False,True,True,0.17402376910016978,0.6740237691001698,0.629881154499151,0.4894567062818337,318
120050008041,BAY,Block Group 1,2117,411.9260471132876,260,50.59082298037543,6.1978386295974,False,True,True,0.7707979626485568,0.12563667232597622,0.5602716468590832,0.4884210526315789,319
120050027103,BAY,Block Group 3,1812,294.69102410497766,219,35.61663039679366,10.732632158017312,False,False,True,0.6587436332767402,0.030560271646859084,0.767402376910017,0.48730050933786084,320
120330036071,ESCAMBIA,Block Group 1,2593,439.8365361846547,410,69.54607783868431,2.5004800072732305,True,True,True,0.870118845500849,0.3921901528013582,0.1867572156196944,0.4868930390492361,321
120050027032,BAY,Block Group 2,1175,384.1148408571351,183,59.82384329945168,16.40792086395655,False,False,False,0.33446519524617996,0.23938879456706283,0.8879456706281834,0.4857385398981324,322
120910212002,OKALOOSA,Block Group 2,745,28.80898141070505,1823,70.49499746538967,21.02478361660177,False,False,False,0.08743633276740238,0.4074702886247878,0.9711375212224108,0.4846689303904924,323
120330012012,ESCAMBIA,Block Group 2,2012,1317.1866673475186,132,86.41582509437,1.3663472552639149,True,True,True,0.733446519524618,0.6570458404074703,0.05432937181663837,0.48412563667232605,324
120330033081,ESCAMBIA,Block Group 1,1702,638.3552488216494,222,83.26372810717167,2.928869330937084,True,True,True,0.6069609507640068,0.5959252971137521,0.23938879456706283,0.4820203735144312,325
121130107111,SANTA ROSA,Block Group 1,1218,910.6589716731228,112,83.73875601591934,5.409019741692649,False,True,True,0.3463497453310696,0.6044142614601019,0.49745331069609505,0.48137521222410873,326
120330010013,ESCAMBIA,Block Group 3,1829,972.1530505886336,132,70.16085438911954,4.067944901925862,True,True,True,0.6740237691001698,0.400679117147708,0.3633276740237691,0.48129032258064525,327
120330035061,ESCAMBIA,Block Group 1,1702,1407.4304388669111,81,66.98111959354864,5.318777136069683,False,True,True,0.6069609507640068,0.34804753820033957,0.4838709677419355,0.48089983022071314,328
120330014023,ESCAMBIA,Block Group 3,1035,1521.5307628528924,83,122.01647663457976,3.7938923824198234,True,True,True,0.23259762308998302,0.8743633276740238,0.3361629881154499,0.4785568760611205,329
120330036082,ESCAMBIA,Block Group 2,1785,734.5143995684265,179,73.65718628725398,3.6349470485345137,True,True,True,0.6511035653650254,0.4634974533106961,0.31239388794567063,0.4774193548387097,330
120330008022,ESCAMBIA,Block Group 2,1490,1200.2684090160296,107,86.19377165417124,3.1279130683536667,True,True,True,0.5152801358234296,0.6502546689303905,0.2614601018675722,0.47606112054329375,331
120910223001,OKALOOSA,Block Group 1,1154,936.6875513899746,156,126.62327384474528,2.8411587748548683,True,True,True,0.31918505942275044,0.8879456706281834,0.22410865874363328,0.4755008488964347,332
120330011041,ESCAMBIA,Block Group 1,1443,843.5163231807405,146,85.34537989216085,3.4249860216890142,True,True,True,0.4940577249575552,0.629881154499151,0.300509337860781,0.47500848896434633,333
120910203041,OKALOOSA,Block Group 1,1951,178.6851102183063,632,57.882618994346274,5.2854032412005845,False,True,True,0.7122241086587436,0.21052631578947367,0.48047538200339557,0.47018675721561976,334
120330040002,ESCAMBIA,Block Group 2,498,48.225327322146356,881,85.31428387713039,10.883622970104428,False,False,True,0.01697792869269949,0.6281833616298812,0.7758913412563667,0.46911714770797963,335
120050027101,BAY,Block Group 1,1261,682.3844167426074,114,61.69058168807078,10.679670604575254,False,False,True,0.38200339558573854,0.2631578947368421,0.7640067911714771,0.4688455008488964,336
120910207012,OKALOOSA,Block Group 2,2883,354.9404622154613,574,70.66799351775053,1.4133549096814093,True,True,True,0.9202037351443124,0.4142614601018676,0.05602716468590832,0.4680645161290322,337
120050013021,BAY,Block Group 1,1605,460.29965651034354,258,73.99209431755055,3.941459308214166,True,True,True,0.567062818336163,0.47198641765704585,0.3565365025466893,0.4662139219015281,338
120330032011,ESCAMBIA,Block Group 1,1833,1190.7677496178565,112,72.75831312449533,3.2432009236276853,True,True,True,0.6757215619694398,0.4397283531409168,0.27504244482173174,0.46561969439728357,339
121319503031,WALTON,Block Group 1,1020,109.5485996252149,813,87.31667793656835,5.555348391045808,False,True,True,0.22071307300509338,0.66723259762309,0.5059422750424448,0.4621901528013583,340
120910231003,OKALOOSA,Block Group 3,1293,1248.1960044212974,55,53.09418425612635,12.775657719964377,False,False,True,0.41086587436332767,0.15789473684210525,0.8166383701188455,0.4612903225806452,341
120330028012,ESCAMBIA,Block Group 2,2034,1072.986844041837,115,60.665431201972105,4.313825815972123,True,True,True,0.7402376910016978,0.25127334465195245,0.3837011884550085,0.46122241086587434,342
120330035072,ESCAMBIA,Block Group 2,1631,910.6440950509201,158,88.21690191173843,2.010940177197742,True,True,True,0.5797962648556876,0.6723259762308998,0.1273344651952462,0.46101867572156197,343
120330033121,ESCAMBIA,Block Group 1,1526,895.7349282032649,121,71.0248534158552,4.853756371537058,True,True,True,0.5280135823429541,0.41765704584040747,0.432937181663837,0.46022071307300516,344
120330004003,ESCAMBIA,Block Group 3,1466,2296.3299447063796,59,92.41709872965647,2.066809506381595,True,True,True,0.5059422750424448,0.735144312393888,0.13412563667232597,0.45887945670628194,345
120330036141,ESCAMBIA,Block Group 1,999,105.37990245977156,961,101.37145772156204,4.23841776420146,True,True,True,0.20203735144312393,0.8047538200339559,0.3769100169779287,0.45864176570458404,346
121319501023,WALTON,Block Group 3,719,4.67792697256323,11710,76.18709992867235,12.618044256141786,False,False,True,0.07130730050933787,0.5008488964346349,0.8149405772495756,0.45845500848896437,347
120910233061,OKALOOSA,Block Group 1,1282,1110.5153328210986,48,41.57935723511134,17.734618861905698,False,False,False,0.39728353140916806,0.057724957555178265,0.9219015280135824,0.4583531409168081,348
120330033101,ESCAMBIA,Block Group 1,2658,1882.865639331349,74,52.41988612133929,3.7294140688950095,True,True,True,0.8862478777589134,0.15110356536502548,0.3242784380305603,0.458200339558574,349
121130103011,SANTA ROSA,Block Group 1,3221,561.5313540558916,395,68.86211886124718,0.6130713917150572,True,True,True,0.9575551782682513,0.3837011884550085,0.01697792869269949,0.45779286926994917,350
120910218011,OKALOOSA,Block Group 1,2828,1525.172903264776,99,53.39183784413466,3.288166044815196,True,True,True,0.9117147707979627,0.16129032258064516,0.28522920203735147,0.45733446519524623,351
120910201021,OKALOOSA,Block Group 1,988,3.434659472737637,18210,63.30480667869673,16.686285346900906,False,False,False,0.1935483870967742,0.28522920203735147,0.8981324278438031,0.45631578947368423,352
120910206011,OKALOOSA,Block Group 1,1007,730.9962746048845,130,94.3689331664697,4.55075180100502,True,True,True,0.21392190152801357,0.7521222410865874,0.40407470288624786,0.45427843803056034,353
121319501024,WALTON,Block Group 4,725,6.472027073248037,7712,68.84451419157084,17.382928023417207,False,False,False,0.07555178268251274,0.38200339558573854,0.9117147707979627,0.45261460101867573,354
120910223002,OKALOOSA,Block Group 2,1394,1569.0211739069753,83,93.42091638040095,2.226699924884183,True,True,True,0.4634974533106961,0.7402376910016978,0.14770797962648557,0.4506112054329372,355
120910225003,OKALOOSA,Block Group 3,1518,951.4574912234627,106,66.43906065196775,5.353501131195125,False,True,True,0.5237691001697793,0.3310696095076401,0.4923599320882852,0.4498132427843803,356
120330023003,ESCAMBIA,Block Group 3,1410,1019.7336542480947,130,94.01799649095908,2.0109991796960305,True,True,True,0.4702886247877759,0.7470288624787776,0.12903225806451613,0.4489983022071308,357
120050006001,BAY,Block Group 1,919,16.958621922083932,3165,58.40482957932062,22.43631923368205,False,False,False,0.15449915110356535,0.22071307300509338,0.9796264855687606,0.4486417657045841,358
120330012022,ESCAMBIA,Block Group 2,2623,1057.8067387491587,168,67.7512512809221,1.5898212114204653,True,True,True,0.8811544991511036,0.36502546689303905,0.0865874363327674,0.4486247877758914,359
121130107083,SANTA ROSA,Block Group 3,1563,702.4264497039294,147,66.06314018328702,5.137266472071159,False,True,True,0.5475382003395586,0.3225806451612903,0.4702886247877759,0.4478098471986418,360
120330036113,ESCAMBIA,Block Group 3,1473,614.2895509889519,177,73.81483402922233,4.117159038561972,True,True,True,0.5076400679117148,0.46519524617996605,0.366723259762309,0.44713073005093384,361
120910204004,OKALOOSA,Block Group 4,1633,112.17705647403811,758,52.06993803265211,6.941007706651106,False,True,True,0.5823429541595926,0.14770797962648557,0.6061120543293718,0.44675721561969445,362
120910219011,OKALOOSA,Block Group 1,1552,1086.1410639703495,82,57.3863191015262,6.706514450328854,False,True,True,0.5398981324278438,0.20543293718166383,0.5908319185059423,0.44633276740237693,363
120050026041,BAY,Block Group 1,1165,1331.74971335945,59,67.44483526884768,7.75000594492227,False,True,True,0.3293718166383701,0.35823429541595925,0.6519524617996605,0.4453480475382004,364
120910219021,OKALOOSA,Block Group 1,2073,1852.6677790418858,58,51.83537442567746,4.763926776407827,True,True,True,0.7589134125636672,0.14431239388794567,0.42105263157894735,0.44460101867572155,365
121130108261,SANTA ROSA,Block Group 1,1263,269.6420229940811,270,57.64318781346152,10.067550574541304,False,False,True,0.3845500848896435,0.2071307300509338,0.7436332767402377,0.4444991511035654,366
120910233071,OKALOOSA,Block Group 1,1263,1439.7789375047023,30,34.199024643817154,18.31093465638096,False,False,False,0.3845500848896435,0.02037351443123939,0.9286926994906621,0.4439388794567063,367
120330034004,ESCAMBIA,Block Group 4,1285,489.0865195956225,184,70.03262226116307,5.805783607018213,False,True,True,0.40492359932088284,0.39558573853989815,0.5314091680814941,0.44358234295415966,368
121319501022,WALTON,Block Group 2,1003,9.23497673688183,6617,60.92506587033606,15.170842738365728,False,False,False,0.20797962648556875,0.2597623089983022,0.8624787775891342,0.4410526315789474,369
121319503043,WALTON,Block Group 3,1186,451.65398278078715,328,124.90936454645716,1.8981529959804435,True,True,True,0.3361629881154499,0.8811544991511036,0.10526315789473684,0.43981324278438033,370
120330031002,ESCAMBIA,Block Group 2,1460,1924.6664460770419,58,76.45935196744414,3.499228391480651,True,True,True,0.5008488964346349,0.5059422750424448,0.31069609507640067,0.4397792869269949,371
120330036103,ESCAMBIA,Block Group 3,2198,690.4517558615365,244,76.64705570073471,0.0,True,True,True,0.7945670628183361,0.5093378607809848,0.003395585738539898,0.43935483870967745,372
120050022002,BAY,Block Group 2,1159,1064.3397512071394,147,134.99391149909363,1.5788591193807733,True,True,True,0.32597623089983024,0.9066213921901528,0.0831918505942275,0.4374702886247878,373
120330022002,ESCAMBIA,Block Group 2,1005,1076.6545931370501,88,94.27423303090588,3.913891644140536,True,True,True,0.21137521222410866,0.7487266553480475,0.3531409168081494,0.43548387096774194,374
120050026082,BAY,Block Group 2,1117,597.4089459449197,110,58.83167775643792,11.85085228136982,False,False,True,0.2860780984719864,0.22410865874363328,0.799660441426146,0.43511035653650254,375
120330036081,ESCAMBIA,Block Group 1,1256,1037.3366876088646,89,73.50554553916318,5.146817084104501,False,True,True,0.37181663837011886,0.45840407470288624,0.47368421052631576,0.4340067911714771,376
120910233081,OKALOOSA,Block Group 1,1136,665.3036531378496,63,36.89624132718709,20.21216009487988,False,False,False,0.30560271646859083,0.035653650254668934,0.9626485568760611,0.43334465195246186,377
120330032012,ESCAMBIA,Block Group 2,1574,295.8416949962343,346,65.03254540577959,4.841150004576613,True,True,True,0.5551782682512734,0.31069609507640067,0.4295415959252971,0.43303904923599323,378
120050027111,BAY,Block Group 1,1429,835.1040578226284,55,32.14186366707107,11.608258328958648,False,False,True,0.48896434634974534,0.015280135823429542,0.7928692699490663,0.432937181663837,379
121130107052,SANTA ROSA,Block Group 2,1575,735.7244924318474,127,59.32508605640928,5.521439128288293,False,True,True,0.5568760611205433,0.23089983022071306,0.5025466893039049,0.4313752122241087,380
120330013003,ESCAMBIA,Block Group 3,1033,1040.2065509852257,91,91.63484621457458,3.824699855435922,True,True,True,0.23089983022071306,0.7266553480475382,0.34125636672325976,0.43091680814940575,381
120910205001,OKALOOSA,Block Group 1,1365,256.5333789392674,473,88.8939840573432,2.257174070230243,True,True,True,0.44991511035653653,0.6825127334465195,0.15280135823429541,0.4286247877758914,382
120330033133,ESCAMBIA,Block Group 3,669,445.03013100117147,303,201.56073197810903,3.3991388209159177,True,True,True,0.05263157894736842,0.9490662139219015,0.29541595925297115,0.42857385398981324,383
120330033011,ESCAMBIA,Block Group 1,1123,312.7244312968373,302,84.0986449257746,4.312510243813324,True,True,True,0.2928692699490662,0.6146010186757216,0.38200339558573854,0.4284550084889644,384
121130106021,SANTA ROSA,Block Group 1,1781,301.3500686117085,386,65.31225518479476,3.653517140709941,True,True,True,0.6468590831918506,0.3157894736842105,0.3140916808149406,0.4277928692699491,385
121319501044,WALTON,Block Group 4,666,31.104579668309356,2139,99.89894280857916,5.028767535141669,False,True,True,0.04923599320882852,0.7877758913412564,0.4567062818336163,0.42741935483870963,386
121130107093,SANTA ROSA,Block Group 3,1754,162.74185699221687,636,59.01016023206951,4.73170490237921,True,True,True,0.633276740237691,0.22580645161290322,0.4159592529711375,0.4270967741935484,387
121319502011,WALTON,Block Group 1,1425,58.506380151548356,1769,72.63002560567652,3.888122326444976,True,True,True,0.4872665534804754,0.4363327674023769,0.35144312393887944,0.42563667232597624,388
121319503051,WALTON,Block Group 1,1416,109.25958804968626,1062,81.94469103726469,2.6782835697802496,True,True,True,0.4830220713073005,0.5840407470288624,0.2071307300509338,0.42531409168081497,389
120910226001,OKALOOSA,Block Group 1,991,982.7020637734967,76,75.36362951239732,6.716314892360113,False,True,True,0.19779286926994907,0.4906621392190153,0.5942275042444821,0.4252631578947369,390
121319501033,WALTON,Block Group 3,680,11.260454918404426,4082,67.59584849548068,15.275671493075684,False,False,False,0.057724957555178265,0.3616298811544992,0.865874363327674,0.4247028862478778,391
120330021002,ESCAMBIA,Block Group 2,1812,1383.4405525211141,96,73.2948637097279,2.276753066046433,True,True,True,0.6587436332767402,0.45161290322580644,0.15619694397283532,0.4245500848896435,392
120050012002,BAY,Block Group 2,1335,447.6840148973144,298,99.93246175235932,1.358330984323764,True,True,True,0.4312393887945671,0.7894736842105263,0.05263157894736842,0.4245161290322581,393
120330034003,ESCAMBIA,Block Group 3,1607,784.871851477044,132,64.46987205660847,4.391105291577278,True,True,True,0.5696095076400679,0.30390492359932086,0.3921901528013582,0.4233786078098472,394
120330009002,ESCAMBIA,Block Group 2,873,874.5032711230606,100,100.17219600493247,3.8308715882123527,True,True,True,0.14091680814940577,0.7928692699490663,0.34295415959252973,0.42273344651952466,395
120050003011,BAY,Block Group 1,1096,31.22575000704431,1986,56.58242656385949,12.35052079131081,False,False,True,0.267402376910017,0.19185059422750425,0.8132427843803056,0.42259762308998305,396
120330020001,ESCAMBIA,Block Group 1,767,650.0776787734806,119,100.85950948376036,4.353833309200983,True,True,True,0.0933786078098472,0.797962648556876,0.3853989813242784,0.422258064516129,397
120910204003,OKALOOSA,Block Group 3,1913,301.6141322539342,422,66.5348477841925,2.828448173625931,True,True,True,0.7011884550084889,0.3361629881154499,0.22071307300509338,0.42217317487266554,398
120910218024,OKALOOSA,Block Group 4,1416,1856.2555550020581,66,86.52038603823152,1.9655109273776885,True,True,True,0.4830220713073005,0.6587436332767402,0.11884550084889643,0.42083191850594226,399
120910227002,OKALOOSA,Block Group 2,1102,1682.5198100676366,48,73.28579934958853,5.923810375098298,False,True,True,0.27249575551782684,0.44991511035653653,0.5415959252971138,0.41984719864176573,400
120910225002,OKALOOSA,Block Group 2,1716,1354.1014834355353,67,52.86992971455762,5.192870602730202,False,True,True,0.6171477079796265,0.15449915110356535,0.4770797962648557,0.41825127334465195,401
121319506062,WALTON,Block Group 2,1032,43.956755412175504,1852,78.88363471254752,5.306565953015279,False,True,True,0.22920203735144312,0.5466893039049237,0.48217317487266553,0.4174533106960951,402
121130108222,SANTA ROSA,Block Group 2,2147,729.1723978190714,126,42.79260462282394,4.49334654787726,True,True,True,0.7741935483870968,0.06791171477079797,0.398981324278438,0.4173005093378608,403
120910215022,OKALOOSA,Block Group 2,1835,1854.0447476478384,41,41.42552297196806,5.555426581857882,False,True,True,0.6774193548387096,0.05432937181663837,0.5076400679117148,0.41577249575551783,404
120050026044,BAY,Block Group 4,1273,1678.0292844450773,42,55.36310286464512,8.610220632344049,False,True,True,0.3870967741935484,0.1799660441426146,0.6808149405772496,0.41567062818336165,405
120910227003,OKALOOSA,Block Group 3,1342,1346.4567719150389,60,60.199259549107545,6.22389301905248,False,True,True,0.4388794567062818,0.2427843803056027,0.5636672325976231,0.4153480475382003,406
120910219022,OKALOOSA,Block Group 2,2102,1707.9016859638432,54,43.875685557586834,4.482242603292805,True,True,True,0.765704584040747,0.07130730050933787,0.39728353140916806,0.414974533106961,407
120330032031,ESCAMBIA,Block Group 1,1242,453.5432242760289,216,78.87708248278763,3.7592387391350135,True,True,True,0.3616298811544992,0.5449915110356537,0.33446519524617996,0.4131748726655348,408
120050008052,BAY,Block Group 2,2148,1085.4471253843028,83,41.94232374622772,4.354379942897386,True,True,True,0.7758913412563667,0.06281833616298811,0.3870967741935484,0.41227504244482177,409
120330021001,ESCAMBIA,Block Group 1,2155,884.0459851595139,168,68.9186661284447,1.429698468394189,True,True,True,0.7775891341256367,0.3853989813242784,0.057724957555178265,0.41061120543293717,410
121319501042,WALTON,Block Group 2,461,7.793031815804643,4177,70.61061582346203,12.944499600058505,False,False,True,0.011884550084889643,0.41256366723259763,0.8183361629881154,0.4102376910016978,411
120050008032,BAY,Block Group 2,1485,255.88655385946709,347,59.79301965605056,5.1889269944925625,False,True,True,0.5118845500848896,0.23769100169779286,0.47538200339558573,0.4093548387096775,412
120330017002,ESCAMBIA,Block Group 2,1028,610.7592248110835,229,136.0543409355429,1.6889554060497438,True,True,True,0.22495755517826826,0.9083191850594228,0.09507640067911714,0.4076061120543294,413
120910205003,OKALOOSA,Block Group 3,776,880.9312442245649,89,101.03464012369363,3.7526034888097737,True,True,True,0.09762308998302208,0.799660441426146,0.33276740237691,0.406893039049236,414
120330035123,ESCAMBIA,Block Group 3,1298,719.1199478776543,177,98.0618110742256,1.0548406413984066,True,True,True,0.41256366723259763,0.7741935483870968,0.03225806451612903,0.4064006791171477,415
120910216002,OKALOOSA,Block Group 2,983,1102.8809539303177,61,68.43920466912449,8.104027202191698,False,True,True,0.18930390492359933,0.3735144312393888,0.6621392190152802,0.40612903225806457,416
121319501021,WALTON,Block Group 1,658,8.705806109816757,4305,56.958199548269214,22.84991653178397,False,False,False,0.044142614601018676,0.19864176570458403,0.9864176570458404,0.40607809847198645,417
120330033102,ESCAMBIA,Block Group 2,2302,900.6813016292472,158,61.81913364788056,1.996703546865384,True,True,True,0.8149405772495756,0.266553480475382,0.12393887945670629,0.4059422750424449,418
121130107041,SANTA ROSA,Block Group 1,1824,590.3590865617248,147,47.57828164724426,4.874772286790185,True,True,True,0.668081494057725,0.100169779286927,0.4397283531409168,0.405314091680815,419
120050026092,BAY,Block Group 2,1122,309.34051194476206,230,63.412047903115216,7.593277084296178,False,True,True,0.2903225806451613,0.2869269949066214,0.6417657045840407,0.40517826825127334,420
120910205004,OKALOOSA,Block Group 4,683,624.5319439402572,123,112.47061362320882,3.663509403810677,True,True,True,0.059422750424448216,0.8438030560271647,0.31918505942275044,0.40398981324278443,421
120330032041,ESCAMBIA,Block Group 1,1566,888.3614439787701,118,66.93911263696991,3.481274421681591,True,True,True,0.5500848896434635,0.3463497453310696,0.3073005093378608,0.40273344651952464,422
121130107044,SANTA ROSA,Block Group 4,1378,357.57026593055974,221,57.34617472471241,6.031709717474048,False,True,True,0.45500848896434637,0.20203735144312393,0.5483870967741935,0.40234295415959254,423
120050025002,BAY,Block Group 2,712,718.0915707950545,211,212.80522673842205,2.524362240229552,True,True,True,0.06791171477079797,0.9592529711375212,0.18845500848896435,0.4018336162988116,424
120330033083,ESCAMBIA,Block Group 3,1003,605.6525559081317,164,99.02992938079122,2.7849016762652856,True,True,True,0.20797962648556875,0.7826825127334465,0.21731748726655348,0.4007130730050934,425
120050009004,BAY,Block Group 4,450,521.9757594457313,259,300.42604821432093,2.832113938083414,True,True,True,0.010186757215619695,0.9728353140916808,0.22241086587436332,0.39789473684210525,426
120910218022,OKALOOSA,Block Group 2,1230,1921.1965774585851,64,99.96469996532475,1.276716725136757,True,True,True,0.3531409168081494,0.7911714770797963,0.04923599320882852,0.397402376910017,427
120330008021,ESCAMBIA,Block Group 1,674,1556.3052297859272,54,124.6891430392286,3.179879455277046,True,True,True,0.05602716468590832,0.8794567062818336,0.266553480475382,0.39723259762309004,428
121319506042,WALTON,Block Group 2,1240,305.2340751505985,150,36.9234768327337,11.295975789563222,False,False,True,0.35823429541595925,0.03735144312393888,0.7877758913412564,0.3940916808149406,429
121130107051,SANTA ROSA,Block Group 1,1168,215.04897243230516,322,59.28576123561837,7.196763160656896,False,True,True,0.3310696095076401,0.22920203735144312,0.6230899830220713,0.3938200339558574,430
120330027031,ESCAMBIA,Block Group 1,2059,1035.9508660428487,141,70.94175430405133,0.0,True,True,True,0.7504244482173175,0.4159592529711375,0.003395585738539898,0.39353140916808155,431
121130107121,SANTA ROSA,Block Group 1,1260,421.77031058362303,191,63.93502327100952,5.558428510638584,False,True,True,0.3769100169779287,0.2937181663837012,0.5093378607809848,0.39315789473684215,432
120330011042,ESCAMBIA,Block Group 2,1974,1493.4700405673066,59,44.63765572110998,4.19781213204545,True,True,True,0.7198641765704584,0.07640067911714771,0.37181663837011886,0.39266553480475386,433
120050015012,BAY,Block Group 2,2303,1146.4841319228376,72,35.8431860609832,3.6576824245696313,True,True,True,0.8166383701188455,0.03225806451612903,0.3157894736842105,0.39251273344651955,434
120050012001,BAY,Block Group 1,1746,448.1579322927308,290,74.43631177828861,1.4437841467987649,True,True,True,0.6290322580645161,0.47877758913412566,0.06112054329371817,0.39203735144312396,435
121130109005,SANTA ROSA,Block Group 5,903,1479.7602231275214,40,65.54862560919253,9.533176655044835,False,True,True,0.15280135823429541,0.3174872665534805,0.7130730050933786,0.3920373514431239,436
120330018001,ESCAMBIA,Block Group 1,746,836.6746109631291,93,104.30393943642228,3.2620886366168325,True,True,True,0.0899830220713073,0.8149405772495756,0.27843803056027167,0.3914091680814941,437
120330003002,ESCAMBIA,Block Group 2,1104,1071.5720855471716,124,120.35773424624028,0.8308330808850105,True,True,True,0.27504244482173174,0.8692699490662139,0.025466893039049237,0.38877758913412563,438
120330040004,ESCAMBIA,Block Group 4,979,152.14680068225175,400,62.164167796629926,9.335712965817477,False,True,True,0.18505942275042445,0.2733446519524618,0.7062818336162988,0.3861969439728353,439
120910224003,OKALOOSA,Block Group 3,922,1665.8837133668198,38,68.65898167889279,7.242932527537023,False,True,True,0.15619694397283532,0.38030560271646857,0.6264855687606112,0.3853480475382004,440
121319503062,WALTON,Block Group 2,828,17.18092052965209,4118,85.44810475979143,4.610339152006423,True,True,True,0.11969439728353141,0.633276740237691,0.41086587436332767,0.38526315789473686,441
120330035052,ESCAMBIA,Block Group 2,2260,1175.8597043285165,98,50.98860664787372,2.6250374545059745,True,True,True,0.8098471986417657,0.13582342954159593,0.1969439728353141,0.3851612903225807,442
120050027091,BAY,Block Group 1,802,579.5492811999127,69,49.86147182393264,17.62111056605158,False,False,False,0.11205432937181664,0.12224108658743633,0.9185059422750425,0.38154499151103566,443
120050024003,BAY,Block Group 3,930,525.8348901061621,380,214.8572669250985,0.8758711527146359,True,True,True,0.16298811544991512,0.9609507640067911,0.027164685908319185,0.3814940577249576,444
120050007001,BAY,Block Group 1,141,1.231121580049027,7743,67.60691059801145,11.44878779113372,False,False,True,0.001697792869269949,0.3633276740237691,0.7894736842105263,0.3810016977928693,445
120050008051,BAY,Block Group 1,1963,1248.1378076392646,70,44.50822543797683,3.802555762660417,True,True,True,0.7164685908319185,0.07470288624787776,0.3378607809847199,0.37974533106960956,446
120330039003,ESCAMBIA,Block Group 3,776,6.500899700223911,7270,60.90404744926268,11.055681978194157,False,False,True,0.09762308998302208,0.25806451612903225,0.7826825127334465,0.3766383701188455,447
120050008033,BAY,Block Group 3,1822,909.3590615733908,90,44.9189437659743,4.232783184602551,True,True,True,0.6629881154499151,0.08149405772495756,0.37521222410865873,0.37612903225806454,448
120330012014,ESCAMBIA,Block Group 4,663,346.55232704921934,185,96.70012142399032,3.68374082170128,True,True,True,0.04753820033955857,0.765704584040747,0.32088285229202035,0.3747368421052632,449
120910226003,OKALOOSA,Block Group 3,1421,1764.7131875364803,29,36.01455484768327,6.719407052911004,False,True,True,0.4855687606112054,0.03395585738539898,0.5959252971137521,0.3729541595925297,450
120050026062,BAY,Block Group 2,962,1497.2855862137665,34,52.91861739217054,11.050525650469748,False,False,True,0.17826825127334464,0.15619694397283532,0.7809847198641766,0.3698811544991511,451
120330006002,ESCAMBIA,Block Group 2,1117,1546.8878748641107,64,88.63099730644859,2.1442144336538584,True,True,True,0.2860780984719864,0.6774193548387096,0.14261460101867574,0.36787775891341257,452
120050004012,BAY,Block Group 2,688,49.3918804199602,994,71.3597807230239,7.291508649255689,False,True,True,0.06112054329371817,0.4227504244482173,0.6281833616298812,0.3675891341256367,453
121130108084,SANTA ROSA,Block Group 4,853,147.87665249558754,311,53.91516872934082,12.164114099693936,False,False,True,0.12903225806451613,0.166383701188455,0.8098471986417657,0.36602716468590835,454
120330026022,ESCAMBIA,Block Group 2,689,221.16600386414564,243,78.00194330767401,5.646561366137848,False,True,True,0.06281833616298811,0.5280135823429541,0.5144312393887945,0.36536502546689303,455
120330004002,ESCAMBIA,Block Group 2,1231,2214.5664864670375,43,77.35691219990464,2.772566333689438,True,True,True,0.3548387096774194,0.5178268251273345,0.21561969439728354,0.36268251273344654,456
120330035101,ESCAMBIA,Block Group 1,1533,1077.1470569222683,95,66.75079609107338,2.656943849056979,True,True,True,0.5314091680814941,0.34295415959252973,0.20203735144312393,0.36052631578947375,457
120330035102,ESCAMBIA,Block Group 2,1345,1169.6801511800725,71,61.74519757158746,4.174540204134377,True,True,True,0.4431239388794567,0.26485568760611206,0.3701188455008489,0.3602037351443124,458
120330030022,ESCAMBIA,Block Group 2,1761,1610.4031494766875,49,44.80962766857336,3.8832168928800894,True,True,True,0.6375212224108658,0.07979626485568761,0.34974533106960953,0.3585059422750425,459
120910226002,OKALOOSA,Block Group 2,1239,1756.8412589703125,35,49.62828415170375,6.756316800905089,False,True,True,0.3565365025466893,0.11884550084889643,0.597623089983022,0.3576570458404075,460
120330028011,ESCAMBIA,Block Group 1,786,954.453387216639,73,88.64516191706699,3.3362380856163933,True,True,True,0.10865874363327674,0.6791171477079796,0.2903225806451613,0.3568590831918506,461
121130105042,SANTA ROSA,Block Group 2,1327,712.9559734911471,137,73.60585408311015,2.465947646187099,True,True,True,0.42784380305602715,0.4617996604414261,0.17826825127334464,0.35668930390492365,462
120050027132,BAY,Block Group 2,673,457.2436429205708,99,67.2616948724168,8.159827937587345,False,True,True,0.05432937181663837,0.3548387096774194,0.6638370118845501,0.354634974533107,463
120910219023,OKALOOSA,Block Group 3,1412,1422.9625031240678,39,39.302788684021706,5.905989123573607,False,True,True,0.47453310696095075,0.04584040747028863,0.5398981324278438,0.35463497453310694,464
121319506082,WALTON,Block Group 2,893,732.8201677362175,32,26.260073199954046,17.27925723683214,False,False,False,0.15110356536502548,0.0050933786078098476,0.9100169779286927,0.35336162988115455,465
120330035111,ESCAMBIA,Block Group 1,1432,436.42702799898814,258,78.63000923445458,0.7641632626437438,True,True,True,0.4906621392190153,0.5398981324278438,0.023769100169779286,0.35283531409168084,466
120910220011,OKALOOSA,Block Group 1,982,2624.8894044815574,34,90.88211787410688,2.3040741992008256,True,True,True,0.1867572156196944,0.7130730050933786,0.16129032258064516,0.3520373514431239,467
120330013001,ESCAMBIA,Block Group 1,1525,1022.5949906927092,83,55.65598965737368,3.748023225138004,True,True,True,0.5263157894736842,0.18166383701188454,0.3293718166383701,0.3475891341256367,468
120050023001,BAY,Block Group 1,2063,1464.9033859647627,84,59.647059826001005,1.176246215775275,True,True,True,0.7538200339558574,0.23429541595925296,0.04074702886247878,0.347062818336163,469
120910233042,OKALOOSA,Block Group 2,739,903.9589487654661,24,29.35725949982569,19.787332586046507,False,False,False,0.07979626485568761,0.010186757215619695,0.9558573853989814,0.3459252971137522,470
120910215013,OKALOOSA,Block Group 3,1113,2195.543421654804,29,57.20643237016112,6.177619126504383,False,True,True,0.2801358234295416,0.200339558573854,0.5585738539898133,0.34568760611205435,471
121319503041,WALTON,Block Group 1,782,123.34902379184994,691,108.99510925852724,1.8835291380509371,True,True,True,0.10441426146010187,0.831918505942275,0.10186757215619695,0.3436502546689304,472
120050015021,BAY,Block Group 1,1115,597.7927240851493,150,80.42054584105148,2.418849652828061,True,True,True,0.2835314091680815,0.5755517826825127,0.1697792869269949,0.3423599320882852,473
120910224004,OKALOOSA,Block Group 4,929,1588.5990232424522,34,58.14033023707575,7.631587953162609,False,True,True,0.16044142614601017,0.21731748726655348,0.6451612903225806,0.33916808149405775,474
120910220012,OKALOOSA,Block Group 2,2173,3065.649768206969,36,50.78849132786511,1.591284318044589,True,True,True,0.7843803056027164,0.12903225806451613,0.08828522920203735,0.3384040747028863,475
120330026061,ESCAMBIA,Block Group 1,1341,239.41054659695135,361,64.44981903169234,3.231035495682943,True,True,True,0.4363327674023769,0.30220713073005095,0.2733446519524618,0.3382852292020374,476
120050010002,BAY,Block Group 2,994,350.90320508068305,174,61.42571195577349,6.152871647536252,False,True,True,0.200339558573854,0.2614601018675722,0.5568760611205433,0.3381663837011885,477
121130107042,SANTA ROSA,Block Group 2,929,270.6322890830605,247,71.95497890582988,4.848358691214853,True,True,True,0.16044142614601017,0.42784380305602715,0.4312393887945671,0.3380475382003396,478
120330028023,ESCAMBIA,Block Group 3,875,1725.2223565157212,39,76.89562503327214,3.9601514008071472,True,True,True,0.14261460101867574,0.5127334465195246,0.3599320882852292,0.3364685908319185,479
121130108212,SANTA ROSA,Block Group 2,3119,651.1720156790697,170,35.491902104982955,0.4666143134500812,True,True,True,0.9473684210526315,0.028862478777589132,0.011884550084889643,0.33555178268251273,480
120910224002,OKALOOSA,Block Group 2,951,880.7463839387423,70,64.82886106804622,5.809344978048812,False,True,True,0.17062818336162988,0.30560271646859083,0.534804753820034,0.33534804753820036,481
120330036092,ESCAMBIA,Block Group 2,1412,505.06351209433956,207,74.04259702799453,1.2870717398894775,True,True,True,0.47453310696095075,0.47368421052631576,0.050933786078098474,0.33446519524617996,482
120330018002,ESCAMBIA,Block Group 2,1126,908.541500416751,99,79.88064701710333,2.141423650402401,True,True,True,0.298811544991511,0.5636672325976231,0.14091680814940577,0.3341086587436333,483
120910220022,OKALOOSA,Block Group 2,1241,1384.242832555696,63,70.27179568977346,2.8732764673787163,True,True,True,0.3599320882852292,0.40237691001697795,0.23089983022071306,0.331358234295416,484
120330006001,ESCAMBIA,Block Group 1,837,831.3476672106349,97,96.34495068032447,1.9646929642012976,True,True,True,0.12224108658743633,0.7606112054329371,0.11714770797962648,0.3312224108658744,485
120330011013,ESCAMBIA,Block Group 3,1330,1275.9164533743672,62,59.47881211218855,3.6970681590970047,True,True,True,0.4295415959252971,0.23259762308998302,0.3225806451612903,0.3292529711375212,486
120050013022,BAY,Block Group 2,1126,489.09823490267553,170,73.84253990537731,2.729951156724582,True,True,True,0.298811544991511,0.466893039049236,0.21052631578947367,0.3251443123938879,487
120050008061,BAY,Block Group 1,963,840.0289953933611,96,83.74120826351265,2.606117977781248,True,True,True,0.1799660441426146,0.6061120543293718,0.1935483870967742,0.32507640067911714,488
121319502022,WALTON,Block Group 2,617,705.8923130958468,85,97.24610472147,2.393976311735301,True,True,True,0.030560271646859084,0.767402376910017,0.16808149405772496,0.31910016977928696,489
120330015002,ESCAMBIA,Block Group 2,500,701.135418697038,77,107.97485447934385,1.9514092840384945,True,True,True,0.01867572156196944,0.8285229202037352,0.11375212224108659,0.3173005093378608,490
120050014044,BAY,Block Group 4,1896,1545.3569603415435,46,37.49283764541719,2.6478152248440705,True,True,True,0.6977928692699491,0.04074702886247878,0.200339558573854,0.31680814940577257,491
120330028032,ESCAMBIA,Block Group 2,1852,1513.4539683629282,67,54.75238438461997,1.5756355489348726,True,True,True,0.6808149405772496,0.17147707979626486,0.08149405772495756,0.3149575551782683,492
121130107084,SANTA ROSA,Block Group 4,1138,278.4747804135815,228,55.79283825509366,4.976407451958844,True,True,True,0.3081494057724958,0.1833616298811545,0.44991511035653653,0.3137521222410866,493
120050011002,BAY,Block Group 2,1387,1089.155248990156,85,66.7470772632756,2.061936175205896,True,True,True,0.4601018675721562,0.34125636672325976,0.13242784380305603,0.3127504244482173,494
120910233072,OKALOOSA,Block Group 2,651,631.2506908849728,19,18.42359927314053,16.6194430036663,False,False,False,0.042444821731748725,0.001697792869269949,0.8947368421052632,0.3102546689303905,495
120050024002,BAY,Block Group 2,1771,1205.7790244832374,85,57.871946403769165,1.4704057815747889,True,True,True,0.6426146010186757,0.20882852292020374,0.06451612903225806,0.3086926994906622,496
120330035122,ESCAMBIA,Block Group 2,1326,1446.8590283566912,59,64.37758874286936,2.5418448535255296,True,True,True,0.42614601018675724,0.300509337860781,0.19015280135823429,0.3068081494057725,497
120050022001,BAY,Block Group 1,1456,1013.6085299056285,87,60.56589430067973,2.343815571422945,True,True,True,0.499151103565365,0.2495755517826825,0.16468590831918506,0.30641765704584045,498
120050015024,BAY,Block Group 4,1506,747.6060225473211,94,46.66332411649946,3.4231927939559825,True,True,True,0.5195246179966044,0.09507640067911714,0.29711375212224106,0.3060611205432937,499
120330033112,ESCAMBIA,Block Group 2,1400,3961.9763470012085,20,56.59966210001727,2.9939580514823936,True,True,True,0.466893039049236,0.1935483870967742,0.24787775891341257,0.3044142614601019,500
120330032034,ESCAMBIA,Block Group 4,721,527.1970810391852,89,65.07703219485087,5.809199261623522,False,True,True,0.0730050933786078,0.31239388794567063,0.533106960950764,0.30383701188455015,501
120050026043,BAY,Block Group 3,935,914.2913020094851,52,50.84828631496602,7.121000073708831,False,True,True,0.16468590831918506,0.13242784380305603,0.6179966044142614,0.30363327674023766,502
120330010012,ESCAMBIA,Block Group 2,1042,906.3241770237253,91,79.15115173623705,2.0035808963139767,True,True,True,0.23599320882852293,0.5500848896434635,0.12563667232597622,0.3032258064516129,503
120050015022,BAY,Block Group 2,1343,828.8332767611936,83,51.22350109544234,3.7319270891189977,True,True,True,0.44142614601018676,0.13752122241086587,0.32597623089983024,0.30303904923599323,504
120330031003,ESCAMBIA,Block Group 3,983,740.4020767412064,89,67.03538639874606,4.08118218026948,True,True,True,0.18930390492359933,0.34974533106960953,0.36502546689303905,0.30023769100169784,505
120330015001,ESCAMBIA,Block Group 1,732,806.2624119802664,83,91.42046474639632,1.9242689904599104,True,True,True,0.07809847198641766,0.7198641765704584,0.10865874363327674,0.29996604414261463,506
120050019001,BAY,Block Group 1,558,1643.336975376451,38,111.9118370328049,1.1604202364936325,True,True,True,0.023769100169779286,0.8421052631578947,0.03904923599320883,0.29886247877758915,507
120330010014,ESCAMBIA,Block Group 4,1643,1295.5400462231025,79,62.29316107828673,0.6560042550421233,True,True,True,0.5857385398981324,0.2767402376910017,0.02037351443123939,0.2971986417657046,508
120050019003,BAY,Block Group 3,1386,943.8594316822149,100,68.0995260953979,1.4303255423380108,True,True,True,0.45840407470288624,0.366723259762309,0.059422750424448216,0.2964855687606112,509
120050022003,BAY,Block Group 3,1836,1076.527880958063,85,49.83925374805847,1.5580039750663903,True,True,True,0.6791171477079796,0.12054329371816638,0.07809847198641766,0.2964516129032258,510
120050013025,BAY,Block Group 5,1475,559.3795627358402,142,53.85213417524698,2.677303373590925,True,True,True,0.5093378607809848,0.16468590831918506,0.20543293718166383,0.29531409168081496,511
120910204001,OKALOOSA,Block Group 1,1076,348.74114494051463,229,74.22093140462626,2.2404385555550967,True,True,True,0.25551782682512736,0.4770797962648557,0.15110356536502548,0.29417657045840406,512
121130106011,SANTA ROSA,Block Group 1,1610,796.5710830843431,123,60.85605168905229,1.1800087702197273,True,True,True,0.5721561969439728,0.2563667232597623,0.042444821731748725,0.2931409168081494,513
120330020002,ESCAMBIA,Block Group 2,1160,665.1242664281393,106,60.778596759812736,3.3749051822985083,True,True,True,0.32767402376910015,0.2546689303904924,0.2937181663837012,0.29237691001697796,514
120330010023,ESCAMBIA,Block Group 3,1114,2102.2279086795215,27,50.95166385488966,5.044555325351089,False,True,True,0.28183361629881154,0.13412563667232597,0.4601018675721562,0.2919185059422751,515
120330011014,ESCAMBIA,Block Group 4,1144,1382.0514524225164,43,51.947738159237936,4.707427377370493,True,True,True,0.31239388794567063,0.1460101867572156,0.4142614601018676,0.29110356536502546,516
120330012013,ESCAMBIA,Block Group 3,1321,604.5548009934653,124,56.74852030521551,3.0271603675068506,True,True,True,0.4219015280135823,0.19524617996604415,0.25127334465195245,0.2907979626485569,517
120050014024,BAY,Block Group 4,1310,936.1502642659295,91,65.03028553297679,2.126027678993898,True,True,True,0.41765704584040747,0.3089983022071307,0.13921901528013583,0.2899151103565365,518
120330035112,ESCAMBIA,Block Group 2,1130,537.0727538714391,131,62.26241659925533,3.3690531555824474,True,True,True,0.30220713073005095,0.27504244482173174,0.2920203735144312,0.28988115449915114,519
120330009001,ESCAMBIA,Block Group 1,717,1219.8711394140876,47,79.96365906898481,2.843961713615485,True,True,True,0.06960950764006792,0.567062818336163,0.22580645161290322,0.285314091680815,520
120330001002,ESCAMBIA,Block Group 2,550,1176.269301509902,43,91.96287266350144,1.9509970385731612,True,True,True,0.022071307300509338,0.7283531409168081,0.11205432937181664,0.28483870967741937,521
121319506072,WALTON,Block Group 2,698,587.458518106431,40,33.665244590626415,10.839821699764348,False,False,True,0.06621392190152801,0.01867572156196944,0.7707979626485568,0.2830390492359932,522
120330014012,ESCAMBIA,Block Group 2,368,140.4388791298285,289,110.29031540358814,0.5727971438465091,True,True,True,0.005942275042444821,0.8353140916808149,0.015280135823429542,0.28271646859083194,523
120330009003,ESCAMBIA,Block Group 3,1026,1415.4203563934648,41,56.5616321755673,4.618508726697032,True,True,True,0.22241086587436332,0.19015280135823429,0.41256366723259763,0.2745161290322581,524
120910229001,OKALOOSA,Block Group 1,777,1343.5421789245438,32,55.33249642932484,6.044955250524678,False,True,True,0.100169779286927,0.17826825127334464,0.5500848896434635,0.2744142614601019,525
120050011001,BAY,Block Group 1,1279,494.6409386343579,157,60.71823875339655,2.425724343285234,True,True,True,0.3938879456706282,0.2529711375212224,0.17147707979626486,0.2739898132427844,526
120330005002,ESCAMBIA,Block Group 2,636,1094.8471603692872,53,91.23726336410726,1.5181100093020343,True,True,True,0.035653650254668934,0.7164685908319185,0.0730050933786078,0.27264855687606115,527
120330022004,ESCAMBIA,Block Group 4,1068,1340.3362135501966,52,65.25981564102081,3.0285961207223355,True,True,True,0.2495755517826825,0.3140916808149406,0.2529711375212224,0.2719864176570459,528
120330027032,ESCAMBIA,Block Group 2,953,1130.915650068828,67,79.50823562918309,1.569616366507698,True,True,True,0.1765704584040747,0.5551782682512734,0.07979626485568761,0.26957555178268255,529
120330011043,ESCAMBIA,Block Group 3,1247,1226.0396265445936,57,56.04190754854999,2.980422256809508,True,True,True,0.366723259762309,0.18845500848896435,0.2461799660441426,0.2681154499151104,530
120330032033,ESCAMBIA,Block Group 3,1031,422.36372932015416,186,76.19753021682703,1.5555711476538,True,True,True,0.22750424448217318,0.5025466893039049,0.07470288624787776,0.2678438030560272,531
120330035051,ESCAMBIA,Block Group 1,1557,1602.3529992919596,48,49.39816568144769,2.012172362543976,True,True,True,0.5424448217317487,0.11714770797962648,0.1307300509337861,0.26623089983022075,532
120330032042,ESCAMBIA,Block Group 2,1277,1132.6685742567583,58,51.44461809466874,3.1486073382577318,True,True,True,0.39134125636672323,0.13921901528013583,0.2631578947368421,0.2658404074702886,533
120910218023,OKALOOSA,Block Group 3,948,1170.4715222303162,59,72.84580148901756,2.498839124815356,True,True,True,0.16808149405772496,0.44482173174872663,0.18505942275042445,0.26500848896434637,534
120330011012,ESCAMBIA,Block Group 2,1414,218.73622746835093,333,51.51284564848717,2.303038172816892,True,True,True,0.48047538200339557,0.14091680814940577,0.15959252971137522,0.26252971137521225,535
120050018001,BAY,Block Group 1,1413,716.9160736338258,81,41.097099762448615,2.9065920306245063,True,True,True,0.47877758913412566,0.050933786078098474,0.23599320882852293,0.2574702886247878,536
120330039002,ESCAMBIA,Block Group 2,1246,15.523986434128979,5410,67.40350450131443,0.9410604905875064,True,True,True,0.36502546689303905,0.3565365025466893,0.028862478777589132,0.25129032258064515,537
121130106014,SANTA ROSA,Block Group 4,1245,1603.0407558626869,41,52.79090039387162,2.900929395751739,True,True,True,0.3633276740237691,0.15280135823429541,0.23429541595925296,0.25127334465195245,538
120330012011,ESCAMBIA,Block Group 1,745,716.9852358785187,71,68.33013657365748,3.4233253453171058,True,True,True,0.08743633276740238,0.37181663837011886,0.298811544991511,0.2510356536502547,539
120050013011,BAY,Block Group 1,1142,379.2787592602802,120,39.85416034258636,4.377884791960662,True,True,True,0.31069609507640067,0.04753820033955857,0.3904923599320883,0.25018675721561967,540
120910220013,OKALOOSA,Block Group 3,1125,1699.9298873362022,44,66.4861467047048,1.951733865272942,True,True,True,0.29541595925297115,0.33446519524617996,0.11544991511035653,0.24891341256366725,541
120910208004,OKALOOSA,Block Group 4,667,127.07586619730519,348,66.3004519290288,4.157665265854673,True,True,True,0.050933786078098474,0.32767402376910015,0.3684210526315789,0.2470288624787776,542
120050017001,BAY,Block Group 1,1513,1062.775396152514,68,47.76518634393322,1.7706069234959414,True,True,True,0.5212224108658744,0.1035653650254669,0.0967741935483871,0.24332767402376915,543
120050008031,BAY,Block Group 1,1375,903.1969889054566,62,40.72597331791877,2.66112505181426,True,True,True,0.4533106960950764,0.04923599320882852,0.2037351443123939,0.23760611205432935,544
120330026072,ESCAMBIA,Block Group 2,977,225.52989136707586,182,42.012733089874935,5.047931205799109,False,True,True,0.1833616298811545,0.06451612903225806,0.4617996604414261,0.23602716468590834,545
120330029002,ESCAMBIA,Block Group 2,1148,1461.7332744225962,43,54.75133344962686,2.759122012832685,True,True,True,0.3174872665534805,0.1697792869269949,0.21222410865874364,0.2340067911714771,546
120910228001,OKALOOSA,Block Group 1,1054,1325.50272268823,23,28.924632468528745,4.917693424137239,True,True,True,0.24108658743633277,0.008488964346349746,0.44482173174872663,0.23156196943972834,547
121319502012,WALTON,Block Group 2,744,484.42451474532226,116,75.52855337427067,1.8915809390968608,True,True,True,0.08488964346349745,0.4940577249575552,0.1035653650254669,0.22607809847198643,548
120330008023,ESCAMBIA,Block Group 3,826,1047.1867947970284,54,68.46015365501154,2.4922465007170187,True,True,True,0.11714770797962648,0.37521222410865873,0.18166383701188454,0.2235993208828523,549
120050014043,BAY,Block Group 3,1463,1309.3526982689339,46,41.168984361155815,1.8512800954363455,True,True,True,0.5033955857385399,0.05263157894736842,0.100169779286927,0.2215789473684211,550
120330029004,ESCAMBIA,Block Group 4,1088,1199.639667055888,57,62.848769321861774,1.9676647061630608,True,True,True,0.2597623089983022,0.28183361629881154,0.12054329371816638,0.22110356536502546,551
120910221002,OKALOOSA,Block Group 2,1338,1421.174221301681,52,55.23248094744948,1.2307393323199698,True,True,True,0.43463497453310695,0.17487266553480477,0.044142614601018676,0.22005093378607812,552
120050020001,BAY,Block Group 1,368,228.92163601833116,123,76.51456856047481,2.2395539735561347,True,True,True,0.005942275042444821,0.5076400679117148,0.1494057724957555,0.21884550084889645,553
120330008012,ESCAMBIA,Block Group 2,630,985.024500530037,51,79.74007861433633,1.239349696733571,True,True,True,0.03395585738539898,0.5585738539898133,0.04584040747028863,0.21100169779286929,554
120910217002,OKALOOSA,Block Group 2,778,401.6914410809527,124,64.02280037794105,2.851222777402961,True,True,True,0.10186757215619695,0.29541595925297115,0.22750424448217318,0.20719864176570463,555
120330033113,ESCAMBIA,Block Group 3,944,1369.4258276032147,36,52.22386630690226,3.4398516021094965,True,True,True,0.166383701188455,0.1494057724957555,0.30390492359932086,0.20616298811544992,556
120050011003,BAY,Block Group 3,1412,1156.4660951496403,58,47.50356481492857,0.725140586850446,True,True,True,0.47453310696095075,0.09847198641765705,0.022071307300509338,0.20112054329371815,557
120330029001,ESCAMBIA,Block Group 1,1107,1036.097758210162,62,58.02896206777783,1.9001371974054329,True,True,True,0.2775891341256367,0.21392190152801357,0.10696095076400679,0.20027164685908322,558
120330033111,ESCAMBIA,Block Group 1,1147,1186.1770557989269,49,50.67364928870742,2.2056888976150524,True,True,True,0.3157894736842105,0.1273344651952462,0.1460101867572156,0.197572156196944,559
120050014023,BAY,Block Group 3,1157,1045.8605796435938,47,42.48526123012006,2.606665866468875,True,True,True,0.3234295415959253,0.06621392190152801,0.19524617996604415,0.19624787775891345,560
120050010001,BAY,Block Group 1,951,928.8070835457576,53,51.76317079697703,3.043248623748043,True,True,True,0.17062818336162988,0.14261460101867574,0.2546689303904924,0.18911714770797966,561
120050015023,BAY,Block Group 3,828,429.0753478075441,121,62.70303995738266,2.379308159090427,True,True,True,0.11969439728353141,0.27843803056027167,0.166383701188455,0.1874872665534805,562
120050009001,BAY,Block Group 1,1351,986.0356622313308,57,41.60180070109982,1.2690582689828906,True,True,True,0.44482173174872663,0.059422750424448216,0.04753820033955857,0.1865365025466893,563
120050016001,BAY,Block Group 1,877,305.06777757254406,190,66.09222091081342,1.5851414533563195,True,True,True,0.14516129032258066,0.3242784380305603,0.08488964346349745,0.18438030560271645,564
120330004001,ESCAMBIA,Block Group 1,782,953.6317883766676,56,68.2907674540836,1.5146102990147592,True,True,True,0.10441426146010187,0.3701188455008489,0.07130730050933787,0.18117147707979628,565
121130106012,SANTA ROSA,Block Group 2,1091,1365.0040975145914,37,46.29253126309797,2.4686504724535783,True,True,True,0.2631578947368421,0.09168081494057725,0.1799660441426146,0.17911714770797965,566
120330014011,ESCAMBIA,Block Group 1,600,669.1708527021119,65,72.49350904272879,1.4558484321991736,True,True,True,0.027164685908319185,0.43463497453310695,0.06281833616298811,0.17339558573853991,567
120330022001,ESCAMBIA,Block Group 1,969,1568.2073076194808,28,45.31455584452576,2.9258599288206173,True,True,True,0.18166383701188454,0.08488964346349745,0.23769100169779286,0.16821731748726657,568
120050013024,BAY,Block Group 4,1126,510.62725978638,86,38.99995056983009,2.260081875273888,True,True,True,0.298811544991511,0.044142614601018676,0.15449915110356535,0.1671477079796265,569
120330005001,ESCAMBIA,Block Group 1,844,1264.2868912623396,40,59.91881001243316,2.1057774559088727,True,True,True,0.12393887945670629,0.24108658743633277,0.13582342954159593,0.16651952461799663,570
120330010015,ESCAMBIA,Block Group 5,783,1430.445283184321,33,60.286965957959886,2.199850492721529,True,True,True,0.10696095076400679,0.24448217317487267,0.14431239388794567,0.16466893039049235,571
120050009003,BAY,Block Group 3,1071,745.4614552576959,77,53.5952680250631,1.556006656751085,True,True,True,0.25127334465195245,0.16298811544991512,0.07640067911714771,0.1644312393887946,572
120050024001,BAY,Block Group 1,1251,1264.4473980785656,46,46.49446867435173,0.3146342973893489,True,True,True,0.3684210526315789,0.0933786078098472,0.008488964346349746,0.15887945670628187,573
120050017002,BAY,Block Group 2,1277,795.8126668199712,67,41.753679465104206,0.5084184433653317,True,True,True,0.39134125636672323,0.06112054329371817,0.013582342954159592,0.15770797962648556,574
120050013023,BAY,Block Group 3,824,335.73071137426314,121,49.30026222850224,2.761657291910494,True,True,True,0.11544991511035653,0.11375212224108659,0.21392190152801357,0.1473853989813243,575
120330021003,ESCAMBIA,Block Group 3,1000,764.121733761649,58,44.31906055817564,1.9771584988219588,True,True,True,0.2037351443123939,0.0730050933786078,0.12224108658743633,0.1337011884550085,576
121130106013,SANTA ROSA,Block Group 3,690,750.6502916113199,57,62.01024148093512,1.0991936475963195,True,True,True,0.06451612903225806,0.26825127334465193,0.035653650254668934,0.12222410865874364,577
120050009002,BAY,Block Group 2,1076,871.1866355436051,48,38.8633443365177,1.076076197480193,True,True,True,0.25551782682512736,0.042444821731748725,0.03395585738539898,0.11208828522920204,578
120330029003,ESCAMBIA,Block Group 3,856,1141.362247843612,40,53.33468447867346,0.6541534080099518,True,True,True,0.13242784380305603,0.15959252971137522,0.01867572156196944,0.1038539898132428,579
120050016002,BAY,Block Group 2,1010,762.7390639454754,38,28.69711329695848,1.4864323096424978,True,True,True,0.21561969439728354,0.006791171477079796,0.06791171477079797,0.09796264855687609,580
120050020002,BAY,Block Group 2,878,398.99805136259204,101,45.89840909751913,1.120327497292528,True,True,True,0.14855687606112053,0.08828522920203735,0.03735144312393888,0.09196943972835314,581
120050019004,BAY,Block Group 4,847,1004.884426426918,35,41.52414985235198,1.5931075295816952,True,True,True,0.1273344651952462,0.05602716468590832,0.0899830220713073,0.09147707979626488,582
120330022003,ESCAMBIA,Block Group 3,618,771.0436912281928,44,54.896314585826026,1.47394618417171,True,True,True,0.03225806451612903,0.1731748726655348,0.06621392190152801,0.08996604414261461,583
120050019002,BAY,Block Group 2,1005,1192.5343788082487,29,34.41143978650668,0.3064297746809384,True,True,True,0.21137521222410866,0.022071307300509338,0.006791171477079796,0.08139219015280137,584
120050014032,BAY,Block Group 2,643,878.5257163468633,35,47.82021784158665,1.6326530791558973,True,True,True,0.04074702886247878,0.10526315789473684,0.09168081494057725,0.07884550084889644,585
120330028031,ESCAMBIA,Block Group 1,741,1752.348880601427,14,33.107806111228044,1.8210211220655343,True,True,True,0.08234295415959253,0.01697792869269949,0.09847198641765705,0.06609507640067912,586
120050016003,BAY,Block Group 3,342,414.3079180057979,29,35.131373164234326,2.313685581288212,True,True,True,0.003395585738539898,0.025466893039049237,0.16298811544991512,0.0633446519524618,587
120050016004,BAY,Block Group 4,431,622.2200406825075,31,44.75364561753535,1.6378242963589844,True,True,True,0.008488964346349746,0.07809847198641766,0.0933786078098472,0.059473684210526324,588
120050014041,BAY,Block Group 1,639,835.742031677108,24,31.389372081769316,0.4456351978860079,True,True,True,0.03904923599320883,0.011884550084889643,0.010186757215619695,0.020560271646859085,589
